ISO-10303-21;
HEADER;
FILE_DESCRIPTION (( 'STEP AP214' ),
    '1' );
FILE_NAME ('Деталь Крепсс м8 104.STEP',
    '2026-08-28T05:22:35',
    ( '' ),
    ( '' ),
    'SwSTEP 2.0',
    'SolidWorks 2024',
    '' );
FILE_SCHEMA (( 'AUTOMOTIVE_DESIGN' ));
ENDSEC;

DATA;
#1 = CARTESIAN_POINT ( 'NONE',  ( 3.400000000000000799, -1.408326112068522651, 14.40937500341398092 ) ) ;
#2 = CARTESIAN_POINT ( 'NONE',  ( 4.076582343749999282, 1.688575694911949254, 18.70625000170699082 ) ) ;
#3 = CARTESIAN_POINT ( 'NONE',  ( -3.211868264537572681, 1.118329375554907301, 19.73364121858271147 ) ) ;
#4 = EDGE_CURVE ( 'NONE', #2783, #304, #4097, .T. ) ;
#5 = CARTESIAN_POINT ( 'NONE',  ( -3.399999992080334987, -0.2209432069770623230, 23.56232620734714800 ) ) ;
#6 = DIRECTION ( 'NONE',  ( -1.000000000000000000, 0.000000000000000000, 0.000000000000000000 ) ) ;
#7 = CARTESIAN_POINT ( 'NONE',  ( 7.488560278101077592E-16, -4.076582343749999282, 14.56562500170706009 ) ) ;
#8 = CARTESIAN_POINT ( 'NONE',  ( 3.005962218291318599, -1.616478958166672752, 20.32634033349123115 ) ) ;
#9 = CARTESIAN_POINT ( 'NONE',  ( -1.905999019742586675, 2.816719661395679974, 20.85671422115568774 ) ) ;
#10 = ORIENTED_EDGE ( 'NONE', *, *, #2532, .F. ) ;
#11 = CARTESIAN_POINT ( 'NONE',  ( 7.488560278101077592E-16, -4.076582343749999282, 25.97187500170699082 ) ) ;
#12 = CARTESIAN_POINT ( 'NONE',  ( -2.366847167934621243, 2.445208580269839782, 22.14047231270686567 ) ) ;
#13 = FILL_AREA_STYLE_COLOUR ( '', #929 ) ;
#14 = CARTESIAN_POINT ( 'NONE',  ( -3.123087043270529328, 1.359277947949823151, 20.96814807116902557 ) ) ;
#15 = B_SPLINE_CURVE_WITH_KNOTS ( 'NONE', 3,
 ( #1384, #339, #3616, #3276, #2511, #646, #2488, #2823, #2467, #1067, #1729, #3905, #4328, #3925, #3185, #3, #2913, #2135, #3972, #4283, #3544, #3206, #4640, #2179, #3592, #1798, #1452, #3569, #2531, #3993, #1751, #4661, #4708, #1001, #3950, #4305, #980, #1774, #1023, #625, #277, #318, #1046, #545, #4062, #2224, #755, #192, #2553, #1643, #2201, #3463, #733, #1839, #4370, #4182, #519, #2006, #1257, #1089, #2359, #1111, #4013, #3682, #167, #75, #3658, #809, #4533, #381, #3825, #1981, #2576, #1888, #1618, #404, #3733, #3438, #3082, #2719, #904, #1522, #2987, #778, #2271, #4089, #3298, #4034, #51, #28, #1497, #1473, #2935, #4393, #1864, #3321 ),
 .UNSPECIFIED., .F., .F.,
 ( 4, 2, 2, 2, 1, 2, 2, 2, 2, 2, 2, 2, 2, 2, 1, 2, 1, 2, 2, 2, 2, 2, 2, 2, 2, 2, 2, 2, 2, 2, 1, 1, 2, 2, 2, 1, 1, 2, 2, 1, 2, 2, 2, 2, 2, 2, 2, 2, 2, 2, 2, 4 ),
 ( 0.5330548314598647641, 0.5349474266743992068, 0.5350657138753076580, 0.5351840010762159983, 0.5354205754780329007, 0.5358937242816664837, 0.5368400218889337605, 0.5387326171034682032, 0.5396789147107354800, 0.5406252123180027569, 0.5444104027470717533, 0.5463029979616063070, 0.5467761467652398899, 0.5472492955688734728, 0.5481955931761407497, 0.5500881883906751924, 0.5505613371943087753, 0.5506796243952172265, 0.5507979115961256777, 0.5510344859979424692, 0.5519807836052098571, 0.5538733788197445218, 0.5543465276233781047, 0.5548196764270117987, 0.5557659740342791865, 0.5595511644633484050, 0.5614437596778830697, 0.5623900572851504576, 0.5624492008856046832, 0.5625083444860589088, 0.5626266316869672490, 0.5628632060887841515, 0.5633363548924178454, 0.5671215453214875080, 0.5690141405360222837, 0.5699604381432896716, 0.5701970125451065741, 0.5702561561455606887, 0.5703152997460149143, 0.5704335869469233655, 0.5709067357505570595, 0.5746919261796267220, 0.5765845213941614977, 0.5775308190014288856, 0.5780039678050625795, 0.5784771166086962735, 0.5822623070377659360, 0.5841549022523007118, 0.5851011998595680996, 0.5860474974668355985, 0.5898326878959051500, 0.5936178783249748125 ),
 .UNSPECIFIED. ) ;
#16 = CARTESIAN_POINT ( 'NONE',  ( -4.076582343749998394, -1.688575694911951253, 16.98750000170699082 ) ) ;
#17 = CARTESIAN_POINT ( 'NONE',  ( -3.378675588425795517, 0.3801994920366397746, 23.52842058109023782 ) ) ;
#18 = CARTESIAN_POINT ( 'NONE',  ( 0.5055664485336085479, -3.368961318272654104, 16.39161054821787289 ) ) ;
#19 = CARTESIAN_POINT ( 'NONE',  ( 1.408326112068522873, 3.400000000000000355, 24.40937499999999716 ) ) ;
#20 = CARTESIAN_POINT ( 'NONE',  ( -3.875480947161674017, -1.122948582267333315E-13, 25.77548094716167526 ) ) ;
#21 = CARTESIAN_POINT ( 'NONE',  ( -2.102057201088214811, -2.672333665637061539, 17.47917092220822610 ) ) ;
#22 =( BOUNDED_CURVE ( )  B_SPLINE_CURVE ( 2, ( #4671, #1099, #2519, #3262, #391, #2563, #1851, #39, #1010 ),
 .UNSPECIFIED., .F., .T. ) 
 B_SPLINE_CURVE_WITH_KNOTS ( ( 3, 2, 2, 2, 3 ),
 ( 0.09615105136453508394, 0.1081698311724036687, 0.1201887013026708279, 0.1322075714329379870, 0.1442264647638019925 ),
 .UNSPECIFIED. ) 
 CURVE ( )  GEOMETRIC_REPRESENTATION_ITEM ( )  RATIONAL_B_SPLINE_CURVE ( ( 0.9999988559105039698, 0.9238801045603337592, 1.000000000000000000, 0.9238795325112867385, 1.000000000000000000, 0.9238795325112867385, 1.000000000000000000, 0.9238795325112867385, 1.000000000000000000 ) ) 
 REPRESENTATION_ITEM ( '' )  );
#23 = CARTESIAN_POINT ( 'NONE',  ( 2.936546712527861036, -1.717573962431240053, 19.06917367521796081 ) ) ;
#24 = CARTESIAN_POINT ( 'NONE',  ( 1.836954180310334417, -2.868525391492843912, 16.47644161919828321 ) ) ;
#25 = EDGE_CURVE ( 'NONE', #2355, #3171, #1922, .T. ) ;
#26 = CARTESIAN_POINT ( 'NONE',  ( 4.076582343749975301, -1.688575694911937264, 22.45625000170700858 ) ) ;
#27 = CARTESIAN_POINT ( 'NONE',  ( 2.882579019330974379, -2.882579019330973491, 17.22187500170699437 ) ) ;
#28 = CARTESIAN_POINT ( 'NONE',  ( 3.091282480725106030, 1.417061363703505661, 19.26069881947764273 ) ) ;
#29 = CARTESIAN_POINT ( 'NONE',  ( -2.072112661259160049, 2.695621363481139010, 18.36862827850051616 ) ) ;
#30 = DIRECTION ( 'NONE',  ( 0.000000000000000000, 0.000000000000000000, 1.000000000000000000 ) ) ;
#31 = CARTESIAN_POINT ( 'NONE',  ( 7.488560278101077592E-16, -4.076582343749999282, 15.81562500170705832 ) ) ;
#32 = DIRECTION ( 'NONE',  ( -0.000000000000000000, -0.000000000000000000, 1.000000000000000000 ) ) ;
#33 = CARTESIAN_POINT ( 'NONE',  ( 0.02578738907522512558, 3.400095500071989463, 20.73597715414876319 ) ) ;
#34 = CARTESIAN_POINT ( 'NONE',  ( -4.076582343749999282, 1.688575694911948588, 22.92500000170699792 ) ) ;
#35 = VECTOR ( 'NONE', #4463, 1000.000000000000000 ) ;
#36 = EDGE_LOOP ( 'NONE', ( #3644, #1253, #2670, #470, #366 ) ) ;
#37 = CARTESIAN_POINT ( 'NONE',  ( 4.076582343749999282, 1.688575694911949254, 26.36250000170699082 ) ) ;
#38 = CARTESIAN_POINT ( 'NONE',  ( -1.377853721053356129, 3.109341528905453789, 22.07061598564493465 ) ) ;
#39 = CARTESIAN_POINT ( 'NONE',  ( 3.400000000000000355, 1.408326112068523539, 24.56562500341398092 ) ) ;
#40 = CARTESIAN_POINT ( 'NONE',  ( -2.983228980040292910, 1.631948604890139931, 20.94989299145366957 ) ) ;
#41 = CARTESIAN_POINT ( 'NONE',  ( -1.688575694911948810, 4.076582343749999282, 20.42500000170699437 ) ) ;
#42 = CARTESIAN_POINT ( 'NONE',  ( -2.891596787781451905, 1.789597945440228211, 23.43904531017165382 ) ) ;
#43 = CARTESIAN_POINT ( 'NONE',  ( -2.499076182902121079, -2.306482254748662086, 16.19847102153660856 ) ) ;
#44 = CARTESIAN_POINT ( 'NONE',  ( 2.404163056034261281, 2.404163056034261725, 21.83124999999999716 ) ) ;
#45 = CARTESIAN_POINT ( 'NONE',  ( 6.000000000000000888, 0.000000000000000000, 28.80000000000000071 ) ) ;
#46 = CARTESIAN_POINT ( 'NONE',  ( -2.499073081430650323, -2.306485500337600136, 17.44846587944445560 ) ) ;
#47 = CARTESIAN_POINT ( 'NONE',  ( -3.204632466446889705, -1.137683772365880586, 18.61758414915136584 ) ) ;
#48 = CARTESIAN_POINT ( 'NONE',  ( -3.701370587458294281, 1.746307208889626095, 14.30341765624984340 ) ) ;
#49 = CARTESIAN_POINT ( 'NONE',  ( -4.076582343749973525, -1.688575694911940817, 20.73750000170700858 ) ) ;
#50 = CARTESIAN_POINT ( 'NONE',  ( 3.400000000000000355, 1.408326112068523539, 22.06562500341398447 ) ) ;
#51 = CARTESIAN_POINT ( 'NONE',  ( 3.035803572399229822, 1.532314247779247740, 19.26834144114908298 ) ) ;
#52 = CARTESIAN_POINT ( 'NONE',  ( -2.118425724516219688, 2.659517561966260324, 18.37189001254155585 ) ) ;
#53 = CARTESIAN_POINT ( 'NONE',  ( -0.2076045503619374510, -3.393657623716797023, 22.60084417075141872 ) ) ;
#54 = CARTESIAN_POINT ( 'NONE',  ( 4.076582343749999282, 4.992373518734052056E-16, 17.37812500170705832 ) ) ;
#55 = EDGE_CURVE ( 'NONE', #3458, #4510, #585, .T. ) ;
#56 = CARTESIAN_POINT ( 'NONE',  ( -1.688575694911949698, -4.076582343749998394, 24.48750000170699437 ) ) ;
#57 = CARTESIAN_POINT ( 'NONE',  ( -1.688575694911948810, 4.076582343749999282, 22.76875000170699437 ) ) ;
#58 = AXIS2_PLACEMENT_3D ( 'NONE', #2917, #2139, #1071 ) ;
#59 = CARTESIAN_POINT ( 'NONE',  ( -3.399999999999999911, 4.163799117101000559E-16, 0.000000000000000000 ) ) ;
#60 = CARTESIAN_POINT ( 'NONE',  ( 2.882579019330974379, -2.882579019330973491, 21.12812500170699437 ) ) ;
#61 = CARTESIAN_POINT ( 'NONE',  ( 0.000000000000000000, 0.000000000000000000, 0.000000000000000000 ) ) ;
#62 = CARTESIAN_POINT ( 'NONE',  ( 2.271559595806849963, -2.529959372094084724, 25.25850306013634139 ) ) ;
#63 = ORIENTED_EDGE ( 'NONE', *, *, #944, .T. ) ;
#64 = CARTESIAN_POINT ( 'NONE',  ( 7.488560278101077592E-16, -4.076582343749999282, 19.72187500170699082 ) ) ;
#65 = CARTESIAN_POINT ( 'NONE',  ( 1.863121062186454679, 2.844162652096771104, 23.12132618726322164 ) ) ;
#66 = CARTESIAN_POINT ( 'NONE',  ( 0.000000000000000000, 0.000000000000000000, 22.49059892324148890 ) ) ;
#67 = CARTESIAN_POINT ( 'NONE',  ( 2.404163056034261725, -2.404163056034261281, 24.01874999999999716 ) ) ;
#68 = CARTESIAN_POINT ( 'NONE',  ( -2.404163056034261725, 2.404163056034261725, 21.20625000341398092 ) ) ;
#69 = CARTESIAN_POINT ( 'NONE',  ( -3.394714272417933110, 0.2188303320210011893, 17.28750478243103927 ) ) ;
#70 = CARTESIAN_POINT ( 'NONE',  ( -1.592010894823346678, -3.004416174554914498, 18.76509679562338917 ) ) ;
#71 = DIRECTION ( 'NONE',  ( 0.000000000000000000, 0.000000000000000000, -1.000000000000000000 ) ) ;
#72 = EDGE_CURVE ( 'NONE', #3746, #2738, #3232, .T. ) ;
#73 = CARTESIAN_POINT ( 'NONE',  ( 1.688575694911937930, 4.076582343749974413, 25.26875000170700147 ) ) ;
#74 = CARTESIAN_POINT ( 'NONE',  ( -1.408326112068523317, 3.400000000000000355, 24.87812500341398092 ) ) ;
#75 = CARTESIAN_POINT ( 'NONE',  ( 1.109455341830448472, 3.214469149523736746, 19.42168405671849740 ) ) ;
#76 = CARTESIAN_POINT ( 'NONE',  ( -2.085846723963713512, 2.685038872587246939, 18.36958967327056413 ) ) ;
#77 = CARTESIAN_POINT ( 'NONE',  ( 0.5485565505122284025, -3.357333201361758057, 22.64405178852134881 ) ) ;
#78 = CARTESIAN_POINT ( 'NONE',  ( 7.488560278101077592E-16, -4.076582343749999282, 18.31562500170706187 ) ) ;
#79 = CARTESIAN_POINT ( 'NONE',  ( 1.628787352783371833, -2.984542352878533311, 20.21240102953441209 ) ) ;
#80 = DIRECTION ( 'NONE',  ( -1.000000000000000000, 0.000000000000000000, 0.000000000000000000 ) ) ;
#81 = CARTESIAN_POINT ( 'NONE',  ( 3.373529371470719962, 0.4269854050803476020, 20.44916087330054566 ) ) ;
#82 = CARTESIAN_POINT ( 'NONE',  ( -1.688575694911948810, 4.076582343749999282, 24.01875000170699082 ) ) ;
#83 = CARTESIAN_POINT ( 'NONE',  ( 3.399999999999999911, 0.000000000000000000, 0.000000000000000000 ) ) ;
#84 = CARTESIAN_POINT ( 'NONE',  ( -1.688575694911949698, -4.076582343749998394, 18.39375000170699082 ) ) ;
#85 = CARTESIAN_POINT ( 'NONE',  ( -2.649838803640609530, -2.131247478405739582, 19.93557366821790922 ) ) ;
#86 = FACE_OUTER_BOUND ( 'NONE', #2661, .T. ) ;
#87 = CARTESIAN_POINT ( 'NONE',  ( -2.125600965895633188, -2.653644296343975917, 24.97743542122596594 ) ) ;
#88 = EDGE_LOOP ( 'NONE', ( #1156, #2689, #3194, #2336 ) ) ;
#89 = CARTESIAN_POINT ( 'NONE',  ( -2.882579019330973047, -2.882579019330974379, 17.06562500170699082 ) ) ;
#90 = CARTESIAN_POINT ( 'NONE',  ( 2.352055710739501926, 2.455223396471602815, 23.08531310055077057 ) ) ;
#91 = DIRECTION ( 'NONE',  ( 1.000000000000000000, 0.000000000000000000, 0.000000000000000000 ) ) ;
#92 = ORIENTED_EDGE ( 'NONE', *, *, #849, .T. ) ;
#93 = CARTESIAN_POINT ( 'NONE',  ( -3.399999999999999023, -1.408326112068525537, 21.12812499999999716 ) ) ;
#94 = CARTESIAN_POINT ( 'NONE',  ( -3.398018991333556116, -0.1367694524007732892, 21.05759524768548374 ) ) ;
#95 = CARTESIAN_POINT ( 'NONE',  ( -3.120977146259698909, 1.350954443955128426, 17.21872393864301998 ) ) ;
#96 = LINE ( 'NONE', #3393, #4385 ) ;
#97 = CARTESIAN_POINT ( 'NONE',  ( -3.389112803010133845, -0.2732445821408750475, 18.56540639343350918 ) ) ;
#98 = CARTESIAN_POINT ( 'NONE',  ( 1.314590906692804761, -3.135798479067280375, 16.44148006740356394 ) ) ;
#99 = CARTESIAN_POINT ( 'NONE',  ( -1.688575694911938152, 4.076582343749974413, 25.42500000170700858 ) ) ;
#100 = CARTESIAN_POINT ( 'NONE',  ( -3.399999999999999911, 0.000000000000000000, 26.36250000341398092 ) ) ;
#101 = CARTESIAN_POINT ( 'NONE',  ( -3.014903827318742291, 1.571941190068445460, 18.45393739390660670 ) ) ;
#102 = EDGE_CURVE ( 'NONE', #3052, #2641, #3767, .T. ) ;
#103 = CARTESIAN_POINT ( 'NONE',  ( -1.816022934226184216, -2.889961170435201065, 22.50042295501528145 ) ) ;
#104 = CARTESIAN_POINT ( 'NONE',  ( -3.601868154948569600, -1.904187409260367891, 14.33318932095570730 ) ) ;
#105 = CARTESIAN_POINT ( 'NONE',  ( 0.4923593586735444672, -3.364174470929017335, 20.14063770744278870 ) ) ;
#106 = CARTESIAN_POINT ( 'NONE',  ( 3.351457374643851406, 0.5785301691170567917, 15.45806434964364762 ) ) ;
#107 = CARTESIAN_POINT ( 'NONE',  ( 2.882579019330974379, -2.882579019330973491, 25.97187500170699082 ) ) ;
#108 = CARTESIAN_POINT ( 'NONE',  ( -2.496186759367026028E-16, 4.076582343749999282, 21.44062500170699082 ) ) ;
#109 = ORIENTED_EDGE ( 'NONE', *, *, #1093, .T. ) ;
#110 = CARTESIAN_POINT ( 'NONE',  ( 4.076582343749999282, 4.992373518734052056E-16, 20.03437500170699082 ) ) ;
#111 = CARTESIAN_POINT ( 'NONE',  ( 3.267886448673733568, -0.9388556509263957794, 15.36988051040183123 ) ) ;
#112 = CIRCLE ( 'NONE', #490, 4.399999999999994138 ) ;
#113 = CARTESIAN_POINT ( 'NONE',  ( 2.404163056034261725, -2.404163056034261281, 23.08125000341398092 ) ) ;
#114 = ORIENTED_EDGE ( 'NONE', *, *, #1861, .T. ) ;
#115 = CARTESIAN_POINT ( 'NONE',  ( -1.688575694911949698, -4.076582343749998394, 19.64375000170699082 ) ) ;
#116 = CARTESIAN_POINT ( 'NONE',  ( 0.01839632022331083930, 3.400135827552541734, 23.23640313572942517 ) ) ;
#117 = CARTESIAN_POINT ( 'NONE',  ( -3.394714690852815409, -0.2188216182571024737, 16.06226018054461591 ) ) ;
#118 = VERTEX_POINT ( 'NONE', #2231 ) ;
#119 = CARTESIAN_POINT ( 'NONE',  ( -2.404163056034261725, 2.404163056034261725, 22.14374999999999716 ) ) ;
#120 = DIRECTION ( 'NONE',  ( 1.000000000000000000, 0.000000000000000000, 0.000000000000000000 ) ) ;
#121 = DIRECTION ( 'NONE',  ( -0.000000000000000000, -0.000000000000000000, -1.000000000000000000 ) ) ;
#122 = CARTESIAN_POINT ( 'NONE',  ( -3.399999999999999023, -1.408326112068525537, 15.19062500341398092 ) ) ;
#123 = CARTESIAN_POINT ( 'NONE',  ( -3.096860185144272748, -1.405610705412571937, 18.63482271517321109 ) ) ;
#124 = CARTESIAN_POINT ( 'NONE',  ( 7.488560278101030260E-16, -4.076582343749974413, 22.22187500170700858 ) ) ;
#125 = CARTESIAN_POINT ( 'NONE',  ( 3.400000000000000799, -1.408326112068522651, 25.65937500341398092 ) ) ;
#126 = CARTESIAN_POINT ( 'NONE',  ( -0.4153169586282497994, 3.376137908035989454, 18.26109360876298382 ) ) ;
#127 =( BOUNDED_CURVE ( )  B_SPLINE_CURVE ( 2, ( #190, #2807, #632, #4646, #924, #2785, #2829, #3847, #1008 ),
 .UNSPECIFIED., .F., .F. ) 
 B_SPLINE_CURVE_WITH_KNOTS ( ( 3, 2, 2, 2, 3 ),
 ( 0.5769057314343501996, 0.5889246363830878961, 0.6009435065133550413, 0.6129623766436221866, 0.6249812446001338229 ),
 .UNSPECIFIED. ) 
 CURVE ( )  GEOMETRIC_REPRESENTATION_ITEM ( )  RATIONAL_B_SPLINE_CURVE ( ( 1.000000000000000000, 0.9238795325112867385, 1.000000000000000000, 0.9238795325112867385, 1.000000000000000000, 0.9238795325112867385, 1.000000000000000000, 0.9238795325112867385, 1.000000000000000000 ) ) 
 REPRESENTATION_ITEM ( '' )  );
#128 = CARTESIAN_POINT ( 'NONE',  ( -0.6329442178682398445, -3.341229280325999085, 22.57607159414704512 ) ) ;
#129 = DIRECTION ( 'NONE',  ( 1.000000000000000000, 0.000000000000000000, 0.000000000000000000 ) ) ;
#130 = CARTESIAN_POINT ( 'NONE',  ( 0.2475408412340215358, -3.393300009970081188, 20.12638152477916265 ) ) ;
#131 = CARTESIAN_POINT ( 'NONE',  ( 2.035053747404036883, 2.726257459959230633, 15.60898828874677591 ) ) ;
#132 = CARTESIAN_POINT ( 'NONE',  ( 3.400000008919082273, 0.002512590147265721194, 20.42513938328680823 ) ) ;
#133 = CARTESIAN_POINT ( 'NONE',  ( 2.882579019330973491, 2.882579019330973935, 21.28437500170699082 ) ) ;
#134 = CARTESIAN_POINT ( 'NONE',  ( -3.399999999994193445, 4.397413418147676593E-06, 21.04991859196190518 ) ) ;
#135 = CARTESIAN_POINT ( 'NONE',  ( 4.076582343749999282, 1.688575694911949254, 21.36250000170699082 ) ) ;
#136 = CARTESIAN_POINT ( 'NONE',  ( 1.215957078051704388, 3.175187946476518697, 16.91488091063637356 ) ) ;
#137 = CARTESIAN_POINT ( 'NONE',  ( -2.591405133356188273, -2.201060434127139143, 19.94067488936802235 ) ) ;
#138 = CARTESIAN_POINT ( 'NONE',  ( 3.399999999999924860, 7.140198734185541838E-07, 21.67500003961038502 ) ) ;
#139 = ORIENTED_EDGE ( 'NONE', *, *, #1009, .T. ) ;
#140 = CARTESIAN_POINT ( 'NONE',  ( 2.882579019330973491, 2.882579019330973935, 15.19062500170699082 ) ) ;
#141 = CARTESIAN_POINT ( 'NONE',  ( 0.4860461009748736627, 3.365237121909620654, 23.20972360959854086 ) ) ;
#142 = DIRECTION ( 'NONE',  ( 0.000000000000000000, 0.000000000000000000, 1.000000000000000000 ) ) ;
#143 = VERTEX_POINT ( 'NONE', #486 ) ;
#144 = CARTESIAN_POINT ( 'NONE',  ( 3.400000000000000799, -1.408326112068522651, 17.84687499999999716 ) ) ;
#145 = CARTESIAN_POINT ( 'NONE',  ( -3.308349779196640750, 0.8012847561411094999, 17.25345095909879944 ) ) ;
#146 = CARTESIAN_POINT ( 'NONE',  ( -1.408326112068523983, -3.399999999999999467, 15.34687500341398447 ) ) ;
#147 = CARTESIAN_POINT ( 'NONE',  ( -2.652902683863193722, -2.127801767009588119, 18.68520865910605977 ) ) ;
#148 = CARTESIAN_POINT ( 'NONE',  ( 6.245698675651500839E-16, -3.399999999999999911, 24.17500000341398092 ) ) ;
#149 = CARTESIAN_POINT ( 'NONE',  ( 3.181302961146857733, 1.200567720951448925, 17.99659733084306978 ) ) ;
#150 = CARTESIAN_POINT ( 'NONE',  ( -2.979930307184563087, -1.637740103654642843, 22.40050196625575296 ) ) ;
#151 = CARTESIAN_POINT ( 'NONE',  ( -3.518421581380250185, 2.058939819677092498, 14.30341765624937267 ) ) ;
#152 = CARTESIAN_POINT ( 'NONE',  ( -0.1085070466385669452, -3.398709568023264183, 20.10634353514528172 ) ) ;
#153 = CARTESIAN_POINT ( 'NONE',  ( 2.766129251541012746, 1.977127780151914482, 15.54924112778421730 ) ) ;
#154 = ADVANCED_FACE ( 'NONE', ( #1529 ), #4146, .F. ) ;
#155 = CARTESIAN_POINT ( 'NONE',  ( -1.408326112068523317, 3.400000000000000355, 18.62812500341398092 ) ) ;
#156 = AXIS2_PLACEMENT_3D ( 'NONE', #3679, #71, #2242 ) ;
#157 = CARTESIAN_POINT ( 'NONE',  ( 3.399958858676158435, 0.01727309277556229178, 20.42595871292405008 ) ) ;
#158 = CARTESIAN_POINT ( 'NONE',  ( 1.688575694911948366, 4.076582343749999282, 17.61250000170699082 ) ) ;
#159 = PLANE ( 'NONE',  #2042 ) ;
#160 = ORIENTED_EDGE ( 'NONE', *, *, #1721, .F. ) ;
#161 = CARTESIAN_POINT ( 'NONE',  ( 4.076582343749999282, 1.688575694911949254, 18.86250000170699082 ) ) ;
#162 = CARTESIAN_POINT ( 'NONE',  ( 3.400000001076580070, 0.07131556122276998255, 16.67895614778874247 ) ) ;
#163 = CARTESIAN_POINT ( 'NONE',  ( 3.400000000000000799, -1.408326112068522651, 23.15937500341398092 ) ) ;
#164 = VERTEX_POINT ( 'NONE', #134 ) ;
#165 = CARTESIAN_POINT ( 'NONE',  ( 1.688575694911950809, -4.076582343749998394, 25.89375000170699792 ) ) ;
#166 = CARTESIAN_POINT ( 'NONE',  ( -3.379341187045313166, -0.3744238647866027780, 16.07124594913374338 ) ) ;
#167 = CARTESIAN_POINT ( 'NONE',  ( 1.046017352001582079, 3.235543026393635113, 19.42566707145198635 ) ) ;
#168 = VERTEX_POINT ( 'NONE', #1223 ) ;
#169 = CARTESIAN_POINT ( 'NONE',  ( 6.245698675651500839E-16, -3.399999999999999911, 18.86249999999999716 ) ) ;
#170 = DIRECTION ( 'NONE',  ( -1.000000000000000000, 0.000000000000000000, 0.000000000000000000 ) ) ;
#171 = CARTESIAN_POINT ( 'NONE',  ( -4.924999999999999822, 0.000000000000000000, 13.98000000000000043 ) ) ;
#172 = VECTOR ( 'NONE', #4682, 1000.000000000000000 ) ;
#173 = CARTESIAN_POINT ( 'NONE',  ( 2.882579019330973491, 2.882579019330973935, 25.03437500170705832 ) ) ;
#174 = CARTESIAN_POINT ( 'NONE',  ( -3.399999999999999023, -1.408326112068525537, 18.94062500341397737 ) ) ;
#175 = CARTESIAN_POINT ( 'NONE',  ( 1.094313413562570725, 3.226905645974694981, 18.17308736746865705 ) ) ;
#176 = B_SPLINE_CURVE_WITH_KNOTS ( 'NONE', 3,
 ( #2754, #278, #4219, #1682, #938, #1730, #3144, #3839, #3167, #1272, #2708, #561, #4619, #185, #2350, #2423, #626, #537, #2090, #3522, #2733, #2446, #2399, #2048, #960, #2778, #981, #3478, #3454, #3501, #1343, #4197, #3862, #4596, #1998, #4524, #2376, #1634, #208, #3885, #4172, #3817, #3099, #1658, #4239, #3124, #4574, #604, #4662, #1002, #3973, #693, #4351, #3186, #1775, #1068, #340, #319, #3253, #1047, #734, #3926, #1090, #382, #3208, #4641, #2202, #4284, #3639, #2159, #671, #1385, #3617, #2533, #1752, #3660, #4686, #1799, #2868, #1364, #4709, #361, #2845, #2824, #2489, #1819, #3570, #2468, #3994, #4014, #647, #2554, #714, #4306, #1431, #3277, #1024, #2180, #5, #1453 ),
 .UNSPECIFIED., .F., .F.,
 ( 4, 2, 2, 2, 1, 2, 2, 2, 1, 2, 2, 1, 2, 2, 2, 2, 2, 1, 2, 2, 2, 2, 2, 1, 1, 1, 2, 2, 1, 2, 2, 2, 2, 2, 2, 1, 2, 2, 2, 2, 2, 1, 2, 1, 1, 2, 2, 1, 1, 2, 2, 2, 2, 1, 1, 1, 1, 2, 4 ),
 ( 0.1091246617536264368, 0.1129109008906245687, 0.1166971400276227144, 0.1171704199197474705, 0.1176436998118722405, 0.1185902595961217804, 0.1204833791646208463, 0.1242696183016189504, 0.1247428981937437203, 0.1249795381398061123, 0.1250978581128373013, 0.1252161780858684903, 0.1261627378701179747, 0.1280558574386169435, 0.1318420965756149088, 0.1327886563598643932, 0.1330252963059267712, 0.1332619362519891493, 0.1337352161441138776, 0.1356283357126128741, 0.1375214552811118429, 0.1379947351732365990, 0.1382313751192989770, 0.1384680150653613551, 0.1394145748496108395, 0.1403611346338603516, 0.1405977745799227296, 0.1407160945529539187, 0.1408344145259851077, 0.1413076944181098638, 0.1432008139866088881, 0.1469870531236069089, 0.1479336129078564210, 0.1484068927999811771, 0.1485252127730123661, 0.1486435327460435551, 0.1488801726921059609, 0.1507732922606050130, 0.1517198520448545529, 0.1521931319369793090, 0.1524297718830416870, 0.1526664118291040650, 0.1545595313976031171, 0.1555060911818526570, 0.1559793710739774131, 0.1562160110200398189, 0.1562751710065554134, 0.1563343309930710079, 0.1564526509661021691, 0.1583457705346009992, 0.1621320096715986592, 0.1640251292400974892, 0.1640842892266130559, 0.1641434492131286504, 0.1642617691861598395, 0.1644984091322221897, 0.1649716890243468903, 0.1659182488085962914, 0.1697044879455939792 ),
 .UNSPECIFIED. ) ;
#177 = CARTESIAN_POINT ( 'NONE',  ( 2.711739661004572088, -2.052254880803791703, 21.54533586691409752 ) ) ;
#178 = CARTESIAN_POINT ( 'NONE',  ( -1.257930153242195370, -3.752696447214927122, 14.42907951314514037 ) ) ;
#179 = ADVANCED_FACE ( 'NONE', ( #2685, #867 ), #159, .T. ) ;
#180 = CARTESIAN_POINT ( 'NONE',  ( 0.000000000000000000, 0.000000000000000000, 20.00000000000000000 ) ) ;
#181 = CARTESIAN_POINT ( 'NONE',  ( 2.318512275228992170, -2.486879255718559723, 25.26209831489986612 ) ) ;
#182 = CARTESIAN_POINT ( 'NONE',  ( -2.404163056034261725, 2.404163056034261725, 18.70625000341398092 ) ) ;
#183 = CARTESIAN_POINT ( 'NONE',  ( -4.076582343749999282, 1.688575694911948588, 19.17500000170699437 ) ) ;
#184 = CARTESIAN_POINT ( 'NONE',  ( 2.882579019330973491, 2.882579019330973935, 16.28437500170699082 ) ) ;
#185 = CARTESIAN_POINT ( 'NONE',  ( 2.557823384538238987, -2.250577283747144719, 24.03113130714564250 ) ) ;
#186 = CARTESIAN_POINT ( 'NONE',  ( 4.080209110119979776, 1.319547311511409360, 13.84535673340330497 ) ) ;
#187 = CARTESIAN_POINT ( 'NONE',  ( -0.01582716688671118380, 3.400090009610400088, 16.98829959790413113 ) ) ;
#188 = ORIENTED_EDGE ( 'NONE', *, *, #1207, .T. ) ;
#189 = CARTESIAN_POINT ( 'NONE',  ( -1.688575694911948810, 4.076582343749999282, 15.42500000170699259 ) ) ;
#190 = CARTESIAN_POINT ( 'NONE',  ( -3.399999999995818811, -3.669941133760939916E-06, 18.86256836408427873 ) ) ;
#191 = CARTESIAN_POINT ( 'NONE',  ( -1.044524876036347250, -3.235581694083587312, 15.05077841516049730 ) ) ;
#192 = CARTESIAN_POINT ( 'NONE',  ( -0.7110440323178391919, 3.330723418231968047, 19.52872573340363971 ) ) ;
#193 = ORIENTED_EDGE ( 'NONE', *, *, #2067, .F. ) ;
#194 = CARTESIAN_POINT ( 'NONE',  ( 1.408326112068525537, -3.399999999999999023, 17.69062499999999716 ) ) ;
#195 = CARTESIAN_POINT ( 'NONE',  ( 3.400000000000000355, 1.408326112068523539, 20.81562500341398092 ) ) ;
#196 = CARTESIAN_POINT ( 'NONE',  ( -1.478457130900231675, 3.061992583141497803, 17.07728097670486278 ) ) ;
#197 = AXIS2_PLACEMENT_3D ( 'NONE', #933, #2463, #3902 ) ;
#198 = CARTESIAN_POINT ( 'NONE',  ( 7.488560278101030260E-16, -4.076582343749974413, 19.72187500170700858 ) ) ;
#199 = CARTESIAN_POINT ( 'NONE',  ( -2.404163056034261725, 2.404163056034261725, 21.20625000341398092 ) ) ;
#200 = CARTESIAN_POINT ( 'NONE',  ( 3.386501961195476973, 0.3833685691253425620, 17.94661505382530819 ) ) ;
#201 = CARTESIAN_POINT ( 'NONE',  ( 2.085698349513492644, -2.685127472661144488, 21.49456861636961946 ) ) ;
#202 = CARTESIAN_POINT ( 'NONE',  ( 1.905936528586276602, -3.347212470007097540, 14.53532000570034732 ) ) ;
#203 = CARTESIAN_POINT ( 'NONE',  ( 3.337734716808460789, -0.8799911306735110905, 25.34716267798699718 ) ) ;
#204 = CARTESIAN_POINT ( 'NONE',  ( 2.306457365295573325, -2.498063655110615677, 25.26117208107628898 ) ) ;
#205 = CARTESIAN_POINT ( 'NONE',  ( 3.400000000000000355, 1.408326112068523539, 17.06562500341398447 ) ) ;
#206 = CARTESIAN_POINT ( 'NONE',  ( -1.688575694911949698, -4.076582343749998394, 21.98750000170699437 ) ) ;
#207 = CARTESIAN_POINT ( 'NONE',  ( 4.076582343749999282, 4.992373518734052056E-16, 19.87812500170699082 ) ) ;
#208 = CARTESIAN_POINT ( 'NONE',  ( 0.2641018596661469653, -3.389794047829659540, 23.87738532648991807 ) ) ;
#209 = CARTESIAN_POINT ( 'NONE',  ( -2.882579019330973935, 2.882579019330973935, 18.00312500170699082 ) ) ;
#210 = CARTESIAN_POINT ( 'NONE',  ( -0.1343421715469091671, 3.397377455775507649, 16.99501195317411373 ) ) ;
#211 = CARTESIAN_POINT ( 'NONE',  ( -0.8373177248147674057, 3.295284598657763908, 15.78635519865574999 ) ) ;
#212 = AXIS2_PLACEMENT_3D ( 'NONE', #581, #2023, #4550 ) ;
#213 = CARTESIAN_POINT ( 'NONE',  ( -2.882579019330955283, -2.882579019330956616, 15.81562500170700503 ) ) ;
#214 = EDGE_LOOP ( 'NONE', ( #2124, #2743 ) ) ;
#215 = CARTESIAN_POINT ( 'NONE',  ( -4.076582343749999282, 1.688575694911948588, 26.67500000170699792 ) ) ;
#216 = CARTESIAN_POINT ( 'NONE',  ( -3.378958257757299410, 0.3776923343029390256, 22.27857137257389297 ) ) ;
#217 = CARTESIAN_POINT ( 'NONE',  ( 1.009908706463580108, -3.251515399303354314, 15.17221186154387880 ) ) ;
#218 = CARTESIAN_POINT ( 'NONE',  ( -2.202428447197699590, 2.590289906535212516, 24.62831842149837414 ) ) ;
#219 = VERTEX_POINT ( 'NONE', #2801 ) ;
#220 = AXIS2_PLACEMENT_3D ( 'NONE', #4368, #1727, #1795 ) ;
#221 = CARTESIAN_POINT ( 'NONE',  ( 3.400000000000000799, -1.408326112068522651, 16.59687499999999716 ) ) ;
#222 = CARTESIAN_POINT ( 'NONE',  ( 1.408326112068525537, -3.399999999999999023, 19.25312500341399158 ) ) ;
#223 = CARTESIAN_POINT ( 'NONE',  ( 0.000000000000000000, 0.000000000000000000, 0.000000000000000000 ) ) ;
#224 = CARTESIAN_POINT ( 'NONE',  ( 3.400000000000000799, -1.408326112068522651, 20.65937500341398092 ) ) ;
#225 = CARTESIAN_POINT ( 'NONE',  ( 2.574522810757915448, 2.223359507718107420, 18.06722798029921506 ) ) ;
#226 = CARTESIAN_POINT ( 'NONE',  ( 2.760131113049675289, -1.985555497189392948, 21.55015103943558330 ) ) ;
#227 = CARTESIAN_POINT ( 'NONE',  ( 0.4828059606294269890, -3.365547805995134478, 17.64008028196472111 ) ) ;
#228 = DIRECTION ( 'NONE',  ( -1.000000000000000000, 0.000000000000000000, 0.000000000000000000 ) ) ;
#229 = CARTESIAN_POINT ( 'NONE',  ( 1.778737782000779699, -2.897706999429467967, 25.22271476105422749 ) ) ;
#230 = ADVANCED_FACE ( 'NONE', ( #918 ), #257, .F. ) ;
#231 = CARTESIAN_POINT ( 'NONE',  ( 3.399999999999999911, 4.163799117101000559E-16, 16.98750000341398092 ) ) ;
#232 = CARTESIAN_POINT ( 'NONE',  ( 4.076582343749999282, 1.688575694911949254, 22.45625000170699792 ) ) ;
#233 = CARTESIAN_POINT ( 'NONE',  ( -2.882579019330973047, -2.882579019330974379, 18.15937500170699082 ) ) ;
#234 = CARTESIAN_POINT ( 'NONE',  ( -2.090771955692450668, -2.681170011261868158, 14.97999999999999332 ) ) ;
#235 = CARTESIAN_POINT ( 'NONE',  ( -1.688575694911948810, 4.076582343749999282, 17.92500000170698726 ) ) ;
#236 = CARTESIAN_POINT ( 'NONE',  ( 2.882579019330973491, 2.882579019330973935, 23.78437500170706187 ) ) ;
#237 = CIRCLE ( 'NONE', #3273, 19.89999999999999858 ) ;
#238 = CARTESIAN_POINT ( 'NONE',  ( -2.085828394337265745, 2.685026535069951592, 15.86961486617764372 ) ) ;
#239 = CARTESIAN_POINT ( 'NONE',  ( -2.882579019330955283, -2.882579019330956616, 14.56562500170700680 ) ) ;
#240 = ORIENTED_EDGE ( 'NONE', *, *, #1365, .F. ) ;
#241 = CARTESIAN_POINT ( 'NONE',  ( -2.081899558550500280E-16, 3.399999999999999911, 16.05000000341398092 ) ) ;
#242 = CARTESIAN_POINT ( 'NONE',  ( 2.277050983175547216, -2.524897990932613023, 15.25892463454632697 ) ) ;
#243 = CARTESIAN_POINT ( 'NONE',  ( -3.336130526942259422, 0.6633743387996499097, 24.76178532099543972 ) ) ;
#244 = ORIENTED_EDGE ( 'NONE', *, *, #3845, .T. ) ;
#245 = CARTESIAN_POINT ( 'NONE',  ( -2.404163056034261725, 2.404163056034261725, 17.14375000000000071 ) ) ;
#246 = FACE_OUTER_BOUND ( 'NONE', #1613, .T. ) ;
#247 = EDGE_CURVE ( 'NONE', #2053, #1119, #4701, .T. ) ;
#248 = CARTESIAN_POINT ( 'NONE',  ( -3.400000000000000355, 1.408326112068523095, 21.28437500341398447 ) ) ;
#249 = CARTESIAN_POINT ( 'NONE',  ( 3.399999999999996803, 1.435517161782091041E-07, 17.92500000796257709 ) ) ;
#250 = CARTESIAN_POINT ( 'NONE',  ( 2.112791228686913492, -2.664038926191080403, 21.49647555626279072 ) ) ;
#251 = CARTESIAN_POINT ( 'NONE',  ( 2.333261488694867491, -2.473034569586372911, 17.76323430520228897 ) ) ;
#252 = CARTESIAN_POINT ( 'NONE',  ( -3.399999999999999911, 4.163799117101000559E-16, 14.97999999999999154 ) ) ;
#253 = CARTESIAN_POINT ( 'NONE',  ( -3.385930805514943742, -0.3091799380882592208, 24.81747638536626965 ) ) ;
#254 = CARTESIAN_POINT ( 'NONE',  ( 3.400000000000000799, -1.408326112068522651, 18.15937500341398447 ) ) ;
#255 = CARTESIAN_POINT ( 'NONE',  ( -2.882579019330973935, 2.882579019330973935, 21.59687500170699082 ) ) ;
#256 = CARTESIAN_POINT ( 'NONE',  ( 1.688575694911950809, -4.076582343749998394, 18.39375000170699082 ) ) ;
#257 = CYLINDRICAL_SURFACE ( 'NONE', #212, 3.399999999999999911 ) ;
#258 = DIRECTION ( 'NONE',  ( 1.224646799147353207E-16, 1.000000000000000000, -0.000000000000000000 ) ) ;
#259 = CARTESIAN_POINT ( 'NONE',  ( 7.488560278101077592E-16, -4.076582343749999282, 19.56562500170706187 ) ) ;
#260 = CARTESIAN_POINT ( 'NONE',  ( -2.139937652415599967, 2.642239239400328454, 15.87345044735213939 ) ) ;
#261 = ORIENTED_EDGE ( 'NONE', *, *, #2714, .T. ) ;
#262 = B_SPLINE_CURVE_WITH_KNOTS ( 'NONE', 3,
 ( #1234, #3806, #69, #2697, #3059, #1212, #1569, #1593, #549, #3754, #4160, #881, #3829, #145, #4464, #2673, #1908, #95, #1985, #4081, #1517, #1185, #802, #2981, #4437, #4133, #524, #3727, #1159, #3086, #856, #831, #3366, #2315, #2291, #2265, #4537, #3782, #2620, #2649, #4108, #498, #1962, #3418, #3111, #196, #1647, #4565, #2011, #3467, #4199, #3101, #2401, #1251, #1610, #210, #2756, #1584, #187, #3841, #1636, #1558, #896, #3864, #4552, #940, #2687, #136, #4149, #4503, #4576, #3408, #1225, #3456, #3076, #2352, #3024, #3432, #869, #489, #1924, #3381, #4527, #1274, #3795, #3819, #2735, #539, #1660, #2328, #1974, #2711, #4175, #511, #920, #162, #4480 ),
 .UNSPECIFIED., .F., .F.,
 ( 4, 2, 2, 2, 1, 2, 2, 2, 2, 2, 2, 2, 2, 2, 1, 1, 2, 1, 2, 2, 1, 2, 2, 2, 2, 2, 2, 2, 2, 2, 2, 1, 2, 2, 2, 1, 2, 2, 2, 2, 2, 2, 2, 2, 2, 2, 2, 2, 2, 2, 2, 4 ),
 ( 0.7753018223779810647, 0.7771944074401948566, 0.7773126940065832047, 0.7774309805729715528, 0.7776675537057483600, 0.7781406999713017525, 0.7790869925024087594, 0.7809795775646226623, 0.7819258700957295583, 0.7828721626268365652, 0.7866573327512643710, 0.7885499178134782738, 0.7890230640790317773, 0.7892596372118084735, 0.7894962103445851698, 0.7904425028756921767, 0.7923350879379059686, 0.7928082342034594721, 0.7929265207698478202, 0.7929856640530419387, 0.7930448073362361683, 0.7932813804690129755, 0.7942276730001199825, 0.7961202580623341074, 0.7965934043278877219, 0.7970665505934412254, 0.7980128431245482323, 0.8017980132489765932, 0.8036905983111907181, 0.8046368908422978361, 0.8048734639750746434, 0.8051100371078513396, 0.8055831833734049541, 0.8093683534978332039, 0.8112609385600473288, 0.8122072310911544468, 0.8124438042239312541, 0.8126803773567079503, 0.8131535236222615648, 0.8169386937466898146, 0.8188312788089039396, 0.8197775713400109465, 0.8202507176055645610, 0.8204872907383412572, 0.8207238638711180645, 0.8245090339955464254, 0.8264016190577605503, 0.8273479115888676683, 0.8282942041199747862, 0.8320793742444031471, 0.8339719593066172720, 0.8358645443688315080 ),
 .UNSPECIFIED. ) ;
#263 = CARTESIAN_POINT ( 'NONE',  ( -3.400000000000000355, 1.408326112068523095, 16.28437500341398092 ) ) ;
#264 = CARTESIAN_POINT ( 'NONE',  ( -1.321755713916111352, -3.133042796489703630, 15.03309521498920276 ) ) ;
#265 = CARTESIAN_POINT ( 'NONE',  ( -3.215783972764722609, 1.106989187921084028, 24.73435617720662805 ) ) ;
#266 = VERTEX_POINT ( 'NONE', #234 ) ;
#267 = CARTESIAN_POINT ( 'NONE',  ( 1.688575694911948366, 4.076582343749999282, 24.01875000170699082 ) ) ;
#268 = EDGE_CURVE ( 'NONE', #4484, #1096, #1297, .T. ) ;
#269 = CARTESIAN_POINT ( 'NONE',  ( -4.076582343749999282, 1.688575694911948588, 21.83125000170699437 ) ) ;
#270 = CARTESIAN_POINT ( 'NONE',  ( 2.404163056034261281, 2.404163056034261725, 19.64375000341398092 ) ) ;
#271 = CARTESIAN_POINT ( 'NONE',  ( 3.243918816555695361, -1.018346237279373012, 21.61492216738451688 ) ) ;
#272 = CARTESIAN_POINT ( 'NONE',  ( 2.948836010609995117, -1.707285193881526331, 17.82033564884823562 ) ) ;
#273 = CARTESIAN_POINT ( 'NONE',  ( 3.384966666339748631, -0.7085106488194410357, 25.35374283381704430 ) ) ;
#274 = CARTESIAN_POINT ( 'NONE',  ( -2.404163056034260837, -2.404163056034261725, 24.01875000341398447 ) ) ;
#275 = DIRECTION ( 'NONE',  ( 1.000000000000000000, 0.000000000000000000, 0.000000000000000000 ) ) ;
#276 = CARTESIAN_POINT ( 'NONE',  ( 2.882579019330973491, 2.882579019330973935, 20.03437500170699082 ) ) ;
#277 = CARTESIAN_POINT ( 'NONE',  ( -1.631087854769214029, 2.983446384858909006, 19.58755799972355049 ) ) ;
#278 = CARTESIAN_POINT ( 'NONE',  ( 3.399999994109369261, -0.1415431804011667849, 24.16714794217683959 ) ) ;
#279 = CARTESIAN_POINT ( 'NONE',  ( 4.076582343749999282, 1.688575694911949254, 15.11250000170699082 ) ) ;
#280 = CARTESIAN_POINT ( 'NONE',  ( -2.882579019330973047, -2.882579019330974379, 21.90937500170705832 ) ) ;
#281 = CARTESIAN_POINT ( 'NONE',  ( -0.08629476999002096138, 3.399032412018725413, 15.74229489318790520 ) ) ;
#282 = AXIS2_PLACEMENT_3D ( 'NONE', #1186, #3087, #1909 ) ;
#283 = EDGE_LOOP ( 'NONE', ( #4206, #4430, #4130, #3505 ) ) ;
#284 = CARTESIAN_POINT ( 'NONE',  ( 3.248535963175373187, 1.003523074918236890, 22.98414940008906271 ) ) ;
#285 = CARTESIAN_POINT ( 'NONE',  ( 0.6616667465444641127, -3.339830101040331289, 15.15093028008363163 ) ) ;
#286 = CARTESIAN_POINT ( 'NONE',  ( -2.678039535367222612, 2.096790345668163802, 24.66718405926413382 ) ) ;
#287 = ORIENTED_EDGE ( 'NONE', *, *, #2777, .F. ) ;
#288 = CARTESIAN_POINT ( 'NONE',  ( 1.688575694911950809, -4.076582343749998394, 23.55000000170699082 ) ) ;
#289 = CARTESIAN_POINT ( 'NONE',  ( 1.688575694911948366, 4.076582343749999282, 22.76875000170699437 ) ) ;
#290 = CARTESIAN_POINT ( 'NONE',  ( 3.400000000000000355, 1.408326112068523539, 25.50312499999999716 ) ) ;
#291 = CARTESIAN_POINT ( 'NONE',  ( -0.08712602186829863926, -3.399550548628147428, 21.35768610501780884 ) ) ;
#292 = CARTESIAN_POINT ( 'NONE',  ( 3.055404086040231171, -1.508297855785604158, 17.83378183399659278 ) ) ;
#293 = CARTESIAN_POINT ( 'NONE',  ( -0.02774633849461607960, -3.400472009027637910, 18.86105421251035352 ) ) ;
#294 = DIRECTION ( 'NONE',  ( 1.000000000000000000, 0.000000000000000000, 0.000000000000000000 ) ) ;
#295 = CARTESIAN_POINT ( 'NONE',  ( -3.399999999999999023, -1.408326112068525537, 15.19062500341398092 ) ) ;
#296 = CARTESIAN_POINT ( 'NONE',  ( -2.882579019330973047, -2.882579019330974379, 15.65937500170699259 ) ) ;
#297 = CARTESIAN_POINT ( 'NONE',  ( -2.496186759367026028E-16, 4.076582343749999282, 13.94062500170699082 ) ) ;
#298 = CARTESIAN_POINT ( 'NONE',  ( -3.383507738061905634, 0.3345476832099668618, 18.53101826153446297 ) ) ;
#299 = CARTESIAN_POINT ( 'NONE',  ( 3.328877364861893895, -0.6943797230918901109, 22.88484125187670060 ) ) ;
#300 = CARTESIAN_POINT ( 'NONE',  ( 7.488560278101077592E-16, -4.076582343749999282, 22.06562500170705832 ) ) ;
#301 = CARTESIAN_POINT ( 'NONE',  ( 2.245521913148532445, -2.555305034662699981, 20.25627405574816109 ) ) ;
#302 = CARTESIAN_POINT ( 'NONE',  ( -3.382068616433531627, 0.3487289979496842052, 16.03024336618083723 ) ) ;
#303 = CARTESIAN_POINT ( 'NONE',  ( -0.09253727728602341440, 3.398804500115759186, 20.74265495444467788 ) ) ;
#304 = VERTEX_POINT ( 'NONE', #1248 ) ;
#305 = CARTESIAN_POINT ( 'NONE',  ( -2.107317160509851739, 2.668431432788938906, 22.12111591714222314 ) ) ;
#306 = CARTESIAN_POINT ( 'NONE',  ( 3.389712812869673186, 0.9551872677013457658, 25.41352124608899743 ) ) ;
#307 = CARTESIAN_POINT ( 'NONE',  ( -0.1796788468773561354, 3.395405880636540363, 24.49757862012175025 ) ) ;
#308 = CARTESIAN_POINT ( 'NONE',  ( -2.496186759367026028E-16, 4.076582343749999282, 26.59687500170699082 ) ) ;
#309 = CARTESIAN_POINT ( 'NONE',  ( -4.076582343749999282, 0.000000000000000000, 21.90937500170699082 ) ) ;
#310 = CARTESIAN_POINT ( 'NONE',  ( -1.448587593638323456, -3.076037513074235896, 16.27469406790751805 ) ) ;
#311 = CARTESIAN_POINT ( 'NONE',  ( -2.081899558550500280E-16, 3.399999999999999911, 19.80000000341398092 ) ) ;
#312 = CARTESIAN_POINT ( 'NONE',  ( -2.582572916008465391, -2.211424652204381225, 21.19141909398414825 ) ) ;
#313 = CARTESIAN_POINT ( 'NONE',  ( 2.628487198080410980, -2.158595626344970153, 17.78756636358773235 ) ) ;
#314 = CARTESIAN_POINT ( 'NONE',  ( 2.549079024042550046, -2.259643163836384083, 19.03037122297994088 ) ) ;
#315 = CYLINDRICAL_SURFACE ( 'NONE', #4288, 3.399999999999999911 ) ;
#316 = CARTESIAN_POINT ( 'NONE',  ( -4.076582343749973525, -1.688575694911940817, 25.73750000170700858 ) ) ;
#317 = CARTESIAN_POINT ( 'NONE',  ( -2.882579019330973047, -2.882579019330974379, 14.40937500170699082 ) ) ;
#318 = CARTESIAN_POINT ( 'NONE',  ( -1.596445921877757801, 3.002177387202852987, 19.58520380405476402 ) ) ;
#319 = CARTESIAN_POINT ( 'NONE',  ( -1.447256722458088118, -3.076917854618702819, 23.77478467662185224 ) ) ;
#320 = EDGE_CURVE ( 'NONE', #1325, #4000, #176, .T. ) ;
#321 = CARTESIAN_POINT ( 'NONE',  ( 2.703057906093518703, -2.074184861280296666, 22.79382732873812856 ) ) ;
#322 = CARTESIAN_POINT ( 'NONE',  ( 4.076582343749999282, 4.992373518734052056E-16, 21.12812500170706187 ) ) ;
#323 = CARTESIAN_POINT ( 'NONE',  ( 1.735359250972948075, -2.924060423547015564, 20.21970689441758751 ) ) ;
#324 = CARTESIAN_POINT ( 'NONE',  ( 0.5295706301185332254, 3.358510742599417842, 20.70716919054277483 ) ) ;
#325 = ORIENTED_EDGE ( 'NONE', *, *, #2429, .T. ) ;
#326 = CARTESIAN_POINT ( 'NONE',  ( -0.2174386303335671122, 3.393251406538158044, 21.99973262071982205 ) ) ;
#327 = CARTESIAN_POINT ( 'NONE',  ( -3.348884900821504029, 1.836534481073286429, 25.71187205669010467 ) ) ;
#328 = CARTESIAN_POINT ( 'NONE',  ( -3.328913643391448129, 0.7562188106913241281, 21.00605539527431986 ) ) ;
#329 = CARTESIAN_POINT ( 'NONE',  ( 4.076582343749999282, 4.992373518734052056E-16, 23.78437500170699082 ) ) ;
#330 = CARTESIAN_POINT ( 'NONE',  ( -0.8089655506502316795, 3.302359163572681666, 23.28461986961474395 ) ) ;
#331 = CARTESIAN_POINT ( 'NONE',  ( -3.251046441689623201, -0.9953711599885407546, 16.10863952720852765 ) ) ;
#332 = DIRECTION ( 'NONE',  ( 1.000000000000000000, 0.000000000000000000, 0.000000000000000000 ) ) ;
#333 = CARTESIAN_POINT ( 'NONE',  ( -1.494755698617747708, -3.053819966697976174, 21.27162478260074607 ) ) ;
#334 = CARTESIAN_POINT ( 'NONE',  ( -2.998134723649794164, -1.603666829821283946, 17.39819653358787832 ) ) ;
#335 = CARTESIAN_POINT ( 'NONE',  ( 2.326144161202717608, -2.479736916671048785, 19.01268529735659385 ) ) ;
#336 = DIRECTION ( 'NONE',  ( 0.000000000000000000, 0.000000000000000000, 1.000000000000000000 ) ) ;
#337 = CARTESIAN_POINT ( 'NONE',  ( 2.750671775506127847, 1.998450595695066001, 13.36328159248460423 ) ) ;
#338 = CARTESIAN_POINT ( 'NONE',  ( 4.076582343749999282, 4.992373518734052056E-16, 18.62812500170699082 ) ) ;
#339 = CARTESIAN_POINT ( 'NONE',  ( -3.400000002912754393, 0.1094187606287287118, 19.79364491933240089 ) ) ;
#340 = CARTESIAN_POINT ( 'NONE',  ( -1.325866060326128082, -3.132088952945176974, 23.78275962506123520 ) ) ;
#341 = CARTESIAN_POINT ( 'NONE',  ( -3.399999999980882315, 8.065722905859395493E-06, 20.11235377466995544 ) ) ;
#342 = CARTESIAN_POINT ( 'NONE',  ( -2.496186759367026028E-16, 4.076582343749999282, 17.69062500170705832 ) ) ;
#343 = CARTESIAN_POINT ( 'NONE',  ( -1.069325225543138247, 3.230958539772819105, 20.80074207947492937 ) ) ;
#344 = VERTEX_POINT ( 'NONE', #2914 ) ;
#345 = CARTESIAN_POINT ( 'NONE',  ( 1.604368099611935605, 3.012326233476503301, 21.88964839525975847 ) ) ;
#346 = CARTESIAN_POINT ( 'NONE',  ( 19.89999999999999858, 2.437047130303232761E-15, 20.00000000000000000 ) ) ;
#347 = CARTESIAN_POINT ( 'NONE',  ( -2.246427973892000551, 2.554552501603435832, 20.88110923126710716 ) ) ;
#348 = CARTESIAN_POINT ( 'NONE',  ( -2.496186759367026028E-16, 4.076582343749999282, 22.84687500170699082 ) ) ;
#349 = CARTESIAN_POINT ( 'NONE',  ( -0.7146945949043705948, 3.324281879769126480, 23.27888759738613444 ) ) ;
#350 = CARTESIAN_POINT ( 'NONE',  ( -2.555797374822363022, -2.242488299189068446, 16.19372446004738819 ) ) ;
#351 = EDGE_CURVE ( 'NONE', #467, #2783, #784, .T. ) ;
#352 = AXIS2_PLACEMENT_3D ( 'NONE', #1707, #3546, #1320 ) ;
#353 = CARTESIAN_POINT ( 'NONE',  ( -4.076582343749974413, 0.000000000000000000, 18.15937500170700858 ) ) ;
#354 = CARTESIAN_POINT ( 'NONE',  ( -2.081162941289222079, -2.688732848073085435, 21.23070716425225157 ) ) ;
#355 = CARTESIAN_POINT ( 'NONE',  ( -0.7550699599039790710, -3.315682422940558371, 17.56867479829584511 ) ) ;
#356 = CARTESIAN_POINT ( 'NONE',  ( 3.018965995895612320, -1.564987553767120732, 19.07946811751504512 ) ) ;
#357 = CARTESIAN_POINT ( 'NONE',  ( -4.028344159609476449, 0.7205205987058983519, 14.30341765624999262 ) ) ;
#358 = CARTESIAN_POINT ( 'NONE',  ( 2.404163056034261281, 2.404163056034261725, 14.64375000341398092 ) ) ;
#359 = CARTESIAN_POINT ( 'NONE',  ( 1.688575694911950809, -4.076582343749998394, 15.89375000170699082 ) ) ;
#360 = CARTESIAN_POINT ( 'NONE',  ( -1.688575694911948810, 4.076582343749999282, 14.01875000170699082 ) ) ;
#361 = CARTESIAN_POINT ( 'NONE',  ( -2.604598257693535146, -2.185421785108752957, 23.68951278125632598 ) ) ;
#362 = CARTESIAN_POINT ( 'NONE',  ( 3.400000000049708593, -0.02219461185260986416, 22.92376877815382130 ) ) ;
#363 = CARTESIAN_POINT ( 'NONE',  ( 7.488560278101077592E-16, -4.076582343749999282, 17.06562500170705832 ) ) ;
#364 = CARTESIAN_POINT ( 'NONE',  ( 2.564571776342181586, -2.232272171327693844, 20.28197117457127874 ) ) ;
#365 = CARTESIAN_POINT ( 'NONE',  ( -0.1485360902768202707, 3.396759246150574896, 20.74581432033025763 ) ) ;
#366 = ORIENTED_EDGE ( 'NONE', *, *, #2901, .T. ) ;
#367 = CARTESIAN_POINT ( 'NONE',  ( -3.309913096288704892, 0.7941874647959525912, 22.25388396219999265 ) ) ;
#368 = DIRECTION ( 'NONE',  ( 1.000000000000000000, 0.000000000000000000, 0.000000000000000000 ) ) ;
#369 = CARTESIAN_POINT ( 'NONE',  ( 1.688575694911950809, -4.076582343749998394, 18.55000000170699082 ) ) ;
#370 = CARTESIAN_POINT ( 'NONE',  ( -2.027548695395778644, 2.729380524013548470, 23.36544789369176556 ) ) ;
#371 = CARTESIAN_POINT ( 'NONE',  ( -3.183439554876589916, -1.194877767129157053, 16.12122961360474349 ) ) ;
#372 = AXIS2_PLACEMENT_3D ( 'NONE', #1565, #142, #4105 ) ;
#373 = PRODUCT_DEFINITION ( 'UNKNOWN', '', #3555, #2436 ) ;
#374 = CARTESIAN_POINT ( 'NONE',  ( -2.081899558550500280E-16, 3.399999999999999911, 21.98749999999999716 ) ) ;
#375 = CARTESIAN_POINT ( 'NONE',  ( -2.326338207880269682, -2.481959967488819974, 21.21230316964890150 ) ) ;
#376 = CARTESIAN_POINT ( 'NONE',  ( -0.1899168171961234386, -3.394693003872920389, 17.60184267337542252 ) ) ;
#377 = CARTESIAN_POINT ( 'NONE',  ( -0.1741775603591288191, -3.395545648445946973, 18.85273606451032791 ) ) ;
#378 = CARTESIAN_POINT ( 'NONE',  ( -4.076582343750000170, 0.000000000000000000, 14.30341765624999795 ) ) ;
#379 = CARTESIAN_POINT ( 'NONE',  ( 1.688575694911937930, 4.076582343749974413, 21.51875000170700858 ) ) ;
#380 = CARTESIAN_POINT ( 'NONE',  ( -4.076582343749999282, 0.000000000000000000, 18.00312500170699082 ) ) ;
#381 = CARTESIAN_POINT ( 'NONE',  ( 1.198478361570150863, 3.181772006377689088, 19.41600158743737481 ) ) ;
#382 = CARTESIAN_POINT ( 'NONE',  ( -1.605175412696263404, -2.997276745939817744, 23.76420232335241423 ) ) ;
#383 = CARTESIAN_POINT ( 'NONE',  ( -2.882579019330973047, -2.882579019330974379, 15.65937500170706187 ) ) ;
#384 = DIRECTION ( 'NONE',  ( 0.000000000000000000, 0.000000000000000000, 1.000000000000000000 ) ) ;
#385 = CARTESIAN_POINT ( 'NONE',  ( 0.04901306354541146854, 3.399853026935965250, 15.73464460995071335 ) ) ;
#386 = CARTESIAN_POINT ( 'NONE',  ( 1.405443282236865654, 3.097957560106622488, 20.65294947579375773 ) ) ;
#387 = CARTESIAN_POINT ( 'NONE',  ( -4.076582343749998394, -1.688575694911951253, 23.08125000170699082 ) ) ;
#388 = ORIENTED_EDGE ( 'NONE', *, *, #1207, .F. ) ;
#389 = CARTESIAN_POINT ( 'NONE',  ( -4.076582343749998394, -1.688575694911951253, 23.23750000170699082 ) ) ;
#390 = CARTESIAN_POINT ( 'NONE',  ( -2.971945799776241515, 1.678295257469898161, 22.19725746476224515 ) ) ;
#391 = CARTESIAN_POINT ( 'NONE',  ( -2.081899558550500280E-16, 3.399999999999999911, 24.80000000341398092 ) ) ;
#392 = CARTESIAN_POINT ( 'NONE',  ( 3.400000001472264444, 0.03537625079637888442, 24.17696231329524892 ) ) ;
#393 = CARTESIAN_POINT ( 'NONE',  ( -4.076582343749998394, -1.688575694911951253, 18.23750000170699082 ) ) ;
#394 = CARTESIAN_POINT ( 'NONE',  ( -1.609108106481746292, 2.996100585284746209, 23.33604634852352078 ) ) ;
#395 = CARTESIAN_POINT ( 'NONE',  ( -2.085887232416659298, -2.685006820635342795, 16.23035916534597689 ) ) ;
#396 = EDGE_CURVE ( 'NONE', #4585, #4272, #2949, .T. ) ;
#397 = CARTESIAN_POINT ( 'NONE',  ( -1.408326112068523983, -3.399999999999999467, 25.03437499999999361 ) ) ;
#398 = CARTESIAN_POINT ( 'NONE',  ( 0.000000000000000000, 0.000000000000000000, 13.98000000000000043 ) ) ;
#399 = CARTESIAN_POINT ( 'NONE',  ( -0.8458717527127322944, -3.293136936740202803, 17.56312089259505171 ) ) ;
#400 = CARTESIAN_POINT ( 'NONE',  ( -2.596526442052945693, -2.195009278444196799, 18.69024108759353453 ) ) ;
#401 = FACE_OUTER_BOUND ( 'NONE', #1074, .T. ) ;
#402 = CARTESIAN_POINT ( 'NONE',  ( -1.688575694911939040, -4.076582343749973525, 23.39375000170700858 ) ) ;
#403 = CARTESIAN_POINT ( 'NONE',  ( 1.408326112068522873, 3.400000000000000355, 22.22187500341398447 ) ) ;
#404 = CARTESIAN_POINT ( 'NONE',  ( 2.084158682573477250, 2.688412929386466921, 19.35564696418201436 ) ) ;
#405 = CARTESIAN_POINT ( 'NONE',  ( -0.1443337048597671535, 3.396939524113263165, 18.24557705321191037 ) ) ;
#406 = CARTESIAN_POINT ( 'NONE',  ( -2.603530291514080997, -2.186696679528521869, 22.43961443507973996 ) ) ;
#407 = CARTESIAN_POINT ( 'NONE',  ( 4.076582343749999282, 1.688575694911949254, 18.70625000170705832 ) ) ;
#408 = CARTESIAN_POINT ( 'NONE',  ( -0.05372976317631652371, -3.400016708707369162, 20.10939445472081744 ) ) ;
#409 = B_SPLINE_CURVE_WITH_KNOTS ( 'NONE', 3,
 ( #2542, #1394, #2854, #4316, #767, #1034, #3960, #2498, #4406, #4023, #2589, #3309, #2145, #1123, #3603, #328, #4048, #14, #2923, #40, #1783, #4002, #1418, #744, #2878, #2520, #3981, #701, #2212, #3625, #347, #722, #1806, #1828, #1100, #3259, #760, #3999, #1073, #9, #2140, #2537, #4398, #738, #2206, #343, #2184, #3576, #718, #3643, #1095, #1457, #4041, #2897, #4713, #1846, #1116, #4355, #3281, #2873, #365, #3215, #1824, #303, #3977, #33, #2918, #3664, #4336, #1413, #1479, #324, #1051, #4375, #1436, #2558, #4668, #4018, #2164, #386, #1758, #2581, #3303, #2941, #2493, #1390, #2849, #4311, #3956, #675, #1029, #3237, #3597, #2516, #1779, #4690, #697, #3621, #1802, #4095, #2608, #1527, #2683, #2659, #4522, #3403, #2323, #2968, #1605, #4499, #3712, #4475, #4143, #81, #1580, #3045, #865, #1221, #1970, #1553, #157, #1920, #132, #1946 ),
 .UNSPECIFIED., .F., .F.,
 ( 4, 2, 2, 2, 1, 1, 1, 2, 2, 2, 2, 2, 2, 1, 1, 1, 2, 2, 2, 1, 2, 2, 1, 2, 2, 2, 2, 2, 2, 2, 1, 1, 2, 2, 2, 2, 2, 1, 2, 2, 2, 2, 2, 1, 2, 2, 2, 1, 2, 2, 2, 2, 2, 2, 2, 1, 2, 2, 2, 2, 2, 2, 1, 2, 2, 2, 1, 1, 1, 2, 4 ),
 ( 0.4119313383492420044, 0.4138239432828805797, 0.4140605188995854502, 0.4140900908516735313, 0.4141196628037616123, 0.4141788067079378854, 0.4142970945162904317, 0.4147702457497006168, 0.4157165482165210424, 0.4195017580838027449, 0.4213943630174435406, 0.4218675142508537812, 0.4219266581550300543, 0.4219858020592063275, 0.4221040898675588737, 0.4223406654842640218, 0.4232869679510845029, 0.4270721778183663719, 0.4289647827520073342, 0.4294379339854175193, 0.4296745096021226673, 0.4297927974104752136, 0.4299110852188277598, 0.4308573876856481855, 0.4327499926192890367, 0.4336962950861094068, 0.4346425975529298324, 0.4365352024865706282, 0.4374815049533910538, 0.4375997927617436001, 0.4377180805700961463, 0.4379546561868012389, 0.4384278074202114794, 0.4403204123538522752, 0.4412667148206727008, 0.4413850026290252471, 0.4415032904373777933, 0.4417398660540829414, 0.4422130172874931264, 0.4441056222211340332, 0.4450519246879544588, 0.4452885003046596069, 0.4454067881130121531, 0.4455250759213646994, 0.4459982271547749400, 0.4497834370220569200, 0.4516760419556978823, 0.4526223444225183634, 0.4530954956559286040, 0.4533320712726337520, 0.4535686468893388446, 0.4554612518229798623, 0.4564075542898003435, 0.4568807055232105840, 0.4571172811399157321, 0.4573538567566208801, 0.4592464616902618424, 0.4601927641570823235, 0.4611390666239028602, 0.4649242764911848402, 0.4687094863584668203, 0.4689460619751719128, 0.4691826375918770609, 0.4696557888252873014, 0.4706020912921077826, 0.4715483937589282637, 0.4720215449923385043, 0.4722581206090436523, 0.4723764084173961986, 0.4724355523215724717, 0.4724946962257487448 ),
 .UNSPECIFIED. ) ;
#410 = CARTESIAN_POINT ( 'NONE',  ( -4.076582343749999282, 1.688575694911948588, 25.42500000170699792 ) ) ;
#411 = CARTESIAN_POINT ( 'NONE',  ( 4.076582343749999282, 4.992373518734052056E-16, 21.12812500170699437 ) ) ;
#412 = CARTESIAN_POINT ( 'NONE',  ( 0.8993018583428016299, 3.449843981587868313, 14.83416597663594416 ) ) ;
#413 = CARTESIAN_POINT ( 'NONE',  ( -4.076582343749998394, -1.688575694911951253, 25.73750000170699437 ) ) ;
#414 = CARTESIAN_POINT ( 'NONE',  ( 1.408326112068525537, -3.399999999999999023, 23.00312500341398447 ) ) ;
#415 = CARTESIAN_POINT ( 'NONE',  ( 1.401484753354047097, -3.102941080489155734, 25.19719896169784690 ) ) ;
#416 = CIRCLE ( 'NONE', #641, 4.000000000000000000 ) ;
#417 = EDGE_LOOP ( 'NONE', ( #3778, #487, #2380, #4245 ) ) ;
#418 = CARTESIAN_POINT ( 'NONE',  ( 1.688575694911948366, 4.076582343749999282, 20.26875000170699437 ) ) ;
#419 = CARTESIAN_POINT ( 'NONE',  ( -3.399999999994138822, 4.420163602684026055E-06, 16.04991824737376049 ) ) ;
#420 = CARTESIAN_POINT ( 'NONE',  ( 1.408326112068522873, 3.400000000000000355, 20.65937499999999716 ) ) ;
#421 = CARTESIAN_POINT ( 'NONE',  ( 3.399999999999999911, 0.000000000000000000, 0.000000000000000000 ) ) ;
#422 = CARTESIAN_POINT ( 'NONE',  ( -2.955277684891364665, -1.681289913451011309, 17.40348664152505620 ) ) ;
#423 = CARTESIAN_POINT ( 'NONE',  ( -4.076582343749998394, -1.688575694911951253, 25.58125000170705832 ) ) ;
#424 = CARTESIAN_POINT ( 'NONE',  ( 3.399999997846903543, -0.1426266914071057101, 16.66708795022266543 ) ) ;
#425 = CIRCLE ( 'NONE', #1032, 19.89999999999999858 ) ;
#426 = CARTESIAN_POINT ( 'NONE',  ( 4.076582343749974413, 4.992373518734019516E-16, 21.28437500170700503 ) ) ;
#427 = CARTESIAN_POINT ( 'NONE',  ( -3.399999999999999023, -1.408326112068525537, 23.94062500341398092 ) ) ;
#428 = CARTESIAN_POINT ( 'NONE',  ( -3.377620428999600577, 0.3894736839006884832, 24.77788958493689009 ) ) ;
#429 = CARTESIAN_POINT ( 'NONE',  ( 0.4567708900995484100, 3.369425305439908147, 18.21142432469336825 ) ) ;
#430 = CARTESIAN_POINT ( 'NONE',  ( -0.2106384910604519600, -3.393469238504264407, 22.60068046671409192 ) ) ;
#431 = CARTESIAN_POINT ( 'NONE',  ( 2.882579019330974379, -2.882579019330973491, 15.97187500170706187 ) ) ;
#432 = CARTESIAN_POINT ( 'NONE',  ( -0.1768992064479731341, -3.395422536657555224, 20.10255453000833370 ) ) ;
#433 = CARTESIAN_POINT ( 'NONE',  ( 3.399886362014445940, 0.03000183696415873943, 15.42666620182493276 ) ) ;
#434 = CARTESIAN_POINT ( 'NONE',  ( -4.076582343749999282, 1.688575694911948588, 26.67500000170699792 ) ) ;
#435 = CARTESIAN_POINT ( 'NONE',  ( -1.688575694911949698, -4.076582343749998394, 20.73750000170699437 ) ) ;
#436 = AXIS2_PLACEMENT_3D ( 'NONE', #398, #2595, #772 ) ;
#437 = CARTESIAN_POINT ( 'NONE',  ( 3.380135368038019728, 1.420870308359204692, 14.71796355460043415 ) ) ;
#438 = CARTESIAN_POINT ( 'NONE',  ( -4.076582343749999282, 0.000000000000000000, 21.90937500170699082 ) ) ;
#439 = CARTESIAN_POINT ( 'NONE',  ( -0.8803532664306008559, -3.284315320462122934, 25.06100367789332850 ) ) ;
#440 = ORIENTED_EDGE ( 'NONE', *, *, #4379, .T. ) ;
#441 = CARTESIAN_POINT ( 'NONE',  ( 4.076582343749999282, 1.688575694911949254, 16.36250000170699082 ) ) ;
#442 = CARTESIAN_POINT ( 'NONE',  ( 0.5971549422122340856, 3.347303390724990724, 23.20316449620335320 ) ) ;
#443 = ADVANCED_FACE ( 'NONE', ( #3224 ), #2860, .F. ) ;
#444 = CARTESIAN_POINT ( 'NONE',  ( -3.399999999999999023, -1.408326112068525537, 17.69062500341397737 ) ) ;
#445 = EDGE_CURVE ( 'NONE', #2978, #1458, #425, .T. ) ;
#446 = ORIENTED_EDGE ( 'NONE', *, *, #1956, .F. ) ;
#447 = CARTESIAN_POINT ( 'NONE',  ( 3.400000000000000355, 1.408326112068523539, 23.00312499999999716 ) ) ;
#448 = CIRCLE ( 'NONE', #3739, 4.000000000000000000 ) ;
#449 = DIRECTION ( 'NONE',  ( 0.000000000000000000, 0.000000000000000000, 1.000000000000000000 ) ) ;
#450 = CARTESIAN_POINT ( 'NONE',  ( -2.681169974946319812, 2.090772002262883511, 14.97999999999608534 ) ) ;
#451 = CARTESIAN_POINT ( 'NONE',  ( -2.404163056034260837, -2.404163056034261725, 15.26875000341398270 ) ) ;
#452 = CARTESIAN_POINT ( 'NONE',  ( -4.076582343749999282, 1.688575694911948588, 25.42500000170705832 ) ) ;
#453 = CARTESIAN_POINT ( 'NONE',  ( 1.179947087027939823, -3.188702138083944870, 16.43281111566625086 ) ) ;
#454 = CARTESIAN_POINT ( 'NONE',  ( -1.688575694911938152, 4.076582343749974413, 24.17500000170700503 ) ) ;
#455 = CARTESIAN_POINT ( 'NONE',  ( 3.399999999999999911, 4.163799117101000559E-16, 25.73750000341398092 ) ) ;
#456 = CARTESIAN_POINT ( 'NONE',  ( -1.521788358498191496, 3.040506545442063224, 18.33017976732274690 ) ) ;
#457 = CARTESIAN_POINT ( 'NONE',  ( -2.442429198300537951, -2.365910622710874822, 22.45304907560134566 ) ) ;
#458 = DIRECTION ( 'NONE',  ( -0.000000000000000000, -0.000000000000000000, -1.000000000000000000 ) ) ;
#459 = CARTESIAN_POINT ( 'NONE',  ( -2.235059921382019255, -2.564794497486629243, 19.96931306643910631 ) ) ;
#460 = CARTESIAN_POINT ( 'NONE',  ( 2.391945214452187773, 2.416526723127981668, 15.58220146899230052 ) ) ;
#461 = EDGE_CURVE ( 'NONE', #3871, #795, #2869, .T. ) ;
#462 = CARTESIAN_POINT ( 'NONE',  ( 1.688575694911950809, -4.076582343749998394, 25.89375000170699792 ) ) ;
#463 = CARTESIAN_POINT ( 'NONE',  ( -1.688575694911949698, -4.076582343749998394, 24.48750000170699437 ) ) ;
#464 = DIRECTION ( 'NONE',  ( 0.000000000000000000, 0.000000000000000000, 1.000000000000000000 ) ) ;
#465 = CARTESIAN_POINT ( 'NONE',  ( -4.076582343749998394, -1.688575694911951253, 21.98750000170699437 ) ) ;
#466 = CARTESIAN_POINT ( 'NONE',  ( 3.399999999999999911, 0.000000000000000000, 0.000000000000000000 ) ) ;
#467 = VERTEX_POINT ( 'NONE', #4632 ) ;
#468 = CARTESIAN_POINT ( 'NONE',  ( 2.882579019330973491, 2.882579019330973935, 17.69062500170699082 ) ) ;
#469 = FACE_OUTER_BOUND ( 'NONE', #926, .T. ) ;
#470 = ORIENTED_EDGE ( 'NONE', *, *, #2784, .F. ) ;
#471 = CARTESIAN_POINT ( 'NONE',  ( 6.245698675651500839E-16, -3.399999999999999911, 23.86249999999999716 ) ) ;
#472 = CARTESIAN_POINT ( 'NONE',  ( -1.408326112068523317, 3.400000000000000355, 22.37812500341398447 ) ) ;
#473 = DIRECTION ( 'NONE',  ( -0.000000000000000000, -0.000000000000000000, 1.000000000000000000 ) ) ;
#474 = B_SPLINE_CURVE_WITH_KNOTS ( 'NONE', 3,
 ( #3655, #48, #4726, #357, #1815, #730 ),
 .UNSPECIFIED., .F., .F.,
 ( 4, 2, 4 ),
 ( 0.000000000000000000, 0.001085885819699403381, 0.002171771639398806762 ),
 .UNSPECIFIED. ) ;
#475 = CARTESIAN_POINT ( 'NONE',  ( 0.000000000000000000, 0.000000000000000000, 0.000000000000000000 ) ) ;
#476 = CARTESIAN_POINT ( 'NONE',  ( -3.231485195374931951, -1.057617258804861793, 18.61253887711782085 ) ) ;
#477 = CARTESIAN_POINT ( 'NONE',  ( -2.496186759367009758E-16, 4.076582343749974413, 25.34687500170700503 ) ) ;
#478 = CARTESIAN_POINT ( 'NONE',  ( 2.404163056034261281, 2.404163056034261725, 25.89375000341398092 ) ) ;
#479 = CARTESIAN_POINT ( 'NONE',  ( -3.002909210425571018, 1.594747698563096838, 18.45240183189541838 ) ) ;
#480 = CARTESIAN_POINT ( 'NONE',  ( 1.509624223602310744, -3.054740047832575467, 22.70426177476736385 ) ) ;
#481 = CARTESIAN_POINT ( 'NONE',  ( 3.719740116786516282, -0.2330775664024351268, 14.66025988321207763 ) ) ;
#482 = CARTESIAN_POINT ( 'NONE',  ( -0.6568989898165797925, -3.336558239062216824, 20.07461883329968089 ) ) ;
#483 = CARTESIAN_POINT ( 'NONE',  ( 1.704469813351600971, 2.942436892391337544, 15.63261186010062787 ) ) ;
#484 = CARTESIAN_POINT ( 'NONE',  ( 7.488560278101077592E-16, -4.076582343749999282, 25.81562500170699082 ) ) ;
#485 = CARTESIAN_POINT ( 'NONE',  ( 4.076582343749999282, 1.688575694911949254, 24.95625000170699437 ) ) ;
#486 = CARTESIAN_POINT ( 'NONE',  ( -3.825884572681183649, 0.000000000000000000, 14.55411542731880736 ) ) ;
#487 = ORIENTED_EDGE ( 'NONE', *, *, #500, .T. ) ;
#488 = CARTESIAN_POINT ( 'NONE',  ( -2.882579019330973935, 2.882579019330973935, 21.75312500170699082 ) ) ;
#489 = CARTESIAN_POINT ( 'NONE',  ( 2.363711171454172977, 2.443973310998644788, 16.83440841214156336 ) ) ;
#490 = AXIS2_PLACEMENT_3D ( 'NONE', #3661, #1475, #3255 ) ;
#491 = CARTESIAN_POINT ( 'NONE',  ( 3.074345540496926432, 1.452397746190395189, 21.76303676330633508 ) ) ;
#492 = ORIENTED_EDGE ( 'NONE', *, *, #1196, .F. ) ;
#493 = CARTESIAN_POINT ( 'NONE',  ( 4.076582343749999282, 4.992373518734052056E-16, 15.03437500170699082 ) ) ;
#494 = FACE_OUTER_BOUND ( 'NONE', #1249, .T. ) ;
#495 = VERTEX_POINT ( 'NONE', #4363 ) ;
#496 = CARTESIAN_POINT ( 'NONE',  ( -2.404163056034260837, -2.404163056034261725, 18.70624999999999716 ) ) ;
#497 = CARTESIAN_POINT ( 'NONE',  ( -3.702893278637332752, -1.307480124127452070, 25.81812286791554101 ) ) ;
#498 = CARTESIAN_POINT ( 'NONE',  ( -1.792642482832048634, 2.892990526909879456, 17.09861400284051314 ) ) ;
#499 = LINE ( 'NONE', #4538, #4243 ) ;
#500 = EDGE_CURVE ( 'NONE', #992, #2119, #4276, .T. ) ;
#501 = CARTESIAN_POINT ( 'NONE',  ( -3.131120472971027802, -1.328217953046099131, 18.62977717758418450 ) ) ;
#502 = CARTESIAN_POINT ( 'NONE',  ( 1.688575694911948366, 4.076582343749999282, 13.86250000170699082 ) ) ;
#503 = CARTESIAN_POINT ( 'NONE',  ( 2.219873670642927177, 2.576130346042257546, 18.09538550406258040 ) ) ;
#504 = CARTESIAN_POINT ( 'NONE',  ( 0.8789327043022300279, -3.292093461250976461, 22.66416378898536266 ) ) ;
#505 = CARTESIAN_POINT ( 'NONE',  ( -3.943790067812587896, -1.032009450730476674, 14.30341765624999262 ) ) ;
#506 = CARTESIAN_POINT ( 'NONE',  ( 2.710315283313003309, 2.053400936042636626, 15.55473414293976653 ) ) ;
#507 = CARTESIAN_POINT ( 'NONE',  ( 1.688575694911948366, 4.076582343749999282, 26.36250000170699082 ) ) ;
#508 = CARTESIAN_POINT ( 'NONE',  ( -2.496186759367026028E-16, 4.076582343749999282, 17.69062500170699082 ) ) ;
#509 = DIRECTION ( 'NONE',  ( 1.000000000000000000, 0.000000000000000000, 0.000000000000000000 ) ) ;
#510 = CARTESIAN_POINT ( 'NONE',  ( -4.076582343749998394, -1.688575694911951253, 19.48750000170699437 ) ) ;
#511 = CARTESIAN_POINT ( 'NONE',  ( 3.384402843126946614, 0.3379613916744396152, 16.69419155368336760 ) ) ;
#512 = CARTESIAN_POINT ( 'NONE',  ( -2.553517252506674939, -2.245060827694784322, 19.94389225190596093 ) ) ;
#513 = CARTESIAN_POINT ( 'NONE',  ( 2.381519894047225971, 2.426619190538410464, 21.83302064101941298 ) ) ;
#514 =( BOUNDED_CURVE ( )  B_SPLINE_CURVE ( 2, ( #3566, #2155, #2131, #3947, #3922, #3589, #274, #1381, #1340 ),
 .UNSPECIFIED., .F., .F. ) 
 B_SPLINE_CURVE_WITH_KNOTS ( ( 3, 2, 2, 2, 3 ),
 ( 0.1442264647638019925, 0.1562453116934722774, 0.1682641818237393672, 0.1802830519540064569, 0.1923019413019231016 ),
 .UNSPECIFIED. ) 
 CURVE ( )  GEOMETRIC_REPRESENTATION_ITEM ( )  RATIONAL_B_SPLINE_CURVE ( ( 1.000000000000000000, 0.9238795325112867385, 1.000000000000000000, 0.9238795325112867385, 1.000000000000000000, 0.9238795325112867385, 1.000000000000000000, 0.9238795325112867385, 1.000000000000000000 ) ) 
 REPRESENTATION_ITEM ( '' )  );
#515 = VERTEX_POINT ( 'NONE', #1060 ) ;
#516 = CARTESIAN_POINT ( 'NONE',  ( 3.298024395062944869, 2.396154981411663609, 13.91015798088449174 ) ) ;
#517 = CARTESIAN_POINT ( 'NONE',  ( 2.993172503200394630, 1.619703074588853209, 23.02405844560182402 ) ) ;
#518 = DIRECTION ( 'NONE',  ( 0.000000000000000000, 0.000000000000000000, -1.000000000000000000 ) ) ;
#519 = CARTESIAN_POINT ( 'NONE',  ( -0.1356045191989910803, 3.397302446670922738, 19.49508435751666724 ) ) ;
#520 = ORIENTED_EDGE ( 'NONE', *, *, #4104, .F. ) ;
#521 = EDGE_CURVE ( 'NONE', #515, #2053, #1039, .T. ) ;
#522 = CARTESIAN_POINT ( 'NONE',  ( 2.404163056034261281, 2.404163056034261725, 15.58124999999999716 ) ) ;
#523 = DIRECTION ( 'NONE',  ( -0.000000000000000000, -0.000000000000000000, 1.000000000000000000 ) ) ;
#524 = CARTESIAN_POINT ( 'NONE',  ( -2.535328657945457032, 2.265457103725496246, 17.15445354305170511 ) ) ;
#525 = CARTESIAN_POINT ( 'NONE',  ( 3.400000000000000355, -2.607082242146360920E-09, 15.73750000327006227 ) ) ;
#526 = CARTESIAN_POINT ( 'NONE',  ( -2.496186759367026028E-16, 4.076582343749999282, 25.19062500170705832 ) ) ;
#527 = CARTESIAN_POINT ( 'NONE',  ( 2.404163056034261725, -2.404163056034261281, 19.33125000341398092 ) ) ;
#528 = CARTESIAN_POINT ( 'NONE',  ( 2.172442239465404601, 2.616088528760014409, 18.09890499685771559 ) ) ;
#529 = CARTESIAN_POINT ( 'NONE',  ( 1.952277775599592591, -2.784292316436892456, 21.48498982897937992 ) ) ;
#530 = CARTESIAN_POINT ( 'NONE',  ( -3.943790067812587896, -1.032009450730476674, 14.30341765624999439 ) ) ;
#531 = CARTESIAN_POINT ( 'NONE',  ( 3.385597994491936102, 0.3174804631808065269, 15.44284147214928637 ) ) ;
#532 = CARTESIAN_POINT ( 'NONE',  ( -2.121318267741370445, -2.657069123053090287, 24.97775169725958122 ) ) ;
#533 = CARTESIAN_POINT ( 'NONE',  ( 2.404163056034261725, -2.404163056034261281, 18.08125000341398092 ) ) ;
#534 = CIRCLE ( 'NONE', #985, 4.400000000000001243 ) ;
#535 = CARTESIAN_POINT ( 'NONE',  ( 1.688575694911950809, -4.076582343749998394, 19.64375000170699082 ) ) ;
#536 = CARTESIAN_POINT ( 'NONE',  ( 4.076582343750000170, -1.688575694911947922, 18.55000000170699082 ) ) ;
#537 = CARTESIAN_POINT ( 'NONE',  ( 2.310480505381456329, -2.494338772501875301, 24.01148087536074627 ) ) ;
#538 = CARTESIAN_POINT ( 'NONE',  ( 4.076582343749999282, 4.992373518734052056E-16, 18.78437500170699082 ) ) ;
#539 = CARTESIAN_POINT ( 'NONE',  ( 3.037327962319474661, 1.529251014517550633, 16.76813544392810584 ) ) ;
#540 = CARTESIAN_POINT ( 'NONE',  ( -2.961487221525049396, -1.672846959047248117, 19.90286868322868230 ) ) ;
#541 = VERTEX_POINT ( 'NONE', #1377 ) ;
#542 = CARTESIAN_POINT ( 'NONE',  ( 1.688575694911948366, 4.076582343749999282, 14.01875000170699082 ) ) ;
#543 = CARTESIAN_POINT ( 'NONE',  ( -3.399999999991151434, 5.423796819855185703E-06, 23.54989942219960142 ) ) ;
#544 = CARTESIAN_POINT ( 'NONE',  ( 0.1021226742101113971, -3.398469998177791052, 15.11819977441736107 ) ) ;
#545 = CARTESIAN_POINT ( 'NONE',  ( -1.482849666513324172, 3.059866745390663390, 19.57757342248054755 ) ) ;
#546 = ORIENTED_EDGE ( 'NONE', *, *, #4614, .F. ) ;
#547 = CARTESIAN_POINT ( 'NONE',  ( -1.408326112068523317, 3.400000000000000355, 15.81562500000000071 ) ) ;
#548 = CARTESIAN_POINT ( 'NONE',  ( -1.688575694911948810, 4.076582343749999282, 26.67500000170699792 ) ) ;
#549 = CARTESIAN_POINT ( 'NONE',  ( -3.377845289814774166, 0.3879893145871547433, 17.27801868934234619 ) ) ;
#550 = CARTESIAN_POINT ( 'NONE',  ( 7.344863728670890879, 0.000000000000000000, 7.799999999999998046 ) ) ;
#551 = STYLED_ITEM ( 'NONE', ( #4358 ), #2960 ) ;
#552 = CARTESIAN_POINT ( 'NONE',  ( -1.688575694911939040, -4.076582343749973525, 18.39375000170700147 ) ) ;
#553 = CARTESIAN_POINT ( 'NONE',  ( 3.292298736897985467, 0.8599609512849512027, 17.97518156745593032 ) ) ;
#554 = CARTESIAN_POINT ( 'NONE',  ( 3.244776686817056888, -1.015599169254480572, 21.61509427600795163 ) ) ;
#555 = DIRECTION ( 'NONE',  ( -0.000000000000000000, -0.000000000000000000, -1.000000000000000000 ) ) ;
#556 = CARTESIAN_POINT ( 'NONE',  ( 2.779248933293368307, -2.956722151352077166, 25.95157750638227512 ) ) ;
#557 = CARTESIAN_POINT ( 'NONE',  ( 2.106232217391851957, -2.670562906424830629, 25.24609522668292882 ) ) ;
#558 = CARTESIAN_POINT ( 'NONE',  ( -2.081899558550500280E-16, 3.399999999999999911, 18.55000000341398092 ) ) ;
#559 = CARTESIAN_POINT ( 'NONE',  ( 4.076582343749999282, 1.688575694911949254, 19.95625000170699437 ) ) ;
#560 = CARTESIAN_POINT ( 'NONE',  ( 4.076582343750000170, -1.688575694911947922, 19.80000000170699082 ) ) ;
#561 = CARTESIAN_POINT ( 'NONE',  ( 2.884997466892000428, -1.802549713014539368, 24.06334336466614587 ) ) ;
#562 = CARTESIAN_POINT ( 'NONE',  ( -7.344863728670890879, 8.994863855490302380E-16, 7.799999999999998046 ) ) ;
#563 = CARTESIAN_POINT ( 'NONE',  ( 3.399999083174611858, -0.2497960293719240499, 15.41114332925219799 ) ) ;
#564 = CARTESIAN_POINT ( 'NONE',  ( -2.010092099295895274, 2.742523401314257203, 15.86419817853445124 ) ) ;
#565 = VERTEX_POINT ( 'NONE', #1423 ) ;
#566 = CARTESIAN_POINT ( 'NONE',  ( -2.496186759367026028E-16, 4.076582343749999282, 15.34687500170699082 ) ) ;
#567 = FACE_OUTER_BOUND ( 'NONE', #853, .T. ) ;
#568 = CARTESIAN_POINT ( 'NONE',  ( 2.754889473982768067, -1.992848043937932134, 15.29965042297337163 ) ) ;
#569 = CARTESIAN_POINT ( 'NONE',  ( 1.258447347112414239, 3.158762720635769128, 24.41214622360032038 ) ) ;
#570 = ORIENTED_EDGE ( 'NONE', *, *, #3912, .F. ) ;
#571 = CARTESIAN_POINT ( 'NONE',  ( 3.400000000000000799, -1.408326112068522651, 19.09687500000000071 ) ) ;
#572 = EDGE_CURVE ( 'NONE', #4402, #219, #4083, .T. ) ;
#573 = CARTESIAN_POINT ( 'NONE',  ( -1.987610128458448200, -2.758515176186166151, 25.29999999990644000 ) ) ;
#574 = CARTESIAN_POINT ( 'NONE',  ( 3.399999992534202153, 0.1768263151997875038, 17.93480923162178797 ) ) ;
#575 = CARTESIAN_POINT ( 'NONE',  ( 2.780534617259668551, -1.956689305630950892, 21.55222162448812284 ) ) ;
#576 = CARTESIAN_POINT ( 'NONE',  ( 0.4900463591162945720, -3.364499248280083066, 17.64049993825361540 ) ) ;
#577 = CARTESIAN_POINT ( 'NONE',  ( 0.000000000000000000, 0.000000000000000000, 26.30000000000000071 ) ) ;
#578 = CARTESIAN_POINT ( 'NONE',  ( -2.122731477838085024, -2.655938856409262971, 24.97764735416510007 ) ) ;
#579 = CARTESIAN_POINT ( 'NONE',  ( 4.076582343749999282, 4.992373518734052056E-16, 22.37812500170699082 ) ) ;
#580 = CARTESIAN_POINT ( 'NONE',  ( 2.882579019330974379, -2.882579019330973491, 19.72187500170699082 ) ) ;
#581 = CARTESIAN_POINT ( 'NONE',  ( 0.000000000000000000, 0.000000000000000000, 0.000000000000000000 ) ) ;
#582 = CARTESIAN_POINT ( 'NONE',  ( 4.862369726315283636, 0.2429728111995109463, 13.78055748241166256 ) ) ;
#583 = CARTESIAN_POINT ( 'NONE',  ( 2.882579019330974379, -2.882579019330973491, 22.22187500170706187 ) ) ;
#584 = CARTESIAN_POINT ( 'NONE',  ( -3.382027424824435968, 0.3491282543865482091, 16.03022094531215558 ) ) ;
#585 = CIRCLE ( 'NONE', #3714, 7.500000000000000000 ) ;
#586 = ORIENTED_EDGE ( 'NONE', *, *, #4452, .F. ) ;
#587 = ADVANCED_FACE ( 'NONE', ( #2106 ), #3599, .T. ) ;
#588 = DIRECTION ( 'NONE',  ( 0.000000000000000000, 0.000000000000000000, -1.000000000000000000 ) ) ;
#589 = CARTESIAN_POINT ( 'NONE',  ( 2.264504337179480409, -2.536156767924963251, 15.25796952259814354 ) ) ;
#590 = CARTESIAN_POINT ( 'NONE',  ( 1.820518490165653480, 2.879590479401710645, 24.37470320863841167 ) ) ;
#591 = VERTEX_POINT ( 'NONE', #1635 ) ;
#592 = CARTESIAN_POINT ( 'NONE',  ( -2.404163056034261725, 2.404163056034261725, 15.89374999999999893 ) ) ;
#593 = CARTESIAN_POINT ( 'NONE',  ( 2.404163056034261725, -2.404163056034261281, 19.33125000341398092 ) ) ;
#594 = EDGE_CURVE ( 'NONE', #515, #2456, #3254, .T. ) ;
#595 = CARTESIAN_POINT ( 'NONE',  ( -3.400000000000000355, 1.408326112068523095, 20.03437500341398092 ) ) ;
#596 = CARTESIAN_POINT ( 'NONE',  ( 3.098039585719046141, 1.402774413983139290, 18.00966709193587079 ) ) ;
#597 = CARTESIAN_POINT ( 'NONE',  ( 2.950906755607631826, -1.691491617540441306, 21.57096888986838579 ) ) ;
#598 = LINE ( 'NONE', #2416, #4054 ) ;
#599 = CARTESIAN_POINT ( 'NONE',  ( 3.141174752607065912, -1.381624216646548220, 25.32692178801183047 ) ) ;
#600 = DIRECTION ( 'NONE',  ( 0.7071067811865476838, 0.000000000000000000, 0.7071067811865474617 ) ) ;
#601 = CARTESIAN_POINT ( 'NONE',  ( 6.245698675651500839E-16, -3.399999999999999911, 17.92500000341398092 ) ) ;
#602 = CARTESIAN_POINT ( 'NONE',  ( 7.488560278101077592E-16, -4.076582343749999282, 22.06562500170699082 ) ) ;
#603 = CARTESIAN_POINT ( 'NONE',  ( 2.882579019330974379, -2.882579019330973491, 15.97187500170699259 ) ) ;
#604 = CARTESIAN_POINT ( 'NONE',  ( -0.2136778192231153506, -3.393279746559136445, 23.85049604476878926 ) ) ;
#605 = CARTESIAN_POINT ( 'NONE',  ( 4.076582343749999282, 4.992373518734052056E-16, 15.03437500170699082 ) ) ;
#606 = CARTESIAN_POINT ( 'NONE',  ( 1.688575694911950809, -4.076582343749998394, 19.64375000170705832 ) ) ;
#607 = TOROIDAL_SURFACE ( 'NONE', #2282, 7.344863728670890879, 21.00000000000000000 ) ;
#608 = CARTESIAN_POINT ( 'NONE',  ( -1.339004149074290995, 3.126758613491217975, 15.81806692820604177 ) ) ;
#609 = VERTEX_POINT ( 'NONE', #2049 ) ;
#610 =( BOUNDED_CURVE ( )  B_SPLINE_CURVE ( 2, ( #3750, #798, #3723, #2335, #4433, #1514, #1958, #444, #1155 ),
 .UNSPECIFIED., .F., .T. ) 
 B_SPLINE_CURVE_WITH_KNOTS ( ( 3, 2, 2, 2, 3 ),
 ( 0.6249812446001338229, 0.6370001169041563660, 0.6490189870344234002, 0.6610378571646905455, 0.6730567000719200887 ),
 .UNSPECIFIED. ) 
 CURVE ( )  GEOMETRIC_REPRESENTATION_ITEM ( )  RATIONAL_B_SPLINE_CURVE ( ( 1.000000000000000000, 0.9238795325112867385, 1.000000000000000000, 0.9238795325112867385, 1.000000000000000000, 0.9238795325112867385, 1.000000000000000000, 0.9238795325112867385, 1.000000000000000000 ) ) 
 REPRESENTATION_ITEM ( '' )  );
#611 = CARTESIAN_POINT ( 'NONE',  ( 1.408326112068522873, 3.400000000000000355, 15.97187500341397914 ) ) ;
#612 = CARTESIAN_POINT ( 'NONE',  ( 2.063649222705887354, -2.703087545506565270, 15.24298158764677247 ) ) ;
#613 = CARTESIAN_POINT ( 'NONE',  ( -2.841886997988988028, 1.875468026218939599, 24.68334400688788222 ) ) ;
#614 = EDGE_LOOP ( 'NONE', ( #1644, #4534 ) ) ;
#615 = CARTESIAN_POINT ( 'NONE',  ( -3.400000000000000355, 1.408326112068523095, 14.72187499999999716 ) ) ;
#616 = CARTESIAN_POINT ( 'NONE',  ( -3.399999999999999911, 4.163799117101000559E-16, 0.000000000000000000 ) ) ;
#617 = DIRECTION ( 'NONE',  ( 0.000000000000000000, 0.000000000000000000, 1.000000000000000000 ) ) ;
#618 = CARTESIAN_POINT ( 'NONE',  ( -2.404163056034261725, 2.404163056034261725, 25.89374999999999716 ) ) ;
#619 = CARTESIAN_POINT ( 'NONE',  ( -3.398018915640852899, -0.1367720645609814822, 22.30759696180007623 ) ) ;
#620 = CARTESIAN_POINT ( 'NONE',  ( 2.002934507255200725, -2.750007839576672275, 17.73854076978744843 ) ) ;
#621 = CARTESIAN_POINT ( 'NONE',  ( 3.399999999995076294, 5.786416335101651420E-06, 16.98750032440953461 ) ) ;
#622 = CARTESIAN_POINT ( 'NONE',  ( -3.399999997610331892, -0.08774305697819008432, 24.80480948617362102 ) ) ;
#623 = CARTESIAN_POINT ( 'NONE',  ( -2.404163056034261725, 2.404163056034261725, 17.45625000341398092 ) ) ;
#624 = CARTESIAN_POINT ( 'NONE',  ( -1.688575694911949698, -4.076582343749998394, 20.73750000170699437 ) ) ;
#625 = CARTESIAN_POINT ( 'NONE',  ( -1.794238123462905454, 2.891903922533680227, 19.59872858171938503 ) ) ;
#626 = CARTESIAN_POINT ( 'NONE',  ( 2.325392570749483578, -2.480470459997211830, 24.01262740780259719 ) ) ;
#627 = CARTESIAN_POINT ( 'NONE',  ( 4.076582343750000170, -1.688575694911947922, 16.20625000170699082 ) ) ;
#628 = CARTESIAN_POINT ( 'NONE',  ( 2.882579019330974379, -2.882579019330973491, 20.97187500170705832 ) ) ;
#629 = CARTESIAN_POINT ( 'NONE',  ( -2.900675236585474437, 1.775222241577064430, 15.94005343957924303 ) ) ;
#630 = CARTESIAN_POINT ( 'NONE',  ( -2.882579019330956172, 2.882579019330956172, 15.50312500170700680 ) ) ;
#631 = ORIENTED_EDGE ( 'NONE', *, *, #3608, .T. ) ;
#632 = CARTESIAN_POINT ( 'NONE',  ( -2.404163056034261725, 2.404163056034261725, 18.70625000341398092 ) ) ;
#633 = CARTESIAN_POINT ( 'NONE',  ( -0.8984406458036041654, -3.280017914299421022, 15.05988287968540362 ) ) ;
#634 = CARTESIAN_POINT ( 'NONE',  ( -2.975136742862579453, 1.672618866837498164, 24.69763585119948601 ) ) ;
#635 = EDGE_LOOP ( 'NONE', ( #2617, #3027 ) ) ;
#636 = CARTESIAN_POINT ( 'NONE',  ( -4.076582343749999282, 0.000000000000000000, 24.40937500170699437 ) ) ;
#637 = CARTESIAN_POINT ( 'NONE',  ( 4.076582343750000170, -1.688575694911947922, 21.20625000170699437 ) ) ;
#638 = CARTESIAN_POINT ( 'NONE',  ( -2.404163056034261725, 2.404163056034261725, 19.95625000341398092 ) ) ;
#639 = CARTESIAN_POINT ( 'NONE',  ( -3.241994429776252851, -1.024569295177006678, 21.11046579379034327 ) ) ;
#640 = CARTESIAN_POINT ( 'NONE',  ( 0.4889430469869752161, -3.364661499435983139, 17.64043104375434368 ) ) ;
#641 = AXIS2_PLACEMENT_3D ( 'NONE', #4084, #3036, #3729 ) ;
#642 = CARTESIAN_POINT ( 'NONE',  ( 2.404163056034261725, -2.404163056034261281, 16.83125000341398447 ) ) ;
#643 = DIRECTION ( 'NONE',  ( 1.000000000000000000, 0.000000000000000000, 0.000000000000000000 ) ) ;
#644 = CARTESIAN_POINT ( 'NONE',  ( 6.245698675651500839E-16, -3.399999999999999911, 16.67500000341398092 ) ) ;
#645 = CARTESIAN_POINT ( 'NONE',  ( 2.882579019330973491, 2.882579019330973935, 18.78437500170699082 ) ) ;
#646 = CARTESIAN_POINT ( 'NONE',  ( -3.381426830933150551, 0.3549638778311240972, 19.77986532211893689 ) ) ;
#647 = CARTESIAN_POINT ( 'NONE',  ( -3.257647561211398646, -0.9735215893161982548, 23.60727576147297668 ) ) ;
#648 = CARTESIAN_POINT ( 'NONE',  ( 3.399999999999967493, -4.708064916943021022E-07, 20.73749997729563432 ) ) ;
#649 = CARTESIAN_POINT ( 'NONE',  ( 1.688575694911950809, -4.076582343749998394, 20.89375000170706187 ) ) ;
#650 = CARTESIAN_POINT ( 'NONE',  ( -3.123288463553310024, -1.773936481012405197, 14.79842859785515152 ) ) ;
#651 = CARTESIAN_POINT ( 'NONE',  ( -0.9465616914904230184, 3.266125107049500542, 15.79311219955664392 ) ) ;
#652 = VERTEX_POINT ( 'NONE', #1708 ) ;
#653 = CARTESIAN_POINT ( 'NONE',  ( -2.245048883572132947, 2.555728764307800382, 22.13117258902719442 ) ) ;
#654 = CARTESIAN_POINT ( 'NONE',  ( -0.9647217571663213587, 3.273822763418894333, 24.54402717198975736 ) ) ;
#655 = EDGE_LOOP ( 'NONE', ( #2943, #1151, #4147, #1227, #4337 ) ) ;
#656 = CARTESIAN_POINT ( 'NONE',  ( -1.688575694911948810, 4.076582343749999282, 24.17500000170699792 ) ) ;
#657 = CARTESIAN_POINT ( 'NONE',  ( -4.076582343749999282, 1.688575694911948588, 25.58125000170699082 ) ) ;
#658 = APPLICATION_PROTOCOL_DEFINITION ( 'draft international standard', 'automotive_design', 1998, #2944 ) ;
#659 =( BOUNDED_CURVE ( )  B_SPLINE_CURVE ( 2, ( #648, #2555, #2578, #1454, #735, #3594, #3618, #1113, #2161, #1069, #341 ),
 .UNSPECIFIED., .F., .T. ) 
 B_SPLINE_CURVE_WITH_KNOTS ( ( 3, 2, 2, 2, 2, 3 ),
 ( 0.4326793268641062062, 0.4446981948198826529, 0.4567170649501497426, 0.4687359350804167768, 0.4807548052106838110, 0.4807548796838706506 ),
 .UNSPECIFIED. ) 
 CURVE ( )  GEOMETRIC_REPRESENTATION_ITEM ( )  RATIONAL_B_SPLINE_CURVE ( ( 1.000000000000000000, 0.9238795325112867385, 1.000000000000000000, 0.9238795325112867385, 1.000000000000000000, 0.9238795325112867385, 1.000000000000000000, 0.9238795325112867385, 1.000000000000000000, 0.9999995283305554983, 0.9999990566669563208 ) ) 
 REPRESENTATION_ITEM ( '' )  );
#660 = EDGE_CURVE ( 'NONE', #2641, #4402, #659, .T. ) ;
#661 = EDGE_CURVE ( 'NONE', #2874, #609, #112, .T. ) ;
#662 = CIRCLE ( 'NONE', #4086, 3.399999999999999911 ) ;
#663 = CARTESIAN_POINT ( 'NONE',  ( -3.399999999999999911, 0.000000000000000000, 26.04999999999999716 ) ) ;
#664 = CARTESIAN_POINT ( 'NONE',  ( -2.062512077195143068, -2.703077576714177699, 21.23207216295609712 ) ) ;
#665 = CARTESIAN_POINT ( 'NONE',  ( 2.385256659153683234, -2.423302021012597951, 17.76727488206743644 ) ) ;
#666 = CARTESIAN_POINT ( 'NONE',  ( -0.1938527670820736071, -3.394469632784825386, 18.85161915880597761 ) ) ;
#667 = CARTESIAN_POINT ( 'NONE',  ( -3.388953940705810020, -0.2739000936849333989, 24.81544755361463217 ) ) ;
#668 = CARTESIAN_POINT ( 'NONE',  ( 7.488560278101030260E-16, -4.076582343749974413, 25.97187500170700503 ) ) ;
#669 = CARTESIAN_POINT ( 'NONE',  ( 1.688575694911950809, -4.076582343749998394, 14.64375000170699259 ) ) ;
#670 = CARTESIAN_POINT ( 'NONE',  ( 3.298024395062944869, 2.396154981411663609, 13.75390798088449351 ) ) ;
#671 = CARTESIAN_POINT ( 'NONE',  ( -2.111148683330282161, -2.665180023810724830, 23.72850221217502309 ) ) ;
#672 = CARTESIAN_POINT ( 'NONE',  ( -3.875480947161674017, -1.122948582267333315E-13, 25.77548094716167526 ) ) ;
#673 = CARTESIAN_POINT ( 'NONE',  ( -4.076582343749999282, 1.688575694911948588, 24.17500000170706187 ) ) ;
#674 = CARTESIAN_POINT ( 'NONE',  ( -3.399999999994236077, 4.380685645047896072E-06, 22.29991888456655502 ) ) ;
#675 = CARTESIAN_POINT ( 'NONE',  ( 2.035924870106187168, 2.725524887235111215, 20.60891635672795985 ) ) ;
#676 = ORIENTED_EDGE ( 'NONE', *, *, #1840, .T. ) ;
#677 = VECTOR ( 'NONE', #2665, 1000.000000000000000 ) ;
#678 = CARTESIAN_POINT ( 'NONE',  ( 1.171047430750310481, 3.191995454344872307, 21.91775624761876529 ) ) ;
#679 = CARTESIAN_POINT ( 'NONE',  ( 3.487562771048205779, 0.2419687917434832358, 25.38756277104829451 ) ) ;
#680 = CARTESIAN_POINT ( 'NONE',  ( 2.652634089989334143, 2.138699866979974384, 24.31064472615349459 ) ) ;
#681 = CARTESIAN_POINT ( 'NONE',  ( -4.076582343749998394, -1.688575694911951253, 24.48750000170699437 ) ) ;
#682 = CARTESIAN_POINT ( 'NONE',  ( -0.8579960138594977526, 3.290179232551078581, 23.28762691916877259 ) ) ;
#683 = CARTESIAN_POINT ( 'NONE',  ( -3.232154557134635287, -1.055444396763410619, 16.11240417071693898 ) ) ;
#684 = CARTESIAN_POINT ( 'NONE',  ( -1.408326112068523317, 3.400000000000000355, 19.87812500341398092 ) ) ;
#685 = CARTESIAN_POINT ( 'NONE',  ( -2.442426235269129720, -2.365913728284326556, 21.20305230192748880 ) ) ;
#686 = CARTESIAN_POINT ( 'NONE',  ( -0.6960105695791978242, -3.328512552780078959, 17.57224381220837373 ) ) ;
#687 = CARTESIAN_POINT ( 'NONE',  ( -0.4122811825296218147, -3.376220263904043062, 18.83898875292553043 ) ) ;
#688 = CARTESIAN_POINT ( 'NONE',  ( -2.883987569248067651, -1.801557101547765161, 24.91181071044814033 ) ) ;
#689 = CARTESIAN_POINT ( 'NONE',  ( -2.404163056034260837, -2.404163056034261725, 16.51875000341398447 ) ) ;
#690 = CARTESIAN_POINT ( 'NONE',  ( 4.076582343750000170, -1.688575694911947922, 14.80000000170699437 ) ) ;
#691 = CARTESIAN_POINT ( 'NONE',  ( 7.488560278101077592E-16, -4.076582343749999282, 14.56562500170699082 ) ) ;
#692 = EDGE_CURVE ( 'NONE', #609, #2874, #3388, .T. ) ;
#693 = CARTESIAN_POINT ( 'NONE',  ( -0.3063126508145415650, -3.386535273263950430, 23.84523509836298061 ) ) ;
#694 = CARTESIAN_POINT ( 'NONE',  ( 1.709913376235045801, -2.946732214839082875, 22.71779382831710592 ) ) ;
#695 = CARTESIAN_POINT ( 'NONE',  ( -2.882579019330973935, 2.882579019330973935, 16.59687500170706187 ) ) ;
#696 = CARTESIAN_POINT ( 'NONE',  ( 2.150558103949927524, -2.633466637518017794, 20.24939046461688719 ) ) ;
#697 = CARTESIAN_POINT ( 'NONE',  ( 2.387253844023465632, 2.421001528789970880, 20.58257117653450763 ) ) ;
#698 = ORIENTED_EDGE ( 'NONE', *, *, #3209, .F. ) ;
#699 = CARTESIAN_POINT ( 'NONE',  ( 1.262122810410864382, 3.157296398767968526, 21.91190960735079685 ) ) ;
#700 =( NAMED_UNIT ( * ) SI_UNIT ( $, .STERADIAN. ) SOLID_ANGLE_UNIT ( ) );
#701 = CARTESIAN_POINT ( 'NONE',  ( -2.702759466149136092, 2.074560138747452598, 20.91891637617632327 ) ) ;
#702 = CARTESIAN_POINT ( 'NONE',  ( -2.882579019330973047, -2.882579019330974379, 24.56562500170699437 ) ) ;
#703 = CARTESIAN_POINT ( 'NONE',  ( -0.5247871644054559193, 3.361351060801629043, 23.26750570314827016 ) ) ;
#704 = CARTESIAN_POINT ( 'NONE',  ( -0.1962364746431118634, -3.394345764945908783, 16.35148343620512890 ) ) ;
#705 = ADVANCED_FACE ( 'NONE', ( #1091 ), #3998, .F. ) ;
#706 = CARTESIAN_POINT ( 'NONE',  ( -3.399999999999999023, -1.408326112068525537, 26.12812499999999716 ) ) ;
#707 = CARTESIAN_POINT ( 'NONE',  ( 0.8364149210637392695, -3.297154960290884063, 21.41140831165595770 ) ) ;
#708 = CARTESIAN_POINT ( 'NONE',  ( -3.346791359394653220, -0.6155767340570985624, 17.33558937531865851 ) ) ;
#709 = CARTESIAN_POINT ( 'NONE',  ( -1.471532570603751644, -3.065183630967636574, 18.77317353108533737 ) ) ;
#710 = CARTESIAN_POINT ( 'NONE',  ( 2.159436451327858109, -2.627428153086081242, 16.49997343631843449 ) ) ;
#711 = CARTESIAN_POINT ( 'NONE',  ( -3.400000000000000355, 1.408326112068523095, 15.03437500341398270 ) ) ;
#712 = CARTESIAN_POINT ( 'NONE',  ( 7.488560278101077592E-16, -4.076582343749999282, 18.31562500170699082 ) ) ;
#713 = CARTESIAN_POINT ( 'NONE',  ( -2.882579019330973047, -2.882579019330974379, 14.40937500170699082 ) ) ;
#714 = CARTESIAN_POINT ( 'NONE',  ( -3.262558036845178755, -0.9569736057320876732, 23.60624510020669220 ) ) ;
#715 = DIRECTION ( 'NONE',  ( -0.000000000000000000, -0.000000000000000000, 1.000000000000000000 ) ) ;
#716 = CARTESIAN_POINT ( 'NONE',  ( 4.076582343749999282, 4.992373518734052056E-16, 16.12812500170705832 ) ) ;
#717 = CARTESIAN_POINT ( 'NONE',  ( -3.825884572681183649, 0.000000000000000000, 14.55411542731880736 ) ) ;
#718 = CARTESIAN_POINT ( 'NONE',  ( -0.8341168002556562655, 3.296135129654973017, 20.78615834661863460 ) ) ;
#719 = VERTEX_POINT ( 'NONE', #672 ) ;
#720 = CARTESIAN_POINT ( 'NONE',  ( -2.553521154620414624, 2.244892297149872373, 22.15601730310690698 ) ) ;
#721 = CARTESIAN_POINT ( 'NONE',  ( -3.658285083672105475, 1.180224646214039108, 25.73641299056898291 ) ) ;
#722 = CARTESIAN_POINT ( 'NONE',  ( -2.139944370064105872, 2.642233745027915415, 20.87340390552667557 ) ) ;
#723 = CARTESIAN_POINT ( 'NONE',  ( -4.076582343749999282, 0.000000000000000000, 19.40937500170699082 ) ) ;
#724 = CARTESIAN_POINT ( 'NONE',  ( -0.8012308413412465580, 3.304246409977244614, 23.28414742887369115 ) ) ;
#725 = CARTESIAN_POINT ( 'NONE',  ( -0.1854905533980906185, -3.394938254179713066, 16.35209378189636098 ) ) ;
#726 = CARTESIAN_POINT ( 'NONE',  ( 1.408326112068522873, 3.400000000000000355, 21.90937499999999716 ) ) ;
#727 = CARTESIAN_POINT ( 'NONE',  ( -1.590358362645916790, -3.005292131443796144, 21.26520824491283079 ) ) ;
#728 = CARTESIAN_POINT ( 'NONE',  ( -1.815037552923223663, -2.876592158730916449, 17.50012638378932195 ) ) ;
#729 = CARTESIAN_POINT ( 'NONE',  ( 2.688850214038094322, -2.092897374023119372, 19.04283031033588358 ) ) ;
#730 = CARTESIAN_POINT ( 'NONE',  ( -4.076582343750000170, 0.000000000000000000, 14.30341765624999795 ) ) ;
#731 = CARTESIAN_POINT ( 'NONE',  ( -4.076582343749974413, 1.688575694911938152, 24.33125000170700503 ) ) ;
#732 = CARTESIAN_POINT ( 'NONE',  ( 2.882579019330974379, -2.882579019330973491, 14.72187500170699082 ) ) ;
#733 = CARTESIAN_POINT ( 'NONE',  ( -0.1530764659912173531, 3.396552858705825795, 19.49607115928863976 ) ) ;
#734 = CARTESIAN_POINT ( 'NONE',  ( -1.547294366127875520, -3.027531670841586919, 23.76810737560062492 ) ) ;
#735 = CARTESIAN_POINT ( 'NONE',  ( 6.245698675651500839E-16, -3.399999999999999911, 20.42500000341398447 ) ) ;
#736 = CARTESIAN_POINT ( 'NONE',  ( -4.076582343749999282, 1.688575694911948588, 19.17500000170706187 ) ) ;
#737 = CARTESIAN_POINT ( 'NONE',  ( 2.139923145668154003, -2.642107450740172059, 20.24862413197434208 ) ) ;
#738 = CARTESIAN_POINT ( 'NONE',  ( -1.358354274475331636, 3.118309328493738874, 20.81932891625398341 ) ) ;
#739 = ORIENTED_EDGE ( 'NONE', *, *, #461, .F. ) ;
#740 = CARTESIAN_POINT ( 'NONE',  ( 4.076582343750000170, -1.688575694911947922, 23.70625000170699437 ) ) ;
#741 = CARTESIAN_POINT ( 'NONE',  ( -0.1469401363669851912, 3.396825632892691793, 21.99572471096217896 ) ) ;
#742 = CARTESIAN_POINT ( 'NONE',  ( 1.476862457388343763, 3.318629209807343550, 25.52448173059997316 ) ) ;
#743 = EDGE_CURVE ( 'NONE', #2119, #1096, #3006, .T. ) ;
#744 = CARTESIAN_POINT ( 'NONE',  ( -2.943975806552511454, 1.700908490434181131, 20.94516605627184447 ) ) ;
#745 = CARTESIAN_POINT ( 'NONE',  ( 2.882579019330974379, -2.882579019330973491, 16.12812500170698726 ) ) ;
#746 = CARTESIAN_POINT ( 'NONE',  ( -2.137992851136901518, 2.643812964756526718, 23.37324018204993692 ) ) ;
#747 = CARTESIAN_POINT ( 'NONE',  ( -1.962901418029505018, -2.776653659788916872, 16.23929319989128217 ) ) ;
#748 = CARTESIAN_POINT ( 'NONE',  ( -3.399999999999999911, 0.000000000000000000, 21.05000000000000071 ) ) ;
#749 = DIRECTION ( 'NONE',  ( 0.000000000000000000, 0.000000000000000000, 1.000000000000000000 ) ) ;
#750 = CARTESIAN_POINT ( 'NONE',  ( -1.042146659393383468, -3.236747575758877282, 17.55097149714836391 ) ) ;
#751 = CARTESIAN_POINT ( 'NONE',  ( 3.374150752577173229, -0.4323539076043609874, 19.15030662812420914 ) ) ;
#752 = DIRECTION ( 'NONE',  ( 1.000000000000000000, 0.000000000000000000, 0.000000000000000000 ) ) ;
#753 = CARTESIAN_POINT ( 'NONE',  ( 2.882579019330956616, -2.882579019330955727, 21.12812500170700858 ) ) ;
#754 = CARTESIAN_POINT ( 'NONE',  ( -2.404163056034261725, 2.404163056034261725, 22.45625000341398092 ) ) ;
#755 = CARTESIAN_POINT ( 'NONE',  ( -0.9549046418869041597, 3.276716674024224840, 19.54343291623261791 ) ) ;
#756 = CARTESIAN_POINT ( 'NONE',  ( -0.5254966042617741362, 3.361223579598685784, 18.26754854898128144 ) ) ;
#757 = CARTESIAN_POINT ( 'NONE',  ( -2.091937006773289642, -2.680291345185824792, 22.47994324082280926 ) ) ;
#758 = CARTESIAN_POINT ( 'NONE',  ( -4.076582343749999282, 1.688575694911948588, 15.42500000170706365 ) ) ;
#759 = CARTESIAN_POINT ( 'NONE',  ( 0.4898565108794743495, 3.364582892658187330, 15.70950525798460795 ) ) ;
#760 = CARTESIAN_POINT ( 'NONE',  ( -2.054855693743711686, 2.708795826775387106, 20.86739327008890754 ) ) ;
#761 = CARTESIAN_POINT ( 'NONE',  ( 4.076582343750000170, -1.688575694911947922, 23.55000000170699082 ) ) ;
#762 = CARTESIAN_POINT ( 'NONE',  ( -2.681169974946319812, 2.090772002262883511, 14.97999999999608534 ) ) ;
#763 = CARTESIAN_POINT ( 'NONE',  ( 1.688575694911948366, 4.076582343749999282, 26.51875000170699437 ) ) ;
#764 = AXIS2_PLACEMENT_3D ( 'NONE', #2442, #1703, #1748 ) ;
#765 = CARTESIAN_POINT ( 'NONE',  ( -1.408326112068523983, -3.399999999999999467, 22.84687500341398092 ) ) ;
#766 = CARTESIAN_POINT ( 'NONE',  ( -2.256534123643032963, -2.545223210333773523, 24.96766406176720920 ) ) ;
#767 = CARTESIAN_POINT ( 'NONE',  ( -3.381446458220646711, 0.3549745472378670330, 21.02985536190881533 ) ) ;
#768 = CARTESIAN_POINT ( 'NONE',  ( 2.882579019330973491, 2.882579019330973935, 16.44062500170699082 ) ) ;
#769 = CARTESIAN_POINT ( 'NONE',  ( -1.285687998679163835, 3.148428630820406138, 23.31461605789967351 ) ) ;
#770 = CARTESIAN_POINT ( 'NONE',  ( 1.057912981795498641, -3.231598120197499480, 16.42507343769402084 ) ) ;
#771 = CARTESIAN_POINT ( 'NONE',  ( 2.404163056034261725, -2.404163056034261281, 20.26874999999999716 ) ) ;
#772 = DIRECTION ( 'NONE',  ( -1.000000000000000000, 0.000000000000000000, 0.000000000000000000 ) ) ;
#773 = CARTESIAN_POINT ( 'NONE',  ( -0.2503687812991429729, -3.390924067332963698, 17.59840186574176357 ) ) ;
#774 = CARTESIAN_POINT ( 'NONE',  ( 7.488560278101077592E-16, -4.076582343749999282, 25.81562500170705832 ) ) ;
#775 = CYLINDRICAL_SURFACE ( 'NONE', #4418, 3.399999999999999911 ) ;
#776 = CARTESIAN_POINT ( 'NONE',  ( -4.076582343749974413, 1.688575694911938152, 21.83125000170700503 ) ) ;
#777 = CARTESIAN_POINT ( 'NONE',  ( 2.404163056034261725, -2.404163056034261281, 25.58125000341398092 ) ) ;
#778 = CARTESIAN_POINT ( 'NONE',  ( 2.527780314358203828, 2.281276456667610031, 19.32144158688270252 ) ) ;
#779 = CARTESIAN_POINT ( 'NONE',  ( 0.03673870275598366958, 3.400001430920177370, 18.23534894826482500 ) ) ;
#780 = CARTESIAN_POINT ( 'NONE',  ( -1.255668019479910358, -3.165933813151207588, 22.53757092422297603 ) ) ;
#781 = CARTESIAN_POINT ( 'NONE',  ( -2.496186759367026028E-16, 4.076582343749999282, 16.44062500170705832 ) ) ;
#782 = CARTESIAN_POINT ( 'NONE',  ( -0.8764135497346148274, -3.285130882801845953, 20.06124247853720277 ) ) ;
#783 = CARTESIAN_POINT ( 'NONE',  ( 3.270834520466169959, 0.9299438571818022803, 15.47985134962640430 ) ) ;
#784 = B_SPLINE_CURVE_WITH_KNOTS ( 'NONE', 3,
 ( #2114, #3951, #4371, #298, #2892, #2136, #3593, #3233, #1408, #4329, #2512, #4090, #1166, #4494, #2225, #1841, #2678, #3372, #101, #479, #2577, #4444, #3039, #836, #2319, #3299, #3760, #3786, #2654, #1940, #52, #76, #29, #3347, #2272, #1523, #1474, #3734, #1138, #3398, #3323, #1548, #456, #1574, #810, #1217, #3015, #1915, #4138, #2603, #2937, #2296, #861, #2989, #4469, #1191, #4113, #4394, #4063, #756, #126, #3683, #1112, #1498, #4036, #2628, #405, #1865, #2963, #4419, #779, #2246, #3707, #429, #1889, #3115, #1698, #2700, #3063, #1990, #4517, #1336, #2039, #175, #2014, #2343, #3446, #3877, #1239, #1966, #4212, #1627, #4165, #3159, #2437, #528, #503, #4254, #4567, #2769, #4542, #4589, #225, #1288, #4190, #930, #885, #3422, #1313, #1675, #2793, #3494, #3090, #3470, #3810, #1265, #596, #2726, #149, #2391, #911, #1650, #2368, #3832, #974, #2747, #553, #3855, #200, #574, #249 ),
 .UNSPECIFIED., .F., .F.,
 ( 4, 2, 1, 2, 2, 1, 1, 2, 2, 2, 2, 2, 2, 1, 2, 2, 2, 2, 2, 2, 2, 2, 2, 2, 2, 2, 2, 2, 1, 1, 2, 2, 2, 2, 2, 2, 2, 1, 1, 2, 2, 2, 2, 2, 1, 2, 2, 2, 1, 2, 2, 2, 2, 2, 2, 2, 2, 2, 1, 2, 2, 2, 2, 2, 2, 2, 1, 2, 2, 1, 2, 4 ),
 ( 0.6541783262482179229, 0.6560709169587928269, 0.6561892038782037861, 0.6562483473379092658, 0.6562779190677620056, 0.6563074907976147454, 0.6565440646364368860, 0.6570172123140810561, 0.6579635076693696183, 0.6617486890905235342, 0.6636412798011005476, 0.6638778536399226882, 0.6641144274787448287, 0.6645875751563889988, 0.6655338705116775611, 0.6693190519328315879, 0.6712116426434086014, 0.6716847903210527715, 0.6719213641598749120, 0.6721579379986970526, 0.6731042333539856148, 0.6749968240645626283, 0.6754699717422067984, 0.6757065455810289389, 0.6759431194198510795, 0.6768894147751396417, 0.6787820054857166552, 0.6792551531633609363, 0.6794917270021830769, 0.6796100139215941471, 0.6796691573812996268, 0.6797283008410052174, 0.6806745961962937796, 0.6825671869068709041, 0.6835134822621594664, 0.6835726257218650570, 0.6836317691815705366, 0.6837500561009817179, 0.6839866299398038585, 0.6844597776174481396, 0.6863523683280252641, 0.6872986636833138263, 0.6874169506027248966, 0.6875352375221359669, 0.6877718113609581074, 0.6882449590386023885, 0.6920301404597568595, 0.6939227311703340950, 0.6948690265256226573, 0.6951056003644447978, 0.6953421742032669384, 0.6958153218809112195, 0.6977079125914884550, 0.6986542079467771282, 0.6991273556244214094, 0.6996005033020656905, 0.7014930940126430370, 0.7024393893679315992, 0.7029125370455759914, 0.7030308239649870616, 0.7031491108843981319, 0.7033856847232202725, 0.7052782754337978410, 0.7071708661443754096, 0.7081171614996641939, 0.7085903091773086970, 0.7088268830161308376, 0.7088860264758364282, 0.7089451699355419079, 0.7090634568549529781, 0.7109560475655306577, 0.7147412289866857948 ),
 .UNSPECIFIED. ) ;
#785 = CARTESIAN_POINT ( 'NONE',  ( 4.076582343749999282, 4.992373518734052056E-16, 24.87812500170699082 ) ) ;
#786 = CARTESIAN_POINT ( 'NONE',  ( -2.496186759367026028E-16, 4.076582343749999282, 22.69062500170699082 ) ) ;
#787 = DIRECTION ( 'NONE',  ( -0.000000000000000000, -0.000000000000000000, 1.000000000000000000 ) ) ;
#788 = EDGE_CURVE ( 'NONE', #3487, #609, #3234, .T. ) ;
#789 = CARTESIAN_POINT ( 'NONE',  ( 7.488560278101077592E-16, -4.076582343749999282, 19.72187500170699082 ) ) ;
#790 = CARTESIAN_POINT ( 'NONE',  ( -3.388494415170304030, -0.2800588235110552104, 19.81579920831731911 ) ) ;
#791 = CARTESIAN_POINT ( 'NONE',  ( 2.365985388515264631, 2.441767974842055100, 21.83423262594391545 ) ) ;
#792 = ADVANCED_FACE ( 'NONE', ( #2893 ), #1547, .T. ) ;
#793 = CARTESIAN_POINT ( 'NONE',  ( 1.757743148680476430, -2.910471665898715532, 25.22125624404555921 ) ) ;
#794 = CIRCLE ( 'NONE', #2508, 19.89999999999999858 ) ;
#795 = VERTEX_POINT ( 'NONE', #2534 ) ;
#796 = CARTESIAN_POINT ( 'NONE',  ( 7.488560278101077592E-16, -4.076582343749999282, 18.47187500170699082 ) ) ;
#797 = CARTESIAN_POINT ( 'NONE',  ( 0.3121728301910948189, 3.386856216136215014, 23.21976170979742093 ) ) ;
#798 = CARTESIAN_POINT ( 'NONE',  ( 3.400000000000000799, -1.408326112068522651, 18.15937500341398447 ) ) ;
#799 = ORIENTED_EDGE ( 'NONE', *, *, #4694, .F. ) ;
#800 = CARTESIAN_POINT ( 'NONE',  ( -3.400000000000000355, 1.408326112068523095, 23.47187499999999361 ) ) ;
#801 = CARTESIAN_POINT ( 'NONE',  ( -6.000000000000000888, 7.347880794884120722E-16, 26.30000000000000071 ) ) ;
#802 = CARTESIAN_POINT ( 'NONE',  ( -2.585445269968269955, 2.208092184311176265, 17.15879577367807229 ) ) ;
#803 = CARTESIAN_POINT ( 'NONE',  ( -3.757980613234577660, 1.393195076827409062, 14.38709033207296883 ) ) ;
#804 = EDGE_CURVE ( 'NONE', #467, #3622, #4352, .T. ) ;
#805 = CARTESIAN_POINT ( 'NONE',  ( 0.000000000000000000, 0.000000000000000000, 0.000000000000000000 ) ) ;
#806 = VECTOR ( 'NONE', #3073, 1000.000000000000000 ) ;
#807 = CARTESIAN_POINT ( 'NONE',  ( -2.496186759367009758E-16, 4.076582343749974413, 22.84687500170700503 ) ) ;
#808 = CARTESIAN_POINT ( 'NONE',  ( 1.408326112068522873, 3.400000000000000355, 24.72187500341398803 ) ) ;
#809 = CARTESIAN_POINT ( 'NONE',  ( 1.190416033349682934, 3.184795225176932920, 19.41651811998431754 ) ) ;
#810 = CARTESIAN_POINT ( 'NONE',  ( -1.458160037213371174, 3.071538215796413507, 18.32593695317923022 ) ) ;
#811 = CARTESIAN_POINT ( 'NONE',  ( -0.1905208698566249470, -3.394685443398687497, 22.60176061752443744 ) ) ;
#812 = CARTESIAN_POINT ( 'NONE',  ( 2.467049074166222766, -2.927951805932017315, 14.55840877805284883 ) ) ;
#813 = CARTESIAN_POINT ( 'NONE',  ( 0.1106008788265426396, -3.399966098855087271, 20.11860635984540835 ) ) ;
#814 = CARTESIAN_POINT ( 'NONE',  ( 0.8783872158205133784, 3.292244107679624499, 15.68638334425539682 ) ) ;
#815 =( BOUNDED_CURVE ( )  B_SPLINE_CURVE ( 2, ( #3698, #3340, #68, #3512, #1621, #1646, #3897, #195, #3852 ),
 .UNSPECIFIED., .F., .T. ) 
 B_SPLINE_CURVE_WITH_KNOTS ( ( 3, 2, 2, 2, 3 ),
 ( 0.3846038062848255445, 0.3966227142988143495, 0.4086415844290813837, 0.4206604545593484734, 0.4326793268641062062 ),
 .UNSPECIFIED. ) 
 CURVE ( )  GEOMETRIC_REPRESENTATION_ITEM ( )  RATIONAL_B_SPLINE_CURVE ( ( 1.000000000000000000, 0.9238795325112867385, 1.000000000000000000, 0.9238795325112867385, 1.000000000000000000, 0.9238795325112867385, 1.000000000000000000, 0.9238795325112867385, 1.000000000000000000 ) ) 
 REPRESENTATION_ITEM ( '' )  );
#816 = FACE_OUTER_BOUND ( 'NONE', #2610, .T. ) ;
#817 = CARTESIAN_POINT ( 'NONE',  ( 4.076582343749999282, 1.688575694911949254, 22.45625000170699792 ) ) ;
#818 = VECTOR ( 'NONE', #2435, 1000.000000000000000 ) ;
#819 = CARTESIAN_POINT ( 'NONE',  ( 3.712232486472502924, -2.237298555768420318E-11, 14.66776751352749208 ) ) ;
#820 = CARTESIAN_POINT ( 'NONE',  ( -2.882579019330973935, 2.882579019330973935, 20.50312500170699437 ) ) ;
#821 = CARTESIAN_POINT ( 'NONE',  ( 3.399999999997205258, 4.359026358250982858E-06, 19.17500024181142138 ) ) ;
#822 = DIRECTION ( 'NONE',  ( -1.000000000000000000, 0.000000000000000000, 0.000000000000000000 ) ) ;
#823 = ORIENTED_EDGE ( 'NONE', *, *, #521, .T. ) ;
#824 = CARTESIAN_POINT ( 'NONE',  ( 2.882579019330974379, -2.882579019330973491, 19.87812500170699082 ) ) ;
#825 = CARTESIAN_POINT ( 'NONE',  ( 3.125721575751952752, 1.341012132750146302, 23.00562073949525654 ) ) ;
#826 = DIRECTION ( 'NONE',  ( 0.000000000000000000, 0.000000000000000000, 1.000000000000000000 ) ) ;
#827 = VERTEX_POINT ( 'NONE', #2115 ) ;
#828 = CARTESIAN_POINT ( 'NONE',  ( 1.408326112068525537, -3.399999999999999023, 20.19062499999999716 ) ) ;
#829 = AXIS2_PLACEMENT_3D ( 'NONE', #3484, #2096, #3823 ) ;
#830 = CARTESIAN_POINT ( 'NONE',  ( -3.399999999974034459, 9.403108321025503978E-06, 22.61232958585868147 ) ) ;
#831 = CARTESIAN_POINT ( 'NONE',  ( -2.112732461242522231, 2.664084245590877309, 17.12153156765245043 ) ) ;
#832 = DIRECTION ( 'NONE',  ( -0.000000000000000000, -0.000000000000000000, -1.000000000000000000 ) ) ;
#833 = CARTESIAN_POINT ( 'NONE',  ( -3.248183965405484042, -1.004658815287420737, 18.60922043716255203 ) ) ;
#834 = CARTESIAN_POINT ( 'NONE',  ( -4.076582343749974413, 0.000000000000000000, 23.15937500170700858 ) ) ;
#835 = CARTESIAN_POINT ( 'NONE',  ( -3.400000000000000355, 1.408326112068523095, 25.03437500341398092 ) ) ;
#836 = CARTESIAN_POINT ( 'NONE',  ( -2.900618986113573605, 1.775313870769124724, 18.44004581396480447 ) ) ;
#837 = CARTESIAN_POINT ( 'NONE',  ( 1.094855981338776374, -3.226715425389377945, 22.67754658626550679 ) ) ;
#838 = CARTESIAN_POINT ( 'NONE',  ( 3.632739499203800904, -0.9342600086326986464, 14.63644277921755510 ) ) ;
#839 = CARTESIAN_POINT ( 'NONE',  ( -2.134225293057951056, -2.646773481637639147, 19.97679857983631280 ) ) ;
#840 = CARTESIAN_POINT ( 'NONE',  ( 3.400000010062010691, 0.002735162847692484966, 15.42515219780392322 ) ) ;
#841 = CARTESIAN_POINT ( 'NONE',  ( -1.688575694911948810, 4.076582343749999282, 24.01875000170699082 ) ) ;
#842 = CARTESIAN_POINT ( 'NONE',  ( 7.488560278101077592E-16, -4.076582343749999282, 22.06562500170699082 ) ) ;
#843 = CARTESIAN_POINT ( 'NONE',  ( -2.048444760104475293, 2.761100309567920075, 14.94691316980047624 ) ) ;
#844 = CARTESIAN_POINT ( 'NONE',  ( -2.882579019330973047, -2.882579019330974379, 20.81562500170699437 ) ) ;
#845 = CARTESIAN_POINT ( 'NONE',  ( 3.241484739033249074, -1.026058614418747128, 15.36443846858574958 ) ) ;
#846 = CARTESIAN_POINT ( 'NONE',  ( -3.399999999994138822, 4.420163602684026055E-06, 16.04991824737376049 ) ) ;
#847 = CARTESIAN_POINT ( 'NONE',  ( 2.360262081940052159, 2.447292557100656296, 21.83467649844070735 ) ) ;
#848 = ORIENTED_EDGE ( 'NONE', *, *, #849, .F. ) ;
#849 = EDGE_CURVE ( 'NONE', #1325, #1566, #1842, .T. ) ;
#850 = CARTESIAN_POINT ( 'NONE',  ( -2.496186759367026028E-16, 4.076582343749999282, 26.44062500170699082 ) ) ;
#851 = CARTESIAN_POINT ( 'NONE',  ( 1.508093502929198637, 3.049304618462630234, 23.14613704895433699 ) ) ;
#852 = CARTESIAN_POINT ( 'NONE',  ( -3.381866105161055902, -0.3508870697893347601, 16.06988180479829609 ) ) ;
#853 = EDGE_LOOP ( 'NONE', ( #1307, #4356, #2331, #1712 ) ) ;
#854 = CARTESIAN_POINT ( 'NONE',  ( -3.400000000000000355, 1.408326112068523095, 17.22187499999999716 ) ) ;
#855 = CARTESIAN_POINT ( 'NONE',  ( -0.9443771607094093579, -3.941430418100960953, 25.94443259169515414 ) ) ;
#856 = CARTESIAN_POINT ( 'NONE',  ( -2.139412722829012736, 2.642661985929564139, 17.12345863189761985 ) ) ;
#857 = CARTESIAN_POINT ( 'NONE',  ( 2.404163056034261725, -2.404163056034261281, 15.58125000341398092 ) ) ;
#858 = CARTESIAN_POINT ( 'NONE',  ( -2.139511898554296909, -2.642475349523116357, 18.72640591129442100 ) ) ;
#859 = B_SPLINE_CURVE_WITH_KNOTS ( 'NONE', 3,
 ( #1648, #1570, #3807, #2340, #2012, #803, #3755, #4490 ),
 .UNSPECIFIED., .F., .F.,
 ( 4, 2, 2, 4 ),
 ( 0.003323539575013777399, 0.003850453833642185006, 0.004377368092270592613, 0.005431196609527408695 ),
 .UNSPECIFIED. ) ;
#860 = CARTESIAN_POINT ( 'NONE',  ( 2.404163056034261281, 2.404163056034261725, 23.39375000341398092 ) ) ;
#861 = CARTESIAN_POINT ( 'NONE',  ( -0.8385991186687309362, 3.294963101188654431, 18.28643455046830013 ) ) ;
#862 = CARTESIAN_POINT ( 'NONE',  ( -2.920492578020281282, -1.741347038077805998, 22.40762245550652665 ) ) ;
#863 = CARTESIAN_POINT ( 'NONE',  ( 0.000000000000000000, 0.000000000000000000, 0.000000000000000000 ) ) ;
#864 = CARTESIAN_POINT ( 'NONE',  ( 3.055330015806251076, 1.508450562358246483, 15.51681933889037346 ) ) ;
#865 = CARTESIAN_POINT ( 'NONE',  ( 3.396072791333335950, 0.1663027054810767291, 20.43428050090701120 ) ) ;
#866 = CARTESIAN_POINT ( 'NONE',  ( 4.076582343749999282, 4.992373518734052056E-16, 24.87812500170699082 ) ) ;
#867 = FACE_OUTER_BOUND ( 'NONE', #4557, .T. ) ;
#868 = CARTESIAN_POINT ( 'NONE',  ( 4.076582343749999282, 1.688575694911949254, 20.11250000170699082 ) ) ;
#869 = CARTESIAN_POINT ( 'NONE',  ( 2.354916425154037096, 2.452435614970536637, 16.83509093120353839 ) ) ;
#870 = CYLINDRICAL_SURFACE ( 'NONE', #1287, 19.89999999999999858 ) ;
#871 = VECTOR ( 'NONE', #2218, 1000.000000000000000 ) ;
#872 = EDGE_CURVE ( 'NONE', #591, #1901, #1131, .T. ) ;
#874 = ORIENTED_EDGE ( 'NONE', *, *, #1930, .T. ) ;
#873 = B_SPLINE_CURVE_WITH_KNOTS ( 'NONE', 3,
 ( #2041, #3945, #1290, #976, #4278, #1677, #2393, #1745, #2084, #3517, #1315, #3539, #2462, #4591, #292, #272, #2129, #3200, #4656, #4256, #4634, #955, #997, #1724, #2064, #3587, #313, #1338, #1379, #665, #3920, #3180, #4300, #251, #2439, #1358, #3901, #1701, #2839, #620, #3857, #3161, #1017, #4234, #2749, #4613, #2483, #2817, #1769, #640, #4214, #932, #576, #3496, #227, #3138, #3879, #2153, #2548, #1425, #1447, #2505, #2929, #1834, #376, #4365, #1106, #773, #2526, #3632, #2196, #686, #355, #2570, #399, #4679, #4029, #4388, #4008, #2908, #750, #3611, #2885, #3967, #728, #3653, #2219, #1401, #3269, #3677, #3293, #1813, #21, #1468, #2240, #1858, #1083, #3988, #3316, #46, #1882, #1041, #1491, #2956, #2174, #4703, #4412, #1130, #3248, #2596, #4057, #3699, #422, #2862, #4323, #334, #1791, #4345, #1062, #708, #4724, #4187, #3392, #3442, #1261, #1541, #1622, #3341, #3034, #2723 ),
 .UNSPECIFIED., .F., .F.,
 ( 4, 2, 1, 1, 2, 2, 2, 1, 2, 2, 1, 1, 2, 2, 2, 2, 2, 2, 2, 2, 1, 1, 2, 2, 2, 1, 2, 2, 2, 2, 1, 1, 2, 2, 2, 2, 2, 2, 1, 1, 2, 2, 2, 2, 2, 1, 1, 2, 2, 2, 2, 2, 2, 2, 1, 1, 1, 2, 1, 1, 2, 2, 2, 2, 2, 2, 2, 2, 2, 2, 2, 2, 1, 1, 1, 4 ),
 ( 0.7147412289866857948, 0.7149777938046186776, 0.7152143586225515604, 0.7156874882584173259, 0.7166337475301489679, 0.7185262660736121409, 0.7194725253453436720, 0.7204187846170753140, 0.7223113031605384871, 0.7260963402474648332, 0.7263329050653977159, 0.7264511874743641018, 0.7265103286788473502, 0.7265694698833305987, 0.7270425995191963642, 0.7279888587909280062, 0.7298813773343912903, 0.7303545069702571668, 0.7304136481747403042, 0.7304727893792235527, 0.7305910717881900496, 0.7308276366061229323, 0.7317738958778544633, 0.7336664144213176364, 0.7346126736930492784, 0.7355589329647808094, 0.7374514515082439825, 0.7412364885951703286, 0.7421827478669018596, 0.7422418890713851081, 0.7423010302758683565, 0.7424193126848348534, 0.7426558775027678472, 0.7431290071386338347, 0.7450215256820976739, 0.7459677849538296490, 0.7460860673627961459, 0.7461452085672793944, 0.7462043497717625318, 0.7464409145896955255, 0.7469140442255615131, 0.7488065627690253523, 0.7497528220407572164, 0.7499893868586902101, 0.7500485280631734586, 0.7501076692676567070, 0.7502259516766232039, 0.7506990813124890805, 0.7525915998559526976, 0.7544841183994164258, 0.7563766369428800429, 0.7573228962146119070, 0.7577960258504777835, 0.7578551670549625863, 0.7579143082594473890, 0.7580325906684169945, 0.7582691554863562056, 0.7601616740298700048, 0.7611079333016268489, 0.7615810629375052709, 0.7616993453464748765, 0.7618176277554444820, 0.7620541925733836930, 0.7639467111168976032, 0.7648929703886545584, 0.7653661000245329804, 0.7656026648424723025, 0.7658392296604115135, 0.7677317482039254237, 0.7715167852909532442, 0.7734093038344671545, 0.7735275862434367600, 0.7736458686524063655, 0.7738824334703455765, 0.7743555631062241096, 0.7753018223779810647 ),
 .UNSPECIFIED. ) ;
#875 = CARTESIAN_POINT ( 'NONE',  ( -2.496186759367026028E-16, 4.076582343749999282, 25.19062500170699082 ) ) ;
#876 = CARTESIAN_POINT ( 'NONE',  ( 1.729718241170855375, 2.928069466189356262, 23.13088876725781873 ) ) ;
#877 = CARTESIAN_POINT ( 'NONE',  ( -3.399999999995049205, -3.989330696663959943E-06, 21.36257438200966163 ) ) ;
#878 = EDGE_LOOP ( 'NONE', ( #4580, #3379 ) ) ;
#879 = CARTESIAN_POINT ( 'NONE',  ( -2.081899558550500280E-16, 3.399999999999999911, 18.23749999999999716 ) ) ;
#880 = CARTESIAN_POINT ( 'NONE',  ( 4.076582343749999282, 4.992373518734052056E-16, 26.28437500170699082 ) ) ;
#881 = CARTESIAN_POINT ( 'NONE',  ( -3.361422343707674898, 0.5134150267636469200, 17.27071170907445818 ) ) ;
#882 = CARTESIAN_POINT ( 'NONE',  ( -3.399999999997888267, -2.624094018084030014E-06, 15.11254858469464679 ) ) ;
#883 = AXIS2_PLACEMENT_3D ( 'NONE', #550, #4082, #4109 ) ;
#884 = CARTESIAN_POINT ( 'NONE',  ( 4.076582343749999282, 1.688575694911949254, 24.95625000170706542 ) ) ;
#885 = CARTESIAN_POINT ( 'NONE',  ( 2.769131008358723278, 1.972980424396073795, 18.04894220738222543 ) ) ;
#886 = CARTESIAN_POINT ( 'NONE',  ( 2.245594601901413689, -2.555264209872735393, 21.50605406929444641 ) ) ;
#887 = CARTESIAN_POINT ( 'NONE',  ( 4.924999999999999822, 6.031385485800714132E-16, 13.98000000000000043 ) ) ;
#888 = CARTESIAN_POINT ( 'NONE',  ( 0.6305140507326123522, 3.341143529454277061, 15.70118447990326693 ) ) ;
#889 = CARTESIAN_POINT ( 'NONE',  ( 2.189300560015080777, -2.602969687992831016, 25.25225949385730928 ) ) ;
#890 = B_SPLINE_CURVE_WITH_KNOTS ( 'NONE', 3,
 ( #3139, #3473, #4570, #273, #203, #4545, #599, #1291, #4215, #998 ),
 .UNSPECIFIED., .F., .F.,
 ( 4, 2, 2, 2, 4 ),
 ( 0.01782340712166835539, 0.01835671319768560766, 0.01889001927370285647, 0.01942332534972010527, 0.01995663142573735754 ),
 .UNSPECIFIED. ) ;
#891 = CARTESIAN_POINT ( 'NONE',  ( 1.688575694911950809, -4.076582343749998394, 20.89375000170699082 ) ) ;
#892 = CARTESIAN_POINT ( 'NONE',  ( -4.076582343749999282, 0.000000000000000000, 16.75312500170699082 ) ) ;
#893 = CARTESIAN_POINT ( 'NONE',  ( 6.000000000000000888, 0.000000000000000000, 26.30000000000000071 ) ) ;
#894 = ORIENTED_EDGE ( 'NONE', *, *, #990, .T. ) ;
#895 = CARTESIAN_POINT ( 'NONE',  ( 2.882579019330974379, -2.882579019330973491, 22.37812500170699082 ) ) ;
#896 = CARTESIAN_POINT ( 'NONE',  ( 0.8994238041836181141, 3.280558943403616645, 16.93477207872025403 ) ) ;
#897 = CARTESIAN_POINT ( 'NONE',  ( -3.381953862435697733, 0.3498442439590666586, 16.03018102730780470 ) ) ;
#898 = CARTESIAN_POINT ( 'NONE',  ( 0.000000000000000000, 0.000000000000000000, 13.98000000000000043 ) ) ;
#899 = ORIENTED_EDGE ( 'NONE', *, *, #1294, .T. ) ;
#900 = CARTESIAN_POINT ( 'NONE',  ( 4.076582343750000170, -1.688575694911947922, 14.95625000170699082 ) ) ;
#901 = ADVANCED_FACE ( 'NONE', ( #3179 ), #4376, .T. ) ;
#902 = CARTESIAN_POINT ( 'NONE',  ( 1.095421598293525367, 3.226526026712016382, 23.17300444475700516 ) ) ;
#903 = CARTESIAN_POINT ( 'NONE',  ( -0.1667320890371979392, -3.397638734025765217, 15.10299869006812301 ) ) ;
#904 = CARTESIAN_POINT ( 'NONE',  ( 2.338910174997930635, 2.467751778084472214, 19.33633238179842095 ) ) ;
#905 = ORIENTED_EDGE ( 'NONE', *, *, #594, .F. ) ;
#906 = CARTESIAN_POINT ( 'NONE',  ( -2.404163056034260837, -2.404163056034261725, 19.95624999999999716 ) ) ;
#907 = FACE_OUTER_BOUND ( 'NONE', #2034, .T. ) ;
#908 = CARTESIAN_POINT ( 'NONE',  ( 0.000000000000000000, 0.000000000000000000, 14.97999999999999154 ) ) ;
#909 = CARTESIAN_POINT ( 'NONE',  ( 6.245698675651500839E-16, -3.399999999999999911, 15.42500000341398092 ) ) ;
#910 = CARTESIAN_POINT ( 'NONE',  ( 4.076582343749974413, 4.992373518734019516E-16, 20.03437500170700503 ) ) ;
#911 = CARTESIAN_POINT ( 'NONE',  ( 3.221811705794410674, 1.086523902621355342, 17.98936262552076570 ) ) ;
#912 = CARTESIAN_POINT ( 'NONE',  ( 2.025761593819939588, -2.730788900505034533, 21.49030587978555573 ) ) ;
#913 = DIRECTION ( 'NONE',  ( 1.000000000000000000, 0.000000000000000000, 0.000000000000000000 ) ) ;
#914 = CARTESIAN_POINT ( 'NONE',  ( 0.01090729078194027993, -3.704312431589234844, 25.59761218422819340 ) ) ;
#915 = CARTESIAN_POINT ( 'NONE',  ( 0.8930718843310280208, -3.285547971386472810, 25.16504535938299725 ) ) ;
#916 = CARTESIAN_POINT ( 'NONE',  ( 2.882579019330973491, 2.882579019330973935, 23.78437500170699082 ) ) ;
#917 = CARTESIAN_POINT ( 'NONE',  ( -4.076582343749998394, -1.688575694911951253, 15.58125000170699259 ) ) ;
#918 = FACE_OUTER_BOUND ( 'NONE', #2760, .T. ) ;
#919 = CARTESIAN_POINT ( 'NONE',  ( 1.688575694911948366, 4.076582343749999282, 14.01875000170699082 ) ) ;
#920 = CARTESIAN_POINT ( 'NONE',  ( 3.397695323222782005, 0.1551354162604993980, 16.68368821376786926 ) ) ;
#921 = CARTESIAN_POINT ( 'NONE',  ( -2.992337862007576010, 1.614655466503563064, 15.95105994489913037 ) ) ;
#922 = EDGE_LOOP ( 'NONE', ( #1209, #2141, #3056, #2308 ) ) ;
#923 = CARTESIAN_POINT ( 'NONE',  ( -2.882579019330973047, -2.882579019330974379, 15.81562500170699259 ) ) ;
#924 = CARTESIAN_POINT ( 'NONE',  ( -2.081899558550500280E-16, 3.399999999999999911, 18.55000000341398092 ) ) ;
#925 = CARTESIAN_POINT ( 'NONE',  ( -2.136962297333788285, 2.645388058216752825, 24.62347497392943652 ) ) ;
#926 = EDGE_LOOP ( 'NONE', ( #905, #3867, #1692, #3359 ) ) ;
#927 = CARTESIAN_POINT ( 'NONE',  ( 2.404163056034261725, -2.404163056034261281, 19.01874999999999716 ) ) ;
#928 = CYLINDRICAL_SURFACE ( 'NONE', #3118, 19.89999999999999858 ) ;
#929 = COLOUR_RGB ( '',0.7921568627450980005, 0.8196078431372548767, 0.9333333333333333481 ) ;
#930 = CARTESIAN_POINT ( 'NONE',  ( 2.751383885690597886, 1.997623973792627350, 18.05071211981517365 ) ) ;
#931 = CARTESIAN_POINT ( 'NONE',  ( 1.186393903474729061, -3.186317684482459001, 21.43322275906808017 ) ) ;
#932 = CARTESIAN_POINT ( 'NONE',  ( 0.4908637956187114626, -3.364380000092459522, 17.64054800181378369 ) ) ;
#933 = CARTESIAN_POINT ( 'NONE',  ( 0.000000000000000000, 0.000000000000000000, 0.000000000000000000 ) ) ;
#934 = CARTESIAN_POINT ( 'NONE',  ( 2.324470523112117881, -2.481310583765564015, 25.26255774381280261 ) ) ;
#935 = CARTESIAN_POINT ( 'NONE',  ( -2.404163056034260837, -2.404163056034261725, 17.76875000341398092 ) ) ;
#936 = CARTESIAN_POINT ( 'NONE',  ( -2.496186759367026028E-16, 4.076582343749999282, 18.94062500170699082 ) ) ;
#937 = CARTESIAN_POINT ( 'NONE',  ( -1.688575694911948810, 4.076582343749999282, 15.26875000170699259 ) ) ;
#938 = CARTESIAN_POINT ( 'NONE',  ( 3.260978859587501777, -1.006925285378956980, 24.11591008043869166 ) ) ;
#939 = CARTESIAN_POINT ( 'NONE',  ( -1.688575694911948810, 4.076582343749999282, 15.42500000170699259 ) ) ;
#940 = CARTESIAN_POINT ( 'NONE',  ( 1.171955603191420670, 3.191658503078529385, 16.91769965995876746 ) ) ;
#941 = CARTESIAN_POINT ( 'NONE',  ( -1.515901451509350739, 3.043446911826146906, 15.82978548040861533 ) ) ;
#942 = CARTESIAN_POINT ( 'NONE',  ( 1.688575694911940150, -4.076582343749973525, 14.80000000170700680 ) ) ;
#943 = ORIENTED_EDGE ( 'NONE', *, *, #3044, .F. ) ;
#944 = EDGE_CURVE ( 'NONE', #3083, #164, #2621, .T. ) ;
#945 = CARTESIAN_POINT ( 'NONE',  ( -4.076582343749999282, 1.688575694911948588, 15.58125000170699259 ) ) ;
#946 = CARTESIAN_POINT ( 'NONE',  ( 3.400000000000000355, -2.607082242146360920E-09, 15.73750000327006227 ) ) ;
#947 = CARTESIAN_POINT ( 'NONE',  ( -1.090479008139231931, -3.220449642726399997, 15.04788302789040166 ) ) ;
#948 = CARTESIAN_POINT ( 'NONE',  ( -2.549025688632911457, 2.250003231471857212, 24.65563050946016688 ) ) ;
#949 = ORIENTED_EDGE ( 'NONE', *, *, #1412, .T. ) ;
#950 = CARTESIAN_POINT ( 'NONE',  ( -3.399999999999999023, -1.408326112068525537, 16.12812500000000071 ) ) ;
#951 = CARTESIAN_POINT ( 'NONE',  ( -2.404163056034260837, -2.404163056034261725, 19.01875000341398092 ) ) ;
#952 = CARTESIAN_POINT ( 'NONE',  ( 0.3697127154376907976, -4.068656710738594917, 25.97658234374999253 ) ) ;
#953 = CARTESIAN_POINT ( 'NONE',  ( -1.408326112068523317, 3.400000000000000355, 23.62812500341398092 ) ) ;
#954 = CARTESIAN_POINT ( 'NONE',  ( 3.188148578409154332, -1.182234201715398170, 21.60456786119712191 ) ) ;
#955 = CARTESIAN_POINT ( 'NONE',  ( 2.777169978805836603, -1.961460891349471547, 17.80188070419266921 ) ) ;
#956 = FACE_BOUND ( 'NONE', #878, .T. ) ;
#957 = CARTESIAN_POINT ( 'NONE',  ( -3.399999999994355537, 4.334172153802880547E-06, 24.79991971457360833 ) ) ;
#958 = CARTESIAN_POINT ( 'NONE',  ( -1.688575694911948810, 4.076582343749999282, 22.76875000170699437 ) ) ;
#959 = CARTESIAN_POINT ( 'NONE',  ( 1.688575694911948366, 4.076582343749999282, 18.86250000170699082 ) ) ;
#960 = CARTESIAN_POINT ( 'NONE',  ( 1.845710959483797708, -2.862531689472964658, 23.97705436689163605 ) ) ;
#961 = CARTESIAN_POINT ( 'NONE',  ( -2.882579019330973935, 2.882579019330973935, 15.50312500170699259 ) ) ;
#962 = CARTESIAN_POINT ( 'NONE',  ( 4.076582343749999282, 1.688575694911949254, 19.95625000170706187 ) ) ;
#963 = CARTESIAN_POINT ( 'NONE',  ( -0.1569150416911090917, 3.396382454753711144, 15.74628776736133240 ) ) ;
#964 = EDGE_LOOP ( 'NONE', ( #3935, #3190, #4293, #1619 ) ) ;
#965 = CARTESIAN_POINT ( 'NONE',  ( -3.378235448387393092, 0.3841037129686092899, 22.27820954702695033 ) ) ;
#966 = CARTESIAN_POINT ( 'NONE',  ( -1.142401870839341749, -3.202595217715300535, 15.04459787644575108 ) ) ;
#967 = CARTESIAN_POINT ( 'NONE',  ( -0.4195158926550826006, 3.375533429004800912, 24.51144134618323989 ) ) ;
#968 = ORIENTED_EDGE ( 'NONE', *, *, #2410, .T. ) ;
#969 = CARTESIAN_POINT ( 'NONE',  ( 7.488560278101077592E-16, -4.076582343749999282, 24.72187500170699437 ) ) ;
#970 = DIRECTION ( 'NONE',  ( -1.000000000000000000, 0.000000000000000000, 0.000000000000000000 ) ) ;
#971 = CARTESIAN_POINT ( 'NONE',  ( -3.399999999997444622, -2.884600099517259222E-06, 17.61255345252272875 ) ) ;
#972 = CARTESIAN_POINT ( 'NONE',  ( -4.076582343749973525, -1.688575694911940817, 16.98750000170700858 ) ) ;
#973 = CARTESIAN_POINT ( 'NONE',  ( -3.399999999999999911, 0.000000000000000000, 20.11250000341398447 ) ) ;
#974 = CARTESIAN_POINT ( 'NONE',  ( 3.247518825777342411, 1.006796304302126188, 17.98435437154862271 ) ) ;
#975 = CARTESIAN_POINT ( 'NONE',  ( 1.681666375906913258, -2.957285826671357754, 21.46590520149852566 ) ) ;
#976 = CARTESIAN_POINT ( 'NONE',  ( 3.399665919729746300, -0.04924368552810483995, 17.92226018238892493 ) ) ;
#977 = CARTESIAN_POINT ( 'NONE',  ( 0.000000000000000000, 0.000000000000000000, 13.98000000000000043 ) ) ;
#978 = CARTESIAN_POINT ( 'NONE',  ( -3.943790067812587896, -1.032009450730476674, 14.30341765624999439 ) ) ;
#979 = CARTESIAN_POINT ( 'NONE',  ( 2.882579019330974379, -2.882579019330973491, 20.97187500170699082 ) ) ;
#980 = CARTESIAN_POINT ( 'NONE',  ( -2.027712948254933867, 2.729313535990736117, 19.61545131986089530 ) ) ;
#981 = CARTESIAN_POINT ( 'NONE',  ( 1.291724389003459539, -3.145949042087046177, 23.93997768504880241 ) ) ;
#982 = CARTESIAN_POINT ( 'NONE',  ( -2.882579019330973047, -2.882579019330974379, 15.81562500170699259 ) ) ;
#983 = CARTESIAN_POINT ( 'NONE',  ( 4.076582343749999282, 1.688575694911949254, 22.45625000170706542 ) ) ;
#984 = CARTESIAN_POINT ( 'NONE',  ( -1.449876750017200733, 3.075460027524667961, 15.82538808730539515 ) ) ;
#985 = AXIS2_PLACEMENT_3D ( 'NONE', #4347, #4010, #1794 ) ;
#986 = CARTESIAN_POINT ( 'NONE',  ( 4.076582343749974413, 4.992373518734019516E-16, 16.28437500170700503 ) ) ;
#987 = EDGE_LOOP ( 'NONE', ( #1258, #3577, #2850, #4228 ) ) ;
#988 = CARTESIAN_POINT ( 'NONE',  ( 3.399999999999999911, 7.614789927709764590E-09, 22.92500000042344155 ) ) ;
#989 = CARTESIAN_POINT ( 'NONE',  ( -1.067818088457965775, -3.227975913125727736, 15.04931192982682475 ) ) ;
#990 = EDGE_CURVE ( 'NONE', #1972, #219, #3781, .T. ) ;
#991 = CARTESIAN_POINT ( 'NONE',  ( -0.7192307870047656149, 3.329201876291208784, 24.52920812969148656 ) ) ;
#992 = VERTEX_POINT ( 'NONE', #801 ) ;
#993 = CARTESIAN_POINT ( 'NONE',  ( 2.882579019330973491, 2.882579019330973935, 25.19062500170699082 ) ) ;
#994 = CARTESIAN_POINT ( 'NONE',  ( -4.076582343749999282, 1.688575694911948588, 24.33125000170699082 ) ) ;
#995 = CARTESIAN_POINT ( 'NONE',  ( -3.399993321038158101, 1.408332791030365572, 20.03437447943874616 ) ) ;
#996 = CARTESIAN_POINT ( 'NONE',  ( -3.127788315402375119, -1.336043470481522943, 21.13027831424818004 ) ) ;
#997 = CARTESIAN_POINT ( 'NONE',  ( 2.769972427498770706, -1.971642867566298252, 17.80113003054283993 ) ) ;
#998 = CARTESIAN_POINT ( 'NONE',  ( 2.758515211273126155, -1.987610079762824666, 25.30000000000000782 ) ) ;
#999 = CARTESIAN_POINT ( 'NONE',  ( -3.387486568528730313, -0.2914419803206524384, 24.81645485188677469 ) ) ;
#1000 = CARTESIAN_POINT ( 'NONE',  ( 4.076582343750000170, -1.688575694911947922, 16.05000000170699082 ) ) ;
#1001 = CARTESIAN_POINT ( 'NONE',  ( -2.067673628849046263, 2.699024761969139430, 19.61830560995502282 ) ) ;
#1002 = CARTESIAN_POINT ( 'NONE',  ( -0.2306377459653783102, -3.392187251486128208, 23.84954765457277404 ) ) ;
#1003 = CARTESIAN_POINT ( 'NONE',  ( -4.076582343749999282, 1.688575694911948588, 14.33125000170699082 ) ) ;
#1004 = CARTESIAN_POINT ( 'NONE',  ( 7.488560278101077592E-16, -4.076582343749999282, 20.81562500170706187 ) ) ;
#1005 = CARTESIAN_POINT ( 'NONE',  ( -1.802138461703768568, 2.887392483015672529, 15.84927480546208933 ) ) ;
#1006 = CARTESIAN_POINT ( 'NONE',  ( 1.688575694911940150, -4.076582343749973525, 16.05000000170700858 ) ) ;
#1007 = ORIENTED_EDGE ( 'NONE', *, *, #2690, .T. ) ;
#1008 = CARTESIAN_POINT ( 'NONE',  ( 3.399999999999965272, 4.856265113253576216E-07, 18.23749975949983693 ) ) ;
#1009 = EDGE_CURVE ( 'NONE', #3598, #719, #3940, .T. ) ;
#1010 = CARTESIAN_POINT ( 'NONE',  ( 3.399999999996288658, -5.023242556219496976E-06, 24.48749972475582126 ) ) ;
#1011 = CARTESIAN_POINT ( 'NONE',  ( -2.234893928185883283, 2.562283285021825119, 24.63071260902801640 ) ) ;
#1012 = ORIENTED_EDGE ( 'NONE', *, *, #1293, .T. ) ;
#1013 = CARTESIAN_POINT ( 'NONE',  ( -2.496186759367026028E-16, 4.076582343749999282, 25.34687500170699082 ) ) ;
#1014 = CARTESIAN_POINT ( 'NONE',  ( 7.488560278101077592E-16, -4.076582343749999282, 23.47187500170699082 ) ) ;
#1015 = CARTESIAN_POINT ( 'NONE',  ( 3.400000000000000799, -1.408326112068522651, 25.34687500000000071 ) ) ;
#1016 = CARTESIAN_POINT ( 'NONE',  ( -2.589225922173079120, -2.203615397029782041, 21.19085083035236039 ) ) ;
#1017 = CARTESIAN_POINT ( 'NONE',  ( 1.704576768973364631, -2.942374744743930570, 17.71758191541308136 ) ) ;
#1018 = AXIS2_PLACEMENT_3D ( 'NONE', #3424, #1917, #913 ) ;
#1019 = CARTESIAN_POINT ( 'NONE',  ( 0.5184974653089798879, -3.366838597116719622, 18.89238510867427578 ) ) ;
#1020 = CARTESIAN_POINT ( 'NONE',  ( -3.399999999999999911, 4.163799117101000559E-16, 0.000000000000000000 ) ) ;
#1021 = CARTESIAN_POINT ( 'NONE',  ( 1.408326112068525537, -3.399999999999999023, 14.25312500341398270 ) ) ;
#1022 = CARTESIAN_POINT ( 'NONE',  ( -2.882579019330973935, 2.882579019330973935, 15.34687500170699082 ) ) ;
#1023 = CARTESIAN_POINT ( 'NONE',  ( -1.892635569075222568, 2.825860726549654256, 19.60574377900205079 ) ) ;
#1024 = CARTESIAN_POINT ( 'NONE',  ( -3.324895008748529168, -0.7128282901367715141, 23.59129872789061366 ) ) ;
#1025 = CARTESIAN_POINT ( 'NONE',  ( 3.270977804017660695, -0.9294467731424493895, 22.87047802812061548 ) ) ;
#1026 = CARTESIAN_POINT ( 'NONE',  ( -1.688575694911950142, -4.076582343749998394, 23.23750000170706187 ) ) ;
#1027 = CARTESIAN_POINT ( 'NONE',  ( 1.859607178047779419, -2.847287969674354269, 20.22838326676176024 ) ) ;
#1028 = CARTESIAN_POINT ( 'NONE',  ( 0.2362280511749608181, 3.395090936993893749, 15.72404699030973596 ) ) ;
#1029 = CARTESIAN_POINT ( 'NONE',  ( 2.171792735941764807, 2.616617149875828385, 20.59894796251424154 ) ) ;
#1030 = ORIENTED_EDGE ( 'NONE', *, *, #2759, .F. ) ;
#1031 = CARTESIAN_POINT ( 'NONE',  ( 0.7768762899169179281, 3.311904181437989259, 21.94222171895542317 ) ) ;
#1032 = AXIS2_PLACEMENT_3D ( 'NONE', #3585, #1399, #332 ) ;
#1033 = CARTESIAN_POINT ( 'NONE',  ( -1.997782351087364017, 3.180914909407392965, 25.64860769677229158 ) ) ;
#1034 = CARTESIAN_POINT ( 'NONE',  ( -3.379778412214454519, 0.3702712619668346861, 21.02899763765565666 ) ) ;
#1035 = CARTESIAN_POINT ( 'NONE',  ( -1.688575694911948810, 4.076582343749999282, 24.17500000170699792 ) ) ;
#1036 = CARTESIAN_POINT ( 'NONE',  ( -3.189863733842648763, 1.186630361377929876, 23.47912452914666659 ) ) ;
#1037 = CARTESIAN_POINT ( 'NONE',  ( -3.207429887171864724, -1.129769745733820274, 16.11708544325554016 ) ) ;
#1038 = VECTOR ( 'NONE', #1077, 999.9999999999998863 ) ;
#1039 = LINE ( 'NONE', #4722, #2642 ) ;
#1040 = CARTESIAN_POINT ( 'NONE',  ( -0.1881460792606730048, -3.394800836443901737, 21.35194365897580937 ) ) ;
#1041 = CARTESIAN_POINT ( 'NONE',  ( -2.580357408817392173, -2.214001452424424699, 17.44163413087210301 ) ) ;
#1042 = CARTESIAN_POINT ( 'NONE',  ( 3.135678043495483625, -1.314875158764196694, 19.09598440843527456 ) ) ;
#1043 = CARTESIAN_POINT ( 'NONE',  ( -3.247812840545074575, -1.024416070153566727, 24.86055238252285449 ) ) ;
#1044 = CARTESIAN_POINT ( 'NONE',  ( -3.399999999999999911, 0.000000000000000000, 15.11250000341398270 ) ) ;
#1045 = CARTESIAN_POINT ( 'NONE',  ( -1.688575694911948810, 4.076582343749999282, 17.76875000170699082 ) ) ;
#1046 = CARTESIAN_POINT ( 'NONE',  ( -1.522986432433847570, 3.040102131892068460, 19.58025525417794199 ) ) ;
#1047 = CARTESIAN_POINT ( 'NONE',  ( -1.540575090930555779, -3.030967653319069921, 23.76855917185135425 ) ) ;
#1048 = CARTESIAN_POINT ( 'NONE',  ( 2.562282342633452004, -2.246252176089031494, 22.78126231162099558 ) ) ;
#1049 = CARTESIAN_POINT ( 'NONE',  ( -1.688575694911950142, -4.076582343749998394, 20.73750000170706187 ) ) ;
#1050 = CARTESIAN_POINT ( 'NONE',  ( 2.535328968205976530, -2.265456638410025203, 20.27945409482893879 ) ) ;
#1051 = CARTESIAN_POINT ( 'NONE',  ( 0.5388755368117319478, 3.357025919014600124, 20.70661922307384017 ) ) ;
#1052 = ORIENTED_EDGE ( 'NONE', *, *, #2103, .T. ) ;
#1053 = CARTESIAN_POINT ( 'NONE',  ( 1.106769269984534843, 3.215430860176376360, 21.92185288649801933 ) ) ;
#1054 = CARTESIAN_POINT ( 'NONE',  ( 0.08630476646586207612, 3.681357083514389394, 25.57447988139416140 ) ) ;
#1055 = EDGE_CURVE ( 'NONE', #4529, #1458, #1158, .T. ) ;
#1056 = CARTESIAN_POINT ( 'NONE',  ( 3.399408352128294730, 0.07571915049250008134, 24.17922118595503278 ) ) ;
#1057 = CARTESIAN_POINT ( 'NONE',  ( 4.076582343749999282, 1.688575694911949254, 22.61250000170699082 ) ) ;
#1058 = CARTESIAN_POINT ( 'NONE',  ( -3.379224843593304328, 0.3753016920813762591, 23.52869484178487980 ) ) ;
#1059 = CARTESIAN_POINT ( 'NONE',  ( -1.505586757286495159, -3.048487899932944778, 16.27090256175296190 ) ) ;
#1060 = CARTESIAN_POINT ( 'NONE',  ( -17.84486372867091930, 0.000000000000000000, 25.98653347947319148 ) ) ;
#1061 = CARTESIAN_POINT ( 'NONE',  ( -1.345775522218389364, -3.123387986706386954, 21.28146271404215994 ) ) ;
#1062 = CARTESIAN_POINT ( 'NONE',  ( -3.309616786853820436, -0.8342763136339391705, 17.34866329225554082 ) ) ;
#1063 = CARTESIAN_POINT ( 'NONE',  ( 2.284381210038895382, -2.518547250052343589, 19.00947158338034271 ) ) ;
#1064 = CARTESIAN_POINT ( 'NONE',  ( 7.500000000000000000, 9.184850993605147944E-16, 20.00000000000000000 ) ) ;
#1065 = CARTESIAN_POINT ( 'NONE',  ( -2.081899558550500280E-16, 3.399999999999999911, 14.80000000341398092 ) ) ;
#1066 = CARTESIAN_POINT ( 'NONE',  ( -2.882579019330973935, 2.882579019330973935, 16.59687500170699437 ) ) ;
#1067 = CARTESIAN_POINT ( 'NONE',  ( -3.374434814574382102, 0.4165584856859934626, 19.77636638254949730 ) ) ;
#1068 = CARTESIAN_POINT ( 'NONE',  ( -1.247683061352882872, -3.163802088752095010, 23.78779706485018863 ) ) ;
#1069 = CARTESIAN_POINT ( 'NONE',  ( -3.399999999999999911, 8.062228049864043984E-06, 20.11249955617270757 ) ) ;
#1070 = CARTESIAN_POINT ( 'NONE',  ( -1.688575694911948810, 4.076582343749999282, 15.26875000170706187 ) ) ;
#1071 = DIRECTION ( 'NONE',  ( 1.000000000000000000, 0.000000000000000000, 0.000000000000000000 ) ) ;
#1072 = EDGE_CURVE ( 'NONE', #3334, #652, #4157, .T. ) ;
#1073 = CARTESIAN_POINT ( 'NONE',  ( -2.006307746346860821, 2.745253122297970805, 20.86392174249185061 ) ) ;
#1074 = EDGE_LOOP ( 'NONE', ( #3078, #3931, #92, #4290 ) ) ;
#1075 = CARTESIAN_POINT ( 'NONE',  ( 2.158267101542135080, 2.628556982173942291, 21.85012705490428075 ) ) ;
#1076 = CARTESIAN_POINT ( 'NONE',  ( -1.337988979373058163, 3.483303425342315851, 25.62354531514693434 ) ) ;
#1077 = DIRECTION ( 'NONE',  ( 0.8660254037844380415, 1.060575238724906175E-16, -0.5000000000000012212 ) ) ;
#1078 = CARTESIAN_POINT ( 'NONE',  ( -2.882579019330973047, -2.882579019330974379, 22.06562500170699082 ) ) ;
#1079 = CARTESIAN_POINT ( 'NONE',  ( -0.2069123807620441013, 3.394050505042096599, 23.24911565804173819 ) ) ;
#1080 = CARTESIAN_POINT ( 'NONE',  ( -1.593677928840067315, -3.003531319686410850, 16.26498438221562637 ) ) ;
#1081 = CARTESIAN_POINT ( 'NONE',  ( 0.000000000000000000, 0.000000000000000000, 26.30000000000000071 ) ) ;
#1082 = CARTESIAN_POINT ( 'NONE',  ( -1.466495088660419110, -3.067597620114444368, 21.27350678853768784 ) ) ;
#1083 = CARTESIAN_POINT ( 'NONE',  ( -2.235035029507278281, -2.564816681401792309, 17.46931390056714051 ) ) ;
#1084 =( BOUNDED_CURVE ( )  B_SPLINE_CURVE ( 2, ( #3005, #2645, #1879, #3055, #2693, #3436, #2669, #2977, #877 ),
 .UNSPECIFIED., .F., .T. ) 
 B_SPLINE_CURVE_WITH_KNOTS ( ( 3, 2, 2, 2, 3 ),
 ( 0.3365283542118485682, 0.3485472337777458796, 0.3605661039080129693, 0.3725849740382801700, 0.3846038062848255445 ),
 .UNSPECIFIED. ) 
 CURVE ( )  GEOMETRIC_REPRESENTATION_ITEM ( )  RATIONAL_B_SPLINE_CURVE ( ( 1.000000000000000000, 0.9238795325112867385, 1.000000000000000000, 0.9238795325112867385, 1.000000000000000000, 0.9238795325112867385, 1.000000000000000000, 0.9238795325112867385, 1.000000000000000000 ) ) 
 REPRESENTATION_ITEM ( '' )  );
#1085 = CARTESIAN_POINT ( 'NONE',  ( -0.09214616833520949957, -3.399385686373150417, 18.85739358895080642 ) ) ;
#1086 = CARTESIAN_POINT ( 'NONE',  ( 2.872077415438829995, -1.823120092110870560, 16.56189133924238277 ) ) ;
#1087 = FACE_OUTER_BOUND ( 'NONE', #1511, .T. ) ;
#1088 = CARTESIAN_POINT ( 'NONE',  ( -1.688575694911949698, -4.076582343749998394, 15.73750000170698904 ) ) ;
#1089 = CARTESIAN_POINT ( 'NONE',  ( -0.02014338866493212490, 3.400061591811732953, 19.48855349792434666 ) ) ;
#1090 = CARTESIAN_POINT ( 'NONE',  ( -1.583781588430654308, -3.008671325004989239, 23.76565035658004632 ) ) ;
#1091 = FACE_OUTER_BOUND ( 'NONE', #655, .T. ) ;
#1092 = CARTESIAN_POINT ( 'NONE',  ( -1.688575694911950142, -4.076582343749998394, 16.98750000170706187 ) ) ;
#1093 = EDGE_CURVE ( 'NONE', #1982, #2666, #3009, .T. ) ;
#1094 = CARTESIAN_POINT ( 'NONE',  ( 2.489697473477392009, -2.316317970840983786, 20.27556891347457579 ) ) ;
#1095 = CARTESIAN_POINT ( 'NONE',  ( -0.8059966397720994546, 3.303094023906316679, 20.78443829395876108 ) ) ;
#1096 = VERTEX_POINT ( 'NONE', #45 ) ;
#1097 = CARTESIAN_POINT ( 'NONE',  ( -4.076582343749999282, 1.688575694911948588, 26.83125000170699437 ) ) ;
#1098 = CARTESIAN_POINT ( 'NONE',  ( -2.024319301762661727, 2.731821550373116025, 22.11520071690980771 ) ) ;
#1099 = CARTESIAN_POINT ( 'NONE',  ( -3.399991899637794024, 1.408334212430728538, 25.03437436792762227 ) ) ;
#1100 = CARTESIAN_POINT ( 'NONE',  ( -2.058505957477656967, 2.706030448817021039, 20.86765058563868891 ) ) ;
#1101 = CARTESIAN_POINT ( 'NONE',  ( -2.882579019330973935, 2.882579019330973935, 16.75312500170699082 ) ) ;
#1102 = CARTESIAN_POINT ( 'NONE',  ( -3.010232022180947986, 1.581489725268667046, 23.45329884266245557 ) ) ;
#1103 = CARTESIAN_POINT ( 'NONE',  ( -0.4132952829729916733, -3.376130838511730126, 16.33892803791574266 ) ) ;
#1104 = CARTESIAN_POINT ( 'NONE',  ( 3.399999999999999911, 4.163799117101000559E-16, 24.17499999999999716 ) ) ;
#1105 = DIRECTION ( 'NONE',  ( -0.000000000000000000, -0.000000000000000000, -1.000000000000000000 ) ) ;
#1106 = CARTESIAN_POINT ( 'NONE',  ( -0.2109045140533807594, -3.393480418078818062, 17.60065043884166158 ) ) ;
#1107 = CARTESIAN_POINT ( 'NONE',  ( 3.399870080586488985, -0.03005852316773339680, 19.17332948959169414 ) ) ;
#1108 = DIRECTION ( 'NONE',  ( -0.000000000000000000, -0.000000000000000000, -1.000000000000000000 ) ) ;
#1109 = CARTESIAN_POINT ( 'NONE',  ( 4.076582343749975301, -1.688575694911937264, 24.95625000170700858 ) ) ;
#1110 = CARTESIAN_POINT ( 'NONE',  ( 2.404163056034261725, -2.404163056034261281, 23.08125000341398092 ) ) ;
#1111 = CARTESIAN_POINT ( 'NONE',  ( 0.4629749362665829815, 3.375505103433313003, 19.46093711023450368 ) ) ;
#1112 = CARTESIAN_POINT ( 'NONE',  ( -0.2100637738150759604, 3.393849357677272138, 18.24929465501808323 ) ) ;
#1113 = CARTESIAN_POINT ( 'NONE',  ( -3.399999999999999023, -1.408326112068525537, 20.19062500341398092 ) ) ;
#1114 = CARTESIAN_POINT ( 'NONE',  ( -4.076582343749999282, 0.000000000000000000, 16.75312500170705832 ) ) ;
#1115 = CARTESIAN_POINT ( 'NONE',  ( 2.874052550187755184, -1.827028989105403678, 20.31168398455709578 ) ) ;
#1116 = CARTESIAN_POINT ( 'NONE',  ( -0.4155440480895868371, 3.376125209469813537, 20.76110659960123428 ) ) ;
#1117 = CARTESIAN_POINT ( 'NONE',  ( -2.882579019330973047, -2.882579019330974379, 20.65937500170699082 ) ) ;
#1118 = CARTESIAN_POINT ( 'NONE',  ( 3.110485343736768993, 1.904293332422964280, 14.73750365791003603 ) ) ;
#1119 = VERTEX_POINT ( 'NONE', #2955 ) ;
#1120 = CARTESIAN_POINT ( 'NONE',  ( 4.076582343750000170, -1.688575694911947922, 24.95625000170699437 ) ) ;
#1121 = CARTESIAN_POINT ( 'NONE',  ( 3.031786047299934062, 1.540296148617703142, 21.76886918502949442 ) ) ;
#1122 = CARTESIAN_POINT ( 'NONE',  ( -2.585666303153144163, -2.207815674485656743, 24.94112933686324496 ) ) ;
#1123 = CARTESIAN_POINT ( 'NONE',  ( -3.373838648379897442, 0.4217764726873730052, 21.02596532957747399 ) ) ;
#1124 = CARTESIAN_POINT ( 'NONE',  ( 1.688575694911950809, -4.076582343749998394, 21.05000000170699437 ) ) ;
#1125 = CARTESIAN_POINT ( 'NONE',  ( -2.051061014408403604, 2.711704043808220721, 23.36710424022165000 ) ) ;
#1126 = CARTESIAN_POINT ( 'NONE',  ( -0.3318693493487547830, -3.384454485478148200, 16.34368521526237217 ) ) ;
#1127 = CIRCLE ( 'NONE', #1826, 7.500000000000000000 ) ;
#1128 = CARTESIAN_POINT ( 'NONE',  ( -2.404163056034261725, 2.404163056034261725, 20.89374999999999716 ) ) ;
#1129 = CARTESIAN_POINT ( 'NONE',  ( -2.404163056034261725, 2.404163056034261725, 22.45625000341398092 ) ) ;
#1130 = CARTESIAN_POINT ( 'NONE',  ( -2.706768708704111681, -2.060979830459923168, 17.43034235804170251 ) ) ;
#1131 = B_SPLINE_CURVE_WITH_KNOTS ( 'NONE', 3,
 ( #3640, #362, #1820, #3571, #3278, #4687, #3300, #2137, #299, #4330, #4663, #1025, #2846, #4372, #4307, #2490, #3952, #321, #1048, #2513, #3974, #694, #480, #837, #504, #77, #2964, #1192, #4470, #3735, #1942, #811, #53, #2320, #430, #1499, #4445, #3399, #4495, #4037, #128, #1890, #1916, #1967, #4420, #1866, #780, #3324, #103, #1549, #1575, #757, #2629, #3040, #2655, #1167, #4114, #3373, #1601, #1218, #457, #1240, #4064, #2226, #3064, #406, #2679, #3016, #1524, #2247, #2297, #4139, #2604, #862, #3761, #150, #3788, #3423, #2273, #4518, #3684, #1139, #3708, #2991, #3348, #4091, #2748, #2794, #619, #1723, #1676 ),
 .UNSPECIFIED., .F., .F.,
 ( 4, 2, 1, 2, 2, 2, 2, 1, 2, 2, 2, 2, 2, 2, 2, 2, 1, 2, 2, 1, 1, 2, 2, 2, 2, 2, 2, 2, 2, 1, 2, 2, 1, 2, 1, 1, 2, 2, 2, 2, 2, 2, 2, 2, 2, 2, 2, 2, 1, 1, 4 ),
 ( 0.2302479743416440683, 0.2307210983487608669, 0.2311942223558776655, 0.2321404703701112626, 0.2340329663985784570, 0.2349792144128120541, 0.2359254624270456513, 0.2378179584555128456, 0.2397104544839800400, 0.2416029505124472343, 0.2453879425693816230, 0.2491729346263160116, 0.2529579266832504003, 0.2567429187401847890, 0.2586354147686519833, 0.2605279107971191777, 0.2614741588113527748, 0.2617107208149112019, 0.2617698613158007670, 0.2618290018166903876, 0.2619472828184695734, 0.2624204068255863720, 0.2643129028540535663, 0.2652591508682871635, 0.2657322748754039621, 0.2662053988825207607, 0.2680978949109880105, 0.2718828869679223992, 0.2728291349821559963, 0.2733022589892728504, 0.2734205399910520362, 0.2735388209928312220, 0.2737753829963895935, 0.2756678790248564548, 0.2766141270390899409, 0.2770872510462066840, 0.2773238130497650555, 0.2774420940515442413, 0.2775603750533234271, 0.2794528710817904549, 0.2803991190960239410, 0.2808722431031407396, 0.2813453671102574827, 0.2832378631387245105, 0.2870228551956585661, 0.2889153512241256494, 0.2890336322259048352, 0.2891519132276839654, 0.2893884752312423370, 0.2898615992383590800, 0.2908078472525925662 ),
 .UNSPECIFIED. ) ;
#1132 = PRODUCT_DEFINITION_SHAPE ( 'NONE', 'NONE',  #373 ) ;
#1133 = CARTESIAN_POINT ( 'NONE',  ( 2.882579019330974379, -2.882579019330973491, 25.97187500170705832 ) ) ;
#1134 = FACE_OUTER_BOUND ( 'NONE', #4506, .T. ) ;
#1135 = CARTESIAN_POINT ( 'NONE',  ( 4.076582343749974413, 4.992373518734019516E-16, 23.78437500170700503 ) ) ;
#1136 = CARTESIAN_POINT ( 'NONE',  ( 3.399999999999999911, 4.163799117101000559E-16, 23.23750000341398092 ) ) ;
#1137 = CARTESIAN_POINT ( 'NONE',  ( -3.394712790158412208, 0.2188609902824250053, 24.78748124576206280 ) ) ;
#1138 = CARTESIAN_POINT ( 'NONE',  ( -1.805255827968697435, 2.885362053523743864, 18.34949679386584620 ) ) ;
#1139 = CARTESIAN_POINT ( 'NONE',  ( -3.382236796066556028, -0.3492172540380010792, 22.31978818318433255 ) ) ;
#1140 = CARTESIAN_POINT ( 'NONE',  ( -4.076582343749998394, -1.688575694911951253, 19.33125000170705476 ) ) ;
#1141 = CARTESIAN_POINT ( 'NONE',  ( 0.4809048117014385060, -3.365818005623640197, 20.13996297462593432 ) ) ;
#1142 = CARTESIAN_POINT ( 'NONE',  ( 3.399959322156491659, 0.01717561027431637258, 15.42595376823676645 ) ) ;
#1143 =( BOUNDED_CURVE ( )  B_SPLINE_CURVE ( 2, ( #830, #1568, #1129, #472, #2928, #4488, #1211, #4132, #4387 ),
 .UNSPECIFIED., .F., .T. ) 
 B_SPLINE_CURVE_WITH_KNOTS ( ( 3, 2, 2, 2, 3 ),
 ( 0.2884529699187061147, 0.3004717532566772986, 0.3124906233869444439, 0.3245094935172116446, 0.3365283542118485682 ),
 .UNSPECIFIED. ) 
 CURVE ( )  GEOMETRIC_REPRESENTATION_ITEM ( )  RATIONAL_B_SPLINE_CURVE ( ( 0.9999989006250394885, 0.9238800822027365411, 1.000000000000000000, 0.9238795325112867385, 1.000000000000000000, 0.9238795325112867385, 1.000000000000000000, 0.9238795325112867385, 1.000000000000000000 ) ) 
 REPRESENTATION_ITEM ( '' )  );
#1144 = CARTESIAN_POINT ( 'NONE',  ( -1.688575694911948810, 4.076582343749999282, 26.51875000170699437 ) ) ;
#1145 = CARTESIAN_POINT ( 'NONE',  ( 4.076582343749999282, 1.688575694911949254, 21.20625000170699437 ) ) ;
#1146 = CARTESIAN_POINT ( 'NONE',  ( 3.399999999999999911, 0.000000000000000000, 0.000000000000000000 ) ) ;
#1147 = CARTESIAN_POINT ( 'NONE',  ( -2.496186759367026028E-16, 4.076582343749999282, 19.09687500170699082 ) ) ;
#1148 =( GEOMETRIC_REPRESENTATION_CONTEXT ( 3 ) GLOBAL_UNCERTAINTY_ASSIGNED_CONTEXT ( ( #3156 ) ) GLOBAL_UNIT_ASSIGNED_CONTEXT ( ( #1805, #2922, #700 ) ) REPRESENTATION_CONTEXT ( 'NONE', 'WORKASPACE' ) );
#1149 = LINE ( 'NONE', #4482, #677 ) ;
#1150 = CARTESIAN_POINT ( 'NONE',  ( -0.2253231944216592120, -3.392529243235546499, 25.09985723726081730 ) ) ;
#1151 = ORIENTED_EDGE ( 'NONE', *, *, #4289, .T. ) ;
#1152 = EDGE_CURVE ( 'NONE', #4128, #3074, #4315, .T. ) ;
#1153 = CARTESIAN_POINT ( 'NONE',  ( -1.688575694911949698, -4.076582343749998394, 20.89375000170699082 ) ) ;
#1154 = CARTESIAN_POINT ( 'NONE',  ( 2.564352732859415784, 2.235180269588757707, 23.06813749646391898 ) ) ;
#1155 = CARTESIAN_POINT ( 'NONE',  ( -3.399999999997444622, -2.884600099517259222E-06, 17.61255345252272875 ) ) ;
#1156 = ORIENTED_EDGE ( 'NONE', *, *, #2690, .F. ) ;
#1157 = CARTESIAN_POINT ( 'NONE',  ( -1.408326112068523317, 3.400000000000000355, 24.56562500000000071 ) ) ;
#1158 = LINE ( 'NONE', #1467, #3547 ) ;
#1159 = CARTESIAN_POINT ( 'NONE',  ( -2.366843823579304562, 2.445209207617282221, 17.14045719592245121 ) ) ;
#1160 = CARTESIAN_POINT ( 'NONE',  ( -3.399999999995049205, -3.989330696663959943E-06, 21.36257438200966163 ) ) ;
#1161 = CARTESIAN_POINT ( 'NONE',  ( -2.593635200837976829, -2.198424393624069939, 18.69049192078509591 ) ) ;
#1162 = CARTESIAN_POINT ( 'NONE',  ( 2.286350270073297608, -2.516773703669739071, 16.50961980194687939 ) ) ;
#1163 = CARTESIAN_POINT ( 'NONE',  ( -1.688575694911938152, 4.076582343749974413, 21.67500000170700858 ) ) ;
#1164 = CARTESIAN_POINT ( 'NONE',  ( 2.404163056034261725, -2.404163056034261281, 21.83125000341398092 ) ) ;
#1165 = CARTESIAN_POINT ( 'NONE',  ( -3.375778555763121691, 0.4053875509515280640, 24.77699013640655323 ) ) ;
#1166 = CARTESIAN_POINT ( 'NONE',  ( -3.376643247097564249, 0.3981319616033897058, 18.52736527927238797 ) ) ;
#1167 = CARTESIAN_POINT ( 'NONE',  ( -2.115443206637001694, -2.661747625869578471, 22.47818506813183959 ) ) ;
#1168 = CARTESIAN_POINT ( 'NONE',  ( -1.688575694911948810, 4.076582343749999282, 19.01875000170705832 ) ) ;
#1169 = CARTESIAN_POINT ( 'NONE',  ( -0.1925313721138524059, -3.394553646189839569, 20.10169079764125755 ) ) ;
#1170 = DIRECTION ( 'NONE',  ( -0.000000000000000000, -0.000000000000000000, -1.000000000000000000 ) ) ;
#1171 = CARTESIAN_POINT ( 'NONE',  ( -4.076582343749999282, 1.688575694911948588, 24.17500000170699792 ) ) ;
#1172 = CARTESIAN_POINT ( 'NONE',  ( 1.688575694911950809, -4.076582343749998394, 22.14375000170699082 ) ) ;
#1173 = DIRECTION ( 'NONE',  ( -0.000000000000000000, -0.000000000000000000, 1.000000000000000000 ) ) ;
#1174 = ORIENTED_EDGE ( 'NONE', *, *, #268, .T. ) ;
#1175 = CARTESIAN_POINT ( 'NONE',  ( 1.688575694911950809, -4.076582343749998394, 19.80000000170699082 ) ) ;
#1176 = CARTESIAN_POINT ( 'NONE',  ( -2.845349162536631837, -1.862600581896503016, 19.91609391526192852 ) ) ;
#1177 = DIRECTION ( 'NONE',  ( 0.000000000000000000, 0.000000000000000000, -1.000000000000000000 ) ) ;
#1178 = ORIENTED_EDGE ( 'NONE', *, *, #521, .F. ) ;
#1179 = CARTESIAN_POINT ( 'NONE',  ( -2.882579019330973935, 2.882579019330973935, 18.00312500170699082 ) ) ;
#1180 = CARTESIAN_POINT ( 'NONE',  ( 2.810340333529852241, 1.913632171242547475, 23.04470505702143512 ) ) ;
#1181 = CARTESIAN_POINT ( 'NONE',  ( 0.000000000000000000, 0.000000000000000000, 20.00000000000000000 ) ) ;
#1182 = ORIENTED_EDGE ( 'NONE', *, *, #3982, .T. ) ;
#1183 = CARTESIAN_POINT ( 'NONE',  ( -2.404163056034261725, 2.404163056034261725, 23.39374999999999716 ) ) ;
#1184 = CARTESIAN_POINT ( 'NONE',  ( -3.510750297645195861, -1.797710962168686422, 25.83546645977756384 ) ) ;
#1185 = CARTESIAN_POINT ( 'NONE',  ( -2.630953799332127918, 2.154357333512338268, 17.16284747337677530 ) ) ;
#1186 = CARTESIAN_POINT ( 'NONE',  ( 0.000000000000000000, 0.000000000000000000, 0.000000000000000000 ) ) ;
#1187 = CARTESIAN_POINT ( 'NONE',  ( -2.924669431664919550, -1.762628746934732149, 18.65844931958020680 ) ) ;
#1188 = AXIS2_PLACEMENT_3D ( 'NONE', #2997, #1173, #1948 ) ;
#1189 = CARTESIAN_POINT ( 'NONE',  ( -2.882579019330956172, 2.882579019330956172, 25.50312500170700503 ) ) ;
#1190 = CARTESIAN_POINT ( 'NONE',  ( -1.408326112068523317, 3.400000000000000355, 23.62812500341398092 ) ) ;
#1191 = CARTESIAN_POINT ( 'NONE',  ( -0.8277422911736179723, 3.297702743287514782, 18.28576846483693075 ) ) ;
#1192 = CARTESIAN_POINT ( 'NONE',  ( 0.2201287891936002383, -3.394634126149361553, 22.62453025333003609 ) ) ;
#1193 = CARTESIAN_POINT ( 'NONE',  ( -1.482179482243804358, -3.678083282135231169, 14.42135510344801830 ) ) ;
#1194 = CARTESIAN_POINT ( 'NONE',  ( -0.2613321374496722638, -3.390002575492565562, 20.09783661152108181 ) ) ;
#1195 = CARTESIAN_POINT ( 'NONE',  ( 1.655641960467948204, 2.970185500784693566, 15.63601294055086477 ) ) ;
#1196 = EDGE_CURVE ( 'NONE', #3384, #344, #1143, .T. ) ;
#1197 = CARTESIAN_POINT ( 'NONE',  ( 2.882579019330974379, -2.882579019330973491, 24.72187500170699437 ) ) ;
#1198 = CARTESIAN_POINT ( 'NONE',  ( 2.882579019330974379, -2.882579019330973491, 22.22187500170699082 ) ) ;
#1199 = CARTESIAN_POINT ( 'NONE',  ( 0.5386472199320344600, 3.510891378389176420, 14.84730049127255747 ) ) ;
#1200 = CARTESIAN_POINT ( 'NONE',  ( -2.882579019330973935, 2.882579019330973935, 19.25312500170699082 ) ) ;
#1201 = CARTESIAN_POINT ( 'NONE',  ( 3.238802099751275421, -1.034495312824134094, 15.36390900017758732 ) ) ;
#1202 = CARTESIAN_POINT ( 'NONE',  ( -3.399999999994355537, 4.334172153802880547E-06, 24.79991971457360833 ) ) ;
#1203 = DIRECTION ( 'NONE',  ( -1.000000000000000000, 0.000000000000000000, -0.000000000000000000 ) ) ;
#1204 = ORIENTED_EDGE ( 'NONE', *, *, #320, .F. ) ;
#1205 = CARTESIAN_POINT ( 'NONE',  ( -4.076582343749998394, -1.688575694911951253, 19.48750000170699437 ) ) ;
#1206 = CARTESIAN_POINT ( 'NONE',  ( 2.479612647882595056, 2.329582236121054972, 23.07531247022826548 ) ) ;
#1207 = EDGE_CURVE ( 'NONE', #4484, #992, #2859, .T. ) ;
#1208 = CARTESIAN_POINT ( 'NONE',  ( -3.399999999994161914, 4.409746458449638195E-06, 19.79991838163197571 ) ) ;
#1209 = ORIENTED_EDGE ( 'NONE', *, *, #2287, .F. ) ;
#1210 = CARTESIAN_POINT ( 'NONE',  ( 3.399999999999999911, 4.163799117101000559E-16, 19.17499999999999716 ) ) ;
#1211 = CARTESIAN_POINT ( 'NONE',  ( 2.404163056034261281, 2.404163056034261725, 22.14375000341398092 ) ) ;
#1212 = CARTESIAN_POINT ( 'NONE',  ( -3.381428038777161582, 0.3549523672924604911, 17.27988535532962544 ) ) ;
#1213 = CYLINDRICAL_SURFACE ( 'NONE', #2332, 3.399999999999999911 ) ;
#1214 = CARTESIAN_POINT ( 'NONE',  ( -3.393070367198088633, -0.2186816783335283065, 18.56227731599410902 ) ) ;
#1215 = CARTESIAN_POINT ( 'NONE',  ( -2.496186759367009758E-16, 4.076582343749974413, 21.59687500170700503 ) ) ;
#1216 = CARTESIAN_POINT ( 'NONE',  ( -1.408326112068523983, -3.399999999999999467, 24.09687500341398092 ) ) ;
#1217 = CARTESIAN_POINT ( 'NONE',  ( -1.349233546569189812, 3.122308780437168085, 18.31873358861596657 ) ) ;
#1218 = CARTESIAN_POINT ( 'NONE',  ( -2.326345672251862950, -2.481952792996615198, 22.46230243894279965 ) ) ;
#1219 = FACE_OUTER_BOUND ( 'NONE', #2810, .T. ) ;
#1220 = CARTESIAN_POINT ( 'NONE',  ( 0.5114665120666671561, 3.361310444540701603, 15.70823750747899616 ) ) ;
#1221 = CARTESIAN_POINT ( 'NONE',  ( 3.398220964937598065, 0.1183387811113681548, 20.43158821407941161 ) ) ;
#1222 = CARTESIAN_POINT ( 'NONE',  ( 7.488560278101077592E-16, -4.076582343749999282, 24.56562500170699082 ) ) ;
#1223 = CARTESIAN_POINT ( 'NONE',  ( 7.344863728670890879, 0.000000000000000000, 28.80000000000000071 ) ) ;
#1224 = CARTESIAN_POINT ( 'NONE',  ( -4.076582343749998394, -1.688575694911951253, 20.73750000170699437 ) ) ;
#1225 = CARTESIAN_POINT ( 'NONE',  ( 2.085233392975307520, 2.687550061129063472, 16.85556678801224706 ) ) ;
#1226 = CARTESIAN_POINT ( 'NONE',  ( -2.404163056034260837, -2.404163056034261725, 22.76875000341398092 ) ) ;
#1227 = ORIENTED_EDGE ( 'NONE', *, *, #788, .F. ) ;
#1228 = CARTESIAN_POINT ( 'NONE',  ( 4.076582343749999282, 1.688575694911949254, 15.11250000170699082 ) ) ;
#1229 = CARTESIAN_POINT ( 'NONE',  ( 2.793568548273496877, 1.938076795592658552, 23.04644624429404942 ) ) ;
#1230 = CARTESIAN_POINT ( 'NONE',  ( 0.000000000000000000, 0.000000000000000000, 13.98000000000000043 ) ) ;
#1231 = EDGE_LOOP ( 'NONE', ( #4434, #3464, #2715, #2404 ) ) ;
#1232 = CARTESIAN_POINT ( 'NONE',  ( -3.399999999999999911, 0.000000000000000000, 17.29999999999999716 ) ) ;
#1233 = CARTESIAN_POINT ( 'NONE',  ( -2.496186759367026028E-16, 4.076582343749999282, 26.59687500170699082 ) ) ;
#1234 = CARTESIAN_POINT ( 'NONE',  ( -3.399999999994134381, 4.421135357573479575E-06, 17.29991820917405221 ) ) ;
#1235 = CARTESIAN_POINT ( 'NONE',  ( 3.399999999999999467, -5.132653320762048780E-08, 16.67499999715163383 ) ) ;
#1236 = CARTESIAN_POINT ( 'NONE',  ( -3.399999998557809100, -0.05470633048833228873, 18.55293230411068350 ) ) ;
#1237 = CARTESIAN_POINT ( 'NONE',  ( 4.076582343749974413, 4.992373518734019516E-16, 18.78437500170700503 ) ) ;
#1238 = CARTESIAN_POINT ( 'NONE',  ( 1.408326112068522873, 3.400000000000000355, 19.72187500341398092 ) ) ;
#1239 = CARTESIAN_POINT ( 'NONE',  ( 1.776561614074460005, 2.898969794608029726, 18.12751412182910116 ) ) ;
#1240 = CARTESIAN_POINT ( 'NONE',  ( -2.499070177539664872, -2.306488265049017716, 22.44844592179219944 ) ) ;
#1241 = DIRECTION ( 'NONE',  ( 0.000000000000000000, 0.000000000000000000, 1.000000000000000000 ) ) ;
#1242 = CARTESIAN_POINT ( 'NONE',  ( 1.604327386876783557, -2.997794770608722903, 20.21074045432580490 ) ) ;
#1243 = CARTESIAN_POINT ( 'NONE',  ( 0.5179538748397077841, 3.360316705470641097, 15.70785544687447732 ) ) ;
#1244 = CARTESIAN_POINT ( 'NONE',  ( -2.592774649030597178, -2.199463548938806134, 24.94052076293611719 ) ) ;
#1245 = CARTESIAN_POINT ( 'NONE',  ( 4.076582343750000170, -1.688575694911947922, 26.05000000170699437 ) ) ;
#1246 = CARTESIAN_POINT ( 'NONE',  ( 4.076582343749999282, 4.992373518734052056E-16, 17.37812500170699082 ) ) ;
#1247 = ADVANCED_FACE ( 'NONE', ( #4056 ), #4696, .F. ) ;
#1248 = CARTESIAN_POINT ( 'NONE',  ( 3.399999999999965272, 4.856265113253576216E-07, 18.23749975949983693 ) ) ;
#1249 = EDGE_LOOP ( 'NONE', ( #4183, #3282, #440, #631 ) ) ;
#1250 = CARTESIAN_POINT ( 'NONE',  ( 7.488560278101077592E-16, -4.076582343749999282, 20.97187500170699082 ) ) ;
#1251 = CARTESIAN_POINT ( 'NONE',  ( -0.1892822378181864551, 3.394859236430802785, 16.99811938304054237 ) ) ;
#1252 = DIRECTION ( 'NONE',  ( -1.000000000000000000, 0.000000000000000000, 0.000000000000000000 ) ) ;
#1253 = ORIENTED_EDGE ( 'NONE', *, *, #25, .T. ) ;
#1254 = CARTESIAN_POINT ( 'NONE',  ( -2.882579019330973935, 2.882579019330973935, 25.34687500170699082 ) ) ;
#1255 = AXIS2_PLACEMENT_3D ( 'NONE', #2750, #2018, #4257 ) ;
#1256 = DIRECTION ( 'NONE',  ( -0.000000000000000000, -0.000000000000000000, 1.000000000000000000 ) ) ;
#1257 = CARTESIAN_POINT ( 'NONE',  ( -0.06333250532104249542, 3.399624772314912224, 19.49100029471110318 ) ) ;
#1258 = ORIENTED_EDGE ( 'NONE', *, *, #2502, .F. ) ;
#1259 = CARTESIAN_POINT ( 'NONE',  ( 2.404163056034261725, -2.404163056034261281, 15.26874999999999716 ) ) ;
#1260 = CARTESIAN_POINT ( 'NONE',  ( 0.000000000000000000, 0.000000000000000000, 26.30000000000000071 ) ) ;
#1261 = CARTESIAN_POINT ( 'NONE',  ( -3.386702341917671610, -0.3004896145242497152, 17.31697420549066280 ) ) ;
#1262 = CARTESIAN_POINT ( 'NONE',  ( 2.953265579523836504, -2.810114948213679575, 25.97658234375000319 ) ) ;
#1263 = CARTESIAN_POINT ( 'NONE',  ( 7.488560278101077592E-16, -4.076582343749999282, 24.56562500170705832 ) ) ;
#1264 = CARTESIAN_POINT ( 'NONE',  ( -3.400000000000000355, 1.408326112068523095, 18.78437500341398803 ) ) ;
#1265 = CARTESIAN_POINT ( 'NONE',  ( 3.000730838134362699, 1.605651195590557911, 18.02311136596433983 ) ) ;
#1266 = CARTESIAN_POINT ( 'NONE',  ( 1.555631736200078663, -3.028141405076063553, 21.45728965210664541 ) ) ;
#1267 = CARTESIAN_POINT ( 'NONE',  ( 0.000000000000000000, 0.000000000000000000, 28.80000000000000071 ) ) ;
#1268 = CARTESIAN_POINT ( 'NONE',  ( 2.953265579523836504, -2.810114948213679575, 25.97658234375000319 ) ) ;
#1269 = CARTESIAN_POINT ( 'NONE',  ( -0.7503294853434496758, -3.316320055671938771, 25.06896425946469620 ) ) ;
#1270 = CARTESIAN_POINT ( 'NONE',  ( 7.488560278101077592E-16, -4.076582343749999282, 19.56562500170699082 ) ) ;
#1271 = CARTESIAN_POINT ( 'NONE',  ( 4.076582343749999282, 1.688575694911949254, 16.20625000170699082 ) ) ;
#1272 = CARTESIAN_POINT ( 'NONE',  ( 3.022599729521637801, -1.557900543464566745, 24.07994697086579450 ) ) ;
#1273 = CARTESIAN_POINT ( 'NONE',  ( -1.688575694911948810, 4.076582343749999282, 14.17500000170699259 ) ) ;
#1274 = CARTESIAN_POINT ( 'NONE',  ( 2.667009379046203499, 2.120770872667922635, 16.80926667925342244 ) ) ;
#1275 = CARTESIAN_POINT ( 'NONE',  ( -2.922418390577785186, -1.739184732810707512, 19.90745562135040814 ) ) ;
#1276 = VECTOR ( 'NONE', #2010, 1000.000000000000000 ) ;
#1277 = CARTESIAN_POINT ( 'NONE',  ( 2.882579019330956616, -2.882579019330955727, 16.12812500170700503 ) ) ;
#1278 = ORIENTED_EDGE ( 'NONE', *, *, #2287, .T. ) ;
#1279 = CARTESIAN_POINT ( 'NONE',  ( 1.688575694911950809, -4.076582343749998394, 14.80000000170699437 ) ) ;
#1280 = CARTESIAN_POINT ( 'NONE',  ( -3.376338621712793309, 0.4007207434097308507, 22.27726842613547831 ) ) ;
#1281 = CARTESIAN_POINT ( 'NONE',  ( -3.837416984274687692, 0.4831394161792567643, 25.76023865522504153 ) ) ;
#1282 = CARTESIAN_POINT ( 'NONE',  ( 0.7674323244160010660, 3.314124342574490623, 24.44279624840514487 ) ) ;
#1283 = ORIENTED_EDGE ( 'NONE', *, *, #1072, .T. ) ;
#1284 = CARTESIAN_POINT ( 'NONE',  ( 6.245698675651500839E-16, -3.399999999999999911, 16.36249999999999361 ) ) ;
#1285 = CARTESIAN_POINT ( 'NONE',  ( -1.408326112068523983, -3.399999999999999467, 19.09687500341398092 ) ) ;
#1286 = CARTESIAN_POINT ( 'NONE',  ( 3.399999999999999911, 4.163799117101000559E-16, 20.73750000341398447 ) ) ;
#1287 = AXIS2_PLACEMENT_3D ( 'NONE', #1926, #3357, #1976 ) ;
#1288 = CARTESIAN_POINT ( 'NONE',  ( 2.675749227693035692, 2.098389828277495539, 18.05800883825640213 ) ) ;
#1289 = CARTESIAN_POINT ( 'NONE',  ( 1.879923925027401355, -2.835388385494437280, 21.47975528993489647 ) ) ;
#1290 = CARTESIAN_POINT ( 'NONE',  ( 3.399934403788658965, -0.02448175382897322880, 17.92364030353064663 ) ) ;
#1291 = CARTESIAN_POINT ( 'NONE',  ( 2.967983673256858967, -1.695428299046559673, 25.31340487499463521 ) ) ;
#1292 = CARTESIAN_POINT ( 'NONE',  ( -2.115211468657566041, -2.661940552141240257, 24.97820592406363360 ) ) ;
#1293 = EDGE_CURVE ( 'NONE', #4624, #2641, #815, .T. ) ;
#1294 = EDGE_CURVE ( 'NONE', #3510, #118, #4251, .T. ) ;
#1295 = CARTESIAN_POINT ( 'NONE',  ( 2.882579019330973491, 2.882579019330973935, 21.28437500170699082 ) ) ;
#1296 = CARTESIAN_POINT ( 'NONE',  ( 4.076582343749999282, 4.992373518734052056E-16, 18.62812500170699082 ) ) ;
#1297 = LINE ( 'NONE', #893, #3488 ) ;
#1298 = CARTESIAN_POINT ( 'NONE',  ( 2.882579019330974379, -2.882579019330973491, 17.37812500170699082 ) ) ;
#1299 = CARTESIAN_POINT ( 'NONE',  ( 3.247691683381507488, -1.006300078019022104, 15.36567712083919446 ) ) ;
#1300 = CARTESIAN_POINT ( 'NONE',  ( -0.7579611995689504722, 3.315027797656501019, 15.78149981301107907 ) ) ;
#1301 = ORIENTED_EDGE ( 'NONE', *, *, #1347, .T. ) ;
#1302 = CARTESIAN_POINT ( 'NONE',  ( 1.688575694911948366, 4.076582343749999282, 26.36250000170699082 ) ) ;
#1303 = DIRECTION ( 'NONE',  ( 1.000000000000000000, 0.000000000000000000, 0.000000000000000000 ) ) ;
#1304 = CARTESIAN_POINT ( 'NONE',  ( 0.04994744550638402503, -3.399744875322079363, 15.11526184902000303 ) ) ;
#1305 =( BOUNDED_CURVE ( )  B_SPLINE_CURVE ( 2, ( #4512, #4564, #593, #222, #1984, #1285, #951, #4186, #3874 ),
 .UNSPECIFIED., .F., .T. ) 
 B_SPLINE_CURVE_WITH_KNOTS ( ( 3, 2, 2, 2, 3 ),
 ( 0.5288303128602493963, 0.5408491558620195372, 0.5528680259922865714, 0.5648868961225537166, 0.5769057314343501996 ),
 .UNSPECIFIED. ) 
 CURVE ( )  GEOMETRIC_REPRESENTATION_ITEM ( )  RATIONAL_B_SPLINE_CURVE ( ( 1.000000000000000000, 0.9238795325112867385, 1.000000000000000000, 0.9238795325112867385, 1.000000000000000000, 0.9238795325112867385, 1.000000000000000000, 0.9238795325112867385, 1.000000000000000000 ) ) 
 REPRESENTATION_ITEM ( '' )  );
#1306 = CARTESIAN_POINT ( 'NONE',  ( 0.4400512953325330101, 3.378734227471818397, 24.46230626155912802 ) ) ;
#1307 = ORIENTED_EDGE ( 'NONE', *, *, #1435, .F. ) ;
#1308 = EDGE_CURVE ( 'NONE', #4128, #2666, #2133, .T. ) ;
#1309 = CARTESIAN_POINT ( 'NONE',  ( 1.408326112068525537, -3.399999999999999023, 16.44062499999999716 ) ) ;
#1310 = CARTESIAN_POINT ( 'NONE',  ( -3.399999999997444622, -2.884600099517259222E-06, 17.61255345252272875 ) ) ;
#1311 = CARTESIAN_POINT ( 'NONE',  ( 2.882579019330955727, 2.882579019330956172, 20.19062500170700858 ) ) ;
#1312 = CARTESIAN_POINT ( 'NONE',  ( 3.400000000000000799, -1.408326112068522651, 19.40937500341398092 ) ) ;
#1313 = CARTESIAN_POINT ( 'NONE',  ( 2.792836909624605735, 1.939096859661958661, 18.04652010457500921 ) ) ;
#1314 = CARTESIAN_POINT ( 'NONE',  ( 3.399727655181275843, -0.04446801287094492156, 21.67252584990458075 ) ) ;
#1315 = CARTESIAN_POINT ( 'NONE',  ( 3.312906723563171951, -0.7666828388546967910, 17.88047116072669596 ) ) ;
#1316 = FACE_OUTER_BOUND ( 'NONE', #964, .T. ) ;
#1317 = CARTESIAN_POINT ( 'NONE',  ( -3.379395508842746754, -0.3746115569185118899, 24.82129183011321061 ) ) ;
#1318 = CARTESIAN_POINT ( 'NONE',  ( -2.882579019330973935, 2.882579019330973935, 22.84687500170699082 ) ) ;
#1319 = CARTESIAN_POINT ( 'NONE',  ( -1.688575694911948810, 4.076582343749999282, 16.51875000170699082 ) ) ;
#1320 = DIRECTION ( 'NONE',  ( -1.000000000000000000, 0.000000000000000000, 0.000000000000000000 ) ) ;
#1321 = CARTESIAN_POINT ( 'NONE',  ( -4.076582343749999282, 0.000000000000000000, 15.65937500170699259 ) ) ;
#1322 = CARTESIAN_POINT ( 'NONE',  ( -2.882579019330973935, 2.882579019330973935, 24.09687500170706187 ) ) ;
#1323 = CARTESIAN_POINT ( 'NONE',  ( -3.381963763538219592, 0.3497447819892101073, 16.03018625183830892 ) ) ;
#1324 = CARTESIAN_POINT ( 'NONE',  ( -4.076582343749974413, 0.000000000000000000, 14.40937500170700503 ) ) ;
#1325 = VERTEX_POINT ( 'NONE', #2722 ) ;
#1326 = CARTESIAN_POINT ( 'NONE',  ( 3.399999999602447254, 0.1775089193341629346, 22.93484711340023097 ) ) ;
#1327 = CARTESIAN_POINT ( 'NONE',  ( 0.1125805549969813718, -3.398139636292032861, 15.11878811371837728 ) ) ;
#1328 = CARTESIAN_POINT ( 'NONE',  ( -0.3307630859346447627, 3.384753897779635423, 24.50626271500367892 ) ) ;
#1329 = EDGE_LOOP ( 'NONE', ( #1780, #1927, #874, #799 ) ) ;
#1330 = CARTESIAN_POINT ( 'NONE',  ( -2.404163056034261725, 2.404163056034261725, 14.64374999999999716 ) ) ;
#1331 = CARTESIAN_POINT ( 'NONE',  ( 0.000000000000000000, 0.000000000000000000, 28.80000000000000071 ) ) ;
#1332 = UNCERTAINTY_MEASURE_WITH_UNIT (LENGTH_MEASURE( 1.000000000000000082E-05 ), #2080, 'distance_accuracy_value', 'NONE');
#1333 = B_SPLINE_CURVE_WITH_KNOTS ( 'NONE', 3,
 ( #530, #3017, #104, #4544, #4519, #1576, #2656, #2702, #3448, #1193, #178, #4167, #3472, #2728, #4192, #4140, #1629, #4092, #2016, #202, #3117, #812, #2274, #2321, #1550, #4471, #2298, #4115, #838, #3762, #481, #1943 ),
 .UNSPECIFIED., .F., .F.,
 ( 4, 2, 2, 2, 2, 2, 2, 2, 2, 2, 2, 2, 2, 2, 2, 4 ),
 ( 0.000000000000000000, 0.001399102405821998994, 0.002098653608732998707, 0.002798204811643997987, 0.003497756014554995966, 0.004197307217465993945, 0.004896858420376993225, 0.005596409623287990770, 0.006295960826198990050, 0.006995512029109987595, 0.007695063232020986008, 0.008394614434931984420, 0.009094165637842982833, 0.009793716840753982980, 0.01049326804366498139, 0.01119281924657597981 ),
 .UNSPECIFIED. ) ;
#1334 = CARTESIAN_POINT ( 'NONE',  ( 2.882579019330956616, -2.882579019330955727, 19.87812500170700503 ) ) ;
#1335 = CARTESIAN_POINT ( 'NONE',  ( -1.408326112068523983, -3.399999999999999467, 19.09687500341398092 ) ) ;
#1336 = CARTESIAN_POINT ( 'NONE',  ( 0.6304012593505435857, 3.341164827844008922, 18.20118878591498301 ) ) ;
#1337 = CARTESIAN_POINT ( 'NONE',  ( 2.852026571643567987, -1.853358844676168848, 21.55966268733046931 ) ) ;
#1338 = CARTESIAN_POINT ( 'NONE',  ( 2.549733298964108386, -2.254577661005337852, 17.78053927712802462 ) ) ;
#1339 = CARTESIAN_POINT ( 'NONE',  ( 3.400000000000000799, -1.408326112068522651, 16.90937500341398092 ) ) ;
#1340 = CARTESIAN_POINT ( 'NONE',  ( -3.399999999998726707, 2.055228241746232731E-06, 23.86246227081791815 ) ) ;
#1341 = CARTESIAN_POINT ( 'NONE',  ( 4.076582343750000170, -1.688575694911947922, 21.05000000170699437 ) ) ;
#1342 = CARTESIAN_POINT ( 'NONE',  ( 2.882579019330973491, 2.882579019330973935, 17.53437500170699437 ) ) ;
#1343 = CARTESIAN_POINT ( 'NONE',  ( 1.078395114314141257, -3.224492733376781661, 23.92635651788988937 ) ) ;
#1344 = CARTESIAN_POINT ( 'NONE',  ( 1.688575694911950809, -4.076582343749998394, 16.05000000170699082 ) ) ;
#1345 = CARTESIAN_POINT ( 'NONE',  ( -2.882579019330973047, -2.882579019330974379, 19.40937500170706187 ) ) ;
#1346 = CARTESIAN_POINT ( 'NONE',  ( -3.379852744595003955, 0.3696818353856928807, 16.02903506018179769 ) ) ;
#1347 = EDGE_CURVE ( 'NONE', #3128, #2978, #4587, .T. ) ;
#1348 = ORIENTED_EDGE ( 'NONE', *, *, #872, .T. ) ;
#1349 = CARTESIAN_POINT ( 'NONE',  ( 3.386389135333144562, 0.3845115282372424947, 22.94667953822080264 ) ) ;
#1350 = CARTESIAN_POINT ( 'NONE',  ( 3.067585954311919938, -1.469395824807227857, 15.33595140740596463 ) ) ;
#1351 = CARTESIAN_POINT ( 'NONE',  ( -0.2152538236128321569, 3.393398972020224225, 24.49961021321913890 ) ) ;
#1352 = ORIENTED_EDGE ( 'NONE', *, *, #2067, .T. ) ;
#1353 = CARTESIAN_POINT ( 'NONE',  ( -3.399999999999999023, -1.408326112068525537, 14.87812499999999716 ) ) ;
#1354 = CARTESIAN_POINT ( 'NONE',  ( -2.496186759367026028E-16, 4.076582343749999282, 21.59687500170699082 ) ) ;
#1355 = CARTESIAN_POINT ( 'NONE',  ( 2.563985796583104548, -3.180406372452468933, 25.97658234374999964 ) ) ;
#1356 = CARTESIAN_POINT ( 'NONE',  ( -2.404163056034261725, 2.404163056034261725, 27.14374999999999716 ) ) ;
#1357 = CARTESIAN_POINT ( 'NONE',  ( -2.784660594206956219, -1.956068061802194835, 21.17249625667064450 ) ) ;
#1358 = CARTESIAN_POINT ( 'NONE',  ( 2.313344886966872682, -2.491725436399008231, 17.76169990713026436 ) ) ;
#1359 = DIRECTION ( 'NONE',  ( 0.000000000000000000, 0.000000000000000000, 1.000000000000000000 ) ) ;
#1360 = CARTESIAN_POINT ( 'NONE',  ( -3.343337013450295991, -0.6479306648798156543, 24.83748292335556584 ) ) ;
#1361 = CARTESIAN_POINT ( 'NONE',  ( 1.408326112068525537, -3.399999999999999023, 15.50312500341398092 ) ) ;
#1362 = CARTESIAN_POINT ( 'NONE',  ( 2.882579019330973491, 2.882579019330973935, 22.53437500170699082 ) ) ;
#1363 = CARTESIAN_POINT ( 'NONE',  ( 1.688575694911950809, -4.076582343749998394, 14.64375000170699259 ) ) ;
#1364 = CARTESIAN_POINT ( 'NONE',  ( -2.602018902129608069, -2.188494764254589775, 23.68973509517591225 ) ) ;
#1365 = EDGE_CURVE ( 'NONE', #1096, #2119, #1885, .T. ) ;
#1366 = CARTESIAN_POINT ( 'NONE',  ( 1.688575694911948366, 4.076582343749999282, 16.51875000170699082 ) ) ;
#1367 = CARTESIAN_POINT ( 'NONE',  ( -1.688575694911950142, -4.076582343749998394, 21.98750000170706542 ) ) ;
#1368 = CARTESIAN_POINT ( 'NONE',  ( -3.180774612852285799, 1.210996673502620746, 15.97760787588055287 ) ) ;
#1369 = VECTOR ( 'NONE', #4532, 1000.000000000000000 ) ;
#1370 = ORIENTED_EDGE ( 'NONE', *, *, #692, .T. ) ;
#1371 = CYLINDRICAL_SURFACE ( 'NONE', #1438, 3.399999999999999911 ) ;
#1372 = CARTESIAN_POINT ( 'NONE',  ( 2.283253273719298981, -2.519290233639670973, 15.25939840054912722 ) ) ;
#1373 = CARTESIAN_POINT ( 'NONE',  ( -1.894552672745613231, 2.825266722937735953, 24.60583189109332736 ) ) ;
#1374 = VERTEX_POINT ( 'NONE', #1310 ) ;
#1375 = CARTESIAN_POINT ( 'NONE',  ( -1.408326112068523983, -3.399999999999999467, 15.03437499999999716 ) ) ;
#1376 = CARTESIAN_POINT ( 'NONE',  ( 2.882579019330974379, -2.882579019330973491, 24.87812500170699082 ) ) ;
#1377 = CARTESIAN_POINT ( 'NONE',  ( 3.399999999995076294, 5.786416335101651420E-06, 16.98750032440953461 ) ) ;
#1378 = CARTESIAN_POINT ( 'NONE',  ( -3.253567991201387954, -0.9870723530196693352, 21.10812121856507773 ) ) ;
#1379 = CARTESIAN_POINT ( 'NONE',  ( 2.414223498523004885, -2.394376989848039372, 17.76957640675656691 ) ) ;
#1380 = CARTESIAN_POINT ( 'NONE',  ( 1.202613473759918783, -3.180314395980209152, 18.93426007059461824 ) ) ;
#1381 = CARTESIAN_POINT ( 'NONE',  ( -3.399999999999999023, -1.408326112068525537, 23.94062500341397381 ) ) ;
#1382 = CARTESIAN_POINT ( 'NONE',  ( -2.404163056034261725, 2.404163056034261725, 16.20625000341398447 ) ) ;
#1383 = CARTESIAN_POINT ( 'NONE',  ( -4.076582343749999282, 0.000000000000000000, 15.50312500170699259 ) ) ;
#1384 = CARTESIAN_POINT ( 'NONE',  ( -3.399999999994161914, 4.409746458449638195E-06, 19.79991838163197571 ) ) ;
#1385 = CARTESIAN_POINT ( 'NONE',  ( -2.120192635660989033, -2.658001202227081361, 23.72783569537488901 ) ) ;
#1386 = CARTESIAN_POINT ( 'NONE',  ( 0.000000000000000000, 0.000000000000000000, 7.799999999999998046 ) ) ;
#1387 = CARTESIAN_POINT ( 'NONE',  ( 1.688575694911950809, -4.076582343749998394, 22.14375000170705832 ) ) ;
#1388 = CARTESIAN_POINT ( 'NONE',  ( 2.004319663117646755, -2.746969434132208399, 20.23875634974898574 ) ) ;
#1389 = CARTESIAN_POINT ( 'NONE',  ( -2.068792163625625236, 2.698171345129545706, 15.86841623894231645 ) ) ;
#1390 = CARTESIAN_POINT ( 'NONE',  ( 1.842678793436396179, 2.857384775214198758, 20.62278489101035106 ) ) ;
#1391 = ORIENTED_EDGE ( 'NONE', *, *, #2450, .F. ) ;
#1392 = CARTESIAN_POINT ( 'NONE',  ( 0.2285751807852216266, 3.399721020692893614, 21.97446085751646194 ) ) ;
#1393 = CARTESIAN_POINT ( 'NONE',  ( 2.420223043651005490, -2.388655510636059631, 25.27006930742704327 ) ) ;
#1394 = CARTESIAN_POINT ( 'NONE',  ( -3.400000002936602428, 0.1094213690168973213, 21.04364387213893650 ) ) ;
#1395 = CARTESIAN_POINT ( 'NONE',  ( 7.488560278101077592E-16, -4.076582343749999282, 24.72187500170699437 ) ) ;
#1396 = CARTESIAN_POINT ( 'NONE',  ( -2.940739290230187208, 1.706529382380317372, 23.44477977451773043 ) ) ;
#1397 = CARTESIAN_POINT ( 'NONE',  ( -2.790375154154959070, -1.948521012465798119, 16.17195058065178159 ) ) ;
#1398 = CARTESIAN_POINT ( 'NONE',  ( 4.076582343749974413, 1.688575694911938596, 17.61250000170700503 ) ) ;
#1399 = DIRECTION ( 'NONE',  ( 0.000000000000000000, 0.000000000000000000, 1.000000000000000000 ) ) ;
#1400 = CARTESIAN_POINT ( 'NONE',  ( -3.292334542810458675, -0.8587390799461873669, 21.10011135814852423 ) ) ;
#1401 = CARTESIAN_POINT ( 'NONE',  ( -2.077956149529657459, -2.691194161440565669, 17.48098430787536373 ) ) ;
#1402 = AXIS2_PLACEMENT_3D ( 'NONE', #577, #1359, #2065 ) ;
#1403 = CARTESIAN_POINT ( 'NONE',  ( 2.877283728156121878, -1.814875221776804937, 19.06246906814992670 ) ) ;
#1404 = CARTESIAN_POINT ( 'NONE',  ( -3.396389368043792878, -0.1809699007101616963, 24.81011503628970516 ) ) ;
#1405 = CARTESIAN_POINT ( 'NONE',  ( 3.399999999999999911, 4.163799117101000559E-16, 14.48750000341398092 ) ) ;
#1406 = CARTESIAN_POINT ( 'NONE',  ( -4.076582343749999282, 0.000000000000000000, 14.25312500170699082 ) ) ;
#1407 = CARTESIAN_POINT ( 'NONE',  ( 2.882579019330973491, 2.882579019330973935, 15.03437500170699082 ) ) ;
#1408 = CARTESIAN_POINT ( 'NONE',  ( -3.380964172874180829, 0.3592788486082147958, 18.52963319352722849 ) ) ;
#1409 = CARTESIAN_POINT ( 'NONE',  ( -4.399999999999994138, 0.000000000000000000, 13.98000000000000043 ) ) ;
#1410 = CARTESIAN_POINT ( 'NONE',  ( -2.882579019330973935, 2.882579019330973935, 22.84687500170706187 ) ) ;
#1411 = FACE_OUTER_BOUND ( 'NONE', #1590, .T. ) ;
#1412 = EDGE_CURVE ( 'NONE', #219, #3622, #1305, .T. ) ;
#1413 = CARTESIAN_POINT ( 'NONE',  ( 0.4873662317492616913, 3.365011437286645091, 20.70964734987967404 ) ) ;
#1414 = ORIENTED_EDGE ( 'NONE', *, *, #804, .T. ) ;
#1415 = CARTESIAN_POINT ( 'NONE',  ( 1.196690021469280385, 3.182470747413255197, 21.91611674179241476 ) ) ;
#1416 = VECTOR ( 'NONE', #1789, 1000.000000000000000 ) ;
#1417 = CARTESIAN_POINT ( 'NONE',  ( 3.323574417409678627, 1.191461814011627318, 25.42251104958102559 ) ) ;
#1418 = CARTESIAN_POINT ( 'NONE',  ( -2.949128485082091800, 1.691937667351049335, 20.94578198593307405 ) ) ;
#1419 = CARTESIAN_POINT ( 'NONE',  ( 4.076582343749999282, 4.992373518734052056E-16, 25.03437500170699437 ) ) ;
#1420 = DIRECTION ( 'NONE',  ( 0.000000000000000000, 0.000000000000000000, 1.000000000000000000 ) ) ;
#1421 = CARTESIAN_POINT ( 'NONE',  ( -3.247431580125816453, -1.007077360703471980, 16.10937197135170251 ) ) ;
#1422 = CARTESIAN_POINT ( 'NONE',  ( -4.076582343749974413, 0.000000000000000000, 16.90937500170700858 ) ) ;
#1423 = CARTESIAN_POINT ( 'NONE',  ( -4.924999999999999822, 0.000000000000000000, 13.98000000000000043 ) ) ;
#1424 = CARTESIAN_POINT ( 'NONE',  ( -1.963204808627874831, -2.776453213744924486, 21.23927233483902910 ) ) ;
#1425 = CARTESIAN_POINT ( 'NONE',  ( 0.05237072291265698620, -3.400503582857424156, 17.61557186508090922 ) ) ;
#1426 = CARTESIAN_POINT ( 'NONE',  ( 3.399898178499323187, -0.02718100676208513172, 19.17348983138677454 ) ) ;
#1427 = CARTESIAN_POINT ( 'NONE',  ( 2.251324328735246016, -2.548170890773025832, 16.50693885513231507 ) ) ;
#1428 = CARTESIAN_POINT ( 'NONE',  ( -2.404163056034260837, -2.404163056034261725, 15.26875000341398270 ) ) ;
#1429 = CARTESIAN_POINT ( 'NONE',  ( -4.076582343749998394, -1.688575694911951253, 16.83125000170699082 ) ) ;
#1430 = CARTESIAN_POINT ( 'NONE',  ( -4.076582343749998394, -1.688575694911951253, 14.33125000170699082 ) ) ;
#1431 = CARTESIAN_POINT ( 'NONE',  ( -3.282397509324527896, -0.8872437568203174196, 23.60192485734742007 ) ) ;
#1432 = DIRECTION ( 'NONE',  ( 1.000000000000000000, 0.000000000000000000, 0.000000000000000000 ) ) ;
#1433 = CARTESIAN_POINT ( 'NONE',  ( 1.688575694911948366, 4.076582343749999282, 17.61250000170706187 ) ) ;
#1434 = CARTESIAN_POINT ( 'NONE',  ( -2.331566304176334370, -2.541306764217895697, 14.94222090375076561 ) ) ;
#1435 = EDGE_CURVE ( 'NONE', #164, #4624, #4536, .T. ) ;
#1436 = CARTESIAN_POINT ( 'NONE',  ( 0.5611395349740394556, 3.353382126656936357, 20.70530096628188943 ) ) ;
#1437 = ORIENTED_EDGE ( 'NONE', *, *, #4289, .F. ) ;
#1438 = AXIS2_PLACEMENT_3D ( 'NONE', #1714, #3911, #4625 ) ;
#1439 = CARTESIAN_POINT ( 'NONE',  ( 0.8839387724108281885, 3.284924567984714994, 21.93572491542404634 ) ) ;
#1440 = CARTESIAN_POINT ( 'NONE',  ( 2.771926079566262136, 2.256310572248038770, 25.46595511863079864 ) ) ;
#1441 = CARTESIAN_POINT ( 'NONE',  ( 3.384235915417735718, 0.3397357780819700301, 24.19429167952890225 ) ) ;
#1442 = CARTESIAN_POINT ( 'NONE',  ( 1.688575694911950809, -4.076582343749998394, 22.30000000170699437 ) ) ;
#1443 = CARTESIAN_POINT ( 'NONE',  ( -2.926801946498698292, 1.730323805535346482, 23.44314014144366354 ) ) ;
#1444 = CARTESIAN_POINT ( 'NONE',  ( -0.2467101968178959381, -3.391080346750570129, 16.34859582465129790 ) ) ;
#1445 = CARTESIAN_POINT ( 'NONE',  ( -3.399999999980882315, 8.065722905859395493E-06, 20.11235377466995544 ) ) ;
#1446 = CARTESIAN_POINT ( 'NONE',  ( -2.117160757099529445, -2.660480002762764418, 21.22806053981426899 ) ) ;
#1447 = CARTESIAN_POINT ( 'NONE',  ( -0.03899012559647324627, -3.401367914953057792, 17.61040021646106624 ) ) ;
#1448 = CARTESIAN_POINT ( 'NONE',  ( -1.518515850010098367, -3.042074941098939611, 18.77003808478097469 ) ) ;
#1449 = DIRECTION ( 'NONE',  ( 1.000000000000000000, 0.000000000000000000, 0.000000000000000000 ) ) ;
#1450 = CARTESIAN_POINT ( 'NONE',  ( -1.408326112068523317, 3.400000000000000355, 13.62812500341398092 ) ) ;
#1451 = CARTESIAN_POINT ( 'NONE',  ( -4.076582343749999282, 1.688575694911948588, 17.92500000170698726 ) ) ;
#1452 = CARTESIAN_POINT ( 'NONE',  ( -2.480203574663581989, 2.326281963985981083, 19.64978935575590313 ) ) ;
#1453 = CARTESIAN_POINT ( 'NONE',  ( -3.399999999991151434, 5.423796819855185703E-06, 23.54989942219960142 ) ) ;
#1454 = CARTESIAN_POINT ( 'NONE',  ( 1.408326112068525537, -3.399999999999999023, 20.50312500341398447 ) ) ;
#1455 = CARTESIAN_POINT ( 'NONE',  ( 4.076582343749999282, 1.688575694911949254, 17.45625000170706187 ) ) ;
#1456 = CARTESIAN_POINT ( 'NONE',  ( 2.553458264178530168, -2.245002817512442572, 20.28100914171301739 ) ) ;
#1457 = CARTESIAN_POINT ( 'NONE',  ( -0.7908485708301381534, 3.306753582005388381, 20.78351397927709243 ) ) ;
#1458 = VERTEX_POINT ( 'NONE', #2745 ) ;
#1459 = CARTESIAN_POINT ( 'NONE',  ( 1.688575694911950809, -4.076582343749998394, 24.80000000170699082 ) ) ;
#1460 = CARTESIAN_POINT ( 'NONE',  ( -1.892376369155199578, 2.825974478758115804, 22.10572695473554106 ) ) ;
#1461 = CARTESIAN_POINT ( 'NONE',  ( 3.037150093593389943, 1.851522426331677851, 25.44879420441574425 ) ) ;
#1462 = LINE ( 'NONE', #4339, #1038 ) ;
#1463 = CARTESIAN_POINT ( 'NONE',  ( 4.076582343749999282, 1.688575694911949254, 17.61250000170699082 ) ) ;
#1464 = CARTESIAN_POINT ( 'NONE',  ( -3.378310729193080508, 0.3834361001192355678, 23.52823447675654478 ) ) ;
#1465 = CARTESIAN_POINT ( 'NONE',  ( -0.03356447299455369432, -3.400397207387846787, 16.36071357195347886 ) ) ;
#1466 = CARTESIAN_POINT ( 'NONE',  ( 3.399999999999999911, 4.163799117101000559E-16, 22.92499999999999716 ) ) ;
#1467 = CARTESIAN_POINT ( 'NONE',  ( -19.89999999999999858, 0.000000000000000000, 22.80000000000000071 ) ) ;
#1468 = CARTESIAN_POINT ( 'NONE',  ( -2.107429219201846671, -2.668099282860052046, 17.47877556494546170 ) ) ;
#1469 = CARTESIAN_POINT ( 'NONE',  ( 1.318797551973019511, -3.134031797428076249, 18.94175075195489200 ) ) ;
#1470 = CARTESIAN_POINT ( 'NONE',  ( 2.320690402196726954, -2.484857585928949675, 16.51226454078415173 ) ) ;
#1471 = CARTESIAN_POINT ( 'NONE',  ( 4.076582343749975301, -1.688575694911937264, 21.20625000170700858 ) ) ;
#1472 = CARTESIAN_POINT ( 'NONE',  ( 1.688575694911948366, 4.076582343749999282, 17.61250000170699082 ) ) ;
#1473 = CARTESIAN_POINT ( 'NONE',  ( 3.257551323310618141, 1.017862946318152773, 19.23475468595486504 ) ) ;
#1474 = CARTESIAN_POINT ( 'NONE',  ( -2.008333974106697450, 2.743791064247227851, 18.36406985974828387 ) ) ;
#1475 = DIRECTION ( 'NONE',  ( -0.000000000000000000, -0.000000000000000000, 1.000000000000000000 ) ) ;
#1476 = CARTESIAN_POINT ( 'NONE',  ( -2.496186759367026028E-16, 4.076582343749999282, 18.94062500170706187 ) ) ;
#1477 = AXIS2_PLACEMENT_3D ( 'NONE', #180, #2729, #3921 ) ;
#1478 = CARTESIAN_POINT ( 'NONE',  ( 3.399999999978680965, -1.204032179575321316E-05, 20.42499933207821172 ) ) ;
#1479 = CARTESIAN_POINT ( 'NONE',  ( 0.5229147156195002033, 3.359555318601858964, 20.70756113456399206 ) ) ;
#1480 = CARTESIAN_POINT ( 'NONE',  ( -4.076582343749999282, 1.688575694911948588, 21.67500000170699437 ) ) ;
#1481 = ORIENTED_EDGE ( 'NONE', *, *, #2429, .F. ) ;
#1482 = CARTESIAN_POINT ( 'NONE',  ( 2.882579019330974379, -2.882579019330973491, 24.87812500170699082 ) ) ;
#1483 = CARTESIAN_POINT ( 'NONE',  ( -2.074831584018907993, 2.693559226062542944, 22.11879737824004621 ) ) ;
#1484 = CARTESIAN_POINT ( 'NONE',  ( 1.032470539388206099, 3.500361079443886858, 25.54156125396971078 ) ) ;
#1485 = CARTESIAN_POINT ( 'NONE',  ( 2.343830280184229675, 2.463319817771619569, 24.33595836120161593 ) ) ;
#1486 = CARTESIAN_POINT ( 'NONE',  ( -4.076582343749998394, -1.688575694911951253, 20.73750000170699437 ) ) ;
#1487 = CARTESIAN_POINT ( 'NONE',  ( -3.378749497814923508, 0.3795416567910898098, 23.52845783267486013 ) ) ;
#1488 = CARTESIAN_POINT ( 'NONE',  ( -2.580360458230578136, -2.213989973763700991, 16.19164268516852090 ) ) ;
#1489 = CARTESIAN_POINT ( 'NONE',  ( -2.081899558550500280E-16, 3.399999999999999911, 23.23749999999999716 ) ) ;
#1490 = CARTESIAN_POINT ( 'NONE',  ( 0.000000000000000000, 0.000000000000000000, 0.000000000000000000 ) ) ;
#1491 = CARTESIAN_POINT ( 'NONE',  ( -2.589244868387956533, -2.203601098226017907, 17.44087746297073949 ) ) ;
#1492 = DIRECTION ( 'NONE',  ( 1.000000000000000000, 0.000000000000000000, 0.000000000000000000 ) ) ;
#1493 = CARTESIAN_POINT ( 'NONE',  ( 3.260102084186258242, -1.009710406157024787, 16.61574119350698098 ) ) ;
#1494 = AXIS2_PLACEMENT_3D ( 'NONE', #4309, #384, #1801 ) ;
#1495 = CARTESIAN_POINT ( 'NONE',  ( -4.076582343749974413, 0.000000000000000000, 20.65937500170700503 ) ) ;
#1496 = CARTESIAN_POINT ( 'NONE',  ( 3.399999999999999911, 4.163799117101000559E-16, 21.98750000341398092 ) ) ;
#1497 = CARTESIAN_POINT ( 'NONE',  ( 3.116919907422778024, 1.360253888362287000, 19.25696004029199315 ) ) ;
#1498 = CARTESIAN_POINT ( 'NONE',  ( -0.1587223091488690896, 3.396294505808729269, 18.24639007229818688 ) ) ;
#1499 = CARTESIAN_POINT ( 'NONE',  ( -0.2150170169661808628, -3.393196590012882208, 22.60044353693765018 ) ) ;
#1500 = CARTESIAN_POINT ( 'NONE',  ( 2.882579019330973491, 2.882579019330973935, 18.78437500170706187 ) ) ;
#1501 = CARTESIAN_POINT ( 'NONE',  ( -0.8183264480725028767, -3.300106752998421378, 20.06481005996662859 ) ) ;
#1502 = CARTESIAN_POINT ( 'NONE',  ( 3.331196830774272755, 0.6808545404886602315, 15.46436618135836305 ) ) ;
#1503 = EDGE_CURVE ( 'NONE', #992, #4484, #4332, .T. ) ;
#1504 = CARTESIAN_POINT ( 'NONE',  ( -2.882579019330973047, -2.882579019330974379, 24.40937500170699437 ) ) ;
#1505 = CARTESIAN_POINT ( 'NONE',  ( -4.076582343749999282, 0.000000000000000000, 20.50312500170699437 ) ) ;
#1506 = ADVANCED_FACE ( 'NONE', ( #246 ), #928, .T. ) ;
#1507 = CARTESIAN_POINT ( 'NONE',  ( -2.452482781112749421, 2.381048110540463725, 14.96676674019608200 ) ) ;
#1508 = CARTESIAN_POINT ( 'NONE',  ( 2.882579019330974379, -2.882579019330973491, 18.62812500170699082 ) ) ;
#1509 = CARTESIAN_POINT ( 'NONE',  ( -3.399999999999999023, -1.408326112068525537, 22.69062500341397737 ) ) ;
#1510 = CARTESIAN_POINT ( 'NONE',  ( -0.09642011065356641264, -3.399128940902143903, 25.10682088305796356 ) ) ;
#1511 = EDGE_LOOP ( 'NONE', ( #1905, #388, #1174, #3557 ) ) ;
#1512 = CARTESIAN_POINT ( 'NONE',  ( -1.688575694911948810, 4.076582343749999282, 16.67500000170699082 ) ) ;
#1513 = CARTESIAN_POINT ( 'NONE',  ( 0.4474343864431841178, 3.370736447128538593, 23.21196791663793135 ) ) ;
#1514 = CARTESIAN_POINT ( 'NONE',  ( -1.408326112068523983, -3.399999999999999467, 17.84687500341398092 ) ) ;
#1515 = CARTESIAN_POINT ( 'NONE',  ( 3.400000000000000799, -1.408326112068522651, 22.84687500000000071 ) ) ;
#1516 = CARTESIAN_POINT ( 'NONE',  ( -3.375467508523382953, -0.4184071649982795682, 21.07377535041882766 ) ) ;
#1517 = CARTESIAN_POINT ( 'NONE',  ( -2.676411177017969933, 2.098678437843900735, 17.16703299671289784 ) ) ;
#1518 = CARTESIAN_POINT ( 'NONE',  ( -2.004089150621259918, -2.746983896568528483, 18.73632437005678852 ) ) ;
#1519 = CARTESIAN_POINT ( 'NONE',  ( 2.381282326729181609, -2.426961427989345221, 16.51697429580229581 ) ) ;
#1520 = CARTESIAN_POINT ( 'NONE',  ( 2.882579019330956616, -2.882579019330955727, 22.37812500170700503 ) ) ;
#1521 = CARTESIAN_POINT ( 'NONE',  ( -3.399999999999999911, 0.000000000000000000, 25.11250000341398092 ) ) ;
#1522 = CARTESIAN_POINT ( 'NONE',  ( 2.363916164340631898, 2.443808505778837681, 19.33439298662408845 ) ) ;
#1523 = CARTESIAN_POINT ( 'NONE',  ( -2.035155907420097332, 2.723737481014378403, 18.36600764862667745 ) ) ;
#1524 = CARTESIAN_POINT ( 'NONE',  ( -2.650986283873352445, -2.129751349032626973, 22.43546302776342927 ) ) ;
#1525 = CARTESIAN_POINT ( 'NONE',  ( 1.688575694911950809, -4.076582343749998394, 17.14375000170706187 ) ) ;
#1526 = CARTESIAN_POINT ( 'NONE',  ( -1.987610128458448200, -2.758515176186166151, 25.29999999990644000 ) ) ;
#1527 = CARTESIAN_POINT ( 'NONE',  ( 2.765051145217245043, 1.979174583344741167, 20.54937882645316805 ) ) ;
#1528 = CARTESIAN_POINT ( 'NONE',  ( 1.688575694911950809, -4.076582343749998394, 20.89375000170699082 ) ) ;
#1529 = FACE_OUTER_BOUND ( 'NONE', #1717, .T. ) ;
#1530 = CARTESIAN_POINT ( 'NONE',  ( -2.882579019330973047, -2.882579019330974379, 18.31562500170699082 ) ) ;
#1531 = AXIS2_PLACEMENT_3D ( 'NONE', #908, #121, #170 ) ;
#1532 = CARTESIAN_POINT ( 'NONE',  ( 2.848559724847318009, 1.859652287074200050, 21.79068406712929473 ) ) ;
#1533 = CARTESIAN_POINT ( 'NONE',  ( -2.401797679970178567, -2.411324420557122039, 24.95643656239424502 ) ) ;
#1534 = EDGE_LOOP ( 'NONE', ( #3175, #2452 ) ) ;
#1535 = CARTESIAN_POINT ( 'NONE',  ( -1.688575694911948810, 4.076582343749999282, 19.17500000170699437 ) ) ;
#1536 = CARTESIAN_POINT ( 'NONE',  ( 2.819297530247872441, 1.900469933516764520, 23.04376349432621041 ) ) ;
#1537 = CARTESIAN_POINT ( 'NONE',  ( -3.399999999994138822, 4.420163602684026055E-06, 16.04991824737376049 ) ) ;
#1538 = ORIENTED_EDGE ( 'NONE', *, *, #4472, .F. ) ;
#1539 = CARTESIAN_POINT ( 'NONE',  ( 2.404163056034261281, 2.404163056034261725, 20.58124999999999716 ) ) ;
#1540 = CARTESIAN_POINT ( 'NONE',  ( -3.099409325424101525, -2.480953848985205656, 25.86116596577118543 ) ) ;
#1541 = CARTESIAN_POINT ( 'NONE',  ( -3.388494866598416699, -0.2800533385917726714, 17.31579793439841097 ) ) ;
#1542 = CYLINDRICAL_SURFACE ( 'NONE', #282, 3.399999999999999911 ) ;
#1543 = CARTESIAN_POINT ( 'NONE',  ( 2.918372195026416094, -2.846785843635531776, 25.97421699003658802 ) ) ;
#1544 = CARTESIAN_POINT ( 'NONE',  ( 1.207549525240794397, -3.178397388389012423, 16.43457810266740537 ) ) ;
#1545 = CARTESIAN_POINT ( 'NONE',  ( -2.882579019330956172, 2.882579019330956172, 24.25312500170700858 ) ) ;
#1546 = CARTESIAN_POINT ( 'NONE',  ( -2.404163056034261725, 2.404163056034261725, 24.95625000341398092 ) ) ;
#1547 = TOROIDAL_SURFACE ( 'NONE', #3777, 7.344863728670890879, 21.00000000000000000 ) ;
#1548 = CARTESIAN_POINT ( 'NONE',  ( -1.541646317909951325, 3.030478033112181446, 18.33151215230111575 ) ) ;
#1549 = CARTESIAN_POINT ( 'NONE',  ( -1.976795520867741685, -2.768107090028268491, 22.48852317686441893 ) ) ;
#1550 = CARTESIAN_POINT ( 'NONE',  ( 3.081874498219665526, -2.221017357271611203, 14.58843633238209669 ) ) ;
#1551 = CARTESIAN_POINT ( 'NONE',  ( -0.9027133936349721610, -3.278001549152913530, 20.05962077198167037 ) ) ;
#1552 = CARTESIAN_POINT ( 'NONE',  ( -1.066583343170595111, -3.397477437957894697, 25.45393752102582496 ) ) ;
#1553 = CARTESIAN_POINT ( 'NONE',  ( 3.399885083162582422, 0.03016879284369649791, 20.42667500713097795 ) ) ;
#1554 = CARTESIAN_POINT ( 'NONE',  ( -2.496186759367026028E-16, 4.076582343749999282, 23.94062500170699082 ) ) ;
#1555 = CARTESIAN_POINT ( 'NONE',  ( 0.000000000000000000, 0.000000000000000000, 20.00000000000000000 ) ) ;
#1556 = EDGE_CURVE ( 'NONE', #3458, #3334, #3417, .T. ) ;
#1557 = CARTESIAN_POINT ( 'NONE',  ( -4.076582343749999282, 0.000000000000000000, 18.15937500170699082 ) ) ;
#1558 = CARTESIAN_POINT ( 'NONE',  ( 0.7956185179467926138, 3.307402384952074836, 16.94108050986767466 ) ) ;
#1559 = CARTESIAN_POINT ( 'NONE',  ( -2.580365077137787289, -2.214024206826205710, 19.94161669541141535 ) ) ;
#1560 = CARTESIAN_POINT ( 'NONE',  ( 2.522368149378361846, 2.286665501337961537, 21.82189186766657940 ) ) ;
#1561 = B_SPLINE_CURVE_WITH_KNOTS ( 'NONE', 3,
 ( #2474, #2121, #3218, #1393, #4314, #934, #181, #204, #2587, #1631, #62, #889, #557, #2256, #3474, #229, #793, #3094, #3120, #4194, #415, #2372, #915, #3859, #4546, #2613, #4456, #1510, #4429, #1654, #3692, #4405, #1994, #1150, #1875, #2395, #2947, #2704, #1269, #3333, #4047, #439, #2973, #2751, #4169, #2730, #4216, #3719, #4571, #1292, #1899, #3358, #578, #532, #87, #2044, #3498, #766, #1533, #3000, #1122, #1244, #3836, #2019, #2347, #2234, #3814, #3450, #4593, #3613, #4236, #688, #2797, #4325, #4637, #4280, #2485, #2507, #3228, #1678, #1043, #1360, #2110, #1317, #3182, #3903, #253, #3140, #999, #2864, #667, #1404, #622, #957 ),
 .UNSPECIFIED., .F., .F.,
 ( 4, 2, 2, 2, 2, 1, 1, 2, 2, 2, 1, 2, 2, 2, 2, 1, 1, 2, 2, 2, 2, 2, 2, 2, 2, 2, 2, 2, 2, 2, 1, 1, 1, 1, 2, 2, 2, 1, 2, 2, 2, 2, 2, 2, 2, 2, 2, 2, 1, 2, 2, 1, 4 ),
 ( 0.000000000000000000, 0.003035054527857467075, 0.003793818159821834169, 0.003888663613817378104, 0.003983509067812923340, 0.004173199975804007741, 0.004552581791786183482, 0.006070109055714899456, 0.007587636319643614562, 0.007967018135625796374, 0.008346399951607975584, 0.009105163583572330535, 0.01214021811142974513, 0.01517527263928715626, 0.01821032716714457086, 0.01896909079910892235, 0.01934847261509109809, 0.01944331806908664376, 0.01953816352308219290, 0.01972785443107327383, 0.02124538169500191781, 0.02276290895893056526, 0.02314229077491272712, 0.02352167259089488552, 0.02428043622285920231, 0.02731549075071647639, 0.03035054527857374701, 0.03110930891053807074, 0.03120415436453358865, 0.03125157709153133373, 0.03129899981852907187, 0.03148869072652003831, 0.03186807254250197813, 0.03338559980642970271, 0.03490312707035744116, 0.03509281797834840760, 0.03518766343234389082, 0.03528250888633937404, 0.03566189070232131386, 0.03642065433428520738, 0.03793818159821299441, 0.03869694523017689486, 0.03888663613816786130, 0.03907632704615884162, 0.03945570886214079531, 0.04249076338999645264, 0.04552581791785212384, 0.04628458154981603817, 0.04666396336579799881, 0.04685365427378897912, 0.04694849972778446928, 0.04704334518177996638, 0.04856087244570785055 ),
 .UNSPECIFIED. ) ;
#1562 = ORIENTED_EDGE ( 'NONE', *, *, #788, .T. ) ;
#1563 = CARTESIAN_POINT ( 'NONE',  ( 4.076582343749999282, 4.992373518734052056E-16, 17.53437500170699437 ) ) ;
#1564 = CARTESIAN_POINT ( 'NONE',  ( -0.09658649223005771889, 3.398687652443280971, 23.24288590790984799 ) ) ;
#1565 = CARTESIAN_POINT ( 'NONE',  ( 0.000000000000000000, 0.000000000000000000, 28.80000000000000071 ) ) ;
#1566 = VERTEX_POINT ( 'NONE', #4209 ) ;
#1567 = CARTESIAN_POINT ( 'NONE',  ( 2.404163056034261281, 2.404163056034261725, 24.33124999999999716 ) ) ;
#1568 = CARTESIAN_POINT ( 'NONE',  ( -3.399992216226955577, 1.408333895841566985, 22.53437439276454413 ) ) ;
#1569 = CARTESIAN_POINT ( 'NONE',  ( -3.381178786460625751, 0.3572684610118206372, 17.27975567271155910 ) ) ;
#1570 = CARTESIAN_POINT ( 'NONE',  ( -3.846174161000335268, 0.1739482161445299879, 14.53382583899965041 ) ) ;
#1571 = CARTESIAN_POINT ( 'NONE',  ( -1.831409589178474295, -2.866574205624496496, 18.74865829443081822 ) ) ;
#1572 = CARTESIAN_POINT ( 'NONE',  ( 1.688575694911940150, -4.076582343749973525, 23.55000000170700503 ) ) ;
#1573 = CARTESIAN_POINT ( 'NONE',  ( 3.400000000000000355, 1.408326112068523539, 24.56562500341398092 ) ) ;
#1574 = CARTESIAN_POINT ( 'NONE',  ( -1.480873947216864606, 3.060642451086208915, 18.32744716234532945 ) ) ;
#1575 = CARTESIAN_POINT ( 'NONE',  ( -2.077006109691582392, -2.691965677228826959, 22.48106423912359020 ) ) ;
#1576 = CARTESIAN_POINT ( 'NONE',  ( -2.691550245474347403, -2.972793490630111890, 14.37654229467650602 ) ) ;
#1577 = ADVANCED_FACE ( 'NONE', ( #907 ), #1796, .T. ) ;
#1578 = CARTESIAN_POINT ( 'NONE',  ( -0.8658856112393715776, -3.287908148992687796, 20.06189050403548535 ) ) ;
#1579 = CARTESIAN_POINT ( 'NONE',  ( 2.503461864745966992, 2.304068508591004871, 15.57330322247813115 ) ) ;
#1580 = CARTESIAN_POINT ( 'NONE',  ( 3.385561222905177026, 0.3177926403931445876, 20.44285961318930944 ) ) ;
#1581 = CARTESIAN_POINT ( 'NONE',  ( 4.076582343750000170, -1.688575694911947922, 24.80000000170699082 ) ) ;
#1582 = CARTESIAN_POINT ( 'NONE',  ( 3.209458575748718179, 1.746053679651276003, 14.73093831380351482 ) ) ;
#1583 = CARTESIAN_POINT ( 'NONE',  ( -4.076582343749999282, 0.000000000000000000, 20.65937500170699082 ) ) ;
#1584 = CARTESIAN_POINT ( 'NONE',  ( -0.06007812651349238309, 3.399695415799564913, 16.99080943646669084 ) ) ;
#1585 = CARTESIAN_POINT ( 'NONE',  ( -2.499072421355526874, -2.306486005525672844, 19.94845554280421496 ) ) ;
#1586 = ORIENTED_EDGE ( 'NONE', *, *, #2450, .T. ) ;
#1587 = CARTESIAN_POINT ( 'NONE',  ( -2.882579019330973047, -2.882579019330974379, 25.65937500170699082 ) ) ;
#1588 = CARTESIAN_POINT ( 'NONE',  ( 0.5625598250207499706, 3.353144148446942197, 23.20521630312213546 ) ) ;
#1589 = CARTESIAN_POINT ( 'NONE',  ( 0.000000000000000000, 0.000000000000000000, 0.000000000000000000 ) ) ;
#1590 = EDGE_LOOP ( 'NONE', ( #4562, #3531, #2074, #3890 ) ) ;
#1591 = CARTESIAN_POINT ( 'NONE',  ( -1.408326112068523983, -3.399999999999999467, 17.53437499999999716 ) ) ;
#1592 = CARTESIAN_POINT ( 'NONE',  ( -4.076582343749999282, 1.688575694911948588, 26.83125000170699437 ) ) ;
#1593 = CARTESIAN_POINT ( 'NONE',  ( -3.380136308008608204, 0.3670442701669038854, 17.27920553155320960 ) ) ;
#1594 = CARTESIAN_POINT ( 'NONE',  ( -3.400000000000000355, 1.168956769335583568, 15.04765369628259819 ) ) ;
#1595 = CARTESIAN_POINT ( 'NONE',  ( -2.591073567167758274, -2.201440065825249981, 18.69071148281378925 ) ) ;
#1596 = TOROIDAL_SURFACE ( 'NONE', #4270, 15.89999999999999680, 4.000000000000000000 ) ;
#1597 = EDGE_CURVE ( 'NONE', #3527, #1972, #15, .T. ) ;
#1598 = CARTESIAN_POINT ( 'NONE',  ( -2.496186759367009758E-16, 4.076582343749974413, 19.09687500170700503 ) ) ;
#1599 = CARTESIAN_POINT ( 'NONE',  ( -2.404163056034260837, -2.404163056034261725, 20.26875000341398092 ) ) ;
#1600 = CARTESIAN_POINT ( 'NONE',  ( -2.081899558550500280E-16, 3.399999999999999911, 23.55000000341398092 ) ) ;
#1601 = CARTESIAN_POINT ( 'NONE',  ( -2.235078373053110301, -2.564778015414901358, 22.46931304503355875 ) ) ;
#1602 = CYLINDRICAL_SURFACE ( 'NONE', #1018, 6.000000000000000888 ) ;
#1603 = CARTESIAN_POINT ( 'NONE',  ( -0.4668998500527035689, -3.370245271775450302, 20.08597390085488144 ) ) ;
#1604 = CARTESIAN_POINT ( 'NONE',  ( 2.942081217482723332, 1.719885705063273429, 15.53095103740643701 ) ) ;
#1605 = CARTESIAN_POINT ( 'NONE',  ( 3.340205769692622617, 0.6349305287242271723, 20.46157138854984581 ) ) ;
#1606 = CARTESIAN_POINT ( 'NONE',  ( 4.076582343749999282, 1.688575694911949254, 17.45625000170699437 ) ) ;
#1607 = CARTESIAN_POINT ( 'NONE',  ( 0.000000000000000000, 0.000000000000000000, 28.80000000000000071 ) ) ;
#1608 = ORIENTED_EDGE ( 'NONE', *, *, #2636, .T. ) ;
#1609 = CARTESIAN_POINT ( 'NONE',  ( 2.882579019330974379, -2.882579019330973491, 19.87812500170699082 ) ) ;
#1610 = CARTESIAN_POINT ( 'NONE',  ( -0.1518859222646062879, 3.396614009445825033, 16.99600330199757181 ) ) ;
#1611 = CARTESIAN_POINT ( 'NONE',  ( -3.400000002815288358, 0.1094132428189794476, 16.04364925067433489 ) ) ;
#1612 = CARTESIAN_POINT ( 'NONE',  ( 3.399999999999633538, 1.578160971416638109E-06, 23.23750009095981639 ) ) ;
#1613 = EDGE_LOOP ( 'NONE', ( #968, #1301, #3666, #3820 ) ) ;
#1614 = VECTOR ( 'NONE', #600, 1000.000000000000000 ) ;
#1615 = CARTESIAN_POINT ( 'NONE',  ( -4.076582343749999282, 0.000000000000000000, 14.40937500170699082 ) ) ;
#1616 = CARTESIAN_POINT ( 'NONE',  ( 0.8794734618298425399, 3.291951565420232040, 23.18629688538094413 ) ) ;
#1617 = CARTESIAN_POINT ( 'NONE',  ( -3.375322988801841895, -0.4101422079918220498, 16.07332066757464517 ) ) ;
#1618 = CARTESIAN_POINT ( 'NONE',  ( 1.826354236019268384, 2.875683601637952780, 19.37429765089991562 ) ) ;
#1619 = ORIENTED_EDGE ( 'NONE', *, *, #102, .F. ) ;
#1620 = CARTESIAN_POINT ( 'NONE',  ( 1.408326112068522873, 3.400000000000000355, 19.40937500000000071 ) ) ;
#1621 = CARTESIAN_POINT ( 'NONE',  ( -2.081899558550500280E-16, 3.399999999999999911, 21.05000000341398092 ) ) ;
#1622 = CARTESIAN_POINT ( 'NONE',  ( -3.392245741472292853, -0.2323321424839554783, 17.31305711860171570 ) ) ;
#1623 = DIRECTION ( 'NONE',  ( -0.000000000000000000, -0.000000000000000000, 1.000000000000000000 ) ) ;
#1624 = CARTESIAN_POINT ( 'NONE',  ( 4.076582343750000170, -1.688575694911947922, 24.80000000170705832 ) ) ;
#1625 = CARTESIAN_POINT ( 'NONE',  ( -1.688575694911939040, -4.076582343749973525, 19.64375000170700503 ) ) ;
#1626 = CARTESIAN_POINT ( 'NONE',  ( -3.399999999999999911, 0.000000000000000000, 18.86250000341398092 ) ) ;
#1627 = CARTESIAN_POINT ( 'NONE',  ( 1.840336115641709958, 2.858948407938333158, 18.12293802467162251 ) ) ;
#1628 = CARTESIAN_POINT ( 'NONE',  ( 2.777996110584087130, -1.960290375903012583, 21.55196316318146188 ) ) ;
#1629 = CARTESIAN_POINT ( 'NONE',  ( 0.8281419797185947118, -3.801666414801697869, 14.49617938995351096 ) ) ;
#1630 = CARTESIAN_POINT ( 'NONE',  ( 0.2391099699070377005, -3.723677847286564813, 25.62465618321601468 ) ) ;
#1631 = CARTESIAN_POINT ( 'NONE',  ( 2.293265965031958675, -2.510184384161727067, 25.26016190413504248 ) ) ;
#1632 = CARTESIAN_POINT ( 'NONE',  ( 4.076582343749999282, 1.688575694911949254, 21.20625000170699437 ) ) ;
#1633 = CARTESIAN_POINT ( 'NONE',  ( 4.076582343749999282, 4.992373518734052056E-16, 16.12812500170698726 ) ) ;
#1634 = CARTESIAN_POINT ( 'NONE',  ( 0.2859329415789745865, -3.388030243845581158, 23.87863793599657214 ) ) ;
#1635 = CARTESIAN_POINT ( 'NONE',  ( 3.399999999999999911, 7.614789927709764590E-09, 22.92500000042344155 ) ) ;
#1636 = CARTESIAN_POINT ( 'NONE',  ( 0.4748807560975454312, 3.373746539951437029, 16.96022550141622887 ) ) ;
#1637 = CARTESIAN_POINT ( 'NONE',  ( -2.442427144742498335, -2.365912838254366157, 19.95305536742994335 ) ) ;
#1638 = ORIENTED_EDGE ( 'NONE', *, *, #2990, .F. ) ;
#1639 = CARTESIAN_POINT ( 'NONE',  ( -4.076582343749998394, -1.688575694911951253, 14.48750000170699082 ) ) ;
#1640 = CIRCLE ( 'NONE', #4310, 17.90000000000000213 ) ;
#1641 = CARTESIAN_POINT ( 'NONE',  ( -3.400000002955884337, 0.1094239281210228898, 22.29364305119211309 ) ) ;
#1642 = CARTESIAN_POINT ( 'NONE',  ( -2.090771955692450668, -2.681170011261868158, 14.97999999999999332 ) ) ;
#1643 = CARTESIAN_POINT ( 'NONE',  ( -0.3308214920038097806, 3.384681107028066016, 19.50626205550946324 ) ) ;
#1644 = ORIENTED_EDGE ( 'NONE', *, *, #461, .T. ) ;
#1645 = CARTESIAN_POINT ( 'NONE',  ( -1.408326112068523983, -3.399999999999999467, 20.03437499999999361 ) ) ;
#1646 = CARTESIAN_POINT ( 'NONE',  ( 1.408326112068522873, 3.400000000000000355, 20.97187500341398447 ) ) ;
#1647 = CARTESIAN_POINT ( 'NONE',  ( -1.368630911480033463, 3.113420256989807289, 17.07001616704652491 ) ) ;
#1648 = CARTESIAN_POINT ( 'NONE',  ( -3.825884572681183649, 0.000000000000000000, 14.55411542731880736 ) ) ;
#1649 = CARTESIAN_POINT ( 'NONE',  ( -1.408326112068523317, 3.400000000000000355, 21.12812500341398092 ) ) ;
#1650 = CARTESIAN_POINT ( 'NONE',  ( 3.231729643124796159, 1.056780979383805885, 17.98748834061745328 ) ) ;
#1651 = CARTESIAN_POINT ( 'NONE',  ( 2.788348927499331165, -1.945542322466029095, 21.55302311181432628 ) ) ;
#1652 = DIRECTION ( 'NONE',  ( 1.000000000000000000, 0.000000000000000000, 0.000000000000000000 ) ) ;
#1653 = FACE_OUTER_BOUND ( 'NONE', #2538, .T. ) ;
#1654 = CARTESIAN_POINT ( 'NONE',  ( -0.1951020183261125418, -3.394402057229489067, 25.10148328259970185 ) ) ;
#1655 = CARTESIAN_POINT ( 'NONE',  ( 3.400000000000000799, -1.408326112068522651, 16.90937500341398092 ) ) ;
#1656 = CARTESIAN_POINT ( 'NONE',  ( -2.882579019330973935, 2.882579019330973935, 19.09687500170699082 ) ) ;
#1657 = CARTESIAN_POINT ( 'NONE',  ( -4.076582343749999282, 1.688575694911948588, 15.42500000170699259 ) ) ;
#1658 = CARTESIAN_POINT ( 'NONE',  ( -0.001493778728337794449, -3.401313620510543423, 23.86232590131507081 ) ) ;
#1659 = CARTESIAN_POINT ( 'NONE',  ( 4.076582343749999282, 1.688575694911949254, 16.36250000170699082 ) ) ;
#1660 = CARTESIAN_POINT ( 'NONE',  ( 3.091901195140829284, 1.415668328238449680, 16.76060711546431747 ) ) ;
#1661 = CARTESIAN_POINT ( 'NONE',  ( -1.903501489279678882, 2.818563729622308500, 15.85652822936451223 ) ) ;
#1662 = EDGE_CURVE ( 'NONE', #1982, #1325, #3437, .T. ) ;
#1663 = VECTOR ( 'NONE', #4230, 1000.000000000000000 ) ;
#1664 = EDGE_LOOP ( 'NONE', ( #4178, #3363, #3103, #570 ) ) ;
#1665 = CARTESIAN_POINT ( 'NONE',  ( 3.109442908209362866, 2.655715130452584560, 13.92578103858213900 ) ) ;
#1666 = CARTESIAN_POINT ( 'NONE',  ( 0.000000000000000000, 0.000000000000000000, 0.000000000000000000 ) ) ;
#1667 = CARTESIAN_POINT ( 'NONE',  ( 2.807431563324004120, -1.917993975348869062, 15.30500141187451746 ) ) ;
#1668 = CARTESIAN_POINT ( 'NONE',  ( -2.068548859935459117, 2.700475421033599055, 24.61839645414015365 ) ) ;
#1669 = ORIENTED_EDGE ( 'NONE', *, *, #4049, .T. ) ;
#1670 = CARTESIAN_POINT ( 'NONE',  ( 3.400000000000000355, 1.408326112068523539, 19.25312499999999361 ) ) ;
#1671 = CARTESIAN_POINT ( 'NONE',  ( 7.500000000000000000, 9.184850993605147944E-16, 20.00000000000000000 ) ) ;
#1672 = CARTESIAN_POINT ( 'NONE',  ( 1.898392791738618968, -3.617549338582516150, 25.97658234375001030 ) ) ;
#1673 = CARTESIAN_POINT ( 'NONE',  ( -1.688575694911938152, 4.076582343749974413, 20.42500000170700858 ) ) ;
#1674 = CARTESIAN_POINT ( 'NONE',  ( -3.399999999999999023, -1.408326112068525537, 20.19062500341398092 ) ) ;
#1675 = CARTESIAN_POINT ( 'NONE',  ( 2.797200355459941612, 1.932788497313555842, 18.04606998007182739 ) ) ;
#1676 = CARTESIAN_POINT ( 'NONE',  ( -3.399999999994236077, 4.380685645047896072E-06, 22.29991888456655502 ) ) ;
#1677 = CARTESIAN_POINT ( 'NONE',  ( 3.396130560116007668, -0.1759218866601863773, 17.91514861251417656 ) ) ;
#1678 = CARTESIAN_POINT ( 'NONE',  ( -3.173056997987875771, -1.254532550920257616, 24.87487626876957947 ) ) ;
#1679 = CARTESIAN_POINT ( 'NONE',  ( 2.404163056034261725, -2.404163056034261281, 16.83125000341398447 ) ) ;
#1680 = CARTESIAN_POINT ( 'NONE',  ( 1.688575694911950809, -4.076582343749998394, 22.14375000170699082 ) ) ;
#1681 = CARTESIAN_POINT ( 'NONE',  ( 2.882579019330973491, 2.882579019330973935, 20.03437500170699082 ) ) ;
#1682 = CARTESIAN_POINT ( 'NONE',  ( 3.322392748656717743, -0.7547619151077530342, 24.13119832228480277 ) ) ;
#1683 = CARTESIAN_POINT ( 'NONE',  ( 4.076582343749999282, 1.688575694911949254, 17.61250000170699082 ) ) ;
#1684 = CARTESIAN_POINT ( 'NONE',  ( -1.688575694911948810, 4.076582343749999282, 20.26875000170706187 ) ) ;
#1685 = CARTESIAN_POINT ( 'NONE',  ( -1.630720670645012138, 2.983671604494040341, 15.83753287001432852 ) ) ;
#1686 = CARTESIAN_POINT ( 'NONE',  ( 4.076582343749975301, -1.688575694911937264, 16.20625000170700503 ) ) ;
#1687 = ORIENTED_EDGE ( 'NONE', *, *, #1009, .F. ) ;
#1688 = CYLINDRICAL_SURFACE ( 'NONE', #829, 3.399999999999999911 ) ;
#1689 = CARTESIAN_POINT ( 'NONE',  ( 1.209407714569776138, -3.186536997790708092, 15.18463012594902750 ) ) ;
#1690 = EDGE_CURVE ( 'NONE', #4649, #1119, #1462, .T. ) ;
#1691 = CARTESIAN_POINT ( 'NONE',  ( -0.1429895524912475346, 3.396994353483886453, 24.49550222382184117 ) ) ;
#1692 = ORIENTED_EDGE ( 'NONE', *, *, #4452, .T. ) ;
#1693 = CARTESIAN_POINT ( 'NONE',  ( 3.399999999999999911, 4.163799117101000559E-16, 15.42499999999999716 ) ) ;
#1694 = CARTESIAN_POINT ( 'NONE',  ( 0.000000000000000000, 0.000000000000000000, 22.80000000000000071 ) ) ;
#1695 = CARTESIAN_POINT ( 'NONE',  ( 1.408326112068522873, 3.400000000000000355, 17.22187500341398092 ) ) ;
#1696 = CARTESIAN_POINT ( 'NONE',  ( 1.688575694911937930, 4.076582343749974413, 20.26875000170700147 ) ) ;
#1697 = CARTESIAN_POINT ( 'NONE',  ( -1.408326112068523983, -3.399999999999999467, 20.34687500341398092 ) ) ;
#1698 = CARTESIAN_POINT ( 'NONE',  ( 0.5190079169988094376, 3.360154543588110165, 18.20779235952102937 ) ) ;
#1699 = ADVANCED_FACE ( 'NONE', ( #3219 ), #4672, .F. ) ;
#1700 = CARTESIAN_POINT ( 'NONE',  ( 2.067409867072638185, -2.699225635318638794, 21.49328729700769003 ) ) ;
#1701 = CARTESIAN_POINT ( 'NONE',  ( 2.215182968381821382, -2.579879432695278307, 17.75422584587210650 ) ) ;
#1702 = CARTESIAN_POINT ( 'NONE',  ( 3.399999999997205258, 4.359026358250982858E-06, 19.17500024181142138 ) ) ;
#1703 = DIRECTION ( 'NONE',  ( 0.000000000000000000, 0.000000000000000000, 1.000000000000000000 ) ) ;
#1704 = CARTESIAN_POINT ( 'NONE',  ( -3.399999999999999023, -1.408326112068525537, 17.69062500341397737 ) ) ;
#1705 = CARTESIAN_POINT ( 'NONE',  ( -1.688575694911948810, 4.076582343749999282, 21.51875000170699437 ) ) ;
#1706 = CARTESIAN_POINT ( 'NONE',  ( -4.076582343749998394, -1.688575694911951253, 16.83125000170699082 ) ) ;
#1707 = CARTESIAN_POINT ( 'NONE',  ( 0.000000000000000000, 0.000000000000000000, 25.95470053837923885 ) ) ;
#1708 = CARTESIAN_POINT ( 'NONE',  ( -7.500000000000000000, 0.000000000000000000, 0.000000000000000000 ) ) ;
#1709 = CARTESIAN_POINT ( 'NONE',  ( -1.688575694911950142, -4.076582343749998394, 19.48750000170705832 ) ) ;
#1710 = CARTESIAN_POINT ( 'NONE',  ( -3.325779507287236481, 0.7710713280289671623, 16.00518440006727872 ) ) ;
#1711 = CARTESIAN_POINT ( 'NONE',  ( 4.076582343749975301, -1.688575694911937264, 14.95625000170700680 ) ) ;
#1712 = ORIENTED_EDGE ( 'NONE', *, *, #1293, .F. ) ;
#1713 = AXIS2_PLACEMENT_3D ( 'NONE', #1753, #2938, #1776 ) ;
#1714 = CARTESIAN_POINT ( 'NONE',  ( 0.000000000000000000, 0.000000000000000000, 0.000000000000000000 ) ) ;
#1715 = CARTESIAN_POINT ( 'NONE',  ( 2.798502648810217597, -1.930940281846055928, 15.30406995500830192 ) ) ;
#1716 = CARTESIAN_POINT ( 'NONE',  ( -1.788913103190536091, 2.894997209644633251, 24.59834584783576261 ) ) ;
#1717 = EDGE_LOOP ( 'NONE', ( #2898, #244, #2709, #4312 ) ) ;
#1718 = CARTESIAN_POINT ( 'NONE',  ( -2.404163056034260837, -2.404163056034261725, 14.95624999999999716 ) ) ;
#1719 = CARTESIAN_POINT ( 'NONE',  ( -2.882579019330973935, 2.882579019330973935, 21.75312500170699082 ) ) ;
#1720 = CARTESIAN_POINT ( 'NONE',  ( 2.129827962936804653, -3.486092469701374430, 25.97658234374999964 ) ) ;
#1721 = EDGE_CURVE ( 'NONE', #164, #3052, #409, .T. ) ;
#1722 = CARTESIAN_POINT ( 'NONE',  ( 2.404163056034261281, 2.404163056034261725, 25.58124999999999716 ) ) ;
#1723 = CARTESIAN_POINT ( 'NONE',  ( -3.399999998522142519, -0.05470888392691010405, 22.30293568259801873 ) ) ;
#1724 = CARTESIAN_POINT ( 'NONE',  ( 2.762383179939620792, -1.982288087276143251, 17.80035381446148079 ) ) ;
#1725 = CYLINDRICAL_SURFACE ( 'NONE', #197, 3.399999999999999911 ) ;
#1726 = CARTESIAN_POINT ( 'NONE',  ( 3.399999999999924860, 7.140198734185541838E-07, 21.67500003961038502 ) ) ;
#1727 = DIRECTION ( 'NONE',  ( 0.000000000000000000, 0.000000000000000000, -1.000000000000000000 ) ) ;
#1728 = CARTESIAN_POINT ( 'NONE',  ( 7.488560278101077592E-16, -4.076582343749999282, 23.31562500170699082 ) ) ;
#1729 = CARTESIAN_POINT ( 'NONE',  ( -3.367454955892685842, 0.4707146473909464834, 19.77322253046683542 ) ) ;
#1730 = CARTESIAN_POINT ( 'NONE',  ( 3.135276127265973045, -1.315833103636019796, 24.09592218489878945 ) ) ;
#1731 = CARTESIAN_POINT ( 'NONE',  ( -4.076582343749998394, -1.688575694911951253, 15.73750000170698904 ) ) ;
#1732 = CARTESIAN_POINT ( 'NONE',  ( -4.076582343749998394, -1.688575694911951253, 20.58125000170705832 ) ) ;
#1733 = CARTESIAN_POINT ( 'NONE',  ( -3.355609871223445673, 0.5595627961435780673, 16.01776788060974965 ) ) ;
#1734 = CARTESIAN_POINT ( 'NONE',  ( 2.882579019330956616, -2.882579019330955727, 14.87812500170700503 ) ) ;
#1735 = ORIENTED_EDGE ( 'NONE', *, *, #4680, .T. ) ;
#1736 = CYLINDRICAL_SURFACE ( 'NONE', #1900, 3.399999999999999911 ) ;
#1737 = CARTESIAN_POINT ( 'NONE',  ( 2.253931744617164945, -2.545556815619781421, 15.25716708561931512 ) ) ;
#1738 = CARTESIAN_POINT ( 'NONE',  ( -2.549997166568932716, 2.248894367980661002, 24.65571436080807644 ) ) ;
#1739 = ORIENTED_EDGE ( 'NONE', *, *, #4676, .F. ) ;
#1740 = CARTESIAN_POINT ( 'NONE',  ( 7.488560278101077592E-16, -4.076582343749999282, 23.47187500170699082 ) ) ;
#1741 = CARTESIAN_POINT ( 'NONE',  ( 2.882579019330974379, -2.882579019330973491, 22.37812500170699082 ) ) ;
#1742 = APPLICATION_PROTOCOL_DEFINITION ( 'draft international standard', 'automotive_design', 1998, #4653 ) ;
#1743 = CARTESIAN_POINT ( 'NONE',  ( 3.399999999999999911, 4.163799117101000559E-16, 25.42499999999999716 ) ) ;
#1744 = CARTESIAN_POINT ( 'NONE',  ( -1.561480365209953147, -3.020411230681441239, 21.26715685440466785 ) ) ;
#1745 = CARTESIAN_POINT ( 'NONE',  ( 3.375819018215881595, -0.4193445143316112400, 17.90117591482324499 ) ) ;
#1746 = CARTESIAN_POINT ( 'NONE',  ( -0.1659574322380253930, -3.395957234172196859, 18.85320272523205531 ) ) ;
#1747 = ADVANCED_FACE ( 'NONE', ( #816 ), #1823, .T. ) ;
#1748 = DIRECTION ( 'NONE',  ( 1.000000000000000000, 0.000000000000000000, 0.000000000000000000 ) ) ;
#1749 = CARTESIAN_POINT ( 'NONE',  ( -3.400000000000000355, 1.408326112068523095, 13.78437500341398092 ) ) ;
#1750 = CARTESIAN_POINT ( 'NONE',  ( 4.076582343749999282, 4.992373518734052056E-16, 16.12812500170698726 ) ) ;
#1751 = CARTESIAN_POINT ( 'NONE',  ( -2.112695525826264298, 2.664113589857772801, 19.62151648830324646 ) ) ;
#1752 = CARTESIAN_POINT ( 'NONE',  ( -2.328238541608953049, -2.480178684670805822, 23.71215522654198793 ) ) ;
#1753 = CARTESIAN_POINT ( 'NONE',  ( 0.000000000000000000, 0.000000000000000000, 13.98000000000000043 ) ) ;
#1754 = CARTESIAN_POINT ( 'NONE',  ( -4.076582343749999282, 0.000000000000000000, 24.25312500170706187 ) ) ;
#1755 = CARTESIAN_POINT ( 'NONE',  ( 2.155846236535570615, -2.629139344690687441, 20.24977277131987918 ) ) ;
#1756 = CARTESIAN_POINT ( 'NONE',  ( -2.246441221425627521, 2.554541741668116206, 15.88114970148800786 ) ) ;
#1757 = CIRCLE ( 'NONE', #3053, 7.500000000000000000 ) ;
#1758 = CARTESIAN_POINT ( 'NONE',  ( 1.507057347608344866, 3.049818029787381590, 20.64620438209659881 ) ) ;
#1759 = ORIENTED_EDGE ( 'NONE', *, *, #4680, .F. ) ;
#1760 = CARTESIAN_POINT ( 'NONE',  ( -2.051065390312845071, 2.711673950869011751, 22.11710988351356377 ) ) ;
#1761 = CARTESIAN_POINT ( 'NONE',  ( 3.394304432693081797, 0.2020289601224869447, 24.18638041724236132 ) ) ;
#1762 = CARTESIAN_POINT ( 'NONE',  ( 1.688575694911950809, -4.076582343749998394, 26.05000000170699437 ) ) ;
#1763 = CARTESIAN_POINT ( 'NONE',  ( 2.882579019330973491, 2.882579019330973935, 21.44062500170699082 ) ) ;
#1764 = CARTESIAN_POINT ( 'NONE',  ( -1.532094343615834076, 3.036673344720612899, 23.33083798660339880 ) ) ;
#1765 = CARTESIAN_POINT ( 'NONE',  ( -2.326313143946807660, -2.481984335611727044, 16.21230699577663614 ) ) ;
#1766 = CARTESIAN_POINT ( 'NONE',  ( 3.400000000000000355, 1.408326112068523539, 19.56562500341398092 ) ) ;
#1767 = CARTESIAN_POINT ( 'NONE',  ( -0.6864277813549941598, -3.335147235443629121, 21.32272573247043113 ) ) ;
#1768 = CIRCLE ( 'NONE', #2381, 17.84486372867091930 ) ;
#1769 = CARTESIAN_POINT ( 'NONE',  ( 0.5479572968643869890, -3.356023525042855837, 17.64400233458946943 ) ) ;
#1770 = CARTESIAN_POINT ( 'NONE',  ( -0.2260008981361315561, -3.392536582080036833, 18.84978777915998194 ) ) ;
#1771 = FACE_OUTER_BOUND ( 'NONE', #88, .T. ) ;
#1772 = CARTESIAN_POINT ( 'NONE',  ( -4.076582343749974413, 0.000000000000000000, 25.65937500170700503 ) ) ;
#1773 = CARTESIAN_POINT ( 'NONE',  ( 4.076582343750000170, -1.688575694911947922, 18.55000000170699082 ) ) ;
#1774 = CARTESIAN_POINT ( 'NONE',  ( -1.999095861525888695, 2.750546363402401884, 19.61338467245505157 ) ) ;
#1775 = CARTESIAN_POINT ( 'NONE',  ( -0.8735082802855127504, -3.301316425054865000, 23.81158830127521853 ) ) ;
#1776 = DIRECTION ( 'NONE',  ( -1.000000000000000000, 0.000000000000000000, 0.000000000000000000 ) ) ;
#1777 = CARTESIAN_POINT ( 'NONE',  ( -2.882579019330973047, -2.882579019330974379, 20.65937500170705832 ) ) ;
#1778 = CARTESIAN_POINT ( 'NONE',  ( 1.683387273639475934, -2.954083201193136166, 20.21613074905533836 ) ) ;
#1779 = CARTESIAN_POINT ( 'NONE',  ( 2.353200466416899062, 2.454127140101349802, 20.58522519109247284 ) ) ;
#1780 = ORIENTED_EDGE ( 'NONE', *, *, #3747, .F. ) ;
#1781 = CARTESIAN_POINT ( 'NONE',  ( -1.600423675164070358, 3.000052322703099517, 22.08547367941219974 ) ) ;
#1782 = CARTESIAN_POINT ( 'NONE',  ( -2.925723454951999702, 2.418013848971491520, 25.68789273968815934 ) ) ;
#1783 = CARTESIAN_POINT ( 'NONE',  ( -2.953255228855149905, 1.684734116650980607, 20.94627639293901922 ) ) ;
#1784 = CARTESIAN_POINT ( 'NONE',  ( 1.688575694911950809, -4.076582343749998394, 23.55000000170699082 ) ) ;
#1785 = CARTESIAN_POINT ( 'NONE',  ( -0.7898613267989547104, 3.306989549466861078, 23.28345372527299162 ) ) ;
#1786 = CARTESIAN_POINT ( 'NONE',  ( -3.291353714336691549, -0.8631389561674542854, 16.10037887133102075 ) ) ;
#1787 = CARTESIAN_POINT ( 'NONE',  ( -1.688575694911939040, -4.076582343749973525, 17.14375000170700503 ) ) ;
#1788 = EDGE_CURVE ( 'NONE', #827, #2560, #3722, .T. ) ;
#1789 = DIRECTION ( 'NONE',  ( -0.000000000000000000, -0.000000000000000000, 1.000000000000000000 ) ) ;
#1790 = CARTESIAN_POINT ( 'NONE',  ( -0.1712385562530524541, -3.395695661144230382, 21.35290462137243139 ) ) ;
#1791 = CARTESIAN_POINT ( 'NONE',  ( -3.097201120303134658, -1.415319413668808535, 17.38549867891701339 ) ) ;
#1792 = ADVANCED_FACE ( 'NONE', ( #1087 ), #2551, .F. ) ;
#1793 = CARTESIAN_POINT ( 'NONE',  ( -1.279148790009096315, -3.151085159159410232, 18.78577559338301484 ) ) ;
#1794 = DIRECTION ( 'NONE',  ( 1.000000000000000000, 0.000000000000000000, 0.000000000000000000 ) ) ;
#1795 = DIRECTION ( 'NONE',  ( -1.000000000000000000, 0.000000000000000000, 0.000000000000000000 ) ) ;
#1796 =( BOUNDED_SURFACE ( )  B_SPLINE_SURFACE ( 1, 2, ( 
 ( #3828, #1592, #3058, #548, #1233, #2696, #3466, #4159, #880, #2338, #3805, #3559, #4630, #2855, #4317, #3242, #2079, #657, #4698, #3961, #3938, #2147, #4673, #4360, #1419, #3220, #1376, #2521, #1395, #4003, #702, #681, #4295, #994, #1807, #1035, #3604, #2499, #2835, #3983, #329, #3533, #2169, #1784, #1014, #2458, #3264, #2879, #4340, #4718, #4651, #3627, #348, #289, #2478, #1057, #2104, #3583, #1741, #1442, #2903, #2126, #1078, #2543, #309, #269, #1719, #3177, #1354, #2812, #1763, #4274, #3917, #637, #3196, #1124, #1928, #1153, #2643, #1486, #3310, #3385, #2214, #41, #2258, #418, #2615, #1829, #3335, #4051, #824, #2667, #64, #115, #4458, #1205, #723, #4102, #2190, #1535, #2284, #3671, #3694, #3648, #2236, #4074, #1877, #369, #796, #2950, #3748, #393, #3287, #4407, #1179, #3721, #3028, #1902, #468, #1463, #1563, #3003, #1853, #2975, #4485, #2590, #89, #16, #2924, #4382, #1101, #1512, #2565, #4431, #768, #441, #4024, #3360, #745, #3460, #3054, #4179, #923, #3799, #2382, #945, #2333, #189, #566, #4558, #140, #1228, #493, #900, #2356, #1279, #4129, #3079, #2739, #1639, #1615, #3104, #3822, #4225, #4202, #542, #3846, #1665, #516, #2029, #3483 ),
 ( #2003, #215, #3129, #4581, #850, #1302, #2761, #2309, #3774, #1955, #4530, #165, #3412, #4507, #1587, #1978, #2691, #3435, #1254, #4153, #875, #2716, #4500, #485, #866, #1581, #4042, #3665, #1222, #463, #1921, #2302, #4399, #2609, #2684, #82, #1554, #2582, #2633, #4450, #2942, #761, #2229, #4144, #3328, #2277, #2969, #387, #4096, #34, #1847, #57, #786, #3688, #3378, #817, #3404, #4120, #1198, #1172, #842, #3046, #4425, #3304, #3766, #1480, #3354, #3741, #108, #3021, #133, #1145, #411, #4476, #2660, #1528, #1947, #435, #1117, #1871, #1505, #4069, #2251, #3713, #1895, #2996, #1681, #2047, #207, #560, #580, #4261, #2732, #3143, #3500, #3166, #3861, #1997, #3838, #4171, #3816, #959, #3071, #3792, #1296, #536, #4523, #256, #2324, #2022, #233, #2706, #3429, #2776, #3123, #4549, #508, #158, #1342, #1606, #1246, #2800, #2069, #4595, #4618, #3884, #1971, #1706, #892, #2349, #3453, #1319, #4238, #2422, #184, #1271, #1633, #3477, #603, #3096, #2753, #4573, #4196, #917, #2375, #1657, #4218, #937, #2398, #3521, #1407, #2089, #1818, #2113, #2844, #1363, #691, #2867, #713, #1430, #3252, #3231, #2890, #360, #297, #2445, #4350, #3638, #670, #4685, #2158 ) ),
 .UNSPECIFIED., .F., .F., .T. ) 
 B_SPLINE_SURFACE_WITH_KNOTS ( ( 2, 2 ),
 ( 3, 2, 2, 2, 2, 2, 2, 2, 2, 2, 2, 2, 2, 2, 2, 2, 2, 2, 2, 2, 2, 2, 2, 2, 2, 2, 2, 2, 2, 2, 2, 2, 2, 2, 2, 2, 2, 2, 2, 2, 2, 2, 2, 2, 2, 2, 2, 2, 2, 2, 2, 2, 2, 2, 2, 2, 2, 2, 2, 2, 2, 2, 2, 2, 2, 2, 2, 2, 2, 2, 2, 2, 2, 2, 2, 2, 2, 2, 2, 2, 2, 2, 2, 2, 2, 3 ),
 ( 0.000000000000000000, 1.000000000000000000 ),
 ( 0.000000000000000000, 0.01136363636363636395, 0.02272727272727272790, 0.03409090909090908839, 0.04545454545454545581, 0.05681818181818181629, 0.06818181818181817677, 0.07954545454545454419, 0.09090909090909091161, 0.1022727272727272790, 0.1136363636363636326, 0.1250000000000000000, 0.1363636363636363535, 0.1477272727272727348, 0.1590909090909090884, 0.1704545454545454419, 0.1818181818181818232, 0.1931818181818181768, 0.2045454545454545581, 0.2159090909090909116, 0.2272727272727272652, 0.2386363636363636465, 0.2500000000000000000, 0.2613636363636363535, 0.2727272727272727071, 0.2840909090909091161, 0.2954545454545454697, 0.3068181818181818232, 0.3181818181818181768, 0.3295454545454545303, 0.3409090909090908839, 0.3522727272727272929, 0.3636363636363636465, 0.3750000000000000000, 0.3863636363636363535, 0.3977272727272727071, 0.4090909090909091161, 0.4204545454545454697, 0.4318181818181818232, 0.4431818181818181768, 0.4545454545454545303, 0.4659090909090908839, 0.4772727272727272929, 0.4886363636363636465, 0.5000000000000000000, 0.5113636363636363535, 0.5227272727272727071, 0.5340909090909090606, 0.5454545454545454142, 0.5568181818181817677, 0.5681818181818182323, 0.5795454545454545858, 0.5909090909090909394, 0.6022727272727272929, 0.6136363636363636465, 0.6250000000000000000, 0.6363636363636363535, 0.6477272727272727071, 0.6590909090909090606, 0.6704545454545454142, 0.6818181818181817677, 0.6931818181818182323, 0.7045454545454545858, 0.7159090909090909394, 0.7272727272727272929, 0.7386363636363636465, 0.7500000000000000000, 0.7613636363636363535, 0.7727272727272727071, 0.7840909090909090606, 0.7954545454545454142, 0.8068181818181817677, 0.8181818181818182323, 0.8295454545454545858, 0.8409090909090909394, 0.8522727272727272929, 0.8636363636363636465, 0.8750000000000000000, 0.8863636363636363535, 0.8977272727272727071, 0.9090909090909090606, 0.9204545454545454142, 0.9318181818181817677, 0.9431818181818182323, 0.9454828134071887602, 0.9549376415412605956 ),
 .UNSPECIFIED. ) 
 GEOMETRIC_REPRESENTATION_ITEM ( )  RATIONAL_B_SPLINE_SURFACE ( (
 ( 1.000000000000000000, 0.9238795325112867385, 1.000000000000000000, 0.9238795325112867385, 1.000000000000000000, 0.9238795325112867385, 1.000000000000000000, 0.9238795325112867385, 1.000000000000000000, 0.9238795325112867385, 1.000000000000000000, 0.9238795325112867385, 1.000000000000000000, 0.9238795325112867385, 1.000000000000000000, 0.9238795325112867385, 1.000000000000000000, 0.9238795325112867385, 1.000000000000000000, 0.9238795325112867385, 1.000000000000000000, 0.9238795325112867385, 1.000000000000000000, 0.9238795325112867385, 1.000000000000000000, 0.9238795325112867385, 1.000000000000000000, 0.9238795325112867385, 1.000000000000000000, 0.9238795325112867385, 1.000000000000000000, 0.9238795325112867385, 1.000000000000000000, 0.9238795325112867385, 1.000000000000000000, 0.9238795325112867385, 1.000000000000000000, 0.9238795325112867385, 1.000000000000000000, 0.9238795325112867385, 1.000000000000000000, 0.9238795325112867385, 1.000000000000000000, 0.9238795325112867385, 1.000000000000000000, 0.9238795325112867385, 1.000000000000000000, 0.9238795325112867385, 1.000000000000000000, 0.9238795325112867385, 1.000000000000000000, 0.9238795325112867385, 1.000000000000000000, 0.9238795325112867385, 1.000000000000000000, 0.9238795325112867385, 1.000000000000000000, 0.9238795325112867385, 1.000000000000000000, 0.9238795325112867385, 1.000000000000000000, 0.9238795325112867385, 1.000000000000000000, 0.9238795325112867385, 1.000000000000000000, 0.9238795325112867385, 1.000000000000000000, 0.9238795325112867385, 1.000000000000000000, 0.9238795325112867385, 1.000000000000000000, 0.9238795325112867385, 1.000000000000000000, 0.9238795325112867385, 1.000000000000000000, 0.9238795325112867385, 1.000000000000000000, 0.9238795325112867385, 1.000000000000000000, 0.9238795325112867385, 1.000000000000000000, 0.9238795325112867385, 1.000000000000000000, 0.9238795325112867385, 1.000000000000000000, 0.9238795325112867385, 1.000000000000000000, 0.9238795325112867385, 1.000000000000000000, 0.9238795325112867385, 1.000000000000000000, 0.9238795325112867385, 1.000000000000000000, 0.9238795325112867385, 1.000000000000000000, 0.9238795325112867385, 1.000000000000000000, 0.9238795325112867385, 1.000000000000000000, 0.9238795325112867385, 1.000000000000000000, 0.9238795325112867385, 1.000000000000000000, 0.9238795325112867385, 1.000000000000000000, 0.9238795325112867385, 1.000000000000000000, 0.9238795325112867385, 1.000000000000000000, 0.9238795325112867385, 1.000000000000000000, 0.9238795325112867385, 1.000000000000000000, 0.9238795325112867385, 1.000000000000000000, 0.9238795325112867385, 1.000000000000000000, 0.9238795325112867385, 1.000000000000000000, 0.9238795325112867385, 1.000000000000000000, 0.9238795325112867385, 1.000000000000000000, 0.9238795325112867385, 1.000000000000000000, 0.9238795325112867385, 1.000000000000000000, 0.9238795325112867385, 1.000000000000000000, 0.9238795325112867385, 1.000000000000000000, 0.9238795325112867385, 1.000000000000000000, 0.9238795325112867385, 1.000000000000000000, 0.9238795325112867385, 1.000000000000000000, 0.9238795325112867385, 1.000000000000000000, 0.9238795325112867385, 1.000000000000000000, 0.9238795325112867385, 1.000000000000000000, 0.9238795325112867385, 1.000000000000000000, 0.9238795325112867385, 1.000000000000000000, 0.9238795325112867385, 1.000000000000000000, 0.9238795325112867385, 1.000000000000000000, 0.9238795325112867385, 1.000000000000000000, 0.9238795325112867385, 1.000000000000000000, 0.9238795325112867385, 1.000000000000000000, 0.9238795325112867385, 1.000000000000000000, 0.9238795325112867385, 1.000000000000000000, 0.9238795325112867385, 1.000000000000000000, 0.9238795325112867385, 1.000000000000000000, 0.9238795325112867385, 1.000000000000000000, 0.9845865507624838031, 0.9754151655909224505, 0.9754151655909224505, 0.9754151655909224505),
 ( 1.000000000000000000, 0.9238795325112867385, 1.000000000000000000, 0.9238795325112867385, 1.000000000000000000, 0.9238795325112867385, 1.000000000000000000, 0.9238795325112867385, 1.000000000000000000, 0.9238795325112867385, 1.000000000000000000, 0.9238795325112867385, 1.000000000000000000, 0.9238795325112867385, 1.000000000000000000, 0.9238795325112867385, 1.000000000000000000, 0.9238795325112867385, 1.000000000000000000, 0.9238795325112867385, 1.000000000000000000, 0.9238795325112867385, 1.000000000000000000, 0.9238795325112867385, 1.000000000000000000, 0.9238795325112867385, 1.000000000000000000, 0.9238795325112867385, 1.000000000000000000, 0.9238795325112867385, 1.000000000000000000, 0.9238795325112867385, 1.000000000000000000, 0.9238795325112867385, 1.000000000000000000, 0.9238795325112867385, 1.000000000000000000, 0.9238795325112867385, 1.000000000000000000, 0.9238795325112867385, 1.000000000000000000, 0.9238795325112867385, 1.000000000000000000, 0.9238795325112867385, 1.000000000000000000, 0.9238795325112867385, 1.000000000000000000, 0.9238795325112867385, 1.000000000000000000, 0.9238795325112867385, 1.000000000000000000, 0.9238795325112867385, 1.000000000000000000, 0.9238795325112867385, 1.000000000000000000, 0.9238795325112867385, 1.000000000000000000, 0.9238795325112867385, 1.000000000000000000, 0.9238795325112867385, 1.000000000000000000, 0.9238795325112867385, 1.000000000000000000, 0.9238795325112867385, 1.000000000000000000, 0.9238795325112867385, 1.000000000000000000, 0.9238795325112867385, 1.000000000000000000, 0.9238795325112867385, 1.000000000000000000, 0.9238795325112867385, 1.000000000000000000, 0.9238795325112867385, 1.000000000000000000, 0.9238795325112867385, 1.000000000000000000, 0.9238795325112867385, 1.000000000000000000, 0.9238795325112867385, 1.000000000000000000, 0.9238795325112867385, 1.000000000000000000, 0.9238795325112867385, 1.000000000000000000, 0.9238795325112867385, 1.000000000000000000, 0.9238795325112867385, 1.000000000000000000, 0.9238795325112867385, 1.000000000000000000, 0.9238795325112867385, 1.000000000000000000, 0.9238795325112867385, 1.000000000000000000, 0.9238795325112867385, 1.000000000000000000, 0.9238795325112867385, 1.000000000000000000, 0.9238795325112867385, 1.000000000000000000, 0.9238795325112867385, 1.000000000000000000, 0.9238795325112867385, 1.000000000000000000, 0.9238795325112867385, 1.000000000000000000, 0.9238795325112867385, 1.000000000000000000, 0.9238795325112867385, 1.000000000000000000, 0.9238795325112867385, 1.000000000000000000, 0.9238795325112867385, 1.000000000000000000, 0.9238795325112867385, 1.000000000000000000, 0.9238795325112867385, 1.000000000000000000, 0.9238795325112867385, 1.000000000000000000, 0.9238795325112867385, 1.000000000000000000, 0.9238795325112867385, 1.000000000000000000, 0.9238795325112867385, 1.000000000000000000, 0.9238795325112867385, 1.000000000000000000, 0.9238795325112867385, 1.000000000000000000, 0.9238795325112867385, 1.000000000000000000, 0.9238795325112867385, 1.000000000000000000, 0.9238795325112867385, 1.000000000000000000, 0.9238795325112867385, 1.000000000000000000, 0.9238795325112867385, 1.000000000000000000, 0.9238795325112867385, 1.000000000000000000, 0.9238795325112867385, 1.000000000000000000, 0.9238795325112867385, 1.000000000000000000, 0.9238795325112867385, 1.000000000000000000, 0.9238795325112867385, 1.000000000000000000, 0.9238795325112867385, 1.000000000000000000, 0.9238795325112867385, 1.000000000000000000, 0.9238795325112867385, 1.000000000000000000, 0.9238795325112867385, 1.000000000000000000, 0.9238795325112867385, 1.000000000000000000, 0.9238795325112867385, 1.000000000000000000, 0.9238795325112867385, 1.000000000000000000, 0.9238795325112867385, 1.000000000000000000, 0.9845865507624838031, 0.9754151655909224505, 0.9754151655909224505, 0.9754151655909224505) ) ) 
 REPRESENTATION_ITEM ( '' )  SURFACE ( )  );
#1797 = CARTESIAN_POINT ( 'NONE',  ( 1.688575694911950809, -4.076582343749998394, 18.39375000170699082 ) ) ;
#1798 = CARTESIAN_POINT ( 'NONE',  ( -2.535414404439389369, 2.265485198516286935, 19.65445729661213292 ) ) ;
#1799 = CARTESIAN_POINT ( 'NONE',  ( -2.564355360078549140, -2.232799160819509243, 23.69295936783332834 ) ) ;
#1800 = CARTESIAN_POINT ( 'NONE',  ( -2.882579019330973935, 2.882579019330973935, 17.84687500170705832 ) ) ;
#1801 = DIRECTION ( 'NONE',  ( 1.000000000000000000, 0.000000000000000000, -0.000000000000000000 ) ) ;
#1802 = CARTESIAN_POINT ( 'NONE',  ( 2.569046332924861620, 2.229743287762414816, 20.56771762430522088 ) ) ;
#1803 = ORIENTED_EDGE ( 'NONE', *, *, #2588, .F. ) ;
#1804 = CARTESIAN_POINT ( 'NONE',  ( 1.823412767896522846, 2.877655800460036328, 21.87450219405431184 ) ) ;
#1805 =( LENGTH_UNIT ( ) NAMED_UNIT ( * ) SI_UNIT ( .MILLI., .METRE. ) );
#1806 = CARTESIAN_POINT ( 'NONE',  ( -2.107679123891935902, 2.668149296488075084, 20.87109744268801137 ) ) ;
#1807 = CARTESIAN_POINT ( 'NONE',  ( -2.882579019330973935, 2.882579019330973935, 24.25312500170699082 ) ) ;
#1808 = CARTESIAN_POINT ( 'NONE',  ( -15.89999999999999680, 1.947188410644291380E-15, 22.49059892324148890 ) ) ;
#1809 = CARTESIAN_POINT ( 'NONE',  ( -2.583390909530231649, -2.210450651462267047, 16.19138509165379247 ) ) ;
#1810 = CARTESIAN_POINT ( 'NONE',  ( 7.488560278101030260E-16, -4.076582343749974413, 17.22187500170700858 ) ) ;
#1811 = CARTESIAN_POINT ( 'NONE',  ( 3.400000000000000355, 1.408326112068523539, 26.75312499999999716 ) ) ;
#1812 = CARTESIAN_POINT ( 'NONE',  ( -1.273587341646260196, -3.153337518007622187, 21.28612985264601321 ) ) ;
#1813 = CARTESIAN_POINT ( 'NONE',  ( -2.098932380050472890, -2.674786508194038515, 17.47940061735357276 ) ) ;
#1814 = CARTESIAN_POINT ( 'NONE',  ( 2.314911290427783541, -2.490231335974629534, 19.01182054260355869 ) ) ;
#1815 = CARTESIAN_POINT ( 'NONE',  ( -4.076582343750000170, 0.3578786150163018043, 14.30341765624999617 ) ) ;
#1816 = CARTESIAN_POINT ( 'NONE',  ( 3.400000000000000355, 1.408326112068523539, 14.56562500341398092 ) ) ;
#1817 = CARTESIAN_POINT ( 'NONE',  ( -2.882579019330973047, -2.882579019330974379, 18.15937500170699082 ) ) ;
#1818 = CARTESIAN_POINT ( 'NONE',  ( 4.076582343749999282, 4.992373518734052056E-16, 14.87812500170699082 ) ) ;
#1819 = CARTESIAN_POINT ( 'NONE',  ( -2.783426820665569679, -1.957575915111749776, 23.67260387598238225 ) ) ;
#1820 = CARTESIAN_POINT ( 'NONE',  ( 3.399760018498437564, -0.04706622572772543867, 22.92238293426560602 ) ) ;
#1821 = CARTESIAN_POINT ( 'NONE',  ( 2.882579019330973491, 2.882579019330973935, 15.03437500170705832 ) ) ;
#1822 = CARTESIAN_POINT ( 'NONE',  ( -2.945215911217954119, -1.990660869543085632, 14.83563022458041658 ) ) ;
#1823 =( BOUNDED_SURFACE ( )  B_SPLINE_SURFACE ( 1, 2, ( 
 ( #4424, #434, #2632, #1144, #2276, #507, #3428, #2228, #3070, #1245, #107, #462, #484, #4170, #3740, #2705, #3687, #410, #3765, #1894, #3377, #4068, #3353, #1870, #785, #3327, #1197, #2995, #2250, #56, #1504, #3020, #4449, #1171, #4119, #841, #2301, #3122, #916, #3142, #2068, #4195, #3165, #4594, #1728, #2799, #4260, #2397, #4237, #2822, #1318, #958, #4617, #3520, #1362, #232, #579, #3904, #3184, #1680, #602, #206, #4548, #2775, #2421, #2046, #255, #1705, #3095, #3837, #1295, #1632, #2752, #1341, #979, #891, #2444, #624, #3499, #3860, #3883, #2348, #4217, #2088, #3543, #4639, #276, #559, #3815, #2731, #2374, #535, #1270, #1996, #3452, #2021, #3476, #183, #1656, #4572, #936, #4660, #645, #2, #338, #1773, #4304, #1797, #712, #2843, #1817, #3251, #380, #1451, #2912, #1045, #2889, #1472, #4707, #4349, #3275, #2178, #27, #3615, #3971, #2552, #1838, #1429, #3992, #3591, #1066, #2466, #4282, #2112, #3297, #3568, #1750, #1000, #4012, #359, #3924, #1088, #296, #2200, #1383, #3205, #1022, #2530, #3637, #4369, #2487, #3230, #3949, #690, #732, #669, #3657, #2134, #317, #4684, #1406, #2866, #4327, #2510, #2157, #502, #3371, #4033, #3785 ),
 ( #100, #1965, #4112, #3038, #3681, #2318, #478, #4416, #455, #125, #777, #2295, #3759, #3397, #1938, #2934, #1521, #835, #1546, #74, #3014, #808, #3421, #1573, #4088, #2244, #4493, #2270, #148, #1216, #4468, #427, #1863, #2677, #3732, #1190, #4137, #3705, #860, #4392, #1136, #1887, #1110, #2961, #4442, #2600, #2653, #1914, #3345, #2575, #754, #2986, #2223, #403, #3320, #50, #1496, #4061, #1164, #2626, #2038, #3535, #3469, #2792, #3493, #248, #199, #1649, #4253, #3089, #3114, #4588, #1286, #224, #4164, #4211, #2390, #1697, #1599, #1674, #973, #595, #2081, #4516, #3158, #1238, #2412, #4610, #4541, #1312, #527, #4231, #3876, #1335, #1989, #174, #1626, #1264, #182, #155, #558, #3882, #2045, #2443, #2420, #254, #533, #4259, #601, #2020, #935, #1704, #3475, #3163, #623, #3427, #3069, #1995, #2396, #205, #231, #1655, #1679, #4638, #644, #3991, #689, #3923, #4683, #4348, #1382, #2529, #4011, #4659, #2156, #2177, #4706, #4281, #3567, #1361, #2865, #4326, #1428, #295, #1044, #711, #2842, #2888, #1065, #3636, #358, #1816, #1405, #1, #2509, #1021, #2465, #2821, #2111, #3274, #3614, #1749, #3970, #1450, #4303, #2911, #2087, #2486, #337 ) ),
 .UNSPECIFIED., .F., .F., .T. ) 
 B_SPLINE_SURFACE_WITH_KNOTS ( ( 2, 2 ),
 ( 3, 2, 2, 2, 2, 2, 2, 2, 2, 2, 2, 2, 2, 2, 2, 2, 2, 2, 2, 2, 2, 2, 2, 2, 2, 2, 2, 2, 2, 2, 2, 2, 2, 2, 2, 2, 2, 2, 2, 2, 2, 2, 2, 2, 2, 2, 2, 2, 2, 2, 2, 2, 2, 2, 2, 2, 2, 2, 2, 2, 2, 2, 2, 2, 2, 2, 2, 2, 2, 2, 2, 2, 2, 2, 2, 2, 2, 2, 2, 2, 2, 2, 2, 2, 3 ),
 ( 0.000000000000000000, 1.000000000000000000 ),
 ( 0.000000000000000000, 0.01136363636363636395, 0.02272727272727272790, 0.03409090909090908839, 0.04545454545454545581, 0.05681818181818181629, 0.06818181818181817677, 0.07954545454545454419, 0.09090909090909091161, 0.1022727272727272790, 0.1136363636363636326, 0.1250000000000000000, 0.1363636363636363535, 0.1477272727272727348, 0.1590909090909090884, 0.1704545454545454419, 0.1818181818181818232, 0.1931818181818181768, 0.2045454545454545581, 0.2159090909090909116, 0.2272727272727272652, 0.2386363636363636465, 0.2500000000000000000, 0.2613636363636363535, 0.2727272727272727071, 0.2840909090909091161, 0.2954545454545454697, 0.3068181818181818232, 0.3181818181818181768, 0.3295454545454545303, 0.3409090909090908839, 0.3522727272727272929, 0.3636363636363636465, 0.3750000000000000000, 0.3863636363636363535, 0.3977272727272727071, 0.4090909090909091161, 0.4204545454545454697, 0.4318181818181818232, 0.4431818181818181768, 0.4545454545454545303, 0.4659090909090908839, 0.4772727272727272929, 0.4886363636363636465, 0.5000000000000000000, 0.5113636363636363535, 0.5227272727272727071, 0.5340909090909090606, 0.5454545454545454142, 0.5568181818181817677, 0.5681818181818182323, 0.5795454545454545858, 0.5909090909090909394, 0.6022727272727272929, 0.6136363636363636465, 0.6250000000000000000, 0.6363636363636363535, 0.6477272727272727071, 0.6590909090909090606, 0.6704545454545454142, 0.6818181818181817677, 0.6931818181818182323, 0.7045454545454545858, 0.7159090909090909394, 0.7272727272727272929, 0.7386363636363636465, 0.7500000000000000000, 0.7613636363636363535, 0.7727272727272727071, 0.7840909090909090606, 0.7954545454545454142, 0.8068181818181817677, 0.8181818181818182323, 0.8295454545454545858, 0.8409090909090909394, 0.8522727272727272929, 0.8636363636363636465, 0.8750000000000000000, 0.8863636363636363535, 0.8977272727272727071, 0.9090909090909090606, 0.9204545454545454142, 0.9318181818181817677, 0.9431818181818182323, 0.9454829148223623525 ),
 .UNSPECIFIED. ) 
 GEOMETRIC_REPRESENTATION_ITEM ( )  RATIONAL_B_SPLINE_SURFACE ( (
 ( 1.000000000000000000, 0.9238795325112867385, 1.000000000000000000, 0.9238795325112867385, 1.000000000000000000, 0.9238795325112867385, 1.000000000000000000, 0.9238795325112867385, 1.000000000000000000, 0.9238795325112867385, 1.000000000000000000, 0.9238795325112867385, 1.000000000000000000, 0.9238795325112867385, 1.000000000000000000, 0.9238795325112867385, 1.000000000000000000, 0.9238795325112867385, 1.000000000000000000, 0.9238795325112867385, 1.000000000000000000, 0.9238795325112867385, 1.000000000000000000, 0.9238795325112867385, 1.000000000000000000, 0.9238795325112867385, 1.000000000000000000, 0.9238795325112867385, 1.000000000000000000, 0.9238795325112867385, 1.000000000000000000, 0.9238795325112867385, 1.000000000000000000, 0.9238795325112867385, 1.000000000000000000, 0.9238795325112867385, 1.000000000000000000, 0.9238795325112867385, 1.000000000000000000, 0.9238795325112867385, 1.000000000000000000, 0.9238795325112867385, 1.000000000000000000, 0.9238795325112867385, 1.000000000000000000, 0.9238795325112867385, 1.000000000000000000, 0.9238795325112867385, 1.000000000000000000, 0.9238795325112867385, 1.000000000000000000, 0.9238795325112867385, 1.000000000000000000, 0.9238795325112867385, 1.000000000000000000, 0.9238795325112867385, 1.000000000000000000, 0.9238795325112867385, 1.000000000000000000, 0.9238795325112867385, 1.000000000000000000, 0.9238795325112867385, 1.000000000000000000, 0.9238795325112867385, 1.000000000000000000, 0.9238795325112867385, 1.000000000000000000, 0.9238795325112867385, 1.000000000000000000, 0.9238795325112867385, 1.000000000000000000, 0.9238795325112867385, 1.000000000000000000, 0.9238795325112867385, 1.000000000000000000, 0.9238795325112867385, 1.000000000000000000, 0.9238795325112867385, 1.000000000000000000, 0.9238795325112867385, 1.000000000000000000, 0.9238795325112867385, 1.000000000000000000, 0.9238795325112867385, 1.000000000000000000, 0.9238795325112867385, 1.000000000000000000, 0.9238795325112867385, 1.000000000000000000, 0.9238795325112867385, 1.000000000000000000, 0.9238795325112867385, 1.000000000000000000, 0.9238795325112867385, 1.000000000000000000, 0.9238795325112867385, 1.000000000000000000, 0.9238795325112867385, 1.000000000000000000, 0.9238795325112867385, 1.000000000000000000, 0.9238795325112867385, 1.000000000000000000, 0.9238795325112867385, 1.000000000000000000, 0.9238795325112867385, 1.000000000000000000, 0.9238795325112867385, 1.000000000000000000, 0.9238795325112867385, 1.000000000000000000, 0.9238795325112867385, 1.000000000000000000, 0.9238795325112867385, 1.000000000000000000, 0.9238795325112867385, 1.000000000000000000, 0.9238795325112867385, 1.000000000000000000, 0.9238795325112867385, 1.000000000000000000, 0.9238795325112867385, 1.000000000000000000, 0.9238795325112867385, 1.000000000000000000, 0.9238795325112867385, 1.000000000000000000, 0.9238795325112867385, 1.000000000000000000, 0.9238795325112867385, 1.000000000000000000, 0.9238795325112867385, 1.000000000000000000, 0.9238795325112867385, 1.000000000000000000, 0.9238795325112867385, 1.000000000000000000, 0.9238795325112867385, 1.000000000000000000, 0.9238795325112867385, 1.000000000000000000, 0.9238795325112867385, 1.000000000000000000, 0.9238795325112867385, 1.000000000000000000, 0.9238795325112867385, 1.000000000000000000, 0.9238795325112867385, 1.000000000000000000, 0.9238795325112867385, 1.000000000000000000, 0.9238795325112867385, 1.000000000000000000, 0.9238795325112867385, 1.000000000000000000, 0.9238795325112867385, 1.000000000000000000, 0.9238795325112867385, 1.000000000000000000, 0.9238795325112867385, 1.000000000000000000, 0.9238795325112867385, 1.000000000000000000, 0.9238795325112867385, 1.000000000000000000, 0.9238795325112867385, 1.000000000000000000, 0.9845858714226864983, 0.9754143571549390712),
 ( 1.000000000000000000, 0.9238795325112867385, 1.000000000000000000, 0.9238795325112867385, 1.000000000000000000, 0.9238795325112867385, 1.000000000000000000, 0.9238795325112867385, 1.000000000000000000, 0.9238795325112867385, 1.000000000000000000, 0.9238795325112867385, 1.000000000000000000, 0.9238795325112867385, 1.000000000000000000, 0.9238795325112867385, 1.000000000000000000, 0.9238795325112867385, 1.000000000000000000, 0.9238795325112867385, 1.000000000000000000, 0.9238795325112867385, 1.000000000000000000, 0.9238795325112867385, 1.000000000000000000, 0.9238795325112867385, 1.000000000000000000, 0.9238795325112867385, 1.000000000000000000, 0.9238795325112867385, 1.000000000000000000, 0.9238795325112867385, 1.000000000000000000, 0.9238795325112867385, 1.000000000000000000, 0.9238795325112867385, 1.000000000000000000, 0.9238795325112867385, 1.000000000000000000, 0.9238795325112867385, 1.000000000000000000, 0.9238795325112867385, 1.000000000000000000, 0.9238795325112867385, 1.000000000000000000, 0.9238795325112867385, 1.000000000000000000, 0.9238795325112867385, 1.000000000000000000, 0.9238795325112867385, 1.000000000000000000, 0.9238795325112867385, 1.000000000000000000, 0.9238795325112867385, 1.000000000000000000, 0.9238795325112867385, 1.000000000000000000, 0.9238795325112867385, 1.000000000000000000, 0.9238795325112867385, 1.000000000000000000, 0.9238795325112867385, 1.000000000000000000, 0.9238795325112867385, 1.000000000000000000, 0.9238795325112867385, 1.000000000000000000, 0.9238795325112867385, 1.000000000000000000, 0.9238795325112867385, 1.000000000000000000, 0.9238795325112867385, 1.000000000000000000, 0.9238795325112867385, 1.000000000000000000, 0.9238795325112867385, 1.000000000000000000, 0.9238795325112867385, 1.000000000000000000, 0.9238795325112867385, 1.000000000000000000, 0.9238795325112867385, 1.000000000000000000, 0.9238795325112867385, 1.000000000000000000, 0.9238795325112867385, 1.000000000000000000, 0.9238795325112867385, 1.000000000000000000, 0.9238795325112867385, 1.000000000000000000, 0.9238795325112867385, 1.000000000000000000, 0.9238795325112867385, 1.000000000000000000, 0.9238795325112867385, 1.000000000000000000, 0.9238795325112867385, 1.000000000000000000, 0.9238795325112867385, 1.000000000000000000, 0.9238795325112867385, 1.000000000000000000, 0.9238795325112867385, 1.000000000000000000, 0.9238795325112867385, 1.000000000000000000, 0.9238795325112867385, 1.000000000000000000, 0.9238795325112867385, 1.000000000000000000, 0.9238795325112867385, 1.000000000000000000, 0.9238795325112867385, 1.000000000000000000, 0.9238795325112867385, 1.000000000000000000, 0.9238795325112867385, 1.000000000000000000, 0.9238795325112867385, 1.000000000000000000, 0.9238795325112867385, 1.000000000000000000, 0.9238795325112867385, 1.000000000000000000, 0.9238795325112867385, 1.000000000000000000, 0.9238795325112867385, 1.000000000000000000, 0.9238795325112867385, 1.000000000000000000, 0.9238795325112867385, 1.000000000000000000, 0.9238795325112867385, 1.000000000000000000, 0.9238795325112867385, 1.000000000000000000, 0.9238795325112867385, 1.000000000000000000, 0.9238795325112867385, 1.000000000000000000, 0.9238795325112867385, 1.000000000000000000, 0.9238795325112867385, 1.000000000000000000, 0.9238795325112867385, 1.000000000000000000, 0.9238795325112867385, 1.000000000000000000, 0.9238795325112867385, 1.000000000000000000, 0.9238795325112867385, 1.000000000000000000, 0.9238795325112867385, 1.000000000000000000, 0.9238795325112867385, 1.000000000000000000, 0.9238795325112867385, 1.000000000000000000, 0.9238795325112867385, 1.000000000000000000, 0.9238795325112867385, 1.000000000000000000, 0.9238795325112867385, 1.000000000000000000, 0.9238795325112867385, 1.000000000000000000, 0.9845858714226864983, 0.9754143571549390712) ) ) 
 REPRESENTATION_ITEM ( '' )  SURFACE ( )  );
#1824 = CARTESIAN_POINT ( 'NONE',  ( -0.1238112416344654548, 3.397760964351169921, 20.74441927592586055 ) ) ;
#1825 = EDGE_LOOP ( 'NONE', ( #1437, #3260, #193, #2833, #2472, #2694, #1562, #4486 ) ) ;
#1826 = AXIS2_PLACEMENT_3D ( 'NONE', #2268, #336, #752 ) ;
#1827 = CARTESIAN_POINT ( 'NONE',  ( -3.213866865398081973, 1.112557430271095216, 22.23400503858723098 ) ) ;
#1828 = CARTESIAN_POINT ( 'NONE',  ( -2.074947969428049710, 2.693470102256536158, 20.86879868217455325 ) ) ;
#1829 = CARTESIAN_POINT ( 'NONE',  ( 4.076582343749999282, 1.688575694911949254, 20.11250000170699082 ) ) ;
#1830 = CARTESIAN_POINT ( 'NONE',  ( -3.400000003957455164, 0.1104051525250014654, 23.54353983288932994 ) ) ;
#1831 = CARTESIAN_POINT ( 'NONE',  ( 1.109098969816576519, -3.214404940232035379, 16.42829266925076581 ) ) ;
#1832 = CARTESIAN_POINT ( 'NONE',  ( 1.408326112068525537, -3.399999999999999023, 22.69062499999999716 ) ) ;
#1833 = CARTESIAN_POINT ( 'NONE',  ( -2.499069364320289477, -2.306489230068077934, 21.19845081517813767 ) ) ;
#1834 = CARTESIAN_POINT ( 'NONE',  ( -0.1891946734539681485, -3.394738618447536549, 17.60188370155925952 ) ) ;
#1835 = CARTESIAN_POINT ( 'NONE',  ( -1.351187939433568408, -3.121045510782019861, 18.78111338493061666 ) ) ;
#1836 = CARTESIAN_POINT ( 'NONE',  ( 2.682359062376078462, -2.101269155205361727, 16.54220331421952750 ) ) ;
#1837 = CARTESIAN_POINT ( 'NONE',  ( 4.076582343749974413, 1.688575694911938596, 21.36250000170700503 ) ) ;
#1838 = CARTESIAN_POINT ( 'NONE',  ( -2.882579019330973047, -2.882579019330974379, 16.90937500170699437 ) ) ;
#1839 = CARTESIAN_POINT ( 'NONE',  ( -0.1511601495878066026, 3.396638668199423172, 19.49596278541739736 ) ) ;
#1840 = EDGE_CURVE ( 'NONE', #3598, #2494, #2311, .T. ) ;
#1841 = CARTESIAN_POINT ( 'NONE',  ( -3.327342587463571810, 0.7637117307286676038, 18.50561619700012628 ) ) ;
#1842 = LINE ( 'NONE', #2870, #4608 ) ;
#1843 = CARTESIAN_POINT ( 'NONE',  ( 2.882579019330973491, 2.882579019330973935, 17.53437500170706187 ) ) ;
#1844 = CARTESIAN_POINT ( 'NONE',  ( 2.142606410060514666, -2.639933605966991337, 20.24881718725160340 ) ) ;
#1845 = CARTESIAN_POINT ( 'NONE',  ( 0.3486040744862857754, 3.382931792224281420, 15.71764366694233139 ) ) ;
#1846 = CARTESIAN_POINT ( 'NONE',  ( -0.5261170488486733854, 3.361137168709653178, 20.76758465996549319 ) ) ;
#1847 = CARTESIAN_POINT ( 'NONE',  ( -2.882579019330973935, 2.882579019330973935, 22.84687500170699082 ) ) ;
#1848 = EDGE_LOOP ( 'NONE', ( #2165, #109, #2001, #2765 ) ) ;
#1849 = CARTESIAN_POINT ( 'NONE',  ( 2.882579019330973491, 2.882579019330973935, 26.44062500170699082 ) ) ;
#1850 = CARTESIAN_POINT ( 'NONE',  ( -2.568575409751777894, 2.227700738759150756, 22.15731835337185629 ) ) ;
#1851 = CARTESIAN_POINT ( 'NONE',  ( 2.404163056034261281, 2.404163056034261725, 24.64375000341398092 ) ) ;
#1852 = CARTESIAN_POINT ( 'NONE',  ( 3.031407583207303968, 1.541075418099481453, 24.26892618486759545 ) ) ;
#1853 = CARTESIAN_POINT ( 'NONE',  ( 2.882579019330974379, -2.882579019330973491, 17.37812500170699082 ) ) ;
#1854 = CARTESIAN_POINT ( 'NONE',  ( -3.394618115936292924, 0.2208102615106926347, 23.53733638277547158 ) ) ;
#1855 = CARTESIAN_POINT ( 'NONE',  ( -2.003567438902460474, -2.747356202691528804, 16.23636147549750319 ) ) ;
#1856 = CARTESIAN_POINT ( 'NONE',  ( -3.399999999999999911, 0.000000000000000000, 24.80000000000000071 ) ) ;
#1857 = CARTESIAN_POINT ( 'NONE',  ( -3.386697768951917098, -0.3013819218654023580, 21.06702426730479871 ) ) ;
#1858 = CARTESIAN_POINT ( 'NONE',  ( -2.134190021648598279, -2.646801933776221194, 17.47680080833424654 ) ) ;
#1859 = CARTESIAN_POINT ( 'NONE',  ( -3.361760764933499512, -0.5205722454131169741, 18.57976398764683879 ) ) ;
#1860 = CARTESIAN_POINT ( 'NONE',  ( 0.000000000000000000, 0.000000000000000000, 0.000000000000000000 ) ) ;
#1861 = EDGE_CURVE ( 'NONE', #266, #143, #2571, .T. ) ;
#1862 = CARTESIAN_POINT ( 'NONE',  ( -1.688575694911939040, -4.076582343749973525, 20.89375000170700503 ) ) ;
#1863 = CARTESIAN_POINT ( 'NONE',  ( -3.399999999999999911, 0.000000000000000000, 23.86250000341398092 ) ) ;
#1864 = CARTESIAN_POINT ( 'NONE',  ( 3.399999813367662771, 0.1455736664342562880, 19.18307553421292866 ) ) ;
#1865 = CARTESIAN_POINT ( 'NONE',  ( -0.1278205532349582230, 3.397614354445820606, 18.24464435548310348 ) ) ;
#1866 = CARTESIAN_POINT ( 'NONE',  ( -1.018754713176276860, -3.244168426138822170, 22.55242407051502340 ) ) ;
#1867 = CARTESIAN_POINT ( 'NONE',  ( -4.076582343749998394, -1.688575694911951253, 16.83125000170706187 ) ) ;
#1868 = CIRCLE ( 'NONE', #3313, 19.89999999999999858 ) ;
#1869 = CARTESIAN_POINT ( 'NONE',  ( -2.118187786576074316, -2.659572762819431890, 19.97798278636226499 ) ) ;
#1870 = CARTESIAN_POINT ( 'NONE',  ( 4.076582343749999282, 1.688575694911949254, 24.95625000170699437 ) ) ;
#1871 = CARTESIAN_POINT ( 'NONE',  ( -4.076582343749998394, -1.688575694911951253, 20.58125000170699082 ) ) ;
#1872 = CARTESIAN_POINT ( 'NONE',  ( -1.593058178090325461, 3.069545586011032334, 14.92653586127744880 ) ) ;
#1873 = CARTESIAN_POINT ( 'NONE',  ( 2.593386956701828616, 2.214939155366694390, 14.31640508253712341 ) ) ;
#1874 = CARTESIAN_POINT ( 'NONE',  ( 2.655275688721161931, 2.135394004921927547, 21.81037822251909830 ) ) ;
#1875 = CARTESIAN_POINT ( 'NONE',  ( -0.2704063346675397161, -3.389468060912625091, 25.09738890582892168 ) ) ;
#1876 = ORIENTED_EDGE ( 'NONE', *, *, #2891, .F. ) ;
#1877 = CARTESIAN_POINT ( 'NONE',  ( 2.882579019330974379, -2.882579019330973491, 18.62812500170699082 ) ) ;
#1878 = CARTESIAN_POINT ( 'NONE',  ( 1.848685563983810676, 2.853620415783621134, 23.12237106785838492 ) ) ;
#1879 = CARTESIAN_POINT ( 'NONE',  ( 2.404163056034261725, -2.404163056034261281, 21.83125000341398092 ) ) ;
#1880 = CARTESIAN_POINT ( 'NONE',  ( 1.408326112068525537, -3.399999999999999023, 23.94062499999999716 ) ) ;
#1881 = CARTESIAN_POINT ( 'NONE',  ( -3.393069985526232735, -0.2186876945061128896, 21.06227969046548765 ) ) ;
#1882 = CARTESIAN_POINT ( 'NONE',  ( -2.558060298480105299, -2.239935290031730197, 17.44352711011106294 ) ) ;
#1883 = CARTESIAN_POINT ( 'NONE',  ( -2.882579019330973935, 2.882579019330973935, 25.34687500170705832 ) ) ;
#1884 = CARTESIAN_POINT ( 'NONE',  ( 3.141216122771521846, -1.301193361270242432, 16.59686977886264359 ) ) ;
#1885 = CIRCLE ( 'NONE', #2497, 6.000000000000000888 ) ;
#1886 = CARTESIAN_POINT ( 'NONE',  ( 2.882579019330955727, 2.882579019330956172, 21.44062500170700503 ) ) ;
#1887 = CARTESIAN_POINT ( 'NONE',  ( 3.400000000000000799, -1.408326112068522651, 23.15937500341398092 ) ) ;
#1888 = CARTESIAN_POINT ( 'NONE',  ( 1.608091491017477948, 3.010351255563445960, 19.38940356230116180 ) ) ;
#1889 = CARTESIAN_POINT ( 'NONE',  ( 0.4890295442058095188, 3.364735309973431399, 18.20955164247751057 ) ) ;
#1890 = CARTESIAN_POINT ( 'NONE',  ( -0.7062888086940208865, -3.326862737131594194, 22.57165267007867371 ) ) ;
#1891 = CARTESIAN_POINT ( 'NONE',  ( -2.882579019330973935, 2.882579019330973935, 15.34687500170706187 ) ) ;
#1892 = CARTESIAN_POINT ( 'NONE',  ( -1.030037457320196248, -3.240612180660985331, 20.05172356553210022 ) ) ;
#1893 = CARTESIAN_POINT ( 'NONE',  ( 3.399999999977145304, -1.246638053392393696E-05, 15.42499954238656379 ) ) ;
#1894 = CARTESIAN_POINT ( 'NONE',  ( -1.688575694911948810, 4.076582343749999282, 25.26875000170699437 ) ) ;
#1895 = CARTESIAN_POINT ( 'NONE',  ( -2.496186759367026028E-16, 4.076582343749999282, 20.19062500170699082 ) ) ;
#1896 = CARTESIAN_POINT ( 'NONE',  ( -1.092310032739731263, 3.303033433655801154, 14.90590611183958103 ) ) ;
#1897 = CARTESIAN_POINT ( 'NONE',  ( -1.688575694911948810, 4.076582343749999282, 20.42500000170699437 ) ) ;
#1898 = CYLINDRICAL_SURFACE ( 'NONE', #4118, 3.399999999999999911 ) ;
#1899 = CARTESIAN_POINT ( 'NONE',  ( -2.121244013688153629, -2.657127127126017729, 24.97775757327002921 ) ) ;
#1900 = AXIS2_PLACEMENT_3D ( 'NONE', #1666, #4226, #4291 ) ;
#1901 = VERTEX_POINT ( 'NONE', #674 ) ;
#1902 = CARTESIAN_POINT ( 'NONE',  ( 1.688575694911948366, 4.076582343749999282, 17.76875000170699082 ) ) ;
#1903 = CARTESIAN_POINT ( 'NONE',  ( 2.809887342276967903, 1.914297149407496956, 23.04475255227028896 ) ) ;
#1904 = CARTESIAN_POINT ( 'NONE',  ( -3.399999999999999911, 4.163799117101000559E-16, 0.000000000000000000 ) ) ;
#1905 = ORIENTED_EDGE ( 'NONE', *, *, #500, .F. ) ;
#1906 = CARTESIAN_POINT ( 'NONE',  ( 3.400000000000000799, -1.408326112068522651, 24.09687500000000071 ) ) ;
#1907 = CARTESIAN_POINT ( 'NONE',  ( -3.389112203518477529, -0.2732520930743486121, 21.06540789798355462 ) ) ;
#1908 = CARTESIAN_POINT ( 'NONE',  ( -3.151529001312638023, 1.278537813381022348, 17.22341315014829988 ) ) ;
#1909 = DIRECTION ( 'NONE',  ( 1.000000000000000000, 0.000000000000000000, 0.000000000000000000 ) ) ;
#1910 = CARTESIAN_POINT ( 'NONE',  ( -2.787485476452812971, -1.952346474761914363, 18.67222713578376414 ) ) ;
#1911 = CARTESIAN_POINT ( 'NONE',  ( 1.169554793169028883, -3.192518690770915324, 16.43214692428836443 ) ) ;
#1912 = ADVANCED_FACE ( 'NONE', ( #2492, #2117 ), #2872, .F. ) ;
#1913 = CARTESIAN_POINT ( 'NONE',  ( -4.076582343749973525, -1.688575694911940817, 24.48750000170700858 ) ) ;
#1914 = CARTESIAN_POINT ( 'NONE',  ( -3.399999999999999023, -1.408326112068525537, 22.69062500341397737 ) ) ;
#1915 = CARTESIAN_POINT ( 'NONE',  ( -1.059194155891574285, 3.234294158036688405, 18.30010647638690457 ) ) ;
#1916 = CARTESIAN_POINT ( 'NONE',  ( -0.8271496807506049098, -3.298111322239511978, 22.56427451005279394 ) ) ;
#1917 = DIRECTION ( 'NONE',  ( -0.000000000000000000, -0.000000000000000000, 1.000000000000000000 ) ) ;
#1918 = CARTESIAN_POINT ( 'NONE',  ( 1.402812748760679629, -3.103718230464105332, 20.19715327179635622 ) ) ;
#1919 = CARTESIAN_POINT ( 'NONE',  ( 0.000000000000000000, 0.000000000000000000, 14.97999999999999154 ) ) ;
#1920 = CARTESIAN_POINT ( 'NONE',  ( 3.399991738362603044, 0.008647513548332898953, 20.42547981130990209 ) ) ;
#1921 = CARTESIAN_POINT ( 'NONE',  ( -2.882579019330973047, -2.882579019330974379, 24.40937500170699437 ) ) ;
#1922 = LINE ( 'NONE', #59, #4477 ) ;
#1923 = CARTESIAN_POINT ( 'NONE',  ( 2.882579019330973491, 2.882579019330973935, 18.94062500170699082 ) ) ;
#1924 = CARTESIAN_POINT ( 'NONE',  ( 2.380423749917027987, 2.427698255088942325, 16.83310046398769089 ) ) ;
#1925 = CARTESIAN_POINT ( 'NONE',  ( 0.000000000000000000, 0.000000000000000000, 0.000000000000000000 ) ) ;
#1926 = CARTESIAN_POINT ( 'NONE',  ( 0.000000000000000000, 0.000000000000000000, 22.80000000000000071 ) ) ;
#1927 = ORIENTED_EDGE ( 'NONE', *, *, #2852, .T. ) ;
#1928 = CARTESIAN_POINT ( 'NONE',  ( 7.488560278101077592E-16, -4.076582343749999282, 20.97187500170699082 ) ) ;
#1929 = DIRECTION ( 'NONE',  ( -0.000000000000000000, -0.000000000000000000, 1.000000000000000000 ) ) ;
#1930 = EDGE_CURVE ( 'NONE', #4605, #541, #4354, .T. ) ;
#1931 = EDGE_LOOP ( 'NONE', ( #188, #3411 ) ) ;
#1932 = CARTESIAN_POINT ( 'NONE',  ( 1.408326112068525537, -3.399999999999999023, 21.44062499999999716 ) ) ;
#1933 = CARTESIAN_POINT ( 'NONE',  ( -1.200675584361926784, -3.862263055926718369, 25.93591180714312827 ) ) ;
#1934 = DIRECTION ( 'NONE',  ( -0.7071067811865489050, 0.000000000000000000, -0.7071067811865462405 ) ) ;
#1935 = CARTESIAN_POINT ( 'NONE',  ( -3.399999999999999911, 4.163799117101000559E-16, 0.000000000000000000 ) ) ;
#1936 = CARTESIAN_POINT ( 'NONE',  ( -3.375369226091083252, -0.4190142526986995186, 18.57381076274023002 ) ) ;
#1937 = CARTESIAN_POINT ( 'NONE',  ( 2.882579019330955727, 2.882579019330956172, 22.69062500170700858 ) ) ;
#1938 = CARTESIAN_POINT ( 'NONE',  ( -2.404163056034260837, -2.404163056034261725, 25.26875000341398092 ) ) ;
#1939 = VECTOR ( 'NONE', #2203, 1000.000000000000000 ) ;
#1940 = CARTESIAN_POINT ( 'NONE',  ( -2.139937949306611298, 2.642238972125002139, 18.37342701333442108 ) ) ;
#1941 = ADVANCED_FACE ( 'NONE', ( #1411 ), #2122, .T. ) ;
#1942 = CARTESIAN_POINT ( 'NONE',  ( -0.1221613152796447582, -3.398384005852209455, 22.60543936303207602 ) ) ;
#1943 = CARTESIAN_POINT ( 'NONE',  ( 3.712232486472502924, -2.237298555768420318E-11, 14.66776751352749208 ) ) ;
#1944 = CARTESIAN_POINT ( 'NONE',  ( 0.8132945157009814352, -3.314879131501188070, 20.15982895176038170 ) ) ;
#1945 = CARTESIAN_POINT ( 'NONE',  ( 2.173133913093963532, 2.615524778885217838, 15.59885887424299966 ) ) ;
#1946 = CARTESIAN_POINT ( 'NONE',  ( 3.399999999978680965, -1.204032179575321316E-05, 20.42499933207821172 ) ) ;
#1947 = CARTESIAN_POINT ( 'NONE',  ( 7.488560278101077592E-16, -4.076582343749999282, 20.81562500170699437 ) ) ;
#1948 = DIRECTION ( 'NONE',  ( 1.000000000000000000, 0.000000000000000000, 0.000000000000000000 ) ) ;
#1949 = VERTEX_POINT ( 'NONE', #4333 ) ;
#1950 = CARTESIAN_POINT ( 'NONE',  ( 4.076582343749999282, 4.992373518734052056E-16, 22.53437500170699082 ) ) ;
#1951 = CARTESIAN_POINT ( 'NONE',  ( 3.183436615713632012, -1.195664737832638602, 15.35371839673485717 ) ) ;
#1952 = CARTESIAN_POINT ( 'NONE',  ( 3.255320917681645554, 1.024937758980023483, 21.73518614124022008 ) ) ;
#1953 = EDGE_LOOP ( 'NONE', ( #261, #3751, #4073, #4525 ) ) ;
#1954 = AXIS2_PLACEMENT_3D ( 'NONE', #3419, #4134, #3367 ) ;
#1955 = CARTESIAN_POINT ( 'NONE',  ( 4.076582343750000170, -1.688575694911947922, 26.05000000170699437 ) ) ;
#1956 = EDGE_CURVE ( 'NONE', #3052, #3527, #3459, .T. ) ;
#1957 = CARTESIAN_POINT ( 'NONE',  ( 2.717505034287476473, 2.044516822449183646, 23.05408443760831005 ) ) ;
#1958 = CARTESIAN_POINT ( 'NONE',  ( -2.404163056034260837, -2.404163056034261725, 17.76875000341398092 ) ) ;
#1959 = EDGE_LOOP ( 'NONE', ( #1391, #3850, #10, #586 ) ) ;
#1960 = CARTESIAN_POINT ( 'NONE',  ( -3.400000000000000355, 1.408326112068523095, 19.72187500000000071 ) ) ;
#1961 = CARTESIAN_POINT ( 'NONE',  ( -2.564314192208998477, -3.061951528675666889, 25.88519846603665542 ) ) ;
#1962 = CARTESIAN_POINT ( 'NONE',  ( -1.627353013993583009, 2.985491123182043793, 17.08730327954895500 ) ) ;
#1963 = CARTESIAN_POINT ( 'NONE',  ( 2.768130040386284740, -3.004681514121842145, 25.97658234375000319 ) ) ;
#1964 = CARTESIAN_POINT ( 'NONE',  ( -2.499069937002385000, -2.306488801576239034, 18.69846087317297645 ) ) ;
#1965 = CARTESIAN_POINT ( 'NONE',  ( -3.400000000000000355, 1.408326112068523095, 26.28437500341398447 ) ) ;
#1966 = CARTESIAN_POINT ( 'NONE',  ( 1.800437686688916461, 2.884201999687753482, 18.12580836548004726 ) ) ;
#1967 = CARTESIAN_POINT ( 'NONE',  ( -0.8674743425427801080, -3.287901792706850568, 22.56179944484949473 ) ) ;
#1968 = FACE_OUTER_BOUND ( 'NONE', #417, .T. ) ;
#1969 = CARTESIAN_POINT ( 'NONE',  ( 0.5267622181759709088, 3.358953828022786414, 15.70733547468031510 ) ) ;
#1970 = CARTESIAN_POINT ( 'NONE',  ( 3.399545143229535160, 0.05995944760394044531, 20.42833195278046077 ) ) ;
#1971 = CARTESIAN_POINT ( 'NONE',  ( -2.882579019330973047, -2.882579019330974379, 16.90937500170699437 ) ) ;
#1972 = VERTEX_POINT ( 'NONE', #821 ) ;
#1973 = CARTESIAN_POINT ( 'NONE',  ( -4.076582343749999282, 1.688575694911948588, 19.33125000170699082 ) ) ;
#1974 = CARTESIAN_POINT ( 'NONE',  ( 3.257434147619526321, 1.018232699452787493, 16.73477718961327199 ) ) ;
#1975 = FACE_OUTER_BOUND ( 'NONE', #2386, .T. ) ;
#1976 = DIRECTION ( 'NONE',  ( -1.000000000000000000, 0.000000000000000000, 0.000000000000000000 ) ) ;
#1977 = ORIENTED_EDGE ( 'NONE', *, *, #351, .F. ) ;
#1978 = CARTESIAN_POINT ( 'NONE',  ( -4.076582343749998394, -1.688575694911951253, 25.58125000170699082 ) ) ;
#1979 = CARTESIAN_POINT ( 'NONE',  ( 0.5262998218316915500, 3.359028855744527586, 23.20736025581649997 ) ) ;
#1980 = CYLINDRICAL_SURFACE ( 'NONE', #3821, 3.399999999999999911 ) ;
#1981 = CARTESIAN_POINT ( 'NONE',  ( 1.257134857428324981, 3.159360769530485058, 19.41223385521075073 ) ) ;
#1982 = VERTEX_POINT ( 'NONE', #1202 ) ;
#1983 = CARTESIAN_POINT ( 'NONE',  ( 3.400000000000000355, 1.408326112068523539, 15.50312499999999716 ) ) ;
#1984 = CARTESIAN_POINT ( 'NONE',  ( 6.245698675651500839E-16, -3.399999999999999911, 19.17500000341398092 ) ) ;
#1985 = CARTESIAN_POINT ( 'NONE',  ( -2.965169553124265001, 1.690263185159015080, 17.19645808558808042 ) ) ;
#1986 = FACE_OUTER_BOUND ( 'NONE', #1231, .T. ) ;
#1987 = CARTESIAN_POINT ( 'NONE',  ( 1.688575694911950809, -4.076582343749998394, 24.64375000170706187 ) ) ;
#1988 = CARTESIAN_POINT ( 'NONE',  ( 2.882579019330956616, -2.882579019330955727, 18.62812500170700858 ) ) ;
#1989 = CARTESIAN_POINT ( 'NONE',  ( -2.404163056034260837, -2.404163056034261725, 19.01875000341398092 ) ) ;
#1990 = CARTESIAN_POINT ( 'NONE',  ( 0.5474367636328144604, 3.355668343039348578, 18.20611328912827176 ) ) ;
#1991 = DIRECTION ( 'NONE',  ( -1.000000000000000000, 0.000000000000000000, 0.000000000000000000 ) ) ;
#1992 = CARTESIAN_POINT ( 'NONE',  ( -2.882579019330973047, -2.882579019330974379, 14.40937500170706009 ) ) ;
#1993 = CARTESIAN_POINT ( 'NONE',  ( 3.398237554573530605, 0.1178106911812410590, 15.43155923682791908 ) ) ;
#1994 = CARTESIAN_POINT ( 'NONE',  ( -0.2206429527880707231, -3.392835936933850327, 25.10011117687811222 ) ) ;
#1995 = CARTESIAN_POINT ( 'NONE',  ( 1.408326112068522873, 3.400000000000000355, 17.22187500341398092 ) ) ;
#1996 = CARTESIAN_POINT ( 'NONE',  ( -1.688575694911949698, -4.076582343749998394, 19.48750000170699437 ) ) ;
#1997 = CARTESIAN_POINT ( 'NONE',  ( -4.076582343749999282, 1.688575694911948588, 19.17500000170699437 ) ) ;
#1998 = CARTESIAN_POINT ( 'NONE',  ( 0.7124016949053721959, -3.326327987871256830, 23.90373974602113805 ) ) ;
#1999 = CARTESIAN_POINT ( 'NONE',  ( -2.882579019330973047, -2.882579019330974379, 14.56562500170699082 ) ) ;
#2000 = CARTESIAN_POINT ( 'NONE',  ( 3.399999999977145304, -1.246638053392393696E-05, 15.42499954238656379 ) ) ;
#2001 = ORIENTED_EDGE ( 'NONE', *, *, #1308, .F. ) ;
#2002 = VECTOR ( 'NONE', #1934, 1000.000000000000000 ) ;
#2003 = CARTESIAN_POINT ( 'NONE',  ( -4.076582343749999282, 0.000000000000000000, 26.75312500170699082 ) ) ;
#2004 = CARTESIAN_POINT ( 'NONE',  ( 3.193526441514447534, 1.167864258389039067, 22.99450809635129289 ) ) ;
#2005 = CARTESIAN_POINT ( 'NONE',  ( -2.042671490809805146, -2.718678674498435033, 14.98353018055865071 ) ) ;
#2006 = CARTESIAN_POINT ( 'NONE',  ( -0.1138980689697309950, 3.398145656863006625, 19.49385858462551369 ) ) ;
#2007 = EDGE_LOOP ( 'NONE', ( #240, #3553 ) ) ;
#2008 = ADVANCED_BREP_SHAPE_REPRESENTATION ( '\X2\0414043504420430043b044c\X0\ \X2\041a04400435043f04410441\X0\ \X2\043c\X0\8 104', ( #2960, #3019 ), #4692 ) ;
#2009 = CARTESIAN_POINT ( 'NONE',  ( 1.408326112068522873, 3.400000000000000355, 16.90937499999999716 ) ) ;
#2010 = DIRECTION ( 'NONE',  ( -0.000000000000000000, -0.000000000000000000, -1.000000000000000000 ) ) ;
#2011 = CARTESIAN_POINT ( 'NONE',  ( -0.9497780339749504197, 3.278214456679482414, 17.04312278826628457 ) ) ;
#2012 = CARTESIAN_POINT ( 'NONE',  ( -3.835050178147301647, 0.8752916724824577610, 14.45014954712073241 ) ) ;
#2013 = CARTESIAN_POINT ( 'NONE',  ( -2.882579019330955283, -2.882579019330956616, 18.31562500170700503 ) ) ;
#2014 = CARTESIAN_POINT ( 'NONE',  ( 1.405530927416487774, 3.097917572476280856, 18.15294426927546567 ) ) ;
#2015 = CARTESIAN_POINT ( 'NONE',  ( 3.211819735768626227, -1.117252714176808936, 21.60870274842811867 ) ) ;
#2016 = CARTESIAN_POINT ( 'NONE',  ( 1.492440417775532602, -3.567920579795895275, 14.51961471449563845 ) ) ;
#2017 = ADVANCED_FACE ( 'NONE', ( #1975 ), #3744, .F. ) ;
#2018 = DIRECTION ( 'NONE',  ( 0.000000000000000000, 0.000000000000000000, 1.000000000000000000 ) ) ;
#2019 = CARTESIAN_POINT ( 'NONE',  ( -2.606893796749836678, -2.182684570440648120, 24.93930549740644054 ) ) ;
#2020 = CARTESIAN_POINT ( 'NONE',  ( -1.408326112068523983, -3.399999999999999467, 17.84687500341398447 ) ) ;
#2021 = CARTESIAN_POINT ( 'NONE',  ( -4.076582343749998394, -1.688575694911951253, 19.33125000170699082 ) ) ;
#2022 = CARTESIAN_POINT ( 'NONE',  ( -1.688575694911949698, -4.076582343749998394, 18.23750000170699082 ) ) ;
#2023 = DIRECTION ( 'NONE',  ( -0.000000000000000000, -0.000000000000000000, 1.000000000000000000 ) ) ;
#2024 = DIRECTION ( 'NONE',  ( -1.000000000000000000, 1.224646799147352961E-16, 0.000000000000000000 ) ) ;
#2025 = CARTESIAN_POINT ( 'NONE',  ( 3.373577215445439315, -0.5613475706746441363, 15.39322803545785767 ) ) ;
#2026 = CARTESIAN_POINT ( 'NONE',  ( -2.064036868837118011, 2.701813192919798379, 15.86807803151308782 ) ) ;
#2027 = CARTESIAN_POINT ( 'NONE',  ( -1.688575694911938152, 4.076582343749974413, 16.67500000170700858 ) ) ;
#2028 = ORIENTED_EDGE ( 'NONE', *, *, #4483, .T. ) ;
#2029 = CARTESIAN_POINT ( 'NONE',  ( 4.080194787184955096, 1.319589794966754770, 13.84535897346654565 ) ) ;
#2030 = CARTESIAN_POINT ( 'NONE',  ( 3.253150158457099206, 0.9884489120628882075, 22.98320719372907206 ) ) ;
#2031 = CARTESIAN_POINT ( 'NONE',  ( 2.235273266517566970, -2.562038387122894445, 15.25575292869968713 ) ) ;
#2032 = CONICAL_SURFACE ( 'NONE', #1954, 3.399999999999999911, 0.7853981633974485010 ) ;
#2033 = CARTESIAN_POINT ( 'NONE',  ( 1.293415547209439742, 3.144590883454927432, 24.40988400363092481 ) ) ;
#2034 = EDGE_LOOP ( 'NONE', ( #3305, #1759, #325, #3148, #4152 ) ) ;
#2035 = AXIS2_PLACEMENT_3D ( 'NONE', #4028, #2569, #3676 ) ;
#2036 = CARTESIAN_POINT ( 'NONE',  ( -3.399999999999999911, 0.000000000000000000, 18.54999999999999716 ) ) ;
#2037 = CARTESIAN_POINT ( 'NONE',  ( -3.400000000000000355, 9.778013796363093258E-06, 25.11249946099179553 ) ) ;
#2038 = CARTESIAN_POINT ( 'NONE',  ( 6.245698675651500839E-16, -3.399999999999999911, 21.67500000341398092 ) ) ;
#2039 = CARTESIAN_POINT ( 'NONE',  ( 0.8782920943123251334, 3.292270476780055244, 18.18638236503518257 ) ) ;
#2040 = CARTESIAN_POINT ( 'NONE',  ( 1.163340499426424035, -3.194806686333607981, 21.43174960324400402 ) ) ;
#2041 = CARTESIAN_POINT ( 'NONE',  ( 3.399999999999996803, 1.435517161782091041E-07, 17.92500000796257709 ) ) ;
#2042 = AXIS2_PLACEMENT_3D ( 'NONE', #1607, #3906, #2070 ) ;
#2043 = CARTESIAN_POINT ( 'NONE',  ( -2.404163056034260837, -2.404163056034261725, 16.51875000341398447 ) ) ;
#2044 = CARTESIAN_POINT ( 'NONE',  ( -2.136297354325686904, -2.645069278341078967, 24.97664492084241061 ) ) ;
#2045 = CARTESIAN_POINT ( 'NONE',  ( 2.404163056034261281, 2.404163056034261725, 18.39375000341398092 ) ) ;
#2046 = CARTESIAN_POINT ( 'NONE',  ( -4.076582343749999282, 1.688575694911948588, 21.67500000170699437 ) ) ;
#2047 = CARTESIAN_POINT ( 'NONE',  ( 4.076582343749999282, 1.688575694911949254, 19.95625000170699437 ) ) ;
#2048 = CARTESIAN_POINT ( 'NONE',  ( 2.089985295622326156, -2.683681355690601844, 23.99479181523519600 ) ) ;
#2049 = CARTESIAN_POINT ( 'NONE',  ( -4.399999999999994138, 0.000000000000000000, 13.98000000000000043 ) ) ;
#2050 = CARTESIAN_POINT ( 'NONE',  ( 2.882579019330973491, 2.882579019330973935, 21.28437500170705832 ) ) ;
#2051 = CARTESIAN_POINT ( 'NONE',  ( -2.962872780218555047, 1.667752015259833964, 15.94743942190614661 ) ) ;
#2052 = CARTESIAN_POINT ( 'NONE',  ( -1.688575694911939040, -4.076582343749973525, 15.89375000170700858 ) ) ;
#2053 = VERTEX_POINT ( 'NONE', #4125 ) ;
#2054 = CARTESIAN_POINT ( 'NONE',  ( -3.367147320934654520, 0.4728286838913598467, 22.27309619826379361 ) ) ;
#2055 = CARTESIAN_POINT ( 'NONE',  ( 0.1153826487597519740, -3.398042184366690588, 15.11894567003228929 ) ) ;
#2056 = EDGE_CURVE ( 'NONE', #3510, #4101, #4077, .T. ) ;
#2057 = CARTESIAN_POINT ( 'NONE',  ( -2.214515742246498498, 2.579948861486646816, 24.62921187590377770 ) ) ;
#2058 = ORIENTED_EDGE ( 'NONE', *, *, #3067, .F. ) ;
#2059 = CARTESIAN_POINT ( 'NONE',  ( -2.404163056034261725, 2.404163056034261725, 18.39374999999999716 ) ) ;
#2060 = CARTESIAN_POINT ( 'NONE',  ( -3.399999999999999911, 4.163799117101000559E-16, 0.000000000000000000 ) ) ;
#2061 = AXIS2_PLACEMENT_3D ( 'NONE', #61, #2972, #822 ) ;
#2062 = CARTESIAN_POINT ( 'NONE',  ( -2.404163056034261725, 2.404163056034261725, 23.70625000341398092 ) ) ;
#2063 = CARTESIAN_POINT ( 'NONE',  ( 2.778993228267702342, -1.958876562093831986, 21.55206461022888575 ) ) ;
#2064 = CARTESIAN_POINT ( 'NONE',  ( 2.735874698082052969, -2.018885140733716721, 17.79769831437288019 ) ) ;
#2065 = DIRECTION ( 'NONE',  ( 1.000000000000000000, 0.000000000000000000, -0.000000000000000000 ) ) ;
#2066 = FACE_OUTER_BOUND ( 'NONE', #1664, .T. ) ;
#2067 = EDGE_CURVE ( 'NONE', #2355, #2738, #662, .T. ) ;
#2068 = CARTESIAN_POINT ( 'NONE',  ( 4.076582343749999282, 4.992373518734052056E-16, 23.62812500170699082 ) ) ;
#2069 = CARTESIAN_POINT ( 'NONE',  ( 2.882579019330974379, -2.882579019330973491, 17.22187500170699437 ) ) ;
#2070 = DIRECTION ( 'NONE',  ( 1.000000000000000000, 0.000000000000000000, -0.000000000000000000 ) ) ;
#2071 = CARTESIAN_POINT ( 'NONE',  ( 2.882579019330973491, 2.882579019330973935, 13.94062500170699082 ) ) ;
#2072 = CARTESIAN_POINT ( 'NONE',  ( 1.688575694911948366, 4.076582343749999282, 23.86250000170705476 ) ) ;
#2073 = CARTESIAN_POINT ( 'NONE',  ( -0.8438805948808975055, 3.293612264817835200, 15.78675811325392431 ) ) ;
#2074 = ORIENTED_EDGE ( 'NONE', *, *, #2636, .F. ) ;
#2075 = CARTESIAN_POINT ( 'NONE',  ( 2.485612190915606590, -2.334989579588373942, 15.27490760958911054 ) ) ;
#2076 = CARTESIAN_POINT ( 'NONE',  ( -2.554464125672577524, 2.243819167958184924, 24.65609906124105066 ) ) ;
#2077 = ORIENTED_EDGE ( 'NONE', *, *, #3626, .F. ) ;
#2078 = CARTESIAN_POINT ( 'NONE',  ( 1.408326112068522873, 3.400000000000000355, 14.40937499999999538 ) ) ;
#2079 = CARTESIAN_POINT ( 'NONE',  ( -4.076582343749999282, 0.000000000000000000, 25.65937500170699082 ) ) ;
#2080 =( LENGTH_UNIT ( ) NAMED_UNIT ( * ) SI_UNIT ( .MILLI., .METRE. ) );
#2081 = CARTESIAN_POINT ( 'NONE',  ( -2.404163056034261725, 2.404163056034261725, 19.95625000341398092 ) ) ;
#2082 = CARTESIAN_POINT ( 'NONE',  ( -2.081899558550500280E-16, 3.399999999999999911, 25.73749999999999716 ) ) ;
#2083 = CARTESIAN_POINT ( 'NONE',  ( 3.399999999999924860, 7.140198734185541838E-07, 21.67500003961038502 ) ) ;
#2084 = CARTESIAN_POINT ( 'NONE',  ( 3.360007031723327042, -0.5339779909658237678, 17.89445769821637455 ) ) ;
#2085 = DIRECTION ( 'NONE',  ( 0.000000000000000000, 0.000000000000000000, -1.000000000000000000 ) ) ;
#2086 = CARTESIAN_POINT ( 'NONE',  ( 2.953265579523836504, -2.810114948213679575, 25.97658234375000319 ) ) ;
#2087 = CARTESIAN_POINT ( 'NONE',  ( 2.404163056034261281, 2.404163056034261725, 13.39375000341398092 ) ) ;
#2088 = CARTESIAN_POINT ( 'NONE',  ( -1.688575694911948810, 4.076582343749999282, 20.26875000170699437 ) ) ;
#2089 = CARTESIAN_POINT ( 'NONE',  ( 4.076582343749999282, 1.688575694911949254, 14.95625000170699082 ) ) ;
#2090 = CARTESIAN_POINT ( 'NONE',  ( 2.308639257435868064, -2.496036953217394938, 24.01133981694380637 ) ) ;
#2091 = CARTESIAN_POINT ( 'NONE',  ( -4.076582343749999282, 1.688575694911948588, 18.08125000170699082 ) ) ;
#2092 = CARTESIAN_POINT ( 'NONE',  ( 1.688575694911950809, -4.076582343749998394, 23.39375000170705832 ) ) ;
#2093 = CARTESIAN_POINT ( 'NONE',  ( -2.113044856706039365, 2.663839474616624070, 15.87152995563153723 ) ) ;
#2094 = CARTESIAN_POINT ( 'NONE',  ( 1.688575694911937930, 4.076582343749974413, 15.26875000170700680 ) ) ;
#2095 = ORIENTED_EDGE ( 'NONE', *, *, #572, .T. ) ;
#2096 = DIRECTION ( 'NONE',  ( -0.000000000000000000, -0.000000000000000000, 1.000000000000000000 ) ) ;
#2097 = AXIS2_PLACEMENT_3D ( 'NONE', #1490, #449, #120 ) ;
#2098 = CARTESIAN_POINT ( 'NONE',  ( -0.5253256986051859645, -3.362952164789576148, 15.08231480167010652 ) ) ;
#2099 = CARTESIAN_POINT ( 'NONE',  ( -2.577954331034965740, 2.216844613651260509, 24.65814282620511122 ) ) ;
#2100 = EDGE_LOOP ( 'NONE', ( #4714, #1278 ) ) ;
#2101 = AXIS2_PLACEMENT_3D ( 'NONE', #4569, #458, #1652 ) ;
#2102 = CARTESIAN_POINT ( 'NONE',  ( 4.076582343749999282, 1.688575694911949254, 23.86250000170699082 ) ) ;
#2103 = EDGE_CURVE ( 'NONE', #4128, #3007, #2373, .T. ) ;
#2104 = CARTESIAN_POINT ( 'NONE',  ( 4.076582343749999282, 4.992373518734052056E-16, 22.53437500170699082 ) ) ;
#2105 = CARTESIAN_POINT ( 'NONE',  ( -4.076582343749973525, -1.688575694911940817, 18.23750000170700858 ) ) ;
#2106 = FACE_OUTER_BOUND ( 'NONE', #4267, .T. ) ;
#2107 = CARTESIAN_POINT ( 'NONE',  ( -0.2298710192441708600, -3.392272542581214800, 21.34956833745309979 ) ) ;
#2108 = DIRECTION ( 'NONE',  ( 1.000000000000000000, 0.000000000000000000, 0.000000000000000000 ) ) ;
#2109 = CARTESIAN_POINT ( 'NONE',  ( 1.998572487166663914, -3.410887782461744955, 25.84701279195899204 ) ) ;
#2110 = CARTESIAN_POINT ( 'NONE',  ( -3.364427738213546348, -0.5009901940699243994, 24.82873735043500929 ) ) ;
#2111 = CARTESIAN_POINT ( 'NONE',  ( -2.404163056034260837, -2.404163056034261725, 14.01875000341398092 ) ) ;
#2112 = CARTESIAN_POINT ( 'NONE',  ( 1.688575694911948366, 4.076582343749999282, 16.36250000170699082 ) ) ;
#2113 = CARTESIAN_POINT ( 'NONE',  ( 4.076582343750000170, -1.688575694911947922, 14.80000000170699437 ) ) ;
#2114 = CARTESIAN_POINT ( 'NONE',  ( -3.399999999994141930, 4.417659499032885852E-06, 18.54991825395957505 ) ) ;
#2115 = CARTESIAN_POINT ( 'NONE',  ( -4.924999999999999822, 0.000000000000000000, 0.000000000000000000 ) ) ;
#2116 = CARTESIAN_POINT ( 'NONE',  ( 1.688575694911948366, 4.076582343749999282, 20.11250000170705832 ) ) ;
#2117 = FACE_OUTER_BOUND ( 'NONE', #1534, .T. ) ;
#2118 = CARTESIAN_POINT ( 'NONE',  ( -1.535911981047138219, 3.033389476672281759, 15.83112687117650275 ) ) ;
#2119 = VERTEX_POINT ( 'NONE', #2441 ) ;
#2120 = CARTESIAN_POINT ( 'NONE',  ( -2.677460543179370767, 2.097468453248326092, 22.16713032037051079 ) ) ;
#2121 = CARTESIAN_POINT ( 'NONE',  ( 2.707074094059129798, -2.059002907644140734, 25.29485756777249961 ) ) ;
#2122 = TOROIDAL_SURFACE ( 'NONE', #58, 15.89999999999999680, 4.000000000000000000 ) ;
#2123 = CARTESIAN_POINT ( 'NONE',  ( -0.1389592244247406794, 3.397161496224488264, 24.49527441792650251 ) ) ;
#2124 = ORIENTED_EDGE ( 'NONE', *, *, #1788, .F. ) ;
#2125 = CARTESIAN_POINT ( 'NONE',  ( -4.076582343749999282, 0.000000000000000000, 26.90937500170699082 ) ) ;
#2126 = CARTESIAN_POINT ( 'NONE',  ( -1.688575694911949698, -4.076582343749998394, 22.14375000170699082 ) ) ;
#2127 = CARTESIAN_POINT ( 'NONE',  ( 1.408326112068525537, -3.399999999999999023, 25.19062499999999716 ) ) ;
#2128 = CARTESIAN_POINT ( 'NONE',  ( -0.02129719253675693008, -3.400540805010511924, 21.36143173002421491 ) ) ;
#2129 = CARTESIAN_POINT ( 'NONE',  ( 2.815897271343121400, -1.905497219400648756, 17.80597795957849883 ) ) ;
#2130 = CARTESIAN_POINT ( 'NONE',  ( -0.2025417312733966413, -3.393971252589340182, 18.85112536946755313 ) ) ;
#2131 = CARTESIAN_POINT ( 'NONE',  ( 2.404163056034261725, -2.404163056034261281, 24.33125000341398447 ) ) ;
#2132 = CARTESIAN_POINT ( 'NONE',  ( -1.688575694911939040, -4.076582343749973525, 25.89375000170700858 ) ) ;
#2133 =( BOUNDED_CURVE ( )  B_SPLINE_CURVE ( 2, ( #573, #3154, #2388, #4607, #3136, #2037, #2790 ),
 .UNSPECIFIED., .F., .T. ) 
 B_SPLINE_CURVE_WITH_KNOTS ( ( 3, 2, 2, 3 ),
 ( 0.08163804570742294597, 0.08413209091186965582, 0.09615096104213650963, 0.09615105136453508394 ),
 .UNSPECIFIED. ) 
 CURVE ( )  GEOMETRIC_REPRESENTATION_ITEM ( )  RATIONAL_B_SPLINE_CURVE ( ( 0.9749639690300424544, 0.9842041818538019848, 1.000000000000000000, 0.9238795325112867385, 1.000000000000000000, 0.9999994279509529793, 0.9999988559105039698 ) ) 
 REPRESENTATION_ITEM ( '' )  );
#2134 = CARTESIAN_POINT ( 'NONE',  ( -1.688575694911949698, -4.076582343749998394, 14.48750000170699082 ) ) ;
#2135 = CARTESIAN_POINT ( 'NONE',  ( -3.123709310533326011, 1.344624055535565521, 19.71913028354649455 ) ) ;
#2136 = CARTESIAN_POINT ( 'NONE',  ( -3.381422356050420408, 0.3549570980680821219, 18.52987528976460752 ) ) ;
#2137 = CARTESIAN_POINT ( 'NONE',  ( 3.362466010785905013, -0.5178543876744045038, 22.89539733480106065 ) ) ;
#2138 = CARTESIAN_POINT ( 'NONE',  ( 4.076582343749999282, 1.688575694911949254, 23.70625000170706187 ) ) ;
#2139 = DIRECTION ( 'NONE',  ( -0.000000000000000000, -0.000000000000000000, 1.000000000000000000 ) ) ;
#2140 = CARTESIAN_POINT ( 'NONE',  ( -1.808225397037255044, 2.883415843005724621, 20.84970861567961720 ) ) ;
#2141 = ORIENTED_EDGE ( 'NONE', *, *, #2502, .T. ) ;
#2142 = CARTESIAN_POINT ( 'NONE',  ( -2.548996605784280778, 2.250028447952829858, 22.15562829856475702 ) ) ;
#2143 = CARTESIAN_POINT ( 'NONE',  ( -2.583081806287314208, 2.759928940003643749, 25.67240004116082730 ) ) ;
#2144 = ADVANCED_FACE ( 'NONE', ( #956, #4279 ), #3835, .F. ) ;
#2145 = CARTESIAN_POINT ( 'NONE',  ( -3.376169041156706019, 0.4020771714115972117, 21.02713365995847994 ) ) ;
#2146 = ADVANCED_FACE ( 'NONE', ( #1653 ), #3093, .T. ) ;
#2147 = CARTESIAN_POINT ( 'NONE',  ( 1.688575694911948366, 4.076582343749999282, 25.26875000170699437 ) ) ;
#2148 = CARTESIAN_POINT ( 'NONE',  ( -3.381111638408766940, 0.3581543617131903168, 23.52965316017906972 ) ) ;
#2149 = CARTESIAN_POINT ( 'NONE',  ( -1.832160923407450515, -2.866066371182714789, 16.24860510554298543 ) ) ;
#2150 = CARTESIAN_POINT ( 'NONE',  ( -1.688575694911938152, 4.076582343749974413, 17.92500000170700503 ) ) ;
#2151 = CARTESIAN_POINT ( 'NONE',  ( -3.400000000000000355, 1.408326112068523095, 27.22187499999999716 ) ) ;
#2152 = CARTESIAN_POINT ( 'NONE',  ( -3.361767856788242970, -0.5206402940705783244, 21.07976778463064704 ) ) ;
#2153 = CARTESIAN_POINT ( 'NONE',  ( 0.3931693380394737924, -3.377639320909701315, 17.63493648811549264 ) ) ;
#2154 = CARTESIAN_POINT ( 'NONE',  ( -0.9307298257136001896, -3.283700794474119000, 18.80802840987011848 ) ) ;
#2155 = CARTESIAN_POINT ( 'NONE',  ( 3.400000000000000799, -1.408326112068522651, 24.40937500341398092 ) ) ;
#2156 = CARTESIAN_POINT ( 'NONE',  ( 2.404163056034261281, 2.404163056034261725, 15.89375000341398270 ) ) ;
#2157 = CARTESIAN_POINT ( 'NONE',  ( -2.496186759367026028E-16, 4.076582343749999282, 13.94062500170699082 ) ) ;
#2158 = CARTESIAN_POINT ( 'NONE',  ( 4.862365179306964436, 0.2430246085218464580, 13.62430996604861377 ) ) ;
#2159 = CARTESIAN_POINT ( 'NONE',  ( -2.083922784014077934, -2.686596195942876353, 23.73050514056291505 ) ) ;
#2160 = EDGE_CURVE ( 'NONE', #2646, #3074, #890, .T. ) ;
#2161 = CARTESIAN_POINT ( 'NONE',  ( -3.399999999999999911, 0.000000000000000000, 20.11250000341398447 ) ) ;
#2162 = CARTESIAN_POINT ( 'NONE',  ( -4.076582343749999282, 0.000000000000000000, 18.00312500170705832 ) ) ;
#2163 = CARTESIAN_POINT ( 'NONE',  ( 3.330266848870483631, -0.6945214271383176596, 20.38480782851751627 ) ) ;
#2164 = CARTESIAN_POINT ( 'NONE',  ( 1.094204729056915015, 3.226943362709603136, 20.67308748758694392 ) ) ;
#2165 = ORIENTED_EDGE ( 'NONE', *, *, #2990, .T. ) ;
#2166 = CARTESIAN_POINT ( 'NONE',  ( 1.297098388659271739, 3.143073723544618225, 21.90964650324631080 ) ) ;
#2167 = VECTOR ( 'NONE', #715, 1000.000000000000000 ) ;
#2168 = CARTESIAN_POINT ( 'NONE',  ( 0.000000000000000000, 0.000000000000000000, 0.000000000000000000 ) ) ;
#2169 = CARTESIAN_POINT ( 'NONE',  ( 2.882579019330974379, -2.882579019330973491, 23.62812500170699082 ) ) ;
#2170 = CARTESIAN_POINT ( 'NONE',  ( -3.125551102997549791, 1.353748705799662222, 23.46850004146140023 ) ) ;
#2171 = CARTESIAN_POINT ( 'NONE',  ( -0.1684395335053555931, -3.395834526689184507, 16.35306058393173601 ) ) ;
#2172 = CARTESIAN_POINT ( 'NONE',  ( -3.400000000000000355, 1.408326112068523095, 25.97187499999999716 ) ) ;
#2173 = CARTESIAN_POINT ( 'NONE',  ( 0.5317224291417422810, -3.364603136737374545, 21.39317786347919537 ) ) ;
#2174 = CARTESIAN_POINT ( 'NONE',  ( -2.597364086350309353, -2.194026388502327229, 17.44017955054337321 ) ) ;
#2175 = CARTESIAN_POINT ( 'NONE',  ( 3.261300846110044560, -1.005892255279824843, 19.11597436253874704 ) ) ;
#2176 = CARTESIAN_POINT ( 'NONE',  ( 2.087745856067960482, -2.685521715797649644, 16.49462162849730618 ) ) ;
#2177 = CARTESIAN_POINT ( 'NONE',  ( 3.400000000000000355, 1.408326112068523539, 15.81562500341398092 ) ) ;
#2178 = CARTESIAN_POINT ( 'NONE',  ( 4.076582343750000170, -1.688575694911947922, 17.30000000170699082 ) ) ;
#2179 = CARTESIAN_POINT ( 'NONE',  ( -2.573799556277543754, 2.221647879916081259, 19.65777407999047099 ) ) ;
#2180 = CARTESIAN_POINT ( 'NONE',  ( -3.378395631740621852, -0.4418809818933404077, 23.57507791122781526 ) ) ;
#2181 = DIRECTION ( 'NONE',  ( -0.000000000000000000, -0.000000000000000000, 1.000000000000000000 ) ) ;
#2182 = CARTESIAN_POINT ( 'NONE',  ( -1.688575694911950142, -4.076582343749998394, 15.73750000170705654 ) ) ;
#2183 = CARTESIAN_POINT ( 'NONE',  ( 3.228870714784838558, -1.067351897503551195, 20.36185273037618515 ) ) ;
#2184 = CARTESIAN_POINT ( 'NONE',  ( -0.9626453105506934671, 3.261659084316491430, 20.79410796554785890 ) ) ;
#2185 = ORIENTED_EDGE ( 'NONE', *, *, #2160, .T. ) ;
#2186 = B_SPLINE_CURVE_WITH_KNOTS ( 'NONE', 3,
 ( #4367, #424, #3318, #2624, #1493, #1884, #2958, #2528, #2198, #4414, #4705, #3343, #3990, #2932, #1086, #1836, #3295, #1519, #4390, #2983, #4059, #4440, #1470, #1162, #1427, #710, #2176, #24, #3635, #98, #3730, #1544, #453, #1911, #3369, #1831, #770, #3985, #2926, #18, #4409, #1465, #3584, #2171, #4384, #725, #704, #3650, #1444, #1126, #1103, #4720, #2881, #4026, #2905, #310, #2216, #2192, #1059, #2501, #3312, #1080, #2567, #2149, #747, #1855, #4053, #2592, #2545, #395, #3673, #3629, #1765, #3964, #43, #350, #4362, #1488, #1809, #2953, #3289, #3222, #4675, #3266, #1397, #2857, #4005, #4319, #371, #1037, #683, #3606, #4342, #1421, #331, #1786, #2523, #3244, #4700, #3387, #1617, #166, #852, #4076, #117, #4509, #1537 ),
 .UNSPECIFIED., .F., .F.,
 ( 4, 2, 2, 2, 2, 1, 1, 2, 2, 2, 2, 2, 1, 1, 2, 2, 2, 1, 2, 2, 1, 2, 2, 2, 2, 2, 1, 1, 2, 2, 2, 2, 2, 2, 1, 2, 2, 2, 2, 2, 1, 2, 1, 1, 2, 2, 1, 2, 2, 2, 2, 1, 1, 2, 2, 1, 2, 2, 1, 2, 2, 4 ),
 ( 0.8358645443688315080, 0.8396495928153275834, 0.8434346412618236588, 0.8436712067897296219, 0.8437894895536826034, 0.8439077723176356960, 0.8443809033734477332, 0.8453271654850718075, 0.8472196897083198452, 0.8510047381548161427, 0.8514778692106281799, 0.8515961519745811614, 0.8517144347385341430, 0.8519510002664402171, 0.8528972623780641804, 0.8547897866013122181, 0.8585748350478081825, 0.8590479661036202197, 0.8592845316315261828, 0.8594028143954792753, 0.8595210971594322569, 0.8604673592710562202, 0.8623598834943042579, 0.8661449319408002223, 0.8670911940524242967, 0.8672094768163772782, 0.8673277595803302598, 0.8675643251082363339, 0.8680374561640482600, 0.8699299803872962977, 0.8737150288337924842, 0.8746612909454164475, 0.8748978564733225216, 0.8750161392372755031, 0.8751344220012284847, 0.8756075530570405219, 0.8775000772802885596, 0.8784463393919126339, 0.8786829049198185970, 0.8789194704477245601, 0.8793926015035365973, 0.8812851257267846350, 0.8822313878384087094, 0.8827045188942206355, 0.8827636602761972373, 0.8828228016581737281, 0.8829410844221267096, 0.8831776499500327837, 0.8850701741732809325, 0.8888552226197773409, 0.8898014847314014153, 0.8902746157872134525, 0.8905111813151194156, 0.8905703226970960174, 0.8906294640790725081, 0.8907477468430254897, 0.8926402710662737494, 0.8935865331778979348, 0.8940596642337099720, 0.8942962297616159351, 0.8945327952895220092, 0.8964253195127702689 ),
 .UNSPECIFIED. ) ;
#2187 = CARTESIAN_POINT ( 'NONE',  ( -2.537665846333958530, 2.262851746208618398, 22.15465583842748742 ) ) ;
#2188 = CARTESIAN_POINT ( 'NONE',  ( 3.147290928885759342, 1.638462952380507209, 25.44010691497905086 ) ) ;
#2189 = CARTESIAN_POINT ( 'NONE',  ( 3.373146334615224173, 0.4406148919976590195, 24.20016747918594646 ) ) ;
#2190 = CARTESIAN_POINT ( 'NONE',  ( -2.882579019330973935, 2.882579019330973935, 19.25312500170699082 ) ) ;
#2191 = CARTESIAN_POINT ( 'NONE',  ( -3.377693088709467606, 0.3888769463756255873, 23.52791524496799980 ) ) ;
#2192 = CARTESIAN_POINT ( 'NONE',  ( -1.495114006892923841, -3.053643990803563746, 16.27160186343045112 ) ) ;
#2193 = ADVANCED_FACE ( 'NONE', ( #4615, #2394 ), #4193, .T. ) ;
#2194 = CARTESIAN_POINT ( 'NONE',  ( -1.408326112068523983, -3.399999999999999467, 21.28437499999999716 ) ) ;
#2195 = CARTESIAN_POINT ( 'NONE',  ( -1.524385548826343584, -3.039131085831043411, 21.26964472437551379 ) ) ;
#2196 = CARTESIAN_POINT ( 'NONE',  ( -0.5235254648584892756, -3.361491811021824372, 17.58256611506849154 ) ) ;
#2197 = CARTESIAN_POINT ( 'NONE',  ( 3.322369781365898778, -0.7544215307228143708, 19.13122074696959984 ) ) ;
#2198 = CARTESIAN_POINT ( 'NONE',  ( 3.119180644544071956, -1.353059485901733527, 16.59348813828279035 ) ) ;
#2199 = CARTESIAN_POINT ( 'NONE',  ( -4.076582343749974413, 1.688575694911938152, 23.08125000170700858 ) ) ;
#2200 = CARTESIAN_POINT ( 'NONE',  ( -4.076582343749998394, -1.688575694911951253, 15.58125000170699259 ) ) ;
#2201 = CARTESIAN_POINT ( 'NONE',  ( -0.2198050154690849856, 3.393090482014254672, 19.49986546023027145 ) ) ;
#2202 = CARTESIAN_POINT ( 'NONE',  ( -1.965153909753601269, -2.775079594812075001, 23.73913281140229969 ) ) ;
#2203 = DIRECTION ( 'NONE',  ( -0.7071067811865489050, 0.000000000000000000, -0.7071067811865462405 ) ) ;
#2204 = CARTESIAN_POINT ( 'NONE',  ( 4.076582343750000170, -1.688575694911947922, 17.30000000170706187 ) ) ;
#2205 = CARTESIAN_POINT ( 'NONE',  ( 2.137298044905328265, -2.644231441811945693, 20.24843507926776454 ) ) ;
#2206 = CARTESIAN_POINT ( 'NONE',  ( -1.279834386337432184, 3.150819151344097069, 20.81423898964879982 ) ) ;
#2207 = EDGE_LOOP ( 'NONE', ( #4173, #1352, #546 ) ) ;
#2208 = CARTESIAN_POINT ( 'NONE',  ( -1.688575694911948810, 4.076582343749999282, 26.67500000170699792 ) ) ;
#2209 = AXIS2_PLACEMENT_3D ( 'NONE', #1230, #518, #2717 ) ;
#2210 = CARTESIAN_POINT ( 'NONE',  ( -0.06596939291624720481, 3.399563194852894377, 21.99115530061422419 ) ) ;
#2211 = CARTESIAN_POINT ( 'NONE',  ( -2.395520206553527487, 2.914007545309896585, 25.66465970775890071 ) ) ;
#2212 = CARTESIAN_POINT ( 'NONE',  ( -2.562090094580743216, 2.245974810303641878, 20.90614967826889981 ) ) ;
#2213 = ADVANCED_FACE ( 'NONE', ( #1316 ), #1725, .F. ) ;
#2214 = CARTESIAN_POINT ( 'NONE',  ( -2.882579019330973935, 2.882579019330973935, 20.50312500170699437 ) ) ;
#2215 = CARTESIAN_POINT ( 'NONE',  ( -1.808721930406668621, 2.883039271397709769, 23.34974640143103386 ) ) ;
#2216 = CARTESIAN_POINT ( 'NONE',  ( -1.467134399919209242, -3.067237636259411371, 16.27346495508389523 ) ) ;
#2217 = CARTESIAN_POINT ( 'NONE',  ( -3.399999999999999023, -1.408326112068525537, 22.37812500000000071 ) ) ;
#2218 = DIRECTION ( 'NONE',  ( -0.000000000000000000, -0.000000000000000000, 1.000000000000000000 ) ) ;
#2219 = CARTESIAN_POINT ( 'NONE',  ( -2.028614511637323314, -2.728815541390461785, 17.48467512329390416 ) ) ;
#2220 = CARTESIAN_POINT ( 'NONE',  ( -3.399999999994141930, 4.417659499032885852E-06, 18.54991825395957505 ) ) ;
#2221 = DIRECTION ( 'NONE',  ( -1.000000000000000000, 0.000000000000000000, 0.000000000000000000 ) ) ;
#2222 = CARTESIAN_POINT ( 'NONE',  ( 4.076582343749974413, 4.992373518734019516E-16, 22.53437500170700503 ) ) ;
#2223 = CARTESIAN_POINT ( 'NONE',  ( -2.081899558550500280E-16, 3.399999999999999911, 22.30000000341398092 ) ) ;
#2224 = CARTESIAN_POINT ( 'NONE',  ( -1.301894797927495073, 3.141753431594715540, 19.56567838797095504 ) ) ;
#2225 = CARTESIAN_POINT ( 'NONE',  ( -3.356125753962140745, 0.5554181314223859411, 18.51800637857646947 ) ) ;
#2226 = CARTESIAN_POINT ( 'NONE',  ( -2.589243156246087807, -2.203634944652471006, 22.44084164137890269 ) ) ;
#2227 = CARTESIAN_POINT ( 'NONE',  ( -1.688575694911950142, -4.076582343749998394, 18.23750000170706187 ) ) ;
#2228 = CARTESIAN_POINT ( 'NONE',  ( 4.076582343749999282, 1.688575694911949254, 26.20625000170699437 ) ) ;
#2229 = CARTESIAN_POINT ( 'NONE',  ( 2.882579019330974379, -2.882579019330973491, 23.47187500170699082 ) ) ;
#2230 = B_SPLINE_CURVE_WITH_KNOTS ( 'NONE', 3,
 ( #2880, #1830, #1854, #2500, #2148, #1058, #4341, #1487, #17, #1464, #2191, #4052, #2925, #3311, #4383, #1036, #2170, #1102, #2237, #2566, #1396, #1443, #42, #2952, #4318, #4025, #3649, #3672, #746, #2522, #2904, #1125, #4408, #370, #3962, #3628, #2215, #394, #1764, #2591, #769, #3221, #2856, #682, #3605, #3243, #330, #2544, #724, #1785, #4699, #349, #3984, #703, #4719, #4361, #1079, #4180, #4508, #1564, #4459, #116, #3413, #797, #1513, #141, #1979, #2692, #2259, #2668, #1588, #442, #4154, #1616, #902, #2357, #851, #3080, #876, #3749, #1878, #65, #3361, #3386, #3337, #3775, #4531, #3029, #90, #2976, #4432, #1206, #1154, #2616, #1957, #4075, #1229, #2334, #3801, #1903, #1180, #1536, #3004, #2644, #517, #4103, #825, #2285, #2004, #4203, #2762, #3528, #284, #3149, #2030, #3507, #4268, #1349, #1326, #988 ),
 .UNSPECIFIED., .F., .F.,
 ( 4, 2, 2, 2, 1, 1, 2, 2, 2, 2, 2, 2, 1, 2, 2, 2, 1, 2, 2, 2, 2, 2, 2, 2, 2, 2, 2, 1, 1, 2, 2, 2, 2, 1, 2, 2, 2, 2, 2, 1, 2, 2, 2, 1, 2, 2, 2, 2, 2, 2, 1, 2, 1, 1, 2, 2, 2, 2, 2, 2, 2, 1, 2, 2, 1, 2, 4 ),
 ( 0.1697044879455939792, 0.1715964718954705592, 0.1718329698892051283, 0.1718920943876387775, 0.1719512188860724267, 0.1720694678829396973, 0.1725424638704088076, 0.1734884558453470005, 0.1772724237450997997, 0.1791644076949762132, 0.1796374036824452958, 0.1798739016761798371, 0.1801103996699144061, 0.1810563916448525990, 0.1848403595446053982, 0.1867323434944817839, 0.1872053394819508942, 0.1874418374756854355, 0.1876783354694199768, 0.1886243274443581697, 0.1905163113942345832, 0.1914623033691727760, 0.1924082953441109967, 0.1943002792939873824, 0.1952462712689255753, 0.1953053957673592245, 0.1953645202657928737, 0.1954827692626601721, 0.1957192672563947411, 0.1961922632438639069, 0.1980842471937405702, 0.1990302391686788741, 0.1992667371624134709, 0.1995032351561480399, 0.1999762311436172058, 0.2018682150934938691, 0.2028142070684322007, 0.2030507050621667697, 0.2031689540590340681, 0.2032872030559013388, 0.2037601990433705046, 0.2075441669431237757, 0.2094361508930003835, 0.2103821428679386873, 0.2108551388554078532, 0.2113281348428769912, 0.2132201187927536268, 0.2141661107676919307, 0.2146391067551611243, 0.2148756047488956933, 0.2151121027426302623, 0.2170040866925069256, 0.2179500786674452573, 0.2184230746549144231, 0.2186595726486490199, 0.2187778216455163183, 0.2188960706423836167, 0.2207880545922603632, 0.2226800385421371375, 0.2236260305170755247, 0.2240990265045447183, 0.2243355244982792873, 0.2244537734951465857, 0.2245128979935802349, 0.2245720224920138841, 0.2264640064418906029, 0.2302479743416440683 ),
 .UNSPECIFIED. ) ;
#2231 = CARTESIAN_POINT ( 'NONE',  ( -3.399999999996432098, -3.392293964255798686E-06, 16.36256314814743007 ) ) ;
#2232 = CARTESIAN_POINT ( 'NONE',  ( -1.688575694911948810, 4.076582343749999282, 25.42500000170699792 ) ) ;
#2233 = FACE_OUTER_BOUND ( 'NONE', #2100, .T. ) ;
#2234 = CARTESIAN_POINT ( 'NONE',  ( -2.619159155696819230, -2.167986938584118839, 24.93824069169953361 ) ) ;
#2235 = CARTESIAN_POINT ( 'NONE',  ( 3.256488214252431845, 1.021250502381948921, 24.23496110066535181 ) ) ;
#2236 = CARTESIAN_POINT ( 'NONE',  ( 4.076582343749999282, 4.992373518734052056E-16, 18.78437500170699082 ) ) ;
#2237 = CARTESIAN_POINT ( 'NONE',  ( -2.985415224269632795, 1.627956251914980168, 23.45016257344304478 ) ) ;
#2238 = CARTESIAN_POINT ( 'NONE',  ( 0.000000000000000000, 0.000000000000000000, 0.000000000000000000 ) ) ;
#2239 = CARTESIAN_POINT ( 'NONE',  ( 6.245698675651500839E-16, -3.399999999999999911, 25.11249999999999716 ) ) ;
#2240 = CARTESIAN_POINT ( 'NONE',  ( -2.115477662670453007, -2.661735550175887699, 17.47818272547415575 ) ) ;
#2241 = CARTESIAN_POINT ( 'NONE',  ( -2.882579019330973047, -2.882579019330974379, 25.65937500170705832 ) ) ;
#2242 = DIRECTION ( 'NONE',  ( -1.000000000000000000, 0.000000000000000000, 0.000000000000000000 ) ) ;
#2243 = CARTESIAN_POINT ( 'NONE',  ( -4.076582343749974413, 1.688575694911938152, 20.58125000170700503 ) ) ;
#2244 = CARTESIAN_POINT ( 'NONE',  ( 3.400000000000000799, -1.408326112068522651, 24.40937500341398092 ) ) ;
#2245 = CARTESIAN_POINT ( 'NONE',  ( -3.381443354588049122, 0.3550041549563806575, 24.77982732582739800 ) ) ;
#2246 = CARTESIAN_POINT ( 'NONE',  ( 0.2210499534568073354, 3.396010647614047251, 18.22492334333418995 ) ) ;
#2247 = CARTESIAN_POINT ( 'NONE',  ( -2.706346451131015129, -2.061349193583196016, 22.43037670699451169 ) ) ;
#2248 = CARTESIAN_POINT ( 'NONE',  ( -1.985929728451855780, -2.761261371561418709, 19.98785406075946369 ) ) ;
#2249 = CARTESIAN_POINT ( 'NONE',  ( 3.390700783919729400, 0.2588805765864218289, 15.43950223506810282 ) ) ;
#2250 = CARTESIAN_POINT ( 'NONE',  ( 7.488560278101077592E-16, -4.076582343749999282, 24.56562500170699082 ) ) ;
#2251 = CARTESIAN_POINT ( 'NONE',  ( -2.882579019330973935, 2.882579019330973935, 20.34687500170699082 ) ) ;
#2252 = AXIS2_PLACEMENT_3D ( 'NONE', #4411, #749, #2672 ) ;
#2253 = CARTESIAN_POINT ( 'NONE',  ( 1.602393001079140067, 3.214681346435494635, 14.80724041103280797 ) ) ;
#2254 = CARTESIAN_POINT ( 'NONE',  ( -2.496186759367026028E-16, 4.076582343749999282, 22.84687500170699082 ) ) ;
#2255 = DIRECTION ( 'NONE',  ( -0.000000000000000000, -0.000000000000000000, 1.000000000000000000 ) ) ;
#2256 = CARTESIAN_POINT ( 'NONE',  ( 1.961814007064257348, -2.778381937826063464, 25.23560737798177911 ) ) ;
#2257 = EDGE_LOOP ( 'NONE', ( #3826, #899, #3581, #4461 ) ) ;
#2258 = CARTESIAN_POINT ( 'NONE',  ( -2.496186759367026028E-16, 4.076582343749999282, 20.34687500170699082 ) ) ;
#2259 = CARTESIAN_POINT ( 'NONE',  ( 0.5448264063918120126, 3.356065802752464577, 23.20626698492893070 ) ) ;
#2260 = EDGE_CURVE ( 'NONE', #541, #118, #2798, .T. ) ;
#2261 = CARTESIAN_POINT ( 'NONE',  ( 3.712232486472502924, -2.237298555768420318E-11, 14.66776751352749208 ) ) ;
#2262 = VERTEX_POINT ( 'NONE', #3497 ) ;
#2263 = CARTESIAN_POINT ( 'NONE',  ( 3.400000000000000799, -1.408326112068522651, 21.59687500000000426 ) ) ;
#2264 = CARTESIAN_POINT ( 'NONE',  ( -0.4283106790548572573, -4.046749861699514561, 25.96083088878647871 ) ) ;
#2265 = CARTESIAN_POINT ( 'NONE',  ( -2.072324870702509703, 2.695453925514701421, 17.11865310127610229 ) ) ;
#2266 = LINE ( 'NONE', #171, #3245 ) ;
#2267 = CARTESIAN_POINT ( 'NONE',  ( -4.076582343749999282, 0.000000000000000000, 25.50312500170705832 ) ) ;
#2268 = CARTESIAN_POINT ( 'NONE',  ( 0.000000000000000000, 0.000000000000000000, 20.00000000000000000 ) ) ;
#2269 = CARTESIAN_POINT ( 'NONE',  ( 7.488560278101030260E-16, -4.076582343749974413, 23.47187500170700503 ) ) ;
#2270 = CARTESIAN_POINT ( 'NONE',  ( 1.408326112068525537, -3.399999999999999023, 24.25312500341398092 ) ) ;
#2271 = CARTESIAN_POINT ( 'NONE',  ( 2.662640129268711409, 2.126267064527654682, 19.30969077327076278 ) ) ;
#2272 = CARTESIAN_POINT ( 'NONE',  ( -2.059660747538392123, 2.705149800771008639, 18.36775153451767650 ) ) ;
#2273 = CARTESIAN_POINT ( 'NONE',  ( -3.304748060583167835, -0.8533211241675194847, 22.34980802965219837 ) ) ;
#2274 = CARTESIAN_POINT ( 'NONE',  ( 2.639400131616747469, -2.763284831269798403, 14.56586837763624587 ) ) ;
#2275 = CARTESIAN_POINT ( 'NONE',  ( 2.752618560509651591, 1.995910104466874335, 15.55058950021510533 ) ) ;
#2276 = CARTESIAN_POINT ( 'NONE',  ( -2.496186759367026028E-16, 4.076582343749999282, 26.44062500170699082 ) ) ;
#2277 = CARTESIAN_POINT ( 'NONE',  ( -1.688575694911949698, -4.076582343749998394, 23.23750000170699082 ) ) ;
#2278 = DIRECTION ( 'NONE',  ( -0.000000000000000000, -0.000000000000000000, 1.000000000000000000 ) ) ;
#2279 = CARTESIAN_POINT ( 'NONE',  ( -4.076582343749999282, 0.000000000000000000, 19.40937500170699082 ) ) ;
#2280 = CARTESIAN_POINT ( 'NONE',  ( -3.307134483376313661, -0.8440440742950029440, 19.84925027056237568 ) ) ;
#2281 = CARTESIAN_POINT ( 'NONE',  ( -3.399999999974034459, 9.403108321025503978E-06, 22.61232958585868147 ) ) ;
#2282 = AXIS2_PLACEMENT_3D ( 'NONE', #3288, #1420, #3265 ) ;
#2283 = EDGE_LOOP ( 'NONE', ( #1586, #4044, #1608, #1178 ) ) ;
#2284 = CARTESIAN_POINT ( 'NONE',  ( -2.496186759367026028E-16, 4.076582343749999282, 19.09687500170699082 ) ) ;
#2285 = CARTESIAN_POINT ( 'NONE',  ( 3.176638369216657320, 1.212881238434590170, 22.99738094664181887 ) ) ;
#2286 = DIRECTION ( 'NONE',  ( 1.000000000000000000, 0.000000000000000000, 0.000000000000000000 ) ) ;
#2287 = EDGE_CURVE ( 'NONE', #2262, #565, #3930, .T. ) ;
#2288 = ORIENTED_EDGE ( 'NONE', *, *, #2103, .F. ) ;
#2289 = CARTESIAN_POINT ( 'NONE',  ( 3.400000000000000355, 1.408326112068523539, 24.25312499999999361 ) ) ;
#2290 = CARTESIAN_POINT ( 'NONE',  ( -0.1658225738752556466, -4.074048140267837681, 25.96867460653230708 ) ) ;
#2291 = CARTESIAN_POINT ( 'NONE',  ( -2.074694101113437661, 2.693630750698746468, 17.11882144814302720 ) ) ;
#2292 = DIRECTION ( 'NONE',  ( -0.000000000000000000, -0.000000000000000000, 1.000000000000000000 ) ) ;
#2293 = CARTESIAN_POINT ( 'NONE',  ( -2.061524415801618382, -2.703828867729050511, 18.73214393818270551 ) ) ;
#2294 = CARTESIAN_POINT ( 'NONE',  ( -2.882579019330956172, 2.882579019330956172, 23.00312500170700503 ) ) ;
#2295 = CARTESIAN_POINT ( 'NONE',  ( 1.408326112068525537, -3.399999999999999023, 25.50312500341398447 ) ) ;
#2296 = CARTESIAN_POINT ( 'NONE',  ( -0.8457964052540092315, 3.293123125374579185, 18.28687744407617899 ) ) ;
#2297 = CARTESIAN_POINT ( 'NONE',  ( -2.807052027132121985, -1.919329784021580387, 22.42014016873462623 ) ) ;
#2298 = CARTESIAN_POINT ( 'NONE',  ( 3.418801875149589442, -1.600384493437884581, 14.61237289378553150 ) ) ;
#2299 = CARTESIAN_POINT ( 'NONE',  ( -2.326334606522936443, -2.481963529317278816, 19.96230372831805511 ) ) ;
#2300 = CARTESIAN_POINT ( 'NONE',  ( 3.293209185154574392, 0.8487015265856913127, 15.47477552993686878 ) ) ;
#2301 = CARTESIAN_POINT ( 'NONE',  ( -2.496186759367026028E-16, 4.076582343749999282, 23.94062500170699082 ) ) ;
#2302 = CARTESIAN_POINT ( 'NONE',  ( -4.076582343749998394, -1.688575694911951253, 24.33125000170699082 ) ) ;
#2303 = CARTESIAN_POINT ( 'NONE',  ( -0.2006453193300657134, 3.506295651043080497, 14.87272702167946470 ) ) ;
#2304 = CARTESIAN_POINT ( 'NONE',  ( -4.076582343749999282, 1.688575694911948588, 23.08125000170699437 ) ) ;
#2305 = CARTESIAN_POINT ( 'NONE',  ( 3.208986010833865254, -1.126039710912632552, 15.35815116855715701 ) ) ;
#2306 = CARTESIAN_POINT ( 'NONE',  ( -3.394714461774315684, 0.2188264149552914817, 16.03750950654675833 ) ) ;
#2307 = CARTESIAN_POINT ( 'NONE',  ( 2.911899818572838416, 1.759622417549599582, 21.78371540072127388 ) ) ;
#2308 = ORIENTED_EDGE ( 'NONE', *, *, #4636, .F. ) ;
#2309 = CARTESIAN_POINT ( 'NONE',  ( 4.076582343749999282, 1.688575694911949254, 26.20625000170699437 ) ) ;
#2310 = DIRECTION ( 'NONE',  ( 1.000000000000000000, 0.000000000000000000, 0.000000000000000000 ) ) ;
#2311 =( BOUNDED_CURVE ( )  B_SPLINE_CURVE ( 2, ( #3204, #3948, #668, #2132, #3590, #316, #1772, #3229, #1189, #99, #477, #73, #3396, #4441, #4415, #1109, #3296, #4032, #2652, #4087, #2574, #1913, #4111, #731, #1545, #454, #3344, #3704, #3731, #2676, #1135, #3013, #3370, #1572, #2269, #402, #2599, #4467, #834, #2199, #2294, #3319, #807, #3758, #1937, #2933, #2222, #26, #1520, #2985, #124, #3656, #4060, #3037, #2625, #776, #4492, #1163, #1215, #379, #1886, #1837, #426, #1471, #753, #4391, #3680, #1862, #2959, #49, #1495, #2243, #2342, #1673, #3113, #1696, #1311, #2768, #910, #2746, #1334, #2389, #198, #1625, #3157, #4609, #4189, #3875, #3514, #4566, #1598, #4210, #4136, #3062, #1237, #3809, #1988, #2367, #3831, #552, #2013, #2105, #353, #3197, #4652, #2150, #2480, #3223, #2814, #1398, #4297, #2882, #4721, #2858, #1810, #1787, #2791, #972, #1422, #3941, #3607, #2027, #3102, #4579, #2782, #2403, #986, #1686, #1277, #1006, #2758, #2052, #213, #4623, #3526, #4556, #630, #2451, #2427, #2094, #2737, #3552, #4223, #1711, #1734, #942, #4266, #3866, #239, #4600, #1324, #2805, #3302 ),
 .UNSPECIFIED., .F., .T. ) 
 B_SPLINE_CURVE_WITH_KNOTS ( ( 3, 2, 2, 2, 2, 2, 2, 2, 2, 2, 2, 2, 2, 2, 2, 2, 2, 2, 2, 2, 2, 2, 2, 2, 2, 2, 2, 2, 2, 2, 2, 2, 2, 2, 2, 2, 2, 2, 2, 2, 2, 2, 2, 2, 2, 2, 2, 2, 2, 2, 2, 2, 2, 2, 2, 2, 2, 2, 2, 2, 2, 2, 2, 2, 2, 2, 2, 2, 2, 2, 2, 2, 2, 2, 2, 2, 3 ),
 ( 0.07172419767801707646, 0.07211321740747170250, 0.08413208697538365755, 0.09615095654329561259, 0.1081698261112075538, 0.1201886956791194949, 0.1322075652470314500, 0.1442264348149433772, 0.1562453043828553600, 0.1682641739507672873, 0.1802830435186792424, 0.1923019130865911974, 0.2043207826545031247, 0.2163396522224151353, 0.2283585217903270626, 0.2403773913582389898, 0.2523962609261509726, 0.2644151304940628444, 0.2764340000619748272, 0.2884528696298867545, 0.3004717391977987928, 0.3124906087657106646, 0.3245094783336225919, 0.3365283479015345747, 0.3485472174694465020, 0.3605660870373584292, 0.3725849566052704120, 0.3846038261731823393, 0.3966226957410943221, 0.4086415653090062494, 0.4206604348769181767, 0.4326793044448302150, 0.4446981740127420868, 0.4567170435806540141, 0.4687359131485659969, 0.4807547827164779242, 0.4927736522843899070, 0.5047925218523019453, 0.5168113914202137060, 0.5288302609881256888, 0.5408491305560376716, 0.5528680001239496544, 0.5648868696918616372, 0.5769057392597735090, 0.5889246088276854918, 0.6009434783955975856, 0.6129623479635094574, 0.6249812175314214402, 0.6370000870993334230, 0.6490189566672452948, 0.6610378262351571665, 0.6730566958030692604, 0.6850755653709811321, 0.6970944349388931149, 0.7091133045068049867, 0.7211321740747168585, 0.7331510436426290633, 0.7451699132105409351, 0.7571887827784529179, 0.7692076523463647897, 0.7812265219142766615, 0.7932453914821886443, 0.8052642610501006271, 0.8172831306180126099, 0.8293020001859244816, 0.8413208697538364644, 0.8533397393217483362, 0.8653586088896604300, 0.8773774784575724128, 0.8893963480254842846, 0.9014152175933962674, 0.9134340871613081392, 0.9254529567292200110, 0.9374718262971321048, 0.9494906958650439766, 0.9615095654329559594, 0.9695880622091239687 ),
 .UNSPECIFIED. ) 
 CURVE ( )  GEOMETRIC_REPRESENTATION_ITEM ( )  RATIONAL_B_SPLINE_CURVE ( ( 0.9952318497398817687, 0.9975361773001116816, 1.000000000000000000, 0.9238795325112867385, 1.000000000000000000, 0.9238795325112867385, 1.000000000000000000, 0.9238795325112867385, 1.000000000000000000, 0.9238795325112867385, 1.000000000000000000, 0.9238795325112867385, 1.000000000000000000, 0.9238795325112867385, 1.000000000000000000, 0.9238795325112867385, 1.000000000000000000, 0.9238795325112867385, 1.000000000000000000, 0.9238795325112867385, 1.000000000000000000, 0.9238795325112867385, 1.000000000000000000, 0.9238795325112867385, 1.000000000000000000, 0.9238795325112867385, 1.000000000000000000, 0.9238795325112867385, 1.000000000000000000, 0.9238795325112867385, 1.000000000000000000, 0.9238795325112867385, 1.000000000000000000, 0.9238795325112867385, 1.000000000000000000, 0.9238795325112867385, 1.000000000000000000, 0.9238795325112867385, 1.000000000000000000, 0.9238795325112867385, 1.000000000000000000, 0.9238795325112867385, 1.000000000000000000, 0.9238795325112867385, 1.000000000000000000, 0.9238795325112867385, 1.000000000000000000, 0.9238795325112867385, 1.000000000000000000, 0.9238795325112867385, 1.000000000000000000, 0.9238795325112867385, 1.000000000000000000, 0.9238795325112867385, 1.000000000000000000, 0.9238795325112867385, 1.000000000000000000, 0.9238795325112867385, 1.000000000000000000, 0.9238795325112867385, 1.000000000000000000, 0.9238795325112867385, 1.000000000000000000, 0.9238795325112867385, 1.000000000000000000, 0.9238795325112867385, 1.000000000000000000, 0.9238795325112867385, 1.000000000000000000, 0.9238795325112867385, 1.000000000000000000, 0.9238795325112867385, 1.000000000000000000, 0.9238795325112867385, 1.000000000000000000, 0.9238795325112867385, 1.000000000000000000, 0.9238795325112867385, 1.000000000000000000, 0.9238795325112867385, 1.000000000000000000, 0.9238795325112867385, 1.000000000000000000, 0.9238795325112867385, 1.000000000000000000, 0.9238795325112867385, 1.000000000000000000, 0.9238795325112867385, 1.000000000000000000, 0.9238795325112867385, 1.000000000000000000, 0.9238795325112867385, 1.000000000000000000, 0.9238795325112867385, 1.000000000000000000, 0.9238795325112867385, 1.000000000000000000, 0.9238795325112867385, 1.000000000000000000, 0.9238795325112867385, 1.000000000000000000, 0.9238795325112867385, 1.000000000000000000, 0.9238795325112867385, 1.000000000000000000, 0.9238795325112867385, 1.000000000000000000, 0.9238795325112867385, 1.000000000000000000, 0.9238795325112867385, 1.000000000000000000, 0.9238795325112867385, 1.000000000000000000, 0.9238795325112867385, 1.000000000000000000, 0.9238795325112867385, 1.000000000000000000, 0.9238795325112867385, 1.000000000000000000, 0.9238795325112867385, 1.000000000000000000, 0.9238795325112867385, 1.000000000000000000, 0.9238795325112867385, 1.000000000000000000, 0.9238795325112867385, 1.000000000000000000, 0.9238795325112867385, 1.000000000000000000, 0.9238795325112867385, 1.000000000000000000, 0.9238795325112867385, 1.000000000000000000, 0.9238795325112867385, 1.000000000000000000, 0.9238795325112867385, 1.000000000000000000, 0.9238795325112867385, 1.000000000000000000, 0.9238795325112867385, 1.000000000000000000, 0.9238795325112867385, 1.000000000000000000, 0.9238795325112867385, 1.000000000000000000, 0.9238795325112867385, 1.000000000000000000, 0.9238795325112867385, 1.000000000000000000, 0.9238795325112867385, 1.000000000000000000, 0.9488355416677669574, 0.9664515804290119139 ) ) 
 REPRESENTATION_ITEM ( '' )  );
#2312 = ORIENTED_EDGE ( 'NONE', *, *, #1690, .F. ) ;
#2313 = CARTESIAN_POINT ( 'NONE',  ( -1.408326112068523317, 3.400000000000000355, 17.06562499999999716 ) ) ;
#2314 = CARTESIAN_POINT ( 'NONE',  ( -3.399999999994193445, 4.397413418147676593E-06, 21.04991859196190518 ) ) ;
#2315 = CARTESIAN_POINT ( 'NONE',  ( -2.077615165866164570, 2.691380115916674587, 17.11902883690997967 ) ) ;
#2316 = DIRECTION ( 'NONE',  ( -0.000000000000000000, -0.000000000000000000, -1.000000000000000000 ) ) ;
#2317 = CARTESIAN_POINT ( 'NONE',  ( -2.590075340849780083, -2.202614428949838832, 18.69079680593223358 ) ) ;
#2318 = CARTESIAN_POINT ( 'NONE',  ( 1.408326112068522873, 3.400000000000000355, 25.97187500341398803 ) ) ;
#2319 = CARTESIAN_POINT ( 'NONE',  ( -2.856257090932568410, 1.845220930208735455, 18.43515606799668305 ) ) ;
#2320 = CARTESIAN_POINT ( 'NONE',  ( -0.2077827305453170958, -3.393645294293154979, 22.60083451482588757 ) ) ;
#2321 = CARTESIAN_POINT ( 'NONE',  ( 2.945977476528041983, -2.410387379644665096, 14.58076658635301825 ) ) ;
#2322 = CARTESIAN_POINT ( 'NONE',  ( 3.312545149231358455, 0.7667027740586592754, 15.46968501668237472 ) ) ;
#2323 = CARTESIAN_POINT ( 'NONE',  ( 3.292520999566338702, 0.8773678462077885154, 20.47651940000491777 ) ) ;
#2324 = CARTESIAN_POINT ( 'NONE',  ( 7.488560278101077592E-16, -4.076582343749999282, 18.31562500170699082 ) ) ;
#2325 = CARTESIAN_POINT ( 'NONE',  ( 2.514864635869971998, 2.597997142491641487, 14.76881911525402735 ) ) ;
#2326 = VERTEX_POINT ( 'NONE', #3518 ) ;
#2327 = CARTESIAN_POINT ( 'NONE',  ( -2.882579019330973047, -2.882579019330974379, 19.56562500170699082 ) ) ;
#2328 = CARTESIAN_POINT ( 'NONE',  ( 3.116774058225750377, 1.360587799809526377, 16.75698198069104805 ) ) ;
#2329 = CARTESIAN_POINT ( 'NONE',  ( -3.376488001772486314, -0.4058050493139473969, 19.82310628279724085 ) ) ;
#2330 = CARTESIAN_POINT ( 'NONE',  ( 2.389317895792533175, 2.418942287547635850, 21.83240833687052529 ) ) ;
#2331 = ORIENTED_EDGE ( 'NONE', *, *, #102, .T. ) ;
#2332 = AXIS2_PLACEMENT_3D ( 'NONE', #2674, #4188, #4514 ) ;
#2333 = CARTESIAN_POINT ( 'NONE',  ( -2.882579019330973935, 2.882579019330973935, 15.50312500170699259 ) ) ;
#2334 = CARTESIAN_POINT ( 'NONE',  ( 2.804554038890977097, 1.922112995590974371, 23.04530873275124847 ) ) ;
#2335 = CARTESIAN_POINT ( 'NONE',  ( 1.408326112068525537, -3.399999999999999023, 18.00312500341398447 ) ) ;
#2336 = ORIENTED_EDGE ( 'NONE', *, *, #3290, .F. ) ;
#2337 = CARTESIAN_POINT ( 'NONE',  ( -1.408326112068523317, 3.400000000000000355, 19.56562499999999361 ) ) ;
#2338 = CARTESIAN_POINT ( 'NONE',  ( 4.076582343750000170, -1.688575694911947922, 26.20625000170699437 ) ) ;
#2339 = CARTESIAN_POINT ( 'NONE',  ( 3.399999999999999911, 0.000000000000000000, 0.000000000000000000 ) ) ;
#2340 = CARTESIAN_POINT ( 'NONE',  ( -3.849369363596542470, 0.7014299306185369787, 14.47111062709955220 ) ) ;
#2341 = CARTESIAN_POINT ( 'NONE',  ( 4.076582343749999282, 4.992373518734052056E-16, 24.87812500170705832 ) ) ;
#2342 = CARTESIAN_POINT ( 'NONE',  ( -2.882579019330956172, 2.882579019330956172, 20.50312500170700503 ) ) ;
#2343 = CARTESIAN_POINT ( 'NONE',  ( 1.507138059876238056, 3.049777916872591810, 18.14619646957050136 ) ) ;
#2344 = CARTESIAN_POINT ( 'NONE',  ( 3.392318939728446558, -0.2341001253463516063, 21.66181864207199936 ) ) ;
#2345 = CARTESIAN_POINT ( 'NONE',  ( -3.664021239076566072, -2.101136799585382242, 14.35824434556141505 ) ) ;
#2346 = CARTESIAN_POINT ( 'NONE',  ( 2.319535297109591720, 2.486154363815761936, 15.58782777861168789 ) ) ;
#2347 = CARTESIAN_POINT ( 'NONE',  ( -2.610336074084551594, -2.178566680619462570, 24.93900757771269383 ) ) ;
#2348 = CARTESIAN_POINT ( 'NONE',  ( -4.076582343749999282, 1.688575694911948588, 20.42500000170699437 ) ) ;
#2349 = CARTESIAN_POINT ( 'NONE',  ( -4.076582343749999282, 1.688575694911948588, 16.67500000170699082 ) ) ;
#2350 = CARTESIAN_POINT ( 'NONE',  ( 2.384300359744345954, -2.424016274137304805, 24.01723297418869763 ) ) ;
#2351 = CARTESIAN_POINT ( 'NONE',  ( 2.882579019330973491, 2.882579019330973935, 22.69062500170699082 ) ) ;
#2352 = CARTESIAN_POINT ( 'NONE',  ( 2.283440219798495541, 2.519372834482846546, 16.84060956455287439 ) ) ;
#2353 = CARTESIAN_POINT ( 'NONE',  ( -3.386701820219375492, -0.3004954973797588913, 19.81697500388460043 ) ) ;
#2354 = DIRECTION ( 'NONE',  ( -0.000000000000000000, -0.000000000000000000, -1.000000000000000000 ) ) ;
#2355 = VERTEX_POINT ( 'NONE', #252 ) ;
#2356 = CARTESIAN_POINT ( 'NONE',  ( 2.882579019330974379, -2.882579019330973491, 14.87812500170699082 ) ) ;
#2357 = CARTESIAN_POINT ( 'NONE',  ( 1.406525086384341927, 3.097465391434747861, 23.15287744078457877 ) ) ;
#2358 = CARTESIAN_POINT ( 'NONE',  ( -1.962724188971602501, -2.779802481996101804, 14.98944740623250560 ) ) ;
#2359 = CARTESIAN_POINT ( 'NONE',  ( 0.2382959606659328655, 3.399410011344003557, 19.47388538119199097 ) ) ;
#2360 = ORIENTED_EDGE ( 'NONE', *, *, #944, .F. ) ;
#2361 = EDGE_CURVE ( 'NONE', #1972, #467, #2593, .T. ) ;
#2362 = EDGE_CURVE ( 'NONE', #3128, #1119, #416, .T. ) ;
#2363 = CARTESIAN_POINT ( 'NONE',  ( 1.408326112068525537, -3.399999999999999023, 15.19062499999999893 ) ) ;
#2364 = DIRECTION ( 'NONE',  ( 1.000000000000000000, 0.000000000000000000, 0.000000000000000000 ) ) ;
#2365 = CARTESIAN_POINT ( 'NONE',  ( 3.399999999999996803, 1.435517161782091041E-07, 17.92500000796257709 ) ) ;
#2366 = DIRECTION ( 'NONE',  ( 1.000000000000000000, 0.000000000000000000, 0.000000000000000000 ) ) ;
#2367 = CARTESIAN_POINT ( 'NONE',  ( 1.688575694911940150, -4.076582343749973525, 18.55000000170700858 ) ) ;
#2368 = CARTESIAN_POINT ( 'NONE',  ( 3.241451041225418717, 1.026175806607251939, 17.98556849420529247 ) ) ;
#2369 = CARTESIAN_POINT ( 'NONE',  ( 2.139563427952267283, -2.642540961161383262, 21.49838783927373953 ) ) ;
#2370 = CYLINDRICAL_SURFACE ( 'NONE', #3097, 4.924999999999999822 ) ;
#2371 = CARTESIAN_POINT ( 'NONE',  ( 1.357449825297052382, -3.624821903814225088, 25.76417300356018458 ) ) ;
#2372 = CARTESIAN_POINT ( 'NONE',  ( 1.235003773579185227, -3.172880165103860950, 25.18649014637399475 ) ) ;
#2373 = B_SPLINE_CURVE_WITH_KNOTS ( 'NONE', 3,
 ( #1526, #2631, #3376, #3018, #1552, #4474, #3540, #914, #1630, #3880, #3119, #2371, #2819, #2109, #4592, #3162, #556, #1268 ),
 .UNSPECIFIED., .F., .F.,
 ( 4, 2, 2, 2, 2, 2, 2, 2, 4 ),
 ( 0.000000000000000000, 0.0006774511185196403123, 0.001354902237039280625, 0.002032353355558921045, 0.002709804474078560815, 0.003387255592598201019, 0.004064706711117841223, 0.004742157829637482294, 0.005419608948157121631 ),
 .UNSPECIFIED. ) ;
#2374 = CARTESIAN_POINT ( 'NONE',  ( 2.882579019330974379, -2.882579019330973491, 19.72187500170699082 ) ) ;
#2375 = CARTESIAN_POINT ( 'NONE',  ( -4.076582343749999282, 0.000000000000000000, 15.50312500170699259 ) ) ;
#2376 = CARTESIAN_POINT ( 'NONE',  ( 0.3980058857016909313, -3.377824240487431684, 23.88509724375722243 ) ) ;
#2377 = CARTESIAN_POINT ( 'NONE',  ( -4.076582343749999282, 0.000000000000000000, 16.90937500170699437 ) ) ;
#2378 = DIRECTION ( 'NONE',  ( -0.000000000000000000, -0.000000000000000000, 1.000000000000000000 ) ) ;
#2379 = CARTESIAN_POINT ( 'NONE',  ( -2.075263126435200167, 2.693193339151062293, 15.86887339091923721 ) ) ;
#2380 = ORIENTED_EDGE ( 'NONE', *, *, #743, .T. ) ;
#2381 = AXIS2_PLACEMENT_3D ( 'NONE', #3969, #2773, #643 ) ;
#2382 = CARTESIAN_POINT ( 'NONE',  ( -4.076582343749999282, 0.000000000000000000, 15.65937500170699259 ) ) ;
#2383 = CARTESIAN_POINT ( 'NONE',  ( -1.408326112068523317, 3.400000000000000355, 16.12812500341398092 ) ) ;
#2384 = CARTESIAN_POINT ( 'NONE',  ( 2.861442151841204762, -1.837964843849075214, 15.31073326218905351 ) ) ;
#2385 = CARTESIAN_POINT ( 'NONE',  ( 1.215917387190409427, 3.175146818787133896, 24.41488191890829285 ) ) ;
#2386 = EDGE_LOOP ( 'NONE', ( #1876, #3978, #894, #2634 ) ) ;
#2387 = CARTESIAN_POINT ( 'NONE',  ( -3.399999999999999023, -1.408326112068525537, 19.87812499999999716 ) ) ;
#2388 = CARTESIAN_POINT ( 'NONE',  ( -2.404163056034260837, -2.404163056034261725, 25.26875000341398092 ) ) ;
#2389 = CARTESIAN_POINT ( 'NONE',  ( 1.688575694911940150, -4.076582343749973525, 19.80000000170700503 ) ) ;
#2390 = CARTESIAN_POINT ( 'NONE',  ( 6.245698675651500839E-16, -3.399999999999999911, 20.42500000341398447 ) ) ;
#2391 = CARTESIAN_POINT ( 'NONE',  ( 3.197729151875883247, 1.156264548227984523, 17.99377343119174455 ) ) ;
#2392 = CARTESIAN_POINT ( 'NONE',  ( 3.399229255229337721, -0.07842405135401271654, 21.67062889432012440 ) ) ;
#2393 = CARTESIAN_POINT ( 'NONE',  ( 3.390814826621284528, -0.2556868747653696095, 17.91059993134811279 ) ) ;
#2394 = FACE_OUTER_BOUND ( 'NONE', #1931, .T. ) ;
#2395 = CARTESIAN_POINT ( 'NONE',  ( -0.3315797811911138093, -3.384797813325824745, 25.09389438987971843 ) ) ;
#2396 = CARTESIAN_POINT ( 'NONE',  ( 2.404163056034261281, 2.404163056034261725, 17.14375000341398447 ) ) ;
#2397 = CARTESIAN_POINT ( 'NONE',  ( -4.076582343749998394, -1.688575694911951253, 23.08125000170699082 ) ) ;
#2398 = CARTESIAN_POINT ( 'NONE',  ( -2.496186759367026028E-16, 4.076582343749999282, 15.19062500170699082 ) ) ;
#2399 = CARTESIAN_POINT ( 'NONE',  ( 2.159072085719483614, -2.627607380482461785, 23.99995640449297696 ) ) ;
#2400 = CARTESIAN_POINT ( 'NONE',  ( -4.076582343749998394, -1.688575694911951253, 14.48750000170699082 ) ) ;
#2401 = CARTESIAN_POINT ( 'NONE',  ( -0.2223598856024084358, 3.392915361686391407, 17.00000914422520282 ) ) ;
#2402 = CARTESIAN_POINT ( 'NONE',  ( -0.4151478359423193543, 3.376143094940665002, 15.76108397748008194 ) ) ;
#2403 = CARTESIAN_POINT ( 'NONE',  ( 4.076582343749974413, 1.688575694911938596, 16.36250000170700503 ) ) ;
#2404 = ORIENTED_EDGE ( 'NONE', *, *, #3982, .F. ) ;
#2405 = FACE_OUTER_BOUND ( 'NONE', #1848, .T. ) ;
#2406 = CARTESIAN_POINT ( 'NONE',  ( 2.780353636816716989, -1.956999869509992385, 15.30219775388352055 ) ) ;
#2407 = CARTESIAN_POINT ( 'NONE',  ( 1.209334281735862549, 3.177659989417435327, 24.41530470333130154 ) ) ;
#2408 = ORIENTED_EDGE ( 'NONE', *, *, #1196, .T. ) ;
#2409 = CARTESIAN_POINT ( 'NONE',  ( -3.400000000000000355, 1.408326112068523095, 15.97187499999999538 ) ) ;
#2410 = EDGE_CURVE ( 'NONE', #4529, #3128, #1868, .T. ) ;
#2411 = DIRECTION ( 'NONE',  ( 1.000000000000000000, 0.000000000000000000, 0.000000000000000000 ) ) ;
#2412 = CARTESIAN_POINT ( 'NONE',  ( 2.404163056034261281, 2.404163056034261725, 19.64375000341398092 ) ) ;
#2413 = CARTESIAN_POINT ( 'NONE',  ( 1.408326112068522873, 3.400000000000000355, 23.47187500341398447 ) ) ;
#2414 = B_SPLINE_CURVE_WITH_KNOTS ( 'NONE', 3,
 ( #2000, #563, #2025, #111, #3480, #1299, #4221, #845, #1201, #4124, #2305, #1951, #3049, #1350, #4269, #2384, #1667, #1715, #3848, #2406, #568, #4247, #3173, #2075, #1372, #242, #589, #3913, #1737, #2031, #3892, #2808, #612, #3824, #2830, #3462, #4647, #3485, #3554, #3869, #1689, #217, #285, #3131, #4583, #2431, #2055, #1327, #544, #3150, #1304, #4204, #903, #4603, #2098, #4626, #633, #2763, #191, #2786, #989, #947, #966, #3529, #264, #2454, #3192, #2358, #2005, #1642 ),
 .UNSPECIFIED., .F., .F.,
 ( 4, 2, 1, 2, 2, 1, 1, 2, 2, 2, 2, 2, 2, 2, 2, 2, 1, 1, 2, 2, 2, 2, 2, 2, 2, 2, 2, 1, 1, 1, 1, 2, 2, 2, 2, 1, 1, 1, 2, 2, 4 ),
 ( 0.9569874705204988175, 0.9623640367054370204, 0.9627000720919957066, 0.9628680897852750498, 0.9629100942085948578, 0.9629520986319146658, 0.9630361074785542819, 0.9637081782516715434, 0.9650523197979060663, 0.9677406028903750013, 0.9684126736634922628, 0.9690847444366094132, 0.9704288859828439362, 0.9731171690753127601, 0.9732011779219524872, 0.9732851867685921032, 0.9734532044618714464, 0.9737892398484300216, 0.9744613106215471721, 0.9758054521677815840, 0.9771495937140158849, 0.9778216644871330354, 0.9784937352602502969, 0.9811820183527190098, 0.9838703014451877227, 0.9865585845376564356, 0.9866425933842960516, 0.9867266022309356677, 0.9868946199242150108, 0.9872306553107735860, 0.9879027260838907365, 0.9892468676301251485, 0.9919351507225939724, 0.9932792922688282733, 0.9933633011154678893, 0.9934473099621076164, 0.9936153276553868485, 0.9939513630419454238, 0.9946234338150625742, 0.9973117169075312871, 1.000000000000000000 ),
 .UNSPECIFIED. ) ;
#2415 = CARTESIAN_POINT ( 'NONE',  ( 3.107561107516565002, -1.381551587173138307, 21.59171489187819049 ) ) ;
#2416 = CARTESIAN_POINT ( 'NONE',  ( -3.399999999999999911, 4.163799117101000559E-16, 25.30000000000000071 ) ) ;
#2417 = AXIS2_PLACEMENT_3D ( 'NONE', #4677, #3178, #2815 ) ;
#2418 = CARTESIAN_POINT ( 'NONE',  ( -3.399999999999999023, -1.408326112068525537, 16.44062500341398092 ) ) ;
#2419 = CARTESIAN_POINT ( 'NONE',  ( 3.399999999978680965, -1.204032179575321316E-05, 20.42499933207821172 ) ) ;
#2420 = CARTESIAN_POINT ( 'NONE',  ( 3.399999999999999911, 4.163799117101000559E-16, 18.23750000341398092 ) ) ;
#2421 = CARTESIAN_POINT ( 'NONE',  ( -4.076582343749999282, 0.000000000000000000, 21.75312500170699082 ) ) ;
#2422 = CARTESIAN_POINT ( 'NONE',  ( 1.688575694911948366, 4.076582343749999282, 16.36250000170699082 ) ) ;
#2423 = CARTESIAN_POINT ( 'NONE',  ( 2.355070285982478584, -2.452536876161354407, 24.01492436001002417 ) ) ;
#2424 = CARTESIAN_POINT ( 'NONE',  ( 2.882579019330973491, 2.882579019330973935, 17.69062500170699082 ) ) ;
#2425 = CARTESIAN_POINT ( 'NONE',  ( 4.076582343750000170, -1.688575694911947922, 19.80000000170705832 ) ) ;
#2426 = CARTESIAN_POINT ( 'NONE',  ( -0.1200024853910243994, 3.397900683876166283, 15.74420061473354160 ) ) ;
#2427 = CARTESIAN_POINT ( 'NONE',  ( -2.496186759367009758E-16, 4.076582343749974413, 15.34687500170700503 ) ) ;
#2428 = ORIENTED_EDGE ( 'NONE', *, *, #3703, .T. ) ;
#2429 = EDGE_CURVE ( 'NONE', #3007, #495, #3787, .T. ) ;
#2430 = CARTESIAN_POINT ( 'NONE',  ( -2.404163056034261725, 2.404163056034261725, 16.20625000341398447 ) ) ;
#2431 = CARTESIAN_POINT ( 'NONE',  ( 0.1800305983388254816, -3.395809707702174496, 15.12258690656328142 ) ) ;
#2432 = CARTESIAN_POINT ( 'NONE',  ( -2.245154138833763913, 2.553297749151472562, 24.63147179812893484 ) ) ;
#2433 = ORIENTED_EDGE ( 'NONE', *, *, #4400, .T. ) ;
#2434 = CARTESIAN_POINT ( 'NONE',  ( -2.882579019330973047, -2.882579019330974379, 24.56562500170699437 ) ) ;
#2435 = DIRECTION ( 'NONE',  ( -0.000000000000000000, -0.000000000000000000, -1.000000000000000000 ) ) ;
#2436 = PRODUCT_DEFINITION_CONTEXT ( 'detailed design', #2944, 'design' ) ;
#2437 = CARTESIAN_POINT ( 'NONE',  ( 2.035471948606559778, 2.725903857976030853, 18.10895342395894048 ) ) ;
#2438 = CARTESIAN_POINT ( 'NONE',  ( 1.318365703771660735, -3.134338193782441273, 21.44172491368491862 ) ) ;
#2439 = CARTESIAN_POINT ( 'NONE',  ( 2.326652831582879610, -2.479258604758844520, 17.76272468351312028 ) ) ;
#2440 = CIRCLE ( 'NONE', #372, 7.344863728670890879 ) ;
#2441 = CARTESIAN_POINT ( 'NONE',  ( -6.000000000000000888, 7.347880794884120722E-16, 28.80000000000000071 ) ) ;
#2442 = CARTESIAN_POINT ( 'NONE',  ( 0.000000000000000000, 0.000000000000000000, 25.30000000000000071 ) ) ;
#2443 = CARTESIAN_POINT ( 'NONE',  ( 3.400000000000000355, 1.408326112068523539, 18.31562500341398092 ) ) ;
#2444 = CARTESIAN_POINT ( 'NONE',  ( 7.488560278101077592E-16, -4.076582343749999282, 20.81562500170699437 ) ) ;
#2445 = CARTESIAN_POINT ( 'NONE',  ( 1.688575694911948366, 4.076582343749999282, 13.86250000170699082 ) ) ;
#2446 = CARTESIAN_POINT ( 'NONE',  ( 2.246510317786054589, -2.552385079960613368, 24.00658144809458250 ) ) ;
#2447 = CARTESIAN_POINT ( 'NONE',  ( -4.076582343749998394, -1.688575694911951253, 16.98750000170699082 ) ) ;
#2448 = CARTESIAN_POINT ( 'NONE',  ( -4.076582343749999282, 1.688575694911948588, 21.67500000170706542 ) ) ;
#2449 = CARTESIAN_POINT ( 'NONE',  ( -0.01064360985593227824, 3.400445207841653605, 15.73801840575038113 ) ) ;
#2450 = EDGE_CURVE ( 'NONE', #515, #4649, #3551, .T. ) ;
#2451 = CARTESIAN_POINT ( 'NONE',  ( -1.688575694911938152, 4.076582343749974413, 15.42500000170700680 ) ) ;
#2452 = ORIENTED_EDGE ( 'NONE', *, *, #1072, .F. ) ;
#2453 = FACE_OUTER_BOUND ( 'NONE', #2207, .T. ) ;
#2454 = CARTESIAN_POINT ( 'NONE',  ( -1.572140569452503467, -3.022631194898934837, 15.01674726371487800 ) ) ;
#2455 = CARTESIAN_POINT ( 'NONE',  ( -2.535456631985966602, 2.265313593985505580, 24.65446917922550085 ) ) ;
#2456 = VERTEX_POINT ( 'NONE', #2630 ) ;
#2457 = CARTESIAN_POINT ( 'NONE',  ( 1.688575694911948366, 4.076582343749999282, 25.26875000170699437 ) ) ;
#2458 = CARTESIAN_POINT ( 'NONE',  ( -1.688575694911949698, -4.076582343749998394, 23.39375000170699437 ) ) ;
#2459 = DIRECTION ( 'NONE',  ( 1.000000000000000000, 0.000000000000000000, 0.000000000000000000 ) ) ;
#2460 = CARTESIAN_POINT ( 'NONE',  ( 3.399999999999633538, 1.578160971416638109E-06, 23.23750009095981639 ) ) ;
#2461 = CARTESIAN_POINT ( 'NONE',  ( -2.593653395131954031, -2.198402547305713828, 21.19047211265570141 ) ) ;
#2462 = CARTESIAN_POINT ( 'NONE',  ( 3.241042159437727221, -1.038144352552113681, 17.86386004839900465 ) ) ;
#2463 = DIRECTION ( 'NONE',  ( -0.000000000000000000, -0.000000000000000000, 1.000000000000000000 ) ) ;
#2464 = CARTESIAN_POINT ( 'NONE',  ( 0.000000000000000000, 0.000000000000000000, 0.000000000000000000 ) ) ;
#2465 = CARTESIAN_POINT ( 'NONE',  ( 6.245698675651500839E-16, -3.399999999999999911, 14.17500000341398092 ) ) ;
#2466 = CARTESIAN_POINT ( 'NONE',  ( -1.688575694911948810, 4.076582343749999282, 16.51875000170699082 ) ) ;
#2467 = CARTESIAN_POINT ( 'NONE',  ( -3.377347053490192597, 0.3922660525720415570, 19.77776395692785627 ) ) ;
#2468 = CARTESIAN_POINT ( 'NONE',  ( -3.126369766943916328, -1.345654641241828653, 23.63082686668664678 ) ) ;
#2469 = CARTESIAN_POINT ( 'NONE',  ( -2.496186759367026028E-16, 4.076582343749999282, 17.84687500170699437 ) ) ;
#2470 = CARTESIAN_POINT ( 'NONE',  ( 4.076582343750000170, -1.688575694911947922, 21.05000000170706187 ) ) ;
#2471 = CARTESIAN_POINT ( 'NONE',  ( -2.328225054078181255, 2.480231797391410975, 15.88736442400775672 ) ) ;
#2472 = ORIENTED_EDGE ( 'NONE', *, *, #4472, .T. ) ;
#2473 = CARTESIAN_POINT ( 'NONE',  ( -2.053074154251152361, 2.710179684724792093, 22.11725201343439196 ) ) ;
#2474 = CARTESIAN_POINT ( 'NONE',  ( 2.758515211273126155, -1.987610079762824666, 25.30000000000000782 ) ) ;
#2475 = CARTESIAN_POINT ( 'NONE',  ( -2.629075004715389685, 2.156836063127063330, 24.66267704653015613 ) ) ;
#2476 = ORIENTED_EDGE ( 'NONE', *, *, #660, .T. ) ;
#2477 = CARTESIAN_POINT ( 'NONE',  ( -2.882579019330973047, -2.882579019330974379, 23.31562500170699082 ) ) ;
#2478 = CARTESIAN_POINT ( 'NONE',  ( 2.882579019330973491, 2.882579019330973935, 22.69062500170699082 ) ) ;
#2479 = CARTESIAN_POINT ( 'NONE',  ( -3.400000000000000355, 1.408326112068523095, 17.53437500341398447 ) ) ;
#2480 = CARTESIAN_POINT ( 'NONE',  ( -2.496186759367009758E-16, 4.076582343749974413, 17.84687500170700858 ) ) ;
#2481 = CARTESIAN_POINT ( 'NONE',  ( 3.399999999994924860, -5.874275724537697630E-06, 19.48749968820668954 ) ) ;
#2482 = CARTESIAN_POINT ( 'NONE',  ( -0.3330570870494566904, -3.384262661251116189, 21.34362140376607186 ) ) ;
#2483 = CARTESIAN_POINT ( 'NONE',  ( 0.8786597070897743667, -3.292168695007921642, 17.66414667732034260 ) ) ;
#2484 = CARTESIAN_POINT ( 'NONE',  ( 3.119511594776860797, -1.352598609092550364, 19.09352064665851501 ) ) ;
#2485 = CARTESIAN_POINT ( 'NONE',  ( -2.986536516658200746, -1.625099038976714372, 24.89965059024390115 ) ) ;
#2486 = CARTESIAN_POINT ( 'NONE',  ( 2.593383261995504618, 2.214942850073018832, 13.37890537580672223 ) ) ;
#2487 = CARTESIAN_POINT ( 'NONE',  ( 2.882579019330973491, 2.882579019330973935, 15.03437500170699082 ) ) ;
#2488 = CARTESIAN_POINT ( 'NONE',  ( -3.380585721439896218, 0.3628360380104354022, 19.77942443933796923 ) ) ;
#2489 = CARTESIAN_POINT ( 'NONE',  ( -2.655764028487531014, -2.124102047300974405, 23.68493483077479311 ) ) ;
#2490 = CARTESIAN_POINT ( 'NONE',  ( 2.943509129367799293, -1.705409745264179877, 22.81989520937869997 ) ) ;
#2491 = CARTESIAN_POINT ( 'NONE',  ( 4.076582343750000170, -1.688575694911947922, 22.30000000170705476 ) ) ;
#2492 = FACE_BOUND ( 'NONE', #214, .T. ) ;
#2493 = CARTESIAN_POINT ( 'NONE',  ( 1.835963090268271758, 2.861719167134378683, 20.62326946959657903 ) ) ;
#2494 = VERTEX_POINT ( 'NONE', #151 ) ;
#2495 = CARTESIAN_POINT ( 'NONE',  ( 1.041653775013290373, 3.236970297312094402, 21.92593889694429876 ) ) ;
#2496 = CARTESIAN_POINT ( 'NONE',  ( -3.078699422697830812, 2.233195553195243210, 25.69579136828993882 ) ) ;
#2497 = AXIS2_PLACEMENT_3D ( 'NONE', #1331, #3491, #2364 ) ;
#2498 = CARTESIAN_POINT ( 'NONE',  ( -3.379870217143007061, 0.3694283896082387608, 21.02904478968412860 ) ) ;
#2499 = CARTESIAN_POINT ( 'NONE',  ( 1.688575694911948366, 4.076582343749999282, 24.01875000170699082 ) ) ;
#2500 = CARTESIAN_POINT ( 'NONE',  ( -3.382537551652779584, 0.3444273070710018869, 23.53042069254931334 ) ) ;
#2501 = CARTESIAN_POINT ( 'NONE',  ( -1.520567353082032058, -3.041043387473310045, 16.26990049915953307 ) ) ;
#2502 = EDGE_CURVE ( 'NONE', #2262, #2560, #3092, .T. ) ;
#2503 = CARTESIAN_POINT ( 'NONE',  ( 1.408326112068522873, 3.400000000000000355, 19.72187500341398092 ) ) ;
#2504 = CARTESIAN_POINT ( 'NONE',  ( -2.596740652273038297, -2.194752492457913817, 21.19020753966962545 ) ) ;
#2505 = CARTESIAN_POINT ( 'NONE',  ( -0.1559294946634158241, -3.396447425838831968, 17.60377040925565950 ) ) ;
#2506 = CARTESIAN_POINT ( 'NONE',  ( 2.250000889537751902, -2.549329220828234988, 19.00684108644329484 ) ) ;
#2507 = CARTESIAN_POINT ( 'NONE',  ( -3.012987074622814010, -1.575848309774664502, 24.89631115297973452 ) ) ;
#2508 = AXIS2_PLACEMENT_3D ( 'NONE', #1181, #826, #2286 ) ;
#2509 = CARTESIAN_POINT ( 'NONE',  ( 2.404163056034261725, -2.404163056034261281, 14.33125000341398092 ) ) ;
#2510 = CARTESIAN_POINT ( 'NONE',  ( -1.688575694911948810, 4.076582343749999282, 14.01875000170699082 ) ) ;
#2511 = CARTESIAN_POINT ( 'NONE',  ( -3.382827396849518831, 0.3413584196176144836, 19.78062780486655825 ) ) ;
#2512 = CARTESIAN_POINT ( 'NONE',  ( -3.380180282465830466, 0.3666195290958774167, 18.52921412013300895 ) ) ;
#2513 = CARTESIAN_POINT ( 'NONE',  ( 2.242887625404319074, -2.565228009702850809, 22.75595496579044053 ) ) ;
#2514 = CARTESIAN_POINT ( 'NONE',  ( -4.076582343749999282, 0.000000000000000000, 21.75312500170705832 ) ) ;
#2515 = CARTESIAN_POINT ( 'NONE',  ( -3.793890159626623237, -0.2742968950322729471, 14.58610984037335534 ) ) ;
#2516 = CARTESIAN_POINT ( 'NONE',  ( 2.315991515626577346, 2.489448356414065255, 20.58809597324229301 ) ) ;
#2517 = ORIENTED_EDGE ( 'NONE', *, *, #4127, .F. ) ;
#2518 = CARTESIAN_POINT ( 'NONE',  ( -2.557740769976758255, 2.240083169645626260, 22.15638117416437680 ) ) ;
#2519 = CARTESIAN_POINT ( 'NONE',  ( -2.404163056034261725, 2.404163056034261725, 24.95625000341398092 ) ) ;
#2520 = CARTESIAN_POINT ( 'NONE',  ( -2.893173316164058040, 1.787049060772283537, 20.93922378349954982 ) ) ;
#2521 = CARTESIAN_POINT ( 'NONE',  ( 1.688575694911950809, -4.076582343749998394, 24.80000000170699082 ) ) ;
#2522 = CARTESIAN_POINT ( 'NONE',  ( -2.105722234646904223, 2.669693745947107733, 23.37093378331255167 ) ) ;
#2523 = CARTESIAN_POINT ( 'NONE',  ( -3.320657493485084100, -0.7386083959718575676, 16.09280463712041964 ) ) ;
#2524 = CARTESIAN_POINT ( 'NONE',  ( 3.400000000000000799, -1.408326112068522651, 26.59687500000000426 ) ) ;
#2525 = CARTESIAN_POINT ( 'NONE',  ( -0.1989369814078713050, -3.394176694753097134, 21.35133047127381190 ) ) ;
#2526 = CARTESIAN_POINT ( 'NONE',  ( -0.2878098252537512614, -3.387892603556440729, 17.59625412126386834 ) ) ;
#2527 = CARTESIAN_POINT ( 'NONE',  ( 1.174814333320928217, -3.190597089206993697, 18.93248272413791966 ) ) ;
#2528 = CARTESIAN_POINT ( 'NONE',  ( 3.122937119550972085, -1.344378024116159143, 16.59405609705913420 ) ) ;
#2529 = CARTESIAN_POINT ( 'NONE',  ( -1.408326112068523317, 3.400000000000000355, 16.12812500341398092 ) ) ;
#2530 = CARTESIAN_POINT ( 'NONE',  ( -1.688575694911948810, 4.076582343749999282, 15.26875000170699259 ) ) ;
#2531 = CARTESIAN_POINT ( 'NONE',  ( -2.245067018692302963, 2.555712087178106717, 19.63117209776485339 ) ) ;
#2532 = EDGE_CURVE ( 'NONE', #168, #2456, #4163, .T. ) ;
#2533 = CARTESIAN_POINT ( 'NONE',  ( -2.237006702568717031, -2.563097888784188427, 23.71916766629189866 ) ) ;
#2534 = CARTESIAN_POINT ( 'NONE',  ( -4.400000000000001243, 5.388445916248355985E-16, 26.30000000000000071 ) ) ;
#2535 = CARTESIAN_POINT ( 'NONE',  ( 1.688575694911948366, 4.076582343749999282, 15.11250000170706009 ) ) ;
#2536 = CARTESIAN_POINT ( 'NONE',  ( -3.731369221925788349, -0.5417866955733325884, 14.61951377668380836 ) ) ;
#2537 = CARTESIAN_POINT ( 'NONE',  ( -1.606953830567916297, 2.997272241383794888, 20.83589932058755068 ) ) ;
#2538 = EDGE_LOOP ( 'NONE', ( #3439, #3108, #1283, #3406 ) ) ;
#2539 = ADVANCED_FACE ( 'NONE', ( #1968 ), #1602, .F. ) ;
#2540 = CARTESIAN_POINT ( 'NONE',  ( -0.1826610190331461603, 3.395238596193057568, 21.99774626692369495 ) ) ;
#2541 = FILL_AREA_STYLE ('',( #13 ) ) ;
#2542 = CARTESIAN_POINT ( 'NONE',  ( -3.399999999994193445, 4.397413418147676593E-06, 21.04991859196190518 ) ) ;
#2543 = CARTESIAN_POINT ( 'NONE',  ( -4.076582343749998394, -1.688575694911951253, 21.98750000170699437 ) ) ;
#2544 = CARTESIAN_POINT ( 'NONE',  ( -0.8067442334294059325, 3.302902518876343230, 23.28448414877581030 ) ) ;
#2545 = CARTESIAN_POINT ( 'NONE',  ( -2.078554345863830921, -2.690677333297150753, 16.23089634132252357 ) ) ;
#2546 = CARTESIAN_POINT ( 'NONE',  ( -2.404163056034260837, -2.404163056034261725, 23.70624999999999716 ) ) ;
#2547 = CARTESIAN_POINT ( 'NONE',  ( 0.3000545219820551779, -3.396478864215399351, 21.37976695673567917 ) ) ;
#2548 = CARTESIAN_POINT ( 'NONE',  ( 0.2877928602789393553, -3.391436938548429314, 17.62892227091888842 ) ) ;
#2549 = CARTESIAN_POINT ( 'NONE',  ( -0.6911981060958372058, -3.334306727580229168, 18.82244434058010185 ) ) ;
#2550 = DIRECTION ( 'NONE',  ( -0.000000000000000000, -0.000000000000000000, 1.000000000000000000 ) ) ;
#2551 = CYLINDRICAL_SURFACE ( 'NONE', #3573, 6.000000000000000888 ) ;
#2552 = CARTESIAN_POINT ( 'NONE',  ( -1.688575694911949698, -4.076582343749998394, 16.98750000170699082 ) ) ;
#2553 = CARTESIAN_POINT ( 'NONE',  ( -0.4171049311653311498, 3.375773837590571258, 19.51129875100269473 ) ) ;
#2554 = CARTESIAN_POINT ( 'NONE',  ( -3.259617798613218209, -0.9669041963375860638, 23.60686343106331364 ) ) ;
#2555 = CARTESIAN_POINT ( 'NONE',  ( 3.400000000000000799, -1.408326112068522651, 20.65937500341398092 ) ) ;
#2556 = CARTESIAN_POINT ( 'NONE',  ( 2.882579019330974379, -2.882579019330973491, 14.72187500170706009 ) ) ;
#2557 = CARTESIAN_POINT ( 'NONE',  ( 3.399999427823468423, -0.1615797926852192423, 20.41603653163361543 ) ) ;
#2558 = CARTESIAN_POINT ( 'NONE',  ( 0.5957469931014318654, 3.347554349813837593, 20.70324948496735473 ) ) ;
#2559 = ADVANCED_FACE ( 'NONE', ( #3736 ), #2370, .F. ) ;
#2560 = VERTEX_POINT ( 'NONE', #3065 ) ;
#2561 = CARTESIAN_POINT ( 'NONE',  ( -2.882579019330973047, -2.882579019330974379, 25.81562500170699082 ) ) ;
#2562 = CARTESIAN_POINT ( 'NONE',  ( -3.156495740007842166, 1.266198605064569938, 22.22419935313174832 ) ) ;
#2563 = CARTESIAN_POINT ( 'NONE',  ( 1.408326112068522873, 3.400000000000000355, 24.72187500341398447 ) ) ;
#2564 = CARTESIAN_POINT ( 'NONE',  ( 3.001662917989333490, 1.598107556693073139, 24.27275586470112501 ) ) ;
#2565 = CARTESIAN_POINT ( 'NONE',  ( -2.496186759367026028E-16, 4.076582343749999282, 16.59687500170699437 ) ) ;
#2566 = CARTESIAN_POINT ( 'NONE',  ( -2.945304228679122449, 1.698799401161705802, 23.44531412542450610 ) ) ;
#2567 = CARTESIAN_POINT ( 'NONE',  ( -1.733324014332536134, -2.927754007543108106, 16.25550201927129024 ) ) ;
#2568 = CARTESIAN_POINT ( 'NONE',  ( -1.408326112068523983, -3.399999999999999467, 22.53437499999999716 ) ) ;
#2569 = DIRECTION ( 'NONE',  ( 0.000000000000000000, 0.000000000000000000, 1.000000000000000000 ) ) ;
#2570 = CARTESIAN_POINT ( 'NONE',  ( -0.8306644987308396955, -3.297004553595944021, 17.56405322303958272 ) ) ;
#2571 = B_SPLINE_CURVE_WITH_KNOTS ( 'NONE', 3,
 ( #3213, #1434, #2895, #1822, #650, #3976, #3280, #2536, #2515, #717 ),
 .UNSPECIFIED., .F., .F.,
 ( 4, 2, 2, 2, 4 ),
 ( 0.000000000000000000, 0.0008308848937534443497, 0.001661769787506888699, 0.002492654681260333266, 0.003323539575013777399 ),
 .UNSPECIFIED. ) ;
#2572 = CARTESIAN_POINT ( 'NONE',  ( 2.159578074188476027, -2.627271675682186558, 18.99998734138378964 ) ) ;
#2573 = FACE_OUTER_BOUND ( 'NONE', #922, .T. ) ;
#2574 = CARTESIAN_POINT ( 'NONE',  ( -2.882579019330955283, -2.882579019330956616, 24.56562500170700503 ) ) ;
#2575 = CARTESIAN_POINT ( 'NONE',  ( -3.400000000000000355, 1.408326112068523095, 22.53437500341398092 ) ) ;
#2576 = CARTESIAN_POINT ( 'NONE',  ( 1.300863152910922915, 3.141517588579972653, 19.40940384791555218 ) ) ;
#2577 = CARTESIAN_POINT ( 'NONE',  ( -2.978022122997312948, 1.640752322280725206, 18.44928457601471905 ) ) ;
#2578 = CARTESIAN_POINT ( 'NONE',  ( 2.404163056034261725, -2.404163056034261281, 20.58125000341398092 ) ) ;
#2579 = CARTESIAN_POINT ( 'NONE',  ( -2.882579019330973935, 2.882579019330973935, 19.09687500170706187 ) ) ;
#2580 = CARTESIAN_POINT ( 'NONE',  ( 3.249357141469323640, -1.002975837538550685, 20.36588533870717654 ) ) ;
#2581 = CARTESIAN_POINT ( 'NONE',  ( 1.655533061968146757, 2.970246327609799231, 20.63603810690168672 ) ) ;
#2582 = CARTESIAN_POINT ( 'NONE',  ( 1.688575694911948366, 4.076582343749999282, 23.86250000170699082 ) ) ;
#2583 = CARTESIAN_POINT ( 'NONE',  ( -0.5625878380256817968, 3.453551691466001827, 14.88570173441264544 ) ) ;
#2584 = CARTESIAN_POINT ( 'NONE',  ( 2.404163056034261281, 2.404163056034261725, 14.33124999999999716 ) ) ;
#2585 = AXIS2_PLACEMENT_3D ( 'NONE', #2887, #1108, #2221 ) ;
#2586 = CARTESIAN_POINT ( 'NONE',  ( 3.399999999977145304, -1.246638053392393696E-05, 15.42499954238656379 ) ) ;
#2587 = CARTESIAN_POINT ( 'NONE',  ( 2.303999217200668692, -2.500322222105490599, 25.26098400166693381 ) ) ;
#2588 = EDGE_CURVE ( 'NONE', #495, #3746, #1333, .T. ) ;
#2589 = CARTESIAN_POINT ( 'NONE',  ( -3.379210287074098762, 0.3754347570788004740, 21.02870035333289422 ) ) ;
#2590 = CARTESIAN_POINT ( 'NONE',  ( -1.688575694911949698, -4.076582343749998394, 17.14375000170699082 ) ) ;
#2591 = CARTESIAN_POINT ( 'NONE',  ( -1.363321171140217114, 3.116095868967637461, 23.31965360979002710 ) ) ;
#2592 = CARTESIAN_POINT ( 'NONE',  ( -2.060275591663554895, -2.704699089921809740, 16.23223302040182148 ) ) ;
#2593 = B_SPLINE_CURVE_WITH_KNOTS ( 'NONE', 3,
 ( #1702, #4635, #3634, #1426, #1107, #2909, #4704, #2863, #4009, #2886, #751, #2197, #2175, #1042, #2484, #3294, #4346, #356, #23, #1403, #729, #314, #4324, #4366, #3588, #335, #3227, #1814, #1063, #2506, #2572, #4389, #3612, #3654, #1469, #3989, #1380, #2527, #3271, #2931, #3202, #2840, #4030, #4657, #1019, #3565, #293, #1085, #1746, #377, #4301, #3946, #666, #2130, #1770, #3968, #4681, #687, #2549, #2154, #1793, #1835, #3249, #709, #4725, #1448, #4135, #3395, #70, #2957, #1571, #3342, #1518, #2293, #4162, #2651, #2982, #858, #3700, #3678, #4439, #1964, #2675, #4491, #4466, #2317, #1595, #1161, #400, #3784, #147, #1910, #1187, #123, #501, #3420, #47, #476, #4110, #833, #3368, #3061, #3756, #4515, #1859, #1936, #4058, #97, #1214, #2623, #1236, #2220 ),
 .UNSPECIFIED., .F., .F.,
 ( 4, 2, 2, 1, 1, 2, 2, 2, 2, 1, 2, 2, 2, 1, 2, 2, 1, 2, 2, 2, 1, 1, 2, 2, 2, 2, 2, 2, 2, 2, 1, 1, 2, 2, 2, 2, 1, 2, 2, 2, 2, 2, 2, 2, 1, 2, 1, 1, 2, 2, 1, 2, 2, 2, 2, 1, 1, 2, 2, 1, 2, 2, 2, 1, 4 ),
 ( 0.5936178783249748125, 0.5937361604498249124, 0.5938544425746750122, 0.5940910068243752118, 0.5945641353237755000, 0.5955103923225761875, 0.5974029063201775624, 0.6011879343153802013, 0.6016610628147806006, 0.6021341913141808888, 0.6030804483129815763, 0.6049729623105829512, 0.6087579903057857011, 0.6092311188051861004, 0.6093494009300362002, 0.6094676830548863000, 0.6097042473045863886, 0.6106505043033870761, 0.6125430183009883400, 0.6163280462961909789, 0.6168011747955912671, 0.6170377390452914668, 0.6171560211701415666, 0.6172743032949916664, 0.6182205602937923539, 0.6201130742913937288, 0.6238981022865964787, 0.6248443592853971662, 0.6249626414102472660, 0.6250217824726722604, 0.6250809235350973658, 0.6253174877847975655, 0.6257906162841979647, 0.6276831302817994507, 0.6314681582770026447, 0.6324144152758034432, 0.6326509795255035318, 0.6327692616503537426, 0.6328875437752037314, 0.6333606722746041306, 0.6352531862722057276, 0.6361994432710065261, 0.6366725717704069254, 0.6369091360201071250, 0.6371457002698073246, 0.6390382142674089216, 0.6399844712662097201, 0.6404575997656101194, 0.6405758818904602192, 0.6406350229528853246, 0.6406941640153103190, 0.6409307282650105186, 0.6428232422626115605, 0.6466082702578137553, 0.6475545272566143318, 0.6480276557560145090, 0.6482642200057147086, 0.6483825021305648084, 0.6484416431929898028, 0.6485007842554147972, 0.6503932982530158391, 0.6522858122506168810, 0.6527589407500171692, 0.6532320692494174574, 0.6541783262482179229 ),
 .UNSPECIFIED. ) ;
#2594 = CARTESIAN_POINT ( 'NONE',  ( -2.081899558550500280E-16, 3.399999999999999911, 20.73750000000000071 ) ) ;
#2595 = DIRECTION ( 'NONE',  ( -0.000000000000000000, -0.000000000000000000, -1.000000000000000000 ) ) ;
#2596 = CARTESIAN_POINT ( 'NONE',  ( -2.847272260973987112, -1.859682979325721464, 17.41588543414865597 ) ) ;
#2597 = CARTESIAN_POINT ( 'NONE',  ( 1.688575694911950809, -4.076582343749998394, 25.89375000170706187 ) ) ;
#2598 = CARTESIAN_POINT ( 'NONE',  ( 7.500000000000000000, 9.184850993605147944E-16, 0.000000000000000000 ) ) ;
#2599 = CARTESIAN_POINT ( 'NONE',  ( -2.882579019330955283, -2.882579019330956616, 23.31562500170700503 ) ) ;
#2600 = CARTESIAN_POINT ( 'NONE',  ( -1.408326112068523983, -3.399999999999999467, 22.84687500341398092 ) ) ;
#2601 = CARTESIAN_POINT ( 'NONE',  ( -3.382844246790724707, 0.3413970009810320949, 24.78059219531185065 ) ) ;
#2602 = VECTOR ( 'NONE', #2378, 1000.000000000000000 ) ;
#2603 = CARTESIAN_POINT ( 'NONE',  ( -0.8754909949913102230, 3.285389974397928459, 18.28870922832889789 ) ) ;
#2604 = CARTESIAN_POINT ( 'NONE',  ( -2.900908548119833785, -1.773705087838000294, 22.40987168211370673 ) ) ;
#2605 = CARTESIAN_POINT ( 'NONE',  ( -4.076582343749999282, 0.000000000000000000, 19.25312500170706187 ) ) ;
#2606 = CARTESIAN_POINT ( 'NONE',  ( -0.2083513463086564821, -3.393619380926526485, 20.10081380062013423 ) ) ;
#2607 = CARTESIAN_POINT ( 'NONE',  ( 3.399991833442350231, 0.008598048177249040594, 15.42547753359820817 ) ) ;
#2608 = CARTESIAN_POINT ( 'NONE',  ( 2.703985006303962990, 2.061820785788227806, 20.55534773704701124 ) ) ;
#2609 = CARTESIAN_POINT ( 'NONE',  ( -4.076582343749999282, 1.688575694911948588, 24.17500000170699792 ) ) ;
#2610 = EDGE_LOOP ( 'NONE', ( #1481, #2288, #3134, #4628, #3768, #2974, #2919, #2408, #4457, #1012, #2476, #2095, #949, #1182, #2428, #3910, #3216, #2635, #2433, #3482, #3844, #1803 ) ) ;
#2611 = CARTESIAN_POINT ( 'NONE',  ( -1.688575694911948810, 4.076582343749999282, 22.92500000170699792 ) ) ;
#2612 = DIRECTION ( 'NONE',  ( 1.000000000000000000, 0.000000000000000000, 0.000000000000000000 ) ) ;
#2613 = CARTESIAN_POINT ( 'NONE',  ( 0.1889849168603050522, -3.399283946379830113, 25.12266028826364206 ) ) ;
#2614 = ORIENTED_EDGE ( 'NONE', *, *, #1435, .T. ) ;
#2615 = CARTESIAN_POINT ( 'NONE',  ( 2.882579019330973491, 2.882579019330973935, 20.19062500170699082 ) ) ;
#2616 = CARTESIAN_POINT ( 'NONE',  ( 2.668007507886525964, 2.108250431490938936, 23.05874051544845926 ) ) ;
#2617 = ORIENTED_EDGE ( 'NONE', *, *, #3757, .F. ) ;
#2618 = CARTESIAN_POINT ( 'NONE',  ( -3.399999999999999911, 0.000000000000000000, 22.29999999999999716 ) ) ;
#2619 = CARTESIAN_POINT ( 'NONE',  ( -3.399999998531776146, -0.05470783870435137058, 21.05293441039678726 ) ) ;
#2620 = CARTESIAN_POINT ( 'NONE',  ( -2.030911120155319161, 2.726945158244267198, 17.11568761768282698 ) ) ;
#2621 = B_SPLINE_CURVE_WITH_KNOTS ( 'NONE', 3,
 ( #2083, #4633, #4590, #1314, #2392, #3538, #2344, #2770, #2701, #3116, #3900, #4233, #4612, #3471, #554, #271, #4191, #2015, #954, #3856, #2415, #3878, #597, #1337, #3447, #1651, #4166, #575, #2063, #1628, #3516, #226, #177, #3091, #4543, #886, #2369, #250, #201, #3811, #1700, #3160, #4568, #4255, #912, #529, #1289, #975, #1266, #2727, #2438, #3833, #4213, #931, #2040, #2838, #3610, #3268, #3944, #707, #2173, #2547, #2128, #291, #3247, #1790, #1040, #2525, #2861, #2107, #4364, #2482, #3563, #1767, #3987, #1812, #1061, #4702, #1082, #333, #4007, #2195, #1744, #727, #3631, #4299, #1424, #4723, #664, #354, #1446, #2907, #3652, #375, #685, #1833, #2884, #312, #1016, #2461, #2504, #3586, #3199, #3225, #3292, #1357, #2816, #4277, #996, #3966, #4678, #4344, #639, #3919, #4655, #1378, #1400, #4322, #2152, #1516, #1857, #1907, #1881, #94, #2619, #2314 ),
 .UNSPECIFIED., .F., .F.,
 ( 4, 2, 1, 1, 2, 2, 2, 1, 2, 2, 1, 2, 2, 2, 2, 1, 1, 2, 2, 1, 1, 1, 2, 1, 2, 2, 2, 2, 2, 2, 2, 1, 2, 2, 2, 2, 2, 2, 2, 2, 1, 2, 2, 2, 2, 1, 2, 2, 2, 2, 2, 2, 2, 2, 1, 1, 1, 2, 2, 2, 2, 2, 2, 1, 1, 1, 2, 2, 2, 2, 2, 1, 4 ),
 ( 0.3513712822171805028, 0.3516078449364464231, 0.3518444076557123434, 0.3523175330942442396, 0.3532637839713079209, 0.3551562857254353389, 0.3570487874795627570, 0.3571670688391956894, 0.3572262095190121833, 0.3572853501988286773, 0.3575219129180945976, 0.3579950383566264382, 0.3589412892336900640, 0.3608337909878174266, 0.3627262927419447891, 0.3629628554612107094, 0.3630811368208436418, 0.3631402775006601358, 0.3631994181804765742, 0.3636725436190083038, 0.3646187944960716520, 0.3665112962501984040, 0.3684037980043251559, 0.3688769234428568300, 0.3689952048024897624, 0.3691134861621226948, 0.3693500488813885041, 0.3702962997584517968, 0.3721888015125783267, 0.3740813032667048565, 0.3745544287052364751, 0.3747909914245022844, 0.3749092727841352168, 0.3750275541437680937, 0.3759738050208314419, 0.3778663067749580273, 0.3816513102832113091, 0.3825975611602746018, 0.3827158425199075342, 0.3828341238795404666, 0.3830706865988062759, 0.3835438120373379500, 0.3854363137914645909, 0.3892213172997178727, 0.3901675681767811654, 0.3904041308960469747, 0.3905224122556799071, 0.3906406936153128395, 0.3911138190538445136, 0.3930063208079712100, 0.3939525716850345582, 0.3944256971235662323, 0.3948988225620979065, 0.3967913243162246029, 0.3977375751932879511, 0.3982107006318196252, 0.3983289819914525021, 0.3983881226712689960, 0.3984472633510854345, 0.3986838260703513548, 0.4005763278244786063, 0.4043613313327329983, 0.4053075822097966241, 0.4057807076483284092, 0.4060172703675943295, 0.4061355517272272619, 0.4061946924070437559, 0.4062538330868602499, 0.4081463348409875014, 0.4100388365951147529, 0.4105119620336465380, 0.4109850874721783787, 0.4119313383492420044 ),
 .UNSPECIFIED. ) ;
#2622 = CARTESIAN_POINT ( 'NONE',  ( 6.000000000000000888, 0.000000000000000000, 26.30000000000000071 ) ) ;
#2623 = CARTESIAN_POINT ( 'NONE',  ( -3.398019100528383962, -0.1367656842851134591, 18.55759214392196910 ) ) ;
#2624 = CARTESIAN_POINT ( 'NONE',  ( 3.321806491236551473, -0.7574701143878109777, 16.63104020381142334 ) ) ;
#2625 = CARTESIAN_POINT ( 'NONE',  ( -4.076582343749974413, 0.000000000000000000, 21.90937500170700503 ) ) ;
#2626 = CARTESIAN_POINT ( 'NONE',  ( 1.408326112068525537, -3.399999999999999023, 21.75312500341398803 ) ) ;
#2627 = CARTESIAN_POINT ( 'NONE',  ( -3.366801531749151533, 0.4752059798950858949, 24.77295399156999167 ) ) ;
#2628 = CARTESIAN_POINT ( 'NONE',  ( -0.1496959826967837748, 3.396704310083666467, 18.24587990974224283 ) ) ;
#2629 = CARTESIAN_POINT ( 'NONE',  ( -2.106949605073305865, -2.668483444866737830, 22.47881792724273708 ) ) ;
#2630 = CARTESIAN_POINT ( 'NONE',  ( -7.344863728670890879, 1.542425955101392330E-15, 28.80000000000000071 ) ) ;
#2631 = CARTESIAN_POINT ( 'NONE',  ( -1.823386879647080017, -2.915157321452733541, 25.33108468901243171 ) ) ;
#2632 = CARTESIAN_POINT ( 'NONE',  ( -2.882579019330973935, 2.882579019330973935, 26.59687500170699082 ) ) ;
#2633 = CARTESIAN_POINT ( 'NONE',  ( 2.882579019330973491, 2.882579019330973935, 23.78437500170699082 ) ) ;
#2634 = ORIENTED_EDGE ( 'NONE', *, *, #572, .F. ) ;
#2635 = ORIENTED_EDGE ( 'NONE', *, *, #3912, .T. ) ;
#2636 = EDGE_CURVE ( 'NONE', #1119, #2053, #1640, .T. ) ;
#2637 = CARTESIAN_POINT ( 'NONE',  ( 4.076582343750000170, -1.688575694911947922, 22.45625000170699792 ) ) ;
#2638 = CARTESIAN_POINT ( 'NONE',  ( -3.398019060328509422, -0.1367670714125455989, 19.80759362592260686 ) ) ;
#2639 = CARTESIAN_POINT ( 'NONE',  ( -3.399999999999999911, 9.395855979866716922E-06, 22.61249948219148465 ) ) ;
#2640 = ADVANCED_FACE ( 'NONE', ( #1219 ), #2680, .F. ) ;
#2641 = VERTEX_POINT ( 'NONE', #2795 ) ;
#2642 = VECTOR ( 'NONE', #3246, 999.9999999999998863 ) ;
#2643 = CARTESIAN_POINT ( 'NONE',  ( -2.882579019330973047, -2.882579019330974379, 20.81562500170699437 ) ) ;
#2644 = CARTESIAN_POINT ( 'NONE',  ( 2.933982243649470689, 1.720046095160180810, 23.03100475054630891 ) ) ;
#2645 = CARTESIAN_POINT ( 'NONE',  ( 3.400000000000000799, -1.408326112068522651, 21.90937500341398092 ) ) ;
#2646 = VERTEX_POINT ( 'NONE', #3564 ) ;
#2647 = CARTESIAN_POINT ( 'NONE',  ( 3.399999999999999911, 4.163799117101000559E-16, 20.42499999999999716 ) ) ;
#2648 = CARTESIAN_POINT ( 'NONE',  ( -3.399999999999999911, 4.163799117101000559E-16, 0.000000000000000000 ) ) ;
#2649 = CARTESIAN_POINT ( 'NONE',  ( -2.001508626135256375, 2.748806997443754785, 17.11356145242748639 ) ) ;
#2650 = CARTESIAN_POINT ( 'NONE',  ( -3.399999999980882315, 8.065722905859395493E-06, 20.11235377466995544 ) ) ;
#2651 = CARTESIAN_POINT ( 'NONE',  ( -2.106701042430846105, -2.668696071514971901, 18.72882968867475384 ) ) ;
#2652 = CARTESIAN_POINT ( 'NONE',  ( 7.488560278101030260E-16, -4.076582343749974413, 24.72187500170700858 ) ) ;
#2653 = CARTESIAN_POINT ( 'NONE',  ( -2.404163056034260837, -2.404163056034261725, 22.76875000341398092 ) ) ;
#2654 = CARTESIAN_POINT ( 'NONE',  ( -2.246431659042746887, 2.554549706784125629, 18.38112922369321467 ) ) ;
#2655 = CARTESIAN_POINT ( 'NONE',  ( -2.114472400672951835, -2.662518892162334616, 22.47825674875537416 ) ) ;
#2656 = CARTESIAN_POINT ( 'NONE',  ( -2.507973973882684504, -3.120214527566261609, 14.38373653087715098 ) ) ;
#2657 = CARTESIAN_POINT ( 'NONE',  ( -0.3624660684826438994, -3.381598662727814730, 20.09206683427266071 ) ) ;
#2658 = CARTESIAN_POINT ( 'NONE',  ( 2.220937447705845003, 2.575226725253773274, 15.59531065395553995 ) ) ;
#2659 = CARTESIAN_POINT ( 'NONE',  ( 2.948669178807882929, 1.707576921902033140, 20.53011624440815197 ) ) ;
#2660 = CARTESIAN_POINT ( 'NONE',  ( 2.882579019330974379, -2.882579019330973491, 20.97187500170699082 ) ) ;
#2661 = EDGE_LOOP ( 'NONE', ( #3001, #4201, #4070, #4122 ) ) ;
#2662 = CARTESIAN_POINT ( 'NONE',  ( 1.688575694911948366, 4.076582343749999282, 19.01875000170699082 ) ) ;
#2663 = LINE ( 'NONE', #3770, #2602 ) ;
#2664 = DIRECTION ( 'NONE',  ( 1.000000000000000000, 0.000000000000000000, 0.000000000000000000 ) ) ;
#2665 = DIRECTION ( 'NONE',  ( 0.7071067811865489050, 8.659560562354950115E-17, -0.7071067811865462405 ) ) ;
#2666 = VERTEX_POINT ( 'NONE', #3226 ) ;
#2667 = CARTESIAN_POINT ( 'NONE',  ( 1.688575694911950809, -4.076582343749998394, 19.80000000170699082 ) ) ;
#2668 = CARTESIAN_POINT ( 'NONE',  ( 0.5487146786181508196, 3.355437592693438109, 23.20603678065132769 ) ) ;
#2669 = CARTESIAN_POINT ( 'NONE',  ( -2.404163056034260837, -2.404163056034261725, 21.51875000341398092 ) ) ;
#2670 = ORIENTED_EDGE ( 'NONE', *, *, #4400, .F. ) ;
#2671 = CARTESIAN_POINT ( 'NONE',  ( -3.399999999999999023, -1.408326112068525537, 18.62812499999999716 ) ) ;
#2672 = DIRECTION ( 'NONE',  ( 1.000000000000000000, 0.000000000000000000, 0.000000000000000000 ) ) ;
#2673 = CARTESIAN_POINT ( 'NONE',  ( -3.209781127707105775, 1.124321617054059752, 17.23326365494743939 ) ) ;
#2674 = CARTESIAN_POINT ( 'NONE',  ( 0.000000000000000000, 0.000000000000000000, 0.000000000000000000 ) ) ;
#2675 = CARTESIAN_POINT ( 'NONE',  ( -2.558054561146199557, -2.239941821782571285, 18.69351971631384401 ) ) ;
#2676 = CARTESIAN_POINT ( 'NONE',  ( 4.076582343749974413, 1.688575694911938596, 23.86250000170700503 ) ) ;
#2677 = CARTESIAN_POINT ( 'NONE',  ( -3.400000000000000355, 1.408326112068523095, 23.78437500341398092 ) ) ;
#2678 = CARTESIAN_POINT ( 'NONE',  ( -3.184171605719960496, 1.201943118798515675, 18.47817360783377083 ) ) ;
#2679 = CARTESIAN_POINT ( 'NONE',  ( -2.608044553782123298, -2.181310604333975611, 22.43922305658736249 ) ) ;
#2680 = CYLINDRICAL_SURFACE ( 'NONE', #3451, 3.399999999999999911 ) ;
#2681 = CARTESIAN_POINT ( 'NONE',  ( -0.9678669057402664588, -3.259915329915599624, 20.05559669506825671 ) ) ;
#2682 = CARTESIAN_POINT ( 'NONE',  ( 1.776636109164023258, 2.899026075805049896, 15.62749732336429709 ) ) ;
#2683 = CARTESIAN_POINT ( 'NONE',  ( 2.792226696764351423, 1.940779322403227480, 20.54662437314656742 ) ) ;
#2684 = CARTESIAN_POINT ( 'NONE',  ( -2.882579019330973935, 2.882579019330973935, 24.09687500170699082 ) ) ;
#2685 = FACE_BOUND ( 'NONE', #2007, .T. ) ;
#2686 = CARTESIAN_POINT ( 'NONE',  ( -2.496186759367026028E-16, 4.076582343749999282, 20.34687500170699082 ) ) ;
#2687 = CARTESIAN_POINT ( 'NONE',  ( 1.195960382659977617, 3.182741381141900749, 16.91616374556685187 ) ) ;
#2688 = CARTESIAN_POINT ( 'NONE',  ( -3.399999999999999911, 0.000000000000000000, 22.61250000341398092 ) ) ;
#2689 = ORIENTED_EDGE ( 'NONE', *, *, #2940, .T. ) ;
#2690 = EDGE_CURVE ( 'NONE', #719, #795, #598, .T. ) ;
#2691 = CARTESIAN_POINT ( 'NONE',  ( -4.076582343749999282, 0.000000000000000000, 25.50312500170699082 ) ) ;
#2692 = CARTESIAN_POINT ( 'NONE',  ( 0.5339500840498940804, 3.357819418874178563, 23.20690968656096587 ) ) ;
#2693 = CARTESIAN_POINT ( 'NONE',  ( 6.245698675651500839E-16, -3.399999999999999911, 21.67500000341398092 ) ) ;
#2694 = ORIENTED_EDGE ( 'NONE', *, *, #3210, .T. ) ;
#2695 = CARTESIAN_POINT ( 'NONE',  ( 3.400000000000000355, 1.408326112068523539, 18.00312499999999716 ) ) ;
#2696 = CARTESIAN_POINT ( 'NONE',  ( 1.688575694911948366, 4.076582343749999282, 26.51875000170699437 ) ) ;
#2697 = CARTESIAN_POINT ( 'NONE',  ( -3.383508228132988904, 0.3345427246724128056, 17.28102749690265583 ) ) ;
#2698 = CARTESIAN_POINT ( 'NONE',  ( -7.500000000000000000, 0.000000000000000000, 20.00000000000000000 ) ) ;
#2699 = CARTESIAN_POINT ( 'NONE',  ( 0.000000000000000000, 0.000000000000000000, 22.49059892324148890 ) ) ;
#2700 = CARTESIAN_POINT ( 'NONE',  ( 0.5245184922081620460, 3.359298755102758882, 18.20746778645183284 ) ) ;
#2701 = CARTESIAN_POINT ( 'NONE',  ( 3.365575945967278049, -0.4966645107672378323, 21.64662299033820858 ) ) ;
#2702 = CARTESIAN_POINT ( 'NONE',  ( -2.115175626439555145, -3.381238392377468038, 14.39864463282808593 ) ) ;
#2703 = CARTESIAN_POINT ( 'NONE',  ( 1.838173216648995689, 2.860340849558168586, 15.62307972847736437 ) ) ;
#2704 = CARTESIAN_POINT ( 'NONE',  ( -0.5978965812806884550, -3.349341494941359354, 25.07820906777100589 ) ) ;
#2705 = CARTESIAN_POINT ( 'NONE',  ( -4.076582343749998394, -1.688575694911951253, 25.58125000170699082 ) ) ;
#2706 = CARTESIAN_POINT ( 'NONE',  ( -4.076582343749998394, -1.688575694911951253, 18.08125000170699082 ) ) ;
#2707 = AXIS2_PLACEMENT_3D ( 'NONE', #977, #2085, #228 ) ;
#2708 = CARTESIAN_POINT ( 'NONE',  ( 2.942828209472131640, -1.706579925600002934, 24.06993504940206208 ) ) ;
#2709 = ORIENTED_EDGE ( 'NONE', *, *, #4676, .T. ) ;
#2710 = CARTESIAN_POINT ( 'NONE',  ( 4.076582343749999282, 4.992373518734052056E-16, 21.28437500170699082 ) ) ;
#2711 = CARTESIAN_POINT ( 'NONE',  ( 3.320049290313527024, 0.7655533960601333954, 16.71943352106663383 ) ) ;
#2712 = CARTESIAN_POINT ( 'NONE',  ( -3.383508818117194838, 0.3345367551158168751, 16.03103702331571156 ) ) ;
#2713 = FACE_OUTER_BOUND ( 'NONE', #3895, .T. ) ;
#2714 = EDGE_CURVE ( 'NONE', #2783, #2326, #873, .T. ) ;
#2715 = ORIENTED_EDGE ( 'NONE', *, *, #4, .T. ) ;
#2716 = CARTESIAN_POINT ( 'NONE',  ( 1.688575694911948366, 4.076582343749999282, 25.11250000170699082 ) ) ;
#2717 = DIRECTION ( 'NONE',  ( -1.000000000000000000, 0.000000000000000000, 0.000000000000000000 ) ) ;
#2718 =( BOUNDED_CURVE ( )  B_SPLINE_CURVE ( 2, ( #4582, #263, #2430, #2383, #241, #611, #3191, #3130, #946 ),
 .UNSPECIFIED., .F., .T. ) 
 B_SPLINE_CURVE_WITH_KNOTS ( ( 3, 2, 2, 2, 3 ),
 ( 0.7692076561753546926, 0.7812265584673614427, 0.7932454285976285879, 0.8052642987278957332, 0.8172831688702038022 ),
 .UNSPECIFIED. ) 
 CURVE ( )  GEOMETRIC_REPRESENTATION_ITEM ( )  RATIONAL_B_SPLINE_CURVE ( ( 1.000000000000000000, 0.9238795325112867385, 1.000000000000000000, 0.9238795325112867385, 1.000000000000000000, 0.9238795325112867385, 1.000000000000000000, 0.9238795325112867385, 1.000000000000000000 ) ) 
 REPRESENTATION_ITEM ( '' )  );
#2719 = CARTESIAN_POINT ( 'NONE',  ( 2.325838942648767560, 2.480084739892488788, 19.33734383126457956 ) ) ;
#2720 = ORIENTED_EDGE ( 'NONE', *, *, #1412, .F. ) ;
#2721 = CARTESIAN_POINT ( 'NONE',  ( -3.399999999999999911, 0.000000000000000000, 19.79999999999999716 ) ) ;
#2722 = CARTESIAN_POINT ( 'NONE',  ( 3.399999999999995914, -1.452968543152928545E-07, 24.17499992325868163 ) ) ;
#2723 = CARTESIAN_POINT ( 'NONE',  ( -3.399999999994134381, 4.421135357573479575E-06, 17.29991820917405221 ) ) ;
#2724 = CARTESIAN_POINT ( 'NONE',  ( -3.399999999998726707, 2.055228241746232731E-06, 23.86246227081791815 ) ) ;
#2725 = CARTESIAN_POINT ( 'NONE',  ( -1.688575694911950142, -4.076582343749998394, 24.48750000170706542 ) ) ;
#2726 = CARTESIAN_POINT ( 'NONE',  ( 3.131639024036306118, 1.327042786010405706, 18.00471911740911324 ) ) ;
#2727 = CARTESIAN_POINT ( 'NONE',  ( 1.359514461544425901, -3.116660445587491335, 21.44440708389966943 ) ) ;
#2728 = CARTESIAN_POINT ( 'NONE',  ( -0.1026806011384080591, -3.919027547434231096, 14.46657014745458980 ) ) ;
#2729 = DIRECTION ( 'NONE',  ( -0.000000000000000000, -0.000000000000000000, -1.000000000000000000 ) ) ;
#2730 = CARTESIAN_POINT ( 'NONE',  ( -1.648250983300314942, -2.979266891785301130, 25.01173345599979214 ) ) ;
#2731 = CARTESIAN_POINT ( 'NONE',  ( 4.076582343750000170, -1.688575694911947922, 19.80000000170699082 ) ) ;
#2732 = CARTESIAN_POINT ( 'NONE',  ( 7.488560278101077592E-16, -4.076582343749999282, 19.56562500170699082 ) ) ;
#2733 = CARTESIAN_POINT ( 'NONE',  ( 2.276262002012061192, -2.525828038730908887, 24.00885549439172806 ) ) ;
#2734 = CARTESIAN_POINT ( 'NONE',  ( -2.496186759367026028E-16, 4.076582343749999282, 16.59687500170699437 ) ) ;
#2735 = CARTESIAN_POINT ( 'NONE',  ( 3.008951960383152713, 1.584266015361742497, 16.77182041726868533 ) ) ;
#2736 = CARTESIAN_POINT ( 'NONE',  ( -2.605036651551152715, -2.184912899866880753, 19.93950013296766599 ) ) ;
#2737 = CARTESIAN_POINT ( 'NONE',  ( 2.882579019330955727, 2.882579019330956172, 15.19062500170700503 ) ) ;
#2738 = VERTEX_POINT ( 'NONE', #450 ) ;
#2739 = CARTESIAN_POINT ( 'NONE',  ( -2.882579019330973047, -2.882579019330974379, 14.56562500170699082 ) ) ;
#2740 = CARTESIAN_POINT ( 'NONE',  ( -3.373970682496366447, 0.4202782946476838477, 22.27614452012358015 ) ) ;
#2741 = CARTESIAN_POINT ( 'NONE',  ( -3.732334541250700521, 0.9524036415366294861, 25.74443019091947349 ) ) ;
#2742 = CARTESIAN_POINT ( 'NONE',  ( 1.103623444629253880, 3.216547039842775124, 24.42205062782797853 ) ) ;
#2743 = ORIENTED_EDGE ( 'NONE', *, *, #4244, .F. ) ;
#2744 = CARTESIAN_POINT ( 'NONE',  ( -1.408326112068523317, 3.400000000000000355, 18.31562499999999361 ) ) ;
#2745 = CARTESIAN_POINT ( 'NONE',  ( -19.89999999999999858, 0.000000000000000000, 20.00000000000000000 ) ) ;
#2746 = CARTESIAN_POINT ( 'NONE',  ( 4.076582343749975301, -1.688575694911937264, 19.95625000170700858 ) ) ;
#2747 = CARTESIAN_POINT ( 'NONE',  ( 3.251201521182467413, 0.9948657985876778742, 17.98360794310958255 ) ) ;
#2748 = CARTESIAN_POINT ( 'NONE',  ( -3.389029474136027620, -0.2732513296999986574, 22.31540930431605219 ) ) ;
#2749 = CARTESIAN_POINT ( 'NONE',  ( 1.405753916685886340, -3.097815411712060651, 17.69758359707977746 ) ) ;
#2750 = CARTESIAN_POINT ( 'NONE',  ( 0.000000000000000000, 0.000000000000000000, 20.00000000000000000 ) ) ;
#2751 = CARTESIAN_POINT ( 'NONE',  ( -1.077108078454797946, -3.225772573072158700, 25.04877828155569119 ) ) ;
#2752 = CARTESIAN_POINT ( 'NONE',  ( 4.076582343749999282, 4.992373518734052056E-16, 21.12812500170699437 ) ) ;
#2753 = CARTESIAN_POINT ( 'NONE',  ( 7.488560278101077592E-16, -4.076582343749999282, 15.81562500170698904 ) ) ;
#2754 = CARTESIAN_POINT ( 'NONE',  ( 3.399999999999995914, -1.452968543152928545E-07, 24.17499992325868163 ) ) ;
#2755 = CARTESIAN_POINT ( 'NONE',  ( -2.882579019330973047, -2.882579019330974379, 17.06562500170699082 ) ) ;
#2756 = CARTESIAN_POINT ( 'NONE',  ( -0.1046017813809716618, 3.398423143665239010, 16.99332957337797723 ) ) ;
#2757 = CARTESIAN_POINT ( 'NONE',  ( -0.6985815435376309113, 3.327981077305611990, 15.77791010713191966 ) ) ;
#2758 = CARTESIAN_POINT ( 'NONE',  ( 7.488560278101030260E-16, -4.076582343749974413, 15.97187500170700680 ) ) ;
#2759 = EDGE_CURVE ( 'NONE', #2355, #143, #4513, .T. ) ;
#2760 = EDGE_LOOP ( 'NONE', ( #2970, #2028, #943, #848 ) ) ;
#2761 = CARTESIAN_POINT ( 'NONE',  ( 2.882579019330973491, 2.882579019330973935, 26.28437500170699082 ) ) ;
#2762 = CARTESIAN_POINT ( 'NONE',  ( 3.230602794509560116, 1.060381285314482724, 22.98771276993175405 ) ) ;
#2763 = CARTESIAN_POINT ( 'NONE',  ( -0.9701520549710883623, -3.259480115235006803, 15.05545255098035895 ) ) ;
#2764 = CARTESIAN_POINT ( 'NONE',  ( -0.06800147483727495001, 3.399511877952943628, 24.49127523037368803 ) ) ;
#2765 = ORIENTED_EDGE ( 'NONE', *, *, #1152, .T. ) ;
#2766 = CARTESIAN_POINT ( 'NONE',  ( -2.404163056034260837, -2.404163056034261725, 16.20624999999999716 ) ) ;
#2767 = DIRECTION ( 'NONE',  ( 0.000000000000000000, 0.000000000000000000, 1.000000000000000000 ) ) ;
#2768 = CARTESIAN_POINT ( 'NONE',  ( 4.076582343749974413, 1.688575694911938596, 20.11250000170700503 ) ) ;
#2769 = CARTESIAN_POINT ( 'NONE',  ( 2.367708563499148600, 2.440316509784002719, 18.08410445302455116 ) ) ;
#2770 = CARTESIAN_POINT ( 'NONE',  ( 3.379411557933801546, -0.3874276089974317272, 21.65300338805936775 ) ) ;
#2771 = DIRECTION ( 'NONE',  ( -0.7071067811865476838, 8.659560562354936556E-17, 0.7071067811865474617 ) ) ;
#2772 = CARTESIAN_POINT ( 'NONE',  ( 6.245698675651500839E-16, -3.399999999999999911, 16.67500000341398092 ) ) ;
#2773 = DIRECTION ( 'NONE',  ( -0.000000000000000000, -0.000000000000000000, -1.000000000000000000 ) ) ;
#2774 = AXIS2_PLACEMENT_3D ( 'NONE', #3211, #4015, #1432 ) ;
#2775 = CARTESIAN_POINT ( 'NONE',  ( -4.076582343749998394, -1.688575694911951253, 21.83125000170699437 ) ) ;
#2776 = CARTESIAN_POINT ( 'NONE',  ( -4.076582343749999282, 1.688575694911948588, 17.92500000170698726 ) ) ;
#2777 = EDGE_CURVE ( 'NONE', #266, #2355, #3602, .T. ) ;
#2778 = CARTESIAN_POINT ( 'NONE',  ( 1.633035334648374359, -2.996990483245831616, 23.96223782723569684 ) ) ;
#2779 = CARTESIAN_POINT ( 'NONE',  ( -4.076582343749999282, 0.000000000000000000, 14.40937500170699082 ) ) ;
#2780 = CARTESIAN_POINT ( 'NONE',  ( 4.076582343749999282, 4.992373518734052056E-16, 23.62812500170706187 ) ) ;
#2781 = CARTESIAN_POINT ( 'NONE',  ( -0.8629784070488079051, 3.288670496147778621, 15.78793540033498743 ) ) ;
#2782 = CARTESIAN_POINT ( 'NONE',  ( 2.882579019330955727, 2.882579019330956172, 16.44062500170700147 ) ) ;
#2783 = VERTEX_POINT ( 'NONE', #2365 ) ;
#2784 = EDGE_CURVE ( 'NONE', #4101, #1949, #4489, .T. ) ;
#2785 = CARTESIAN_POINT ( 'NONE',  ( 1.408326112068522873, 3.400000000000000355, 18.47187500341398447 ) ) ;
#2786 = CARTESIAN_POINT ( 'NONE',  ( -1.052619944648959249, -3.232963844197012548, 15.05026919331526081 ) ) ;
#2787 = CARTESIAN_POINT ( 'NONE',  ( 2.157872367628208554, 2.628916110135536943, 24.35015904730474645 ) ) ;
#2788 = ORIENTED_EDGE ( 'NONE', *, *, #1152, .F. ) ;
#2789 = CARTESIAN_POINT ( 'NONE',  ( 2.882579019330974379, -2.882579019330973491, 26.12812500170699082 ) ) ;
#2790 = CARTESIAN_POINT ( 'NONE',  ( -3.399999999971879294, 9.770702538064228812E-06, 25.11232265530318486 ) ) ;
#2791 = CARTESIAN_POINT ( 'NONE',  ( -2.882579019330955283, -2.882579019330956616, 17.06562500170700503 ) ) ;
#2792 = CARTESIAN_POINT ( 'NONE',  ( -3.399999999999999023, -1.408326112068525537, 21.44062500341398092 ) ) ;
#2793 = CARTESIAN_POINT ( 'NONE',  ( 2.799070714003236482, 1.930079779112947369, 18.04587657346706564 ) ) ;
#2794 = CARTESIAN_POINT ( 'NONE',  ( -3.392244871152938046, -0.2323451658405981668, 22.31306162581880770 ) ) ;
#2795 = CARTESIAN_POINT ( 'NONE',  ( 3.399999999999967493, -4.708064916943021022E-07, 20.73749997729563432 ) ) ;
#2796 = CARTESIAN_POINT ( 'NONE',  ( -3.399999999996432098, -3.392293964255798686E-06, 16.36256314814743007 ) ) ;
#2797 = CARTESIAN_POINT ( 'NONE',  ( -2.915104574853311092, -1.751069571750602183, 24.90828666783126621 ) ) ;
#2798 =( BOUNDED_CURVE ( )  B_SPLINE_CURVE ( 2, ( #621, #1339, #642, #4235, #2772, #3181, #2043, #2418, #2796 ),
 .UNSPECIFIED., .F., .T. ) 
 B_SPLINE_CURVE_WITH_KNOTS ( ( 3, 2, 2, 2, 3 ),
 ( 0.7211321810905994001, 0.7331510779462931948, 0.7451699480765602290, 0.7571888182068272632, 0.7692076561753546926 ),
 .UNSPECIFIED. ) 
 CURVE ( )  GEOMETRIC_REPRESENTATION_ITEM ( )  RATIONAL_B_SPLINE_CURVE ( ( 1.000000000000000000, 0.9238795325112867385, 1.000000000000000000, 0.9238795325112867385, 1.000000000000000000, 0.9238795325112867385, 1.000000000000000000, 0.9238795325112867385, 1.000000000000000000 ) ) 
 REPRESENTATION_ITEM ( '' )  );
#2799 = CARTESIAN_POINT ( 'NONE',  ( -1.688575694911949698, -4.076582343749998394, 23.23750000170699082 ) ) ;
#2800 = CARTESIAN_POINT ( 'NONE',  ( 4.076582343750000170, -1.688575694911947922, 17.30000000170699082 ) ) ;
#2801 = CARTESIAN_POINT ( 'NONE',  ( 3.399999999994924860, -5.874275724537697630E-06, 19.48749968820668954 ) ) ;
#2802 = CARTESIAN_POINT ( 'NONE',  ( 7.488560278101077592E-16, -4.076582343749999282, 15.97187500170699259 ) ) ;
#2803 = CARTESIAN_POINT ( 'NONE',  ( 2.882579019330973491, 2.882579019330973935, 20.03437500170705832 ) ) ;
#2804 = CARTESIAN_POINT ( 'NONE',  ( -1.047812263207104078, 3.237999746273290569, 15.79939307543427240 ) ) ;
#2805 = CARTESIAN_POINT ( 'NONE',  ( -4.076582343749975301, 1.105126185381852366, 14.35824434556105089 ) ) ;
#2806 = ORIENTED_EDGE ( 'NONE', *, *, #3209, .T. ) ;
#2807 = CARTESIAN_POINT ( 'NONE',  ( -3.400000000000000355, 1.408326112068523095, 18.78437500341398803 ) ) ;
#2808 = CARTESIAN_POINT ( 'NONE',  ( 2.149249105661724446, -2.634779095118621406, 15.24930455822026154 ) ) ;
#2809 = CARTESIAN_POINT ( 'NONE',  ( -3.243715660177711957, 1.022128075498431210, 24.73970618280656808 ) ) ;
#2810 = EDGE_LOOP ( 'NONE', ( #63, #2614, #2077, #2517 ) ) ;
#2811 = CARTESIAN_POINT ( 'NONE',  ( -2.081899558550500280E-16, 3.399999999999999911, 14.48749999999999716 ) ) ;
#2812 = CARTESIAN_POINT ( 'NONE',  ( 1.688575694911948366, 4.076582343749999282, 21.51875000170699437 ) ) ;
#2813 = SHAPE_DEFINITION_REPRESENTATION ( #1132, #2008 ) ;
#2814 = CARTESIAN_POINT ( 'NONE',  ( 2.882579019330955727, 2.882579019330956172, 17.69062500170700858 ) ) ;
#2815 = DIRECTION ( 'NONE',  ( 1.000000000000000000, 0.000000000000000000, 0.000000000000000000 ) ) ;
#2816 = CARTESIAN_POINT ( 'NONE',  ( -2.920853740133438681, -1.768776829716488308, 21.15886702340374015 ) ) ;
#2817 = CARTESIAN_POINT ( 'NONE',  ( 0.6032987352578949025, -3.346517852315232133, 17.64736146343030754 ) ) ;
#2818 = AXIS2_PLACEMENT_3D ( 'NONE', #1860, #2550, #1449 ) ;
#2819 = CARTESIAN_POINT ( 'NONE',  ( 1.577504203864871668, -3.565292343055130431, 25.79233754105941756 ) ) ;
#2820 = CARTESIAN_POINT ( 'NONE',  ( -4.076582343750000170, 0.000000000000000000, 14.30341765624999795 ) ) ;
#2821 = CARTESIAN_POINT ( 'NONE',  ( -1.408326112068523983, -3.399999999999999467, 14.09687500341398447 ) ) ;
#2822 = CARTESIAN_POINT ( 'NONE',  ( -4.076582343749999282, 1.688575694911948588, 22.92500000170699792 ) ) ;
#2823 = CARTESIAN_POINT ( 'NONE',  ( -3.379574353262392972, 0.3721779583757306997, 19.77890000381176350 ) ) ;
#2824 = CARTESIAN_POINT ( 'NONE',  ( -2.623159473439556244, -2.163236906520765945, 23.68789254351804274 ) ) ;
#2825 = CARTESIAN_POINT ( 'NONE',  ( -1.688575694911948810, 4.076582343749999282, 16.67500000170699082 ) ) ;
#2826 = CARTESIAN_POINT ( 'NONE',  ( 1.688575694911948366, 4.076582343749999282, 22.61250000170705476 ) ) ;
#2827 = CARTESIAN_POINT ( 'NONE',  ( -2.973269025103097540, 1.649195791183913462, 15.94870760701088841 ) ) ;
#2828 = ORIENTED_EDGE ( 'NONE', *, *, #4049, .F. ) ;
#2829 = CARTESIAN_POINT ( 'NONE',  ( 2.404163056034261281, 2.404163056034261725, 18.39375000341398092 ) ) ;
#2830 = CARTESIAN_POINT ( 'NONE',  ( 1.868464887109594352, -2.841729386417300329, 15.22896878927930864 ) ) ;
#2831 = CONICAL_SURFACE ( 'NONE', #764, 3.399999999999999911, 0.7853981633974485010 ) ;
#2832 = CARTESIAN_POINT ( 'NONE',  ( -3.158826731432699209, 1.260359195805247801, 24.72457134562900194 ) ) ;
#2833 = ORIENTED_EDGE ( 'NONE', *, *, #2759, .T. ) ;
#2834 = CARTESIAN_POINT ( 'NONE',  ( 4.076582343749999282, 4.992373518734052056E-16, 26.28437500170699082 ) ) ;
#2835 = CARTESIAN_POINT ( 'NONE',  ( 2.882579019330973491, 2.882579019330973935, 23.94062500170699082 ) ) ;
#2836 = CARTESIAN_POINT ( 'NONE',  ( 0.6372407505090325053, -4.035217517937955911, 25.97658234375001030 ) ) ;
#2837 = CARTESIAN_POINT ( 'NONE',  ( -2.404163056034260837, -2.404163056034261725, 26.20624999999999716 ) ) ;
#2838 = CARTESIAN_POINT ( 'NONE',  ( 1.149643307388642288, -3.199742006190114285, 21.43087638318697685 ) ) ;
#2839 = CARTESIAN_POINT ( 'NONE',  ( 2.092852076208984613, -2.681645776332091557, 17.74509809005208893 ) ) ;
#2840 = CARTESIAN_POINT ( 'NONE',  ( 1.060341300139234333, -3.230779118517753901, 18.92522427481776148 ) ) ;
#2841 = CARTESIAN_POINT ( 'NONE',  ( 3.399999999999999911, 0.000000000000000000, 25.30000000000000071 ) ) ;
#2842 = CARTESIAN_POINT ( 'NONE',  ( -2.404163056034261725, 2.404163056034261725, 14.95625000341398092 ) ) ;
#2843 = CARTESIAN_POINT ( 'NONE',  ( -1.688575694911949698, -4.076582343749998394, 18.23750000170699082 ) ) ;
#2844 = CARTESIAN_POINT ( 'NONE',  ( 2.882579019330974379, -2.882579019330973491, 14.72187500170699082 ) ) ;
#2845 = CARTESIAN_POINT ( 'NONE',  ( -2.605951412964080838, -2.183808788347498808, 23.68939560673649325 ) ) ;
#2846 = CARTESIAN_POINT ( 'NONE',  ( 3.222149970943136488, -1.091062765690206326, 22.86041692193806085 ) ) ;
#2847 = CARTESIAN_POINT ( 'NONE',  ( -2.496186759367026028E-16, 4.076582343749999282, 23.94062500170706187 ) ) ;
#2848 = CARTESIAN_POINT ( 'NONE',  ( 1.912733442631224134, -2.811510121172742682, 20.23216858596265766 ) ) ;
#2849 = CARTESIAN_POINT ( 'NONE',  ( 1.860501188393889116, 2.845812400245495866, 20.62150217557111276 ) ) ;
#2850 = ORIENTED_EDGE ( 'NONE', *, *, #4636, .T. ) ;
#2851 = CARTESIAN_POINT ( 'NONE',  ( -0.1352695241440025342, 3.397310287903597459, 21.99506565703468297 ) ) ;
#2852 = EDGE_CURVE ( 'NONE', #2326, #4605, #262, .T. ) ;
#2853 = CARTESIAN_POINT ( 'NONE',  ( 0.7974625230327758718, 3.570095588177154777, 25.55017233615765448 ) ) ;
#2854 = CARTESIAN_POINT ( 'NONE',  ( -3.394713675894180493, 0.2188426710572060896, 21.03749203730466988 ) ) ;
#2855 = CARTESIAN_POINT ( 'NONE',  ( -1.688575694911949698, -4.076582343749998394, 25.89375000170699792 ) ) ;
#2856 = CARTESIAN_POINT ( 'NONE',  ( -0.9676950404299146102, 3.260262639292134335, 23.29442002709488335 ) ) ;
#2857 = CARTESIAN_POINT ( 'NONE',  ( -2.928476933739672550, -1.756449153229394655, 16.15802987096104815 ) ) ;
#2858 = CARTESIAN_POINT ( 'NONE',  ( 1.688575694911940150, -4.076582343749973525, 17.30000000170700858 ) ) ;
#2859 = CIRCLE ( 'NONE', #2035, 6.000000000000000888 ) ;
#2860 = CYLINDRICAL_SURFACE ( 'NONE', #2417, 3.399999999999999911 ) ;
#2861 = CARTESIAN_POINT ( 'NONE',  ( -0.2090294589151441840, -3.393575123142640315, 21.35075661425259597 ) ) ;
#2862 = CARTESIAN_POINT ( 'NONE',  ( -2.965354626213925204, -1.663462942747656825, 17.40226570862727939 ) ) ;
#2863 = CARTESIAN_POINT ( 'NONE',  ( 3.397597708716232567, -0.1378820581716326543, 19.16727813087278420 ) ) ;
#2864 = CARTESIAN_POINT ( 'NONE',  ( -3.388052751152293762, -0.2848308778125028806, 24.81607509521832711 ) ) ;
#2865 = CARTESIAN_POINT ( 'NONE',  ( 6.245698675651500839E-16, -3.399999999999999911, 15.42500000341398092 ) ) ;
#2866 = CARTESIAN_POINT ( 'NONE',  ( -4.076582343749999282, 1.688575694911948588, 14.17500000170699259 ) ) ;
#2867 = CARTESIAN_POINT ( 'NONE',  ( -1.688575694911949698, -4.076582343749998394, 14.48750000170699082 ) ) ;
#2868 = CARTESIAN_POINT ( 'NONE',  ( -2.590997111761325744, -2.201572431285586884, 23.69068256090169911 ) ) ;
#2869 = CIRCLE ( 'NONE', #3872, 4.400000000000001243 ) ;
#2870 = CARTESIAN_POINT ( 'NONE',  ( 3.399999999999999911, 0.000000000000000000, 0.000000000000000000 ) ) ;
#2871 = CARTESIAN_POINT ( 'NONE',  ( -4.076582343749998394, -1.688575694911951253, 24.33125000170705832 ) ) ;
#2872 = PLANE ( 'NONE',  #1494 ) ;
#2873 = CARTESIAN_POINT ( 'NONE',  ( -0.1545864443924419851, 3.396489370661341933, 20.74615619267814282 ) ) ;
#2874 = VERTEX_POINT ( 'NONE', #3126 ) ;
#2875 = CARTESIAN_POINT ( 'NONE',  ( -3.361096264428127700, 0.5153524378844694942, 22.27059605378229890 ) ) ;
#2876 = CARTESIAN_POINT ( 'NONE',  ( 3.479246824526985638, 1.171165692939798688E-12, 25.37924682452698733 ) ) ;
#2877 = VECTOR ( 'NONE', #523, 1000.000000000000000 ) ;
#2878 = CARTESIAN_POINT ( 'NONE',  ( -2.931857438185745846, 1.721785391885066296, 20.94373001031807391 ) ) ;
#2879 = CARTESIAN_POINT ( 'NONE',  ( -4.076582343749998394, -1.688575694911951253, 23.23750000170699082 ) ) ;
#2880 = CARTESIAN_POINT ( 'NONE',  ( -3.399999999991151434, 5.423796819855185703E-06, 23.54989942219960142 ) ) ;
#2881 = CARTESIAN_POINT ( 'NONE',  ( -0.9364323035345152313, -3.282071856536566301, 16.30768394266324606 ) ) ;
#2882 = CARTESIAN_POINT ( 'NONE',  ( 4.076582343749975301, -1.688575694911937264, 17.45625000170700858 ) ) ;
#2883 = CARTESIAN_POINT ( 'NONE',  ( 1.408326112068522873, 3.400000000000000355, 26.90937499999999716 ) ) ;
#2884 = CARTESIAN_POINT ( 'NONE',  ( -2.558049131584549052, -2.239947985371456340, 21.19350478525561243 ) ) ;
#2885 = CARTESIAN_POINT ( 'NONE',  ( -1.445386683340295519, -3.081123424528847465, 17.52526119987473052 ) ) ;
#2886 = CARTESIAN_POINT ( 'NONE',  ( 3.384728166908997249, -0.3339653393513456470, 19.15603797259380414 ) ) ;
#2887 = CARTESIAN_POINT ( 'NONE',  ( 0.000000000000000000, 0.000000000000000000, 13.98000000000000043 ) ) ;
#2888 = CARTESIAN_POINT ( 'NONE',  ( -1.408326112068523317, 3.400000000000000355, 14.87812500341398270 ) ) ;
#2889 = CARTESIAN_POINT ( 'NONE',  ( -2.496186759367026028E-16, 4.076582343749999282, 17.69062500170699082 ) ) ;
#2890 = CARTESIAN_POINT ( 'NONE',  ( -2.882579019330973935, 2.882579019330973935, 14.09687500170699082 ) ) ;
#2891 = EDGE_CURVE ( 'NONE', #3527, #4402, #2663, .T. ) ;
#2892 = CARTESIAN_POINT ( 'NONE',  ( -3.382488136110371357, 0.3447547674177330324, 18.53044657772519344 ) ) ;
#2893 = FACE_OUTER_BOUND ( 'NONE', #1959, .T. ) ;
#2894 = CARTESIAN_POINT ( 'NONE',  ( 1.688575694911950809, -4.076582343749998394, 15.89375000170706009 ) ) ;
#2895 = CARTESIAN_POINT ( 'NONE',  ( -2.549198259329742200, -2.373115388237903467, 14.90787989047790418 ) ) ;
#2896 =( BOUNDED_CURVE ( )  B_SPLINE_CURVE ( 2, ( #3443, #1594, #4438 ),
 .UNSPECIFIED., .F., .T. ) 
 B_SPLINE_CURVE_WITH_KNOTS ( ( 3, 3 ),
 ( 0.8653586246354736389, 0.8754654668632241288 ),
 .UNSPECIFIED. ) 
 CURVE ( )  GEOMETRIC_REPRESENTATION_ITEM ( )  RATIONAL_B_SPLINE_CURVE ( ( 1.000000000000000000, 0.9359893514643090606, 0.9796334050379369440 ) ) 
 REPRESENTATION_ITEM ( '' )  );
#2897 = CARTESIAN_POINT ( 'NONE',  ( -0.7157498251867960848, 3.324054365066595018, 20.77895159372241451 ) ) ;
#2898 = ORIENTED_EDGE ( 'NONE', *, *, #4483, .F. ) ;
#2899 = CARTESIAN_POINT ( 'NONE',  ( -1.487105974439534739, 3.057799409017115888, 22.07785735752188927 ) ) ;
#2900 = SURFACE_SIDE_STYLE ('',( #3624 ) ) ;
#2901 = EDGE_CURVE ( 'NONE', #4101, #266, #2414, .T. ) ;
#2902 = CARTESIAN_POINT ( 'NONE',  ( 2.256872810990294465, 2.543310516293411094, 24.34265414320538312 ) ) ;
#2903 = CARTESIAN_POINT ( 'NONE',  ( 7.488560278101077592E-16, -4.076582343749999282, 22.22187500170699082 ) ) ;
#2904 = CARTESIAN_POINT ( 'NONE',  ( -2.072986540257967025, 2.694979946111138336, 23.36863503711885315 ) ) ;
#2905 = CARTESIAN_POINT ( 'NONE',  ( -1.356424596479876010, -3.118768520841071368, 16.28077489063222671 ) ) ;
#2906 = CARTESIAN_POINT ( 'NONE',  ( 2.404163056034261725, -2.404163056034261281, 26.51874999999999716 ) ) ;
#2907 = CARTESIAN_POINT ( 'NONE',  ( -2.139596143967059216, -2.642513341844074048, 21.22640297760366224 ) ) ;
#2908 = CARTESIAN_POINT ( 'NONE',  ( -0.9792537000127750080, -3.256529306091663134, 17.55489261611250384 ) ) ;
#2909 = CARTESIAN_POINT ( 'NONE',  ( 3.399733517087323076, -0.04350093702309890120, 19.17258002383496418 ) ) ;
#2910 = FACE_OUTER_BOUND ( 'NONE', #1953, .T. ) ;
#2911 = CARTESIAN_POINT ( 'NONE',  ( 1.408326112068522873, 3.400000000000000355, 13.47187500341398447 ) ) ;
#2912 = CARTESIAN_POINT ( 'NONE',  ( -2.882579019330973935, 2.882579019330973935, 17.84687500170699082 ) ) ;
#2913 = CARTESIAN_POINT ( 'NONE',  ( -3.154066018102801738, 1.272252291969541371, 19.72381367160062382 ) ) ;
#2914 = CARTESIAN_POINT ( 'NONE',  ( 3.399999999999386180, 2.042941383349938787E-06, 21.98750011674254878 ) ) ;
#2915 = DIRECTION ( 'NONE',  ( 1.000000000000000000, 0.000000000000000000, 0.000000000000000000 ) ) ;
#2916 = CARTESIAN_POINT ( 'NONE',  ( -2.496186759367026028E-16, 4.076582343749999282, 15.19062500170706009 ) ) ;
#2917 = CARTESIAN_POINT ( 'NONE',  ( 0.000000000000000000, 0.000000000000000000, 22.49059892324148890 ) ) ;
#2918 = CARTESIAN_POINT ( 'NONE',  ( 0.2070304210564008485, 3.396788010677001868, 20.72573295345618050 ) ) ;
#2919 = ORIENTED_EDGE ( 'NONE', *, *, #4104, .T. ) ;
#2920 = CARTESIAN_POINT ( 'NONE',  ( -2.882579019330973935, 2.882579019330973935, 24.25312500170699082 ) ) ;
#2921 = CARTESIAN_POINT ( 'NONE',  ( -0.9598807413650968234, 3.275254033175186930, 22.04373406493760257 ) ) ;
#2922 =( NAMED_UNIT ( * ) PLANE_ANGLE_UNIT ( ) SI_UNIT ( $, .RADIAN. ) );
#2923 = CARTESIAN_POINT ( 'NONE',  ( -3.007978693547992854, 1.585763540187498544, 20.95301379608018877 ) ) ;
#2924 = CARTESIAN_POINT ( 'NONE',  ( -4.076582343749999282, 0.000000000000000000, 16.90937500170699437 ) ) ;
#2925 = CARTESIAN_POINT ( 'NONE',  ( -3.373422662480650480, 0.4250145267557728368, 23.52577405267720678 ) ) ;
#2926 = CARTESIAN_POINT ( 'NONE',  ( 0.8183828895216112009, -3.301760726584125560, 16.41030744372494254 ) ) ;
#2927 = CARTESIAN_POINT ( 'NONE',  ( -1.408326112068523983, -3.399999999999999467, 23.78437499999999361 ) ) ;
#2928 = CARTESIAN_POINT ( 'NONE',  ( -2.081899558550500280E-16, 3.399999999999999911, 22.30000000341398092 ) ) ;
#2929 = CARTESIAN_POINT ( 'NONE',  ( -0.1691187237329840609, -3.395817796268329136, 17.60302249036466904 ) ) ;
#2930 = PRODUCT ( '\X2\0414043504420430043b044c\X0\ \X2\041a04400435043f04410441\X0\ \X2\043c\X0\8 104', '\X2\0414043504420430043b044c\X0\ \X2\041a04400435043f04410441\X0\ \X2\043c\X0\8 104', '', ( #3155 ) ) ;
#2931 = CARTESIAN_POINT ( 'NONE',  ( 1.151721747754337555, -3.198994926368571967, 18.93100892577978200 ) ) ;
#2932 = CARTESIAN_POINT ( 'NONE',  ( 2.932205442711488530, -1.725099509943298859, 16.56865881043193056 ) ) ;
#2933 = CARTESIAN_POINT ( 'NONE',  ( 4.076582343749974413, 1.688575694911938596, 22.61250000170700503 ) ) ;
#2934 = CARTESIAN_POINT ( 'NONE',  ( -3.399999999999999023, -1.408326112068525537, 25.19062500341398447 ) ) ;
#2935 = CARTESIAN_POINT ( 'NONE',  ( 3.320127322116997792, 0.7651969577926294175, 19.21941265025226997 ) ) ;
#2936 = AXIS2_PLACEMENT_3D ( 'NONE', #898, #2354, #1252 ) ;
#2937 = CARTESIAN_POINT ( 'NONE',  ( -0.8620919434061304898, 3.288909149426902712, 18.28788172203408990 ) ) ;
#2938 = DIRECTION ( 'NONE',  ( -0.000000000000000000, -0.000000000000000000, 1.000000000000000000 ) ) ;
#2939 = CARTESIAN_POINT ( 'NONE',  ( -4.076582343749998394, -1.688575694911951253, 15.58125000170706187 ) ) ;
#2940 = EDGE_CURVE ( 'NONE', #719, #2646, #3506, .T. ) ;
#2941 = CARTESIAN_POINT ( 'NONE',  ( 1.800423660406379911, 2.884313243137038185, 20.62582927638873898 ) ) ;
#2942 = CARTESIAN_POINT ( 'NONE',  ( 4.076582343749999282, 4.992373518734052056E-16, 23.62812500170699082 ) ) ;
#2943 = ORIENTED_EDGE ( 'NONE', *, *, #2588, .T. ) ;
#2944 = APPLICATION_CONTEXT ( 'automotive_design' ) ;
#2945 = CARTESIAN_POINT ( 'NONE',  ( -2.882579019330973935, 2.882579019330973935, 25.50312500170699082 ) ) ;
#2946 = CARTESIAN_POINT ( 'NONE',  ( -3.335881723854522640, 0.6649195894227364345, 22.26169183061286105 ) ) ;
#2947 = CARTESIAN_POINT ( 'NONE',  ( -0.4952968550807608783, -3.364741061915039744, 25.08430447085076054 ) ) ;
#2948 = DIRECTION ( 'NONE',  ( -0.000000000000000000, -0.000000000000000000, 1.000000000000000000 ) ) ;
#2949 =( BOUNDED_CURVE ( )  B_SPLINE_CURVE ( 2, ( #4232, #4611, #2062, #953, #1600, #2413, #3515, #3630, #2460 ),
 .UNSPECIFIED., .F., .T. ) 
 B_SPLINE_CURVE_WITH_KNOTS ( ( 3, 2, 2, 2, 3 ),
 ( 0.1923019413019231016, 0.2043207922145406641, 0.2163396623448078093, 0.2283585324750748990, 0.2403773953163690358 ),
 .UNSPECIFIED. ) 
 CURVE ( )  GEOMETRIC_REPRESENTATION_ITEM ( )  RATIONAL_B_SPLINE_CURVE ( ( 1.000000000000000000, 0.9238795325112867385, 1.000000000000000000, 0.9238795325112867385, 1.000000000000000000, 0.9238795325112867385, 1.000000000000000000, 0.9238795325112867385, 1.000000000000000000 ) ) 
 REPRESENTATION_ITEM ( '' )  );
#2950 = CARTESIAN_POINT ( 'NONE',  ( -1.688575694911949698, -4.076582343749998394, 18.39375000170699082 ) ) ;
#2951 = AXIS2_PLACEMENT_3D ( 'NONE', #2168, #2948, #368 ) ;
#2952 = CARTESIAN_POINT ( 'NONE',  ( -2.854595081027402781, 1.847790199094834218, 23.43497173596544769 ) ) ;
#2953 = CARTESIAN_POINT ( 'NONE',  ( -2.584991677479045791, -2.208578892260277815, 16.19124882093393225 ) ) ;
#2954 = CARTESIAN_POINT ( 'NONE',  ( -3.400000000000000355, 1.408326112068523095, 20.97187499999999716 ) ) ;
#2955 = CARTESIAN_POINT ( 'NONE',  ( 17.90000000000000213, 2.192117770473762465E-15, 25.95470053837923885 ) ) ;
#2956 = CARTESIAN_POINT ( 'NONE',  ( -2.590367225672022489, -2.202273968831073070, 17.44078112116648782 ) ) ;
#2957 = CARTESIAN_POINT ( 'NONE',  ( -1.732077698601460769, -2.928506560112531520, 18.75558775335985473 ) ) ;
#2958 = CARTESIAN_POINT ( 'NONE',  ( 3.134026087453432918, -1.318421245560198019, 16.59575007720637885 ) ) ;
#2959 = CARTESIAN_POINT ( 'NONE',  ( -2.882579019330955283, -2.882579019330956616, 20.81562500170700858 ) ) ;
#2960 = MANIFOLD_SOLID_BREP ( '\X2\042004350437044c04310430\X0\2', #3109 ) ;
#2961 = CARTESIAN_POINT ( 'NONE',  ( 1.408326112068525537, -3.399999999999999023, 23.00312500341398447 ) ) ;
#2962 = CARTESIAN_POINT ( 'NONE',  ( -3.399999999994355537, 4.334172153802880547E-06, 24.79991971457360833 ) ) ;
#2963 = CARTESIAN_POINT ( 'NONE',  ( -0.09517311718519999575, 3.398787706100018902, 18.24280049964819383 ) ) ;
#2964 = CARTESIAN_POINT ( 'NONE',  ( 0.4381663605951803264, -3.373426711030262481, 22.63733891220317673 ) ) ;
#2965 = CARTESIAN_POINT ( 'NONE',  ( 4.076582343749999282, 1.688575694911949254, 16.20625000170705832 ) ) ;
#2966 = CARTESIAN_POINT ( 'NONE',  ( 0.6191251564408483121, -3.344363569189652718, 20.14822900321514609 ) ) ;
#2967 = CARTESIAN_POINT ( 'NONE',  ( 1.094392663806871280, 3.226877757645703948, 15.67308900791795878 ) ) ;
#2968 = CARTESIAN_POINT ( 'NONE',  ( 3.338641411196953346, 0.6431723497359094210, 20.46207798584334014 ) ) ;
#2969 = CARTESIAN_POINT ( 'NONE',  ( -2.882579019330973047, -2.882579019330974379, 23.15937500170699082 ) ) ;
#2970 = ORIENTED_EDGE ( 'NONE', *, *, #320, .T. ) ;
#2971 = CARTESIAN_POINT ( 'NONE',  ( 1.688575694911950809, -4.076582343749998394, 18.55000000170699082 ) ) ;
#2972 = DIRECTION ( 'NONE',  ( 0.000000000000000000, 0.000000000000000000, -1.000000000000000000 ) ) ;
#2973 = CARTESIAN_POINT ( 'NONE',  ( -1.001129606754149082, -3.250343905224378549, 25.05353094138168402 ) ) ;
#2974 = ORIENTED_EDGE ( 'NONE', *, *, #396, .T. ) ;
#2975 = CARTESIAN_POINT ( 'NONE',  ( 1.688575694911950809, -4.076582343749998394, 17.30000000170699082 ) ) ;
#2976 = CARTESIAN_POINT ( 'NONE',  ( 2.365634508792497481, 2.442127486736236808, 23.08426036924967306 ) ) ;
#2977 = CARTESIAN_POINT ( 'NONE',  ( -3.399999999999999023, -1.408326112068525537, 21.44062500341398092 ) ) ;
#2978 = VERTEX_POINT ( 'NONE', #346 ) ;
#2979 = CARTESIAN_POINT ( 'NONE',  ( -1.408326112068523317, 3.400000000000000355, 22.06562500000000071 ) ) ;
#2980 = CARTESIAN_POINT ( 'NONE',  ( -1.920234864317594825, -3.530725636503955212, 25.91043792493145403 ) ) ;
#2981 = CARTESIAN_POINT ( 'NONE',  ( -2.576903335395934302, 2.218043442267908727, 17.15804444396190576 ) ) ;
#2982 = CARTESIAN_POINT ( 'NONE',  ( -2.118179132029722300, -2.659606042542116633, 18.72798402719847388 ) ) ;
#2983 = CARTESIAN_POINT ( 'NONE',  ( 2.340438209285344850, -2.466249867963261622, 16.51378838168466601 ) ) ;
#2984 = EDGE_CURVE ( 'NONE', #2666, #1566, #22, .T. ) ;
#2985 = CARTESIAN_POINT ( 'NONE',  ( 1.688575694911940150, -4.076582343749973525, 22.30000000170700503 ) ) ;
#2986 = CARTESIAN_POINT ( 'NONE',  ( -1.408326112068523317, 3.400000000000000355, 22.37812500341398447 ) ) ;
#2987 = CARTESIAN_POINT ( 'NONE',  ( 2.380902029018451938, 2.427310269990270442, 19.33307075881723236 ) ) ;
#2988 = VECTOR ( 'NONE', #473, 1000.000000000000000 ) ;
#2989 = CARTESIAN_POINT ( 'NONE',  ( -0.8318713552002298117, 3.296664321754432248, 18.28602152065847619 ) ) ;
#2990 = EDGE_CURVE ( 'NONE', #3074, #1982, #1561, .T. ) ;
#2991 = CARTESIAN_POINT ( 'NONE',  ( -3.386183445485704269, -0.3062136084892076449, 22.31730438298066943 ) ) ;
#2992 = CARTESIAN_POINT ( 'NONE',  ( -1.688575694911948810, 4.076582343749999282, 17.76875000170705832 ) ) ;
#2993 = CARTESIAN_POINT ( 'NONE',  ( 0.3972932567128417691, -3.376902555907621561, 20.13506975003496535 ) ) ;
#2994 = CARTESIAN_POINT ( 'NONE',  ( 3.222088443957577653, 1.091220514125504248, 15.48998339758552412 ) ) ;
#2995 = CARTESIAN_POINT ( 'NONE',  ( 1.688575694911950809, -4.076582343749998394, 24.64375000170699792 ) ) ;
#2996 = CARTESIAN_POINT ( 'NONE',  ( 1.688575694911948366, 4.076582343749999282, 20.11250000170699082 ) ) ;
#2997 = CARTESIAN_POINT ( 'NONE',  ( 0.000000000000000000, 0.000000000000000000, 0.000000000000000000 ) ) ;
#2998 = CARTESIAN_POINT ( 'NONE',  ( 4.076582343749999282, 1.688575694911949254, 22.61250000170699082 ) ) ;
#2999 = CARTESIAN_POINT ( 'NONE',  ( 3.390863711754961152, 0.3336940838989821412, 21.69382119174322199 ) ) ;
#3000 = CARTESIAN_POINT ( 'NONE',  ( -2.521328983564976589, -2.282673502205792015, 24.94661196558110561 ) ) ;
#3001 = ORIENTED_EDGE ( 'NONE', *, *, #1347, .F. ) ;
#3002 = EDGE_CURVE ( 'NONE', #4649, #515, #1768, .T. ) ;
#3003 = CARTESIAN_POINT ( 'NONE',  ( 4.076582343750000170, -1.688575694911947922, 17.45625000170699437 ) ) ;
#3004 = CARTESIAN_POINT ( 'NONE',  ( 2.847078311682483598, 1.860364336003403229, 23.04085727490850033 ) ) ;
#3005 = CARTESIAN_POINT ( 'NONE',  ( 3.399999999999386180, 2.042941383349938787E-06, 21.98750011674254878 ) ) ;
#3006 = CIRCLE ( 'NONE', #2774, 6.000000000000000888 ) ;
#3007 = VERTEX_POINT ( 'NONE', #2086 ) ;
#3008 = CARTESIAN_POINT ( 'NONE',  ( -1.408326112068523317, 3.400000000000000355, 20.81562499999999361 ) ) ;
#3009 = LINE ( 'NONE', #2648, #35 ) ;
#3010 = CARTESIAN_POINT ( 'NONE',  ( -4.399999999999994138, 0.000000000000000000, 13.98000000000000043 ) ) ;
#3011 = CARTESIAN_POINT ( 'NONE',  ( 3.400000000000000799, -1.408326112068522651, 15.65937500341398092 ) ) ;
#3012 = CARTESIAN_POINT ( 'NONE',  ( -1.688575694911950142, -4.076582343749998394, 25.73750000170706542 ) ) ;
#3013 = CARTESIAN_POINT ( 'NONE',  ( 4.076582343749975301, -1.688575694911937264, 23.70625000170700858 ) ) ;
#3014 = CARTESIAN_POINT ( 'NONE',  ( -2.081899558550500280E-16, 3.399999999999999911, 24.80000000341398092 ) ) ;
#3015 = CARTESIAN_POINT ( 'NONE',  ( -1.269960044324974335, 3.154812074587705073, 18.31360284759011492 ) ) ;
#3016 = CARTESIAN_POINT ( 'NONE',  ( -2.610368180321989140, -2.178529757635781827, 22.43902057812995210 ) ) ;
#3017 = CARTESIAN_POINT ( 'NONE',  ( -3.809764390383578281, -1.485466062825149036, 14.31828246730706589 ) ) ;
#3018 = CARTESIAN_POINT ( 'NONE',  ( -1.269387118821427851, -3.294060911638659661, 25.42321403643392941 ) ) ;
#3019 = AXIS2_PLACEMENT_3D ( 'NONE', #223, #617, #2459 ) ;
#3020 = CARTESIAN_POINT ( 'NONE',  ( -4.076582343749998394, -1.688575694911951253, 24.33125000170699082 ) ) ;
#3021 = CARTESIAN_POINT ( 'NONE',  ( 1.688575694911948366, 4.076582343749999282, 21.36250000170699082 ) ) ;
#3022 = CARTESIAN_POINT ( 'NONE',  ( 2.773645023390843178, 2.338754376678149782, 14.75655235398349063 ) ) ;
#3023 = CARTESIAN_POINT ( 'NONE',  ( -1.688575694911949698, -4.076582343749998394, 20.89375000170699082 ) ) ;
#3024 = CARTESIAN_POINT ( 'NONE',  ( 2.323706554620919018, 2.482080282171120533, 16.83750681141956207 ) ) ;
#3025 = CARTESIAN_POINT ( 'NONE',  ( -3.345627709453980803, -0.6230337762775772781, 19.83603045033136070 ) ) ;
#3026 = CARTESIAN_POINT ( 'NONE',  ( 2.327843749462078282, 2.478205552981998405, 21.83719071259459099 ) ) ;
#3027 = ORIENTED_EDGE ( 'NONE', *, *, #445, .F. ) ;
#3028 = CARTESIAN_POINT ( 'NONE',  ( -2.496186759367026028E-16, 4.076582343749999282, 17.84687500170699437 ) ) ;
#3029 = CARTESIAN_POINT ( 'NONE',  ( 2.315116709168790976, 2.490258338996765630, 23.08816074368838400 ) ) ;
#3030 = CARTESIAN_POINT ( 'NONE',  ( 0.000000000000000000, 0.000000000000000000, 20.00000000000000000 ) ) ;
#3031 = ORIENTED_EDGE ( 'NONE', *, *, #3002, .T. ) ;
#3032 = CARTESIAN_POINT ( 'NONE',  ( -3.399999999999999023, -1.408326112068525537, 24.87812499999999716 ) ) ;
#3033 = CARTESIAN_POINT ( 'NONE',  ( -3.883620867705759316, -0.2638202942091658620, 25.78362086770571793 ) ) ;
#3034 = CARTESIAN_POINT ( 'NONE',  ( -3.399999998574068538, -0.05470581051754942747, 17.30293147066949899 ) ) ;
#3035 = FACE_OUTER_BOUND ( 'NONE', #2257, .T. ) ;
#3036 = DIRECTION ( 'NONE',  ( 0.000000000000000000, -1.000000000000000000, 0.000000000000000000 ) ) ;
#3037 = CARTESIAN_POINT ( 'NONE',  ( -4.076582343749973525, -1.688575694911940817, 21.98750000170700503 ) ) ;
#3038 = CARTESIAN_POINT ( 'NONE',  ( -1.408326112068523317, 3.400000000000000355, 26.12812500341398092 ) ) ;
#3039 = CARTESIAN_POINT ( 'NONE',  ( -2.942389763252020174, 1.703849668780876847, 18.44496653144287279 ) ) ;
#3040 = CARTESIAN_POINT ( 'NONE',  ( -2.111664302828687667, -2.664748437589336216, 22.47846491822416937 ) ) ;
#3041 = DIRECTION ( 'NONE',  ( -0.000000000000000000, -0.000000000000000000, 1.000000000000000000 ) ) ;
#3042 = CARTESIAN_POINT ( 'NONE',  ( -2.090558376540339491, -2.681355367120073385, 19.98004033892881992 ) ) ;
#3043 = CARTESIAN_POINT ( 'NONE',  ( 2.807888115441944610, 1.917279702735554370, 15.54496477924825015 ) ) ;
#3044 = EDGE_CURVE ( 'NONE', #1566, #4585, #514, .T. ) ;
#3045 = CARTESIAN_POINT ( 'NONE',  ( 3.390657967900358116, 0.2594350019822748155, 20.43953334884787409 ) ) ;
#3046 = CARTESIAN_POINT ( 'NONE',  ( -1.688575694911949698, -4.076582343749998394, 21.98750000170699437 ) ) ;
#3047 = CARTESIAN_POINT ( 'NONE',  ( 3.706348809059921479, 0.1826612599666801173, 14.67365119094117354 ) ) ;
#3048 = CARTESIAN_POINT ( 'NONE',  ( -4.076582343749999282, 1.688575694911948588, 21.83125000170699437 ) ) ;
#3049 = CARTESIAN_POINT ( 'NONE',  ( 3.114512328812588660, -1.369432130455908947, 15.34254241146547670 ) ) ;
#3050 = CARTESIAN_POINT ( 'NONE',  ( 2.341148813459468681, 2.465630559344677231, 21.83616037166945389 ) ) ;
#3051 = B_SPLINE_CURVE_WITH_KNOTS ( 'NONE', 3,
 ( #2820, #4616, #4258, #978 ),
 .UNSPECIFIED., .F., .F.,
 ( 4, 4 ),
 ( 0.002171771639398806762, 0.003220501172631365979 ),
 .UNSPECIFIED. ) ;
#3052 = VERTEX_POINT ( 'NONE', #2419 ) ;
#3053 = AXIS2_PLACEMENT_3D ( 'NONE', #1589, #3362, #91 ) ;
#3054 = CARTESIAN_POINT ( 'NONE',  ( 7.488560278101077592E-16, -4.076582343749999282, 15.97187500170699259 ) ) ;
#3055 = CARTESIAN_POINT ( 'NONE',  ( 1.408326112068525537, -3.399999999999999023, 21.75312500341398447 ) ) ;
#3056 = ORIENTED_EDGE ( 'NONE', *, *, #4244, .T. ) ;
#3057 = CARTESIAN_POINT ( 'NONE',  ( 2.404163056034261281, 2.404163056034261725, 18.08125000000000071 ) ) ;
#3058 = CARTESIAN_POINT ( 'NONE',  ( -2.882579019330973935, 2.882579019330973935, 26.75312500170699082 ) ) ;
#3059 = CARTESIAN_POINT ( 'NONE',  ( -3.382828513682166527, 0.3413473472780858553, 17.28064666186973497 ) ) ;
#3060 = LINE ( 'NONE', #1935, #4465 ) ;
#3061 = CARTESIAN_POINT ( 'NONE',  ( -3.252894627215299650, -0.9892892063375346989, 18.60825967009207105 ) ) ;
#3062 = CARTESIAN_POINT ( 'NONE',  ( 4.076582343749974413, 1.688575694911938596, 18.86250000170700858 ) ) ;
#3063 = CARTESIAN_POINT ( 'NONE',  ( 0.5266420906986619688, 3.358972665558301873, 18.20734245592921852 ) ) ;
#3064 = CARTESIAN_POINT ( 'NONE',  ( -2.602477858951060430, -2.187956984617082323, 22.43970555784007814 ) ) ;
#3065 = CARTESIAN_POINT ( 'NONE',  ( 4.924999999999999822, 6.031385485800714132E-16, 0.000000000000000000 ) ) ;
#3066 = CARTESIAN_POINT ( 'NONE',  ( 0.4753590888405023196, -3.366607410641599074, 20.13963719887688342 ) ) ;
#3067 = EDGE_CURVE ( 'NONE', #2646, #3871, #3881, .T. ) ;
#3068 = CARTESIAN_POINT ( 'NONE',  ( 3.324756728700340336, 0.7118856680726619590, 15.46628807594272814 ) ) ;
#3069 = CARTESIAN_POINT ( 'NONE',  ( -2.081899558550500280E-16, 3.399999999999999911, 17.30000000341398092 ) ) ;
#3070 = CARTESIAN_POINT ( 'NONE',  ( 4.076582343749999282, 4.992373518734052056E-16, 26.12812500170699082 ) ) ;
#3071 = CARTESIAN_POINT ( 'NONE',  ( 2.882579019330973491, 2.882579019330973935, 18.78437500170699082 ) ) ;
#3072 = PRODUCT_RELATED_PRODUCT_CATEGORY ( 'part', '', ( #2930 ) ) ;
#3073 = DIRECTION ( 'NONE',  ( -0.000000000000000000, -0.000000000000000000, 1.000000000000000000 ) ) ;
#3074 = VERTEX_POINT ( 'NONE', #3541 ) ;
#3075 = CARTESIAN_POINT ( 'NONE',  ( -1.688575694911948810, 4.076582343749999282, 21.67500000170699437 ) ) ;
#3076 = CARTESIAN_POINT ( 'NONE',  ( 2.254221293211708943, 2.545633099583843872, 16.84284781403682985 ) ) ;
#3077 = CARTESIAN_POINT ( 'NONE',  ( 3.318657340552073176, 0.7718950118543683736, 21.71980591912917546 ) ) ;
#3078 = ORIENTED_EDGE ( 'NONE', *, *, #1093, .F. ) ;
#3079 = CARTESIAN_POINT ( 'NONE',  ( -1.688575694911949698, -4.076582343749998394, 14.64375000170699259 ) ) ;
#3080 = CARTESIAN_POINT ( 'NONE',  ( 1.656500564428030398, 2.969706559155015135, 23.13597937544985328 ) ) ;
#3081 = DIRECTION ( 'NONE',  ( 1.000000000000000000, 0.000000000000000000, 0.000000000000000000 ) ) ;
#3082 = CARTESIAN_POINT ( 'NONE',  ( 2.284860844773746180, 2.518094385994368523, 19.34050343530006799 ) ) ;
#3083 = VERTEX_POINT ( 'NONE', #1726 ) ;
#3084 = CARTESIAN_POINT ( 'NONE',  ( -2.081899558550500280E-16, 3.399999999999999911, 15.73749999999999716 ) ) ;
#3085 = CARTESIAN_POINT ( 'NONE',  ( 19.89999999999999858, 2.437047130303232761E-15, 22.80000000000000071 ) ) ;
#3086 = CARTESIAN_POINT ( 'NONE',  ( -2.245083577326186575, 2.555696863577066491, 17.13117266011646578 ) ) ;
#3087 = DIRECTION ( 'NONE',  ( -0.000000000000000000, -0.000000000000000000, 1.000000000000000000 ) ) ;
#3088 = CARTESIAN_POINT ( 'NONE',  ( 1.688575694911948366, 4.076582343749999282, 25.11250000170705832 ) ) ;
#3089 = CARTESIAN_POINT ( 'NONE',  ( 1.408326112068522873, 3.400000000000000355, 20.97187500341398447 ) ) ;
#3090 = CARTESIAN_POINT ( 'NONE',  ( 2.816739505608283789, 1.904368930530470738, 18.04403316815436398 ) ) ;
#3091 = CARTESIAN_POINT ( 'NONE',  ( 2.593219411864889246, -2.203714450286063720, 21.53417227586700022 ) ) ;
#3092 = LINE ( 'NONE', #887, #3696 ) ;
#3093 = CYLINDRICAL_SURFACE ( 'NONE', #1477, 7.500000000000000000 ) ;
#3094 = CARTESIAN_POINT ( 'NONE',  ( 1.719068224005127599, -2.933480992941366328, 25.21858498066469778 ) ) ;
#3095 = CARTESIAN_POINT ( 'NONE',  ( -2.496186759367026028E-16, 4.076582343749999282, 21.44062500170699082 ) ) ;
#3096 = CARTESIAN_POINT ( 'NONE',  ( 1.688575694911950809, -4.076582343749998394, 15.89375000170699082 ) ) ;
#3097 = AXIS2_PLACEMENT_3D ( 'NONE', #3834, #3374, #3812 ) ;
#3098 = ADVANCED_FACE ( 'NONE', ( #2066 ), #315, .F. ) ;
#3099 = CARTESIAN_POINT ( 'NONE',  ( 0.1212863636430872305, -3.398411158078431082, 23.86925288680342305 ) ) ;
#3100 = CARTESIAN_POINT ( 'NONE',  ( 1.688575694911948366, 4.076582343749999282, 15.26875000170699259 ) ) ;
#3101 = CARTESIAN_POINT ( 'NONE',  ( -0.3309807838080439102, 3.384630851646940997, 17.00626911683004039 ) ) ;
#3102 = CARTESIAN_POINT ( 'NONE',  ( -2.496186759367009758E-16, 4.076582343749974413, 16.59687500170700503 ) ) ;
#3103 = ORIENTED_EDGE ( 'NONE', *, *, #2784, .T. ) ;
#3104 = CARTESIAN_POINT ( 'NONE',  ( -4.076582343749999282, 1.688575694911948588, 14.33125000170699082 ) ) ;
#3105 = CARTESIAN_POINT ( 'NONE',  ( -3.394713428411517242, 0.2188477898438404567, 22.28748823537661750 ) ) ;
#3106 = CARTESIAN_POINT ( 'NONE',  ( -3.875480947161674017, -1.122948582267333315E-13, 25.77548094716167526 ) ) ;
#3107 = CARTESIAN_POINT ( 'NONE',  ( -1.311095227186760415, 3.137923999627375338, 24.56626912481190317 ) ) ;
#3108 = ORIENTED_EDGE ( 'NONE', *, *, #1556, .T. ) ;
#3109 = CLOSED_SHELL ( 'NONE', ( #3352, #2539, #792, #1941, #901, #1506, #2146, #4601, #705, #1247, #3561, #4554, #3258, #443, #2213, #2640, #1699, #230, #3937, #3098, #4050, #4555, #2017, #3959, #4335, #154, #3445, #3858, #4334, #3121, #3701, #1912, #4145, #2144, #179, #3394, #3633, #3800, #1792, #2193, #4207, #2559, #1577, #587, #1747 ) ) ;
#3110 = CARTESIAN_POINT ( 'NONE',  ( 6.245698675651500839E-16, -3.399999999999999911, 20.11249999999999716 ) ) ;
#3111 = CARTESIAN_POINT ( 'NONE',  ( -1.517943359952501403, 3.042629590255836458, 17.07991731455870266 ) ) ;
#3112 = CARTESIAN_POINT ( 'NONE',  ( 3.399999999995076294, 5.786416335101651420E-06, 16.98750032440953461 ) ) ;
#3113 = CARTESIAN_POINT ( 'NONE',  ( -2.496186759367009758E-16, 4.076582343749974413, 20.34687500170700503 ) ) ;
#3114 = CARTESIAN_POINT ( 'NONE',  ( 2.404163056034261281, 2.404163056034261725, 20.89375000341398092 ) ) ;
#3115 = CARTESIAN_POINT ( 'NONE',  ( 0.5161250387217920510, 3.360598788820907235, 18.20796182592985701 ) ) ;
#3116 = CARTESIAN_POINT ( 'NONE',  ( 3.323312196653579687, -0.7275803240211667910, 21.63285507147044484 ) ) ;
#3117 = CARTESIAN_POINT ( 'NONE',  ( 2.100833217602487757, -3.219181439145254231, 14.54307989374578369 ) ) ;
#3118 = AXIS2_PLACEMENT_3D ( 'NONE', #1694, #3441, #970 ) ;
#3119 = CARTESIAN_POINT ( 'NONE',  ( 0.9129155037892771052, -3.703736224967681068, 25.70800549895476195 ) ) ;
#3120 = CARTESIAN_POINT ( 'NONE',  ( 1.660713229477719155, -2.967419119588715848, 25.21457744911658594 ) ) ;
#3121 = ADVANCED_FACE ( 'NONE', ( #1771 ), #2831, .F. ) ;
#3122 = CARTESIAN_POINT ( 'NONE',  ( 1.688575694911948366, 4.076582343749999282, 23.86250000170699082 ) ) ;
#3123 = CARTESIAN_POINT ( 'NONE',  ( -2.882579019330973935, 2.882579019330973935, 17.84687500170699082 ) ) ;
#3124 = CARTESIAN_POINT ( 'NONE',  ( -0.1923813512799913972, -3.394580316098318562, 23.85167924316802512 ) ) ;
#3125 = CARTESIAN_POINT ( 'NONE',  ( -2.496186759367026028E-16, 4.076582343749999282, 15.34687500170699082 ) ) ;
#3126 = CARTESIAN_POINT ( 'NONE',  ( 4.399999999999994138, 5.388445916248347110E-16, 13.98000000000000043 ) ) ;
#3127 = CARTESIAN_POINT ( 'NONE',  ( -0.8262767575429552647, 3.298079423495311246, 15.78567853209313832 ) ) ;
#3128 = VERTEX_POINT ( 'NONE', #4658 ) ;
#3129 = CARTESIAN_POINT ( 'NONE',  ( -2.882579019330973935, 2.882579019330973935, 26.59687500170699082 ) ) ;
#3130 = CARTESIAN_POINT ( 'NONE',  ( 3.400000000000000355, 1.408326112068523539, 15.81562500341398092 ) ) ;
#3131 = CARTESIAN_POINT ( 'NONE',  ( 0.5127178622881707337, -3.363302676035268668, 15.14206696302851896 ) ) ;
#3132 = VECTOR ( 'NONE', #2255, 1000.000000000000000 ) ;
#3133 = CARTESIAN_POINT ( 'NONE',  ( 0.2193216626974759387, 3.399975675948819998, 24.47500897999128000 ) ) ;
#3134 = ORIENTED_EDGE ( 'NONE', *, *, #1308, .T. ) ;
#3135 = CARTESIAN_POINT ( 'NONE',  ( -2.081899558550500280E-16, 3.399999999999999911, 16.98749999999999716 ) ) ;
#3136 = CARTESIAN_POINT ( 'NONE',  ( -3.399999999999999911, 0.000000000000000000, 25.11250000341398092 ) ) ;
#3137 = CARTESIAN_POINT ( 'NONE',  ( 0.000000000000000000, 0.000000000000000000, 28.80000000000000071 ) ) ;
#3138 = CARTESIAN_POINT ( 'NONE',  ( 0.4718408230226143196, -3.367108664412424623, 17.63944835553216350 ) ) ;
#3139 = CARTESIAN_POINT ( 'NONE',  ( 3.479246824526985638, 1.171165692939798688E-12, 25.37924682452698733 ) ) ;
#3140 = CARTESIAN_POINT ( 'NONE',  ( -3.386990035147702027, -0.2971754048255937364, 24.81678446790338910 ) ) ;
#3141 = EDGE_CURVE ( 'NONE', #3487, #495, #3051, .T. ) ;
#3142 = CARTESIAN_POINT ( 'NONE',  ( 4.076582343749999282, 1.688575694911949254, 23.70625000170699437 ) ) ;
#3143 = CARTESIAN_POINT ( 'NONE',  ( -1.688575694911949698, -4.076582343749998394, 19.48750000170699437 ) ) ;
#3144 = CARTESIAN_POINT ( 'NONE',  ( 3.119148074602944742, -1.353409861683040338, 24.09346724172889154 ) ) ;
#3145 = CARTESIAN_POINT ( 'NONE',  ( 2.882579019330973491, 2.882579019330973935, 15.19062500170699082 ) ) ;
#3146 = CARTESIAN_POINT ( 'NONE',  ( -2.496186759367026028E-16, 4.076582343749999282, 20.19062500170706187 ) ) ;
#3147 = CARTESIAN_POINT ( 'NONE',  ( -1.594195656300167130, 3.003406321541398416, 15.83505072514628687 ) ) ;
#3148 = ORIENTED_EDGE ( 'NONE', *, *, #3141, .F. ) ;
#3149 = CARTESIAN_POINT ( 'NONE',  ( 3.250728710515163211, 0.9963834883518403185, 22.98370297777611171 ) ) ;
#3150 = CARTESIAN_POINT ( 'NONE',  ( 0.08644678595801469356, -3.398928953795277152, 15.11731763041174403 ) ) ;
#3151 = CARTESIAN_POINT ( 'NONE',  ( 2.081970983688762100, 2.690163386971513582, 24.35580961438079584 ) ) ;
#3152 = ORIENTED_EDGE ( 'NONE', *, *, #247, .T. ) ;
#3153 = CARTESIAN_POINT ( 'NONE',  ( -3.399999999999999023, -1.408326112068525537, 17.37812500000000426 ) ) ;
#3154 = CARTESIAN_POINT ( 'NONE',  ( -2.210182119335448725, -2.598143992733073837, 25.28396811795715493 ) ) ;
#3155 = PRODUCT_CONTEXT ( 'NONE', #4653, 'mechanical' ) ;
#3156 = UNCERTAINTY_MEASURE_WITH_UNIT (LENGTH_MEASURE( 1.000000000000000082E-05 ), #1805, 'distance_accuracy_value', 'NONE');
#3157 = CARTESIAN_POINT ( 'NONE',  ( -2.882579019330955283, -2.882579019330956616, 19.56562500170700503 ) ) ;
#3158 = CARTESIAN_POINT ( 'NONE',  ( -2.081899558550500280E-16, 3.399999999999999911, 19.80000000341398092 ) ) ;
#3159 = CARTESIAN_POINT ( 'NONE',  ( 1.951326271058403838, 2.785729092336961976, 18.11497230698084593 ) ) ;
#3160 = CARTESIAN_POINT ( 'NONE',  ( 2.063576409739637185, -2.702158906594598342, 21.49301900280700650 ) ) ;
#3161 = CARTESIAN_POINT ( 'NONE',  ( 1.800779609151619720, -2.884500632534915177, 17.72423759121006626 ) ) ;
#3162 = CARTESIAN_POINT ( 'NONE',  ( 2.592726172546853558, -3.088623808460782438, 25.92633777059688427 ) ) ;
#3163 = CARTESIAN_POINT ( 'NONE',  ( -3.400000000000000355, 1.408326112068523095, 17.53437500341398803 ) ) ;
#3164 = AXIS2_PLACEMENT_3D ( 'NONE', #562, #258, #2024 ) ;
#3165 = CARTESIAN_POINT ( 'NONE',  ( 2.882579019330974379, -2.882579019330973491, 23.47187500170699082 ) ) ;
#3166 = CARTESIAN_POINT ( 'NONE',  ( -4.076582343749998394, -1.688575694911951253, 19.33125000170699082 ) ) ;
#3167 = CARTESIAN_POINT ( 'NONE',  ( 3.060742464979741229, -1.482380985179895028, 24.08498403018760925 ) ) ;
#3168 = CARTESIAN_POINT ( 'NONE',  ( 3.298048493924675473, 2.396121811823308079, 13.91015598439494383 ) ) ;
#3169 = CARTESIAN_POINT ( 'NONE',  ( -1.688575694911948810, 4.076582343749999282, 22.76875000170706187 ) ) ;
#3170 = CARTESIAN_POINT ( 'NONE',  ( -2.074916119851442975, 2.693468150959642315, 15.86884926257741846 ) ) ;
#3171 = VERTEX_POINT ( 'NONE', #3203 ) ;
#3172 = CARTESIAN_POINT ( 'NONE',  ( 4.400000000000001243, 0.000000000000000000, 26.30000000000000071 ) ) ;
#3173 = CARTESIAN_POINT ( 'NONE',  ( 2.610609002776555165, -2.181969629102807673, 15.28606591199926257 ) ) ;
#3174 = CARTESIAN_POINT ( 'NONE',  ( 0.8759351449561059155, 3.287142629499625990, 24.43621692143619484 ) ) ;
#3175 = ORIENTED_EDGE ( 'NONE', *, *, #3608, .F. ) ;
#3176 = CARTESIAN_POINT ( 'NONE',  ( -2.882579019330973935, 2.882579019330973935, 26.75312500170699082 ) ) ;
#3177 = CARTESIAN_POINT ( 'NONE',  ( -1.688575694911948810, 4.076582343749999282, 21.67500000170699437 ) ) ;
#3178 = DIRECTION ( 'NONE',  ( -0.000000000000000000, -0.000000000000000000, 1.000000000000000000 ) ) ;
#3179 = FACE_OUTER_BOUND ( 'NONE', #2283, .T. ) ;
#3180 = CARTESIAN_POINT ( 'NONE',  ( 2.346519384343752179, -2.460462605161824357, 17.76426008558410530 ) ) ;
#3181 = CARTESIAN_POINT ( 'NONE',  ( -1.408326112068523983, -3.399999999999999467, 16.59687500341398092 ) ) ;
#3182 = CARTESIAN_POINT ( 'NONE',  ( -3.381769221291807348, -0.3521706098198024715, 24.81997704834029861 ) ) ;
#3183 = DIRECTION ( 'NONE',  ( -0.000000000000000000, -0.000000000000000000, 1.000000000000000000 ) ) ;
#3184 = CARTESIAN_POINT ( 'NONE',  ( 2.882579019330974379, -2.882579019330973491, 22.22187500170699082 ) ) ;
#3185 = CARTESIAN_POINT ( 'NONE',  ( -3.240267517156711907, 1.033128784382993937, 19.73901647162936257 ) ) ;
#3186 = CARTESIAN_POINT ( 'NONE',  ( -0.6299490942610783684, -3.345571026490029354, 23.82615421035195169 ) ) ;
#3187 = CARTESIAN_POINT ( 'NONE',  ( 1.688575694911950809, -4.076582343749998394, 14.80000000170699437 ) ) ;
#3188 = CARTESIAN_POINT ( 'NONE',  ( 4.076582343750000170, -1.688575694911947922, 23.55000000170705476 ) ) ;
#3189 = CARTESIAN_POINT ( 'NONE',  ( -2.944188023664931819, 1.700771976807130770, 15.94517880488307782 ) ) ;
#3190 = ORIENTED_EDGE ( 'NONE', *, *, #2891, .T. ) ;
#3191 = CARTESIAN_POINT ( 'NONE',  ( 2.404163056034261281, 2.404163056034261725, 15.89375000341398270 ) ) ;
#3192 = CARTESIAN_POINT ( 'NONE',  ( -1.727615723237179823, -2.931711444482487661, 15.00605594781062280 ) ) ;
#3193 = CARTESIAN_POINT ( 'NONE',  ( -2.405217878558912226, 2.404965482143515576, 24.64367232714370104 ) ) ;
#3194 = ORIENTED_EDGE ( 'NONE', *, *, #3067, .T. ) ;
#3195 = CARTESIAN_POINT ( 'NONE',  ( -1.688575694911949698, -4.076582343749998394, 23.39375000170699437 ) ) ;
#3196 = CARTESIAN_POINT ( 'NONE',  ( 2.882579019330974379, -2.882579019330973491, 21.12812500170699437 ) ) ;
#3197 = CARTESIAN_POINT ( 'NONE',  ( -4.076582343749974413, 1.688575694911938152, 18.08125000170700147 ) ) ;
#3198 = CARTESIAN_POINT ( 'NONE',  ( -2.081899558550500280E-16, 3.399999999999999911, 26.98749999999999716 ) ) ;
#3199 = CARTESIAN_POINT ( 'NONE',  ( -2.601137331900179817, -2.189542696205255101, 21.18982827092589361 ) ) ;
#3200 = CARTESIAN_POINT ( 'NONE',  ( 2.804059057506362418, -1.922913863259212652, 17.80471071245055370 ) ) ;
#3201 = CONICAL_SURFACE ( 'NONE', #156, 12.97179676972448625, 1.047197551196596299 ) ;
#3202 = CARTESIAN_POINT ( 'NONE',  ( 1.104149999991530962, -3.216033311577720877, 18.92798065748895198 ) ) ;
#3203 = CARTESIAN_POINT ( 'NONE',  ( -3.399999999997888267, -2.624094018084030014E-06, 15.11254858469464679 ) ) ;
#3204 = CARTESIAN_POINT ( 'NONE',  ( 0.1012227821306089792, -4.075325453721699631, 25.97658234374999964 ) ) ;
#3205 = CARTESIAN_POINT ( 'NONE',  ( -4.076582343749999282, 1.688575694911948588, 15.42500000170699259 ) ) ;
#3206 = CARTESIAN_POINT ( 'NONE',  ( -2.630228153992119289, 2.155306156802643702, 19.66278161575414529 ) ) ;
#3207 =( BOUNDED_CURVE ( )  B_SPLINE_CURVE ( 2, ( #1612, #163, #113, #414, #4046, #765, #1226, #1509, #2688, #2639, #2281 ),
 .UNSPECIFIED., .F., .T. ) 
 B_SPLINE_CURVE_WITH_KNOTS ( ( 3, 2, 2, 2, 2, 3 ),
 ( 0.2403773953163690358, 0.2523962727356090507, 0.2644151428658760850, 0.2764340129961430637, 0.2884528831264100979, 0.2884529699187061147 ),
 .UNSPECIFIED. ) 
 CURVE ( )  GEOMETRIC_REPRESENTATION_ITEM ( )  RATIONAL_B_SPLINE_CURVE ( ( 1.000000000000000000, 0.9238795325112867385, 1.000000000000000000, 0.9238795325112867385, 1.000000000000000000, 0.9238795325112867385, 1.000000000000000000, 0.9238795325112867385, 1.000000000000000000, 0.9999994503085501973, 0.9999989006250394885 ) ) 
 REPRESENTATION_ITEM ( '' )  );
#3208 = CARTESIAN_POINT ( 'NONE',  ( -1.731795498232014063, -2.928697351721464504, 23.75560651757988140 ) ) ;
#3209 = EDGE_CURVE ( 'NONE', #1901, #3384, #4302, .T. ) ;
#3210 = EDGE_CURVE ( 'NONE', #2494, #3487, #474, .T. ) ;
#3211 = CARTESIAN_POINT ( 'NONE',  ( 0.000000000000000000, 0.000000000000000000, 28.80000000000000071 ) ) ;
#3212 = CARTESIAN_POINT ( 'NONE',  ( -4.076582343749999282, 1.688575694911948588, 22.92500000170706187 ) ) ;
#3213 = CARTESIAN_POINT ( 'NONE',  ( -2.090771955692450668, -2.681170011261868158, 14.97999999999999332 ) ) ;
#3214 = CARTESIAN_POINT ( 'NONE',  ( -2.038027787838412319, 2.721603634196036126, 15.86621979714380970 ) ) ;
#3215 = CARTESIAN_POINT ( 'NONE',  ( -0.1364890878480489733, 3.397264646053137938, 20.74513439420566741 ) ) ;
#3216 = ORIENTED_EDGE ( 'NONE', *, *, #2260, .T. ) ;
#3217 = CARTESIAN_POINT ( 'NONE',  ( -1.527857316470097926, 3.037650720456636755, 22.08058191708698104 ) ) ;
#3218 = CARTESIAN_POINT ( 'NONE',  ( 2.614167074220187459, -2.185544824579165102, 25.28593862473540455 ) ) ;
#3219 = FACE_OUTER_BOUND ( 'NONE', #4224, .T. ) ;
#3220 = CARTESIAN_POINT ( 'NONE',  ( 4.076582343750000170, -1.688575694911947922, 24.95625000170699437 ) ) ;
#3221 = CARTESIAN_POINT ( 'NONE',  ( -1.076099264220272467, 3.228683364285472202, 23.30116731177761480 ) ) ;
#3222 = CARTESIAN_POINT ( 'NONE',  ( -2.592171441614536942, -2.200151213396639438, 16.19062998626210614 ) ) ;
#3223 = CARTESIAN_POINT ( 'NONE',  ( 1.688575694911937930, 4.076582343749974413, 17.76875000170700503 ) ) ;
#3224 = FACE_OUTER_BOUND ( 'NONE', #3957, .T. ) ;
#3225 = CARTESIAN_POINT ( 'NONE',  ( -2.621715863746927777, -2.165043823125384570, 21.18802612587698775 ) ) ;
#3226 = CARTESIAN_POINT ( 'NONE',  ( -3.399999999971879294, 9.770702538064228812E-06, 25.11232265530318486 ) ) ;
#3227 = CARTESIAN_POINT ( 'NONE',  ( 2.323842900407216305, -2.481888549377667896, 19.01250833810769336 ) ) ;
#3228 = CARTESIAN_POINT ( 'NONE',  ( -3.029739355570745918, -1.543360915650925591, 24.89412844204314723 ) ) ;
#3229 = CARTESIAN_POINT ( 'NONE',  ( -4.076582343749974413, 1.688575694911938152, 25.58125000170700503 ) ) ;
#3230 = CARTESIAN_POINT ( 'NONE',  ( 4.076582343749999282, 1.688575694911949254, 14.95625000170699082 ) ) ;
#3231 = CARTESIAN_POINT ( 'NONE',  ( -4.076582343749999282, 1.688575694911948588, 14.17500000170699259 ) ) ;
#3232 = B_SPLINE_CURVE_WITH_KNOTS ( 'NONE', 3,
 ( #819, #3047, #4478, #4426, #3742, #3405, #437, #1582, #1118, #3715, #3022, #2325, #3329, #3689, #2253, #412, #1199, #4121, #2303, #2583, #4451, #1896, #4501, #1872, #4043, #843, #3355, #1507, #3430, #762 ),
 .UNSPECIFIED., .F., .F.,
 ( 4, 2, 2, 2, 2, 2, 2, 2, 2, 2, 2, 2, 2, 2, 4 ),
 ( 0.01119281924657597981, 0.01174105263572257016, 0.01228928602486915878, 0.01283751941401574913, 0.01338575280316233775, 0.01393398619230892810, 0.01448221958145551672, 0.01557868635974869742, 0.01667515313804187813, 0.01722338652718846674, 0.01777161991633505883, 0.01831985330548165092, 0.01886808669462823954, 0.01941632008377482815, 0.01996455347292142024 ),
 .UNSPECIFIED. ) ;
#3233 = CARTESIAN_POINT ( 'NONE',  ( -3.381000341294372102, 0.3589383254591054229, 18.52965235402500710 ) ) ;
#3234 = LINE ( 'NONE', #1409, #1939 ) ;
#3235 = CARTESIAN_POINT ( 'NONE',  ( -4.076582343749998394, -1.688575694911951253, 23.08125000170705476 ) ) ;
#3236 = CARTESIAN_POINT ( 'NONE',  ( 2.111583739634020684, -2.664890530803181612, 20.24657427171890589 ) ) ;
#3237 = CARTESIAN_POINT ( 'NONE',  ( 2.218854458952409736, 2.576995061511294427, 20.59545686062239156 ) ) ;
#3238 = ORIENTED_EDGE ( 'NONE', *, *, #2361, .F. ) ;
#3239 = CARTESIAN_POINT ( 'NONE',  ( -0.1291904518845299055, 3.397551949381036440, 21.99472302458749695 ) ) ;
#3240 = CARTESIAN_POINT ( 'NONE',  ( 0.3249757784422547258, 3.660167387274094519, 25.56669655940137531 ) ) ;
#3241 = CARTESIAN_POINT ( 'NONE',  ( 3.399999999999995914, -1.452968543152928545E-07, 24.17499992325868163 ) ) ;
#3242 = CARTESIAN_POINT ( 'NONE',  ( -4.076582343749998394, -1.688575694911951253, 25.73750000170699437 ) ) ;
#3243 = CARTESIAN_POINT ( 'NONE',  ( -0.8101110829865235674, 3.302078362279719848, 23.28468989658310662 ) ) ;
#3244 = CARTESIAN_POINT ( 'NONE',  ( -3.351472970575410493, -0.5750704873423163610, 16.08302366259505334 ) ) ;
#3245 = VECTOR ( 'NONE', #2316, 1000.000000000000000 ) ;
#3246 = DIRECTION ( 'NONE',  ( -0.8660254037844380415, 0.000000000000000000, -0.5000000000000012212 ) ) ;
#3247 = CARTESIAN_POINT ( 'NONE',  ( -0.1628070441690845083, -3.396110234343419076, 21.35338387476349808 ) ) ;
#3248 = CARTESIAN_POINT ( 'NONE',  ( -2.810124519276965493, -1.914878289122831756, 17.41981704027638145 ) ) ;
#3249 = CARTESIAN_POINT ( 'NONE',  ( -1.443623656969305946, -3.078370568586777267, 18.77502106792139713 ) ) ;
#3250 = CARTESIAN_POINT ( 'NONE',  ( -3.399999999974034459, 9.403108321025503978E-06, 22.61232958585868147 ) ) ;
#3251 = CARTESIAN_POINT ( 'NONE',  ( -4.076582343749998394, -1.688575694911951253, 18.08125000170699082 ) ) ;
#3252 = CARTESIAN_POINT ( 'NONE',  ( -4.076582343749999282, 0.000000000000000000, 14.25312500170699082 ) ) ;
#3253 = CARTESIAN_POINT ( 'NONE',  ( -1.488403593498901056, -3.057260074487424539, 23.77205656234939823 ) ) ;
#3254 = CIRCLE ( 'NONE', #3164, 21.00000000000000000 ) ;
#3255 = DIRECTION ( 'NONE',  ( -1.000000000000000000, 0.000000000000000000, 0.000000000000000000 ) ) ;
#3256 = CARTESIAN_POINT ( 'NONE',  ( 2.882579019330974379, -2.882579019330973491, 17.22187500170706187 ) ) ;
#3257 = CARTESIAN_POINT ( 'NONE',  ( 2.649861479830624589, -2.131533155942196611, 20.28953916340964980 ) ) ;
#3258 = ADVANCED_FACE ( 'NONE', ( #2910 ), #775, .F. ) ;
#3259 = CARTESIAN_POINT ( 'NONE',  ( -2.058994090907675822, 2.705651508763460278, 20.86768443872211520 ) ) ;
#3260 = ORIENTED_EDGE ( 'NONE', *, *, #72, .T. ) ;
#3261 = CARTESIAN_POINT ( 'NONE',  ( -1.306561503797531554, 3.139815008565227661, 22.06597781955731463 ) ) ;
#3262 = CARTESIAN_POINT ( 'NONE',  ( -1.408326112068523317, 3.400000000000000355, 24.87812500341398092 ) ) ;
#3263 = CARTESIAN_POINT ( 'NONE',  ( 3.319429813204927360, 0.7683855974178829262, 24.21959975255514053 ) ) ;
#3264 = CARTESIAN_POINT ( 'NONE',  ( -2.882579019330973047, -2.882579019330974379, 23.31562500170699082 ) ) ;
#3265 = DIRECTION ( 'NONE',  ( 1.000000000000000000, 0.000000000000000000, 0.000000000000000000 ) ) ;
#3266 = CARTESIAN_POINT ( 'NONE',  ( -2.652181907588859300, -2.128770311305292928, 16.18527946164468290 ) ) ;
#3267 = CARTESIAN_POINT ( 'NONE',  ( -1.408326112068523317, 3.400000000000000355, 25.81562500000000426 ) ) ;
#3268 = CARTESIAN_POINT ( 'NONE',  ( 1.062258678460095140, -3.230125604208609946, 21.42534307717759745 ) ) ;
#3269 = CARTESIAN_POINT ( 'NONE',  ( -2.088907514081409289, -2.682632301972649014, 17.48015751755209379 ) ) ;
#3270 = EDGE_CURVE ( 'NONE', #4510, #3458, #1127, .T. ) ;
#3271 = CARTESIAN_POINT ( 'NONE',  ( 1.156167221664116784, -3.197401422871690713, 18.93129219574585065 ) ) ;
#3272 = CYLINDRICAL_SURFACE ( 'NONE', #2585, 4.924999999999999822 ) ;
#3273 = AXIS2_PLACEMENT_3D ( 'NONE', #3461, #588, #1303 ) ;
#3274 = CARTESIAN_POINT ( 'NONE',  ( -3.399999999999999023, -1.408326112068525537, 13.94062500341398092 ) ) ;
#3275 = CARTESIAN_POINT ( 'NONE',  ( 4.076582343749999282, 4.992373518734052056E-16, 17.37812500170699082 ) ) ;
#3276 = CARTESIAN_POINT ( 'NONE',  ( -3.383507155476909833, 0.3345535777062665916, 19.78100921623340724 ) ) ;
#3277 = CARTESIAN_POINT ( 'NONE',  ( -3.306863639431050217, -0.7937212749987913041, 23.59618606190032608 ) ) ;
#3278 = CARTESIAN_POINT ( 'NONE',  ( 3.396432283898216387, -0.1690343652397272300, 22.91553487864234029 ) ) ;
#3279 = CARTESIAN_POINT ( 'NONE',  ( 1.688575694911950809, -4.076582343749998394, 14.64375000170706187 ) ) ;
#3280 = CARTESIAN_POINT ( 'NONE',  ( -3.544633908504632114, -1.062953267756152620, 14.68961970297506525 ) ) ;
#3281 = CARTESIAN_POINT ( 'NONE',  ( -0.2092803528322460804, 3.393901975228889256, 20.74925022737960489 ) ) ;
#3282 = ORIENTED_EDGE ( 'NONE', *, *, #3270, .F. ) ;
#3283 = CARTESIAN_POINT ( 'NONE',  ( 4.076582343750000170, -1.688575694911947922, 26.20625000170699437 ) ) ;
#3284 = CARTESIAN_POINT ( 'NONE',  ( -2.554542060972584405, 2.243728475563536495, 22.15610529419758734 ) ) ;
#3285 = CARTESIAN_POINT ( 'NONE',  ( 1.688900183786595788, 3.206414491612048057, 25.51592506059996168 ) ) ;
#3286 = CARTESIAN_POINT ( 'NONE',  ( 2.287398463348013777, 2.515808652661811085, 24.34031433292471291 ) ) ;
#3287 = CARTESIAN_POINT ( 'NONE',  ( -4.076582343749999282, 0.000000000000000000, 18.15937500170699082 ) ) ;
#3288 = CARTESIAN_POINT ( 'NONE',  ( 0.000000000000000000, 0.000000000000000000, 7.799999999999998046 ) ) ;
#3289 = CARTESIAN_POINT ( 'NONE',  ( -2.588349042537748890, -2.204647661218050114, 16.19096152913574116 ) ) ;
#3290 = EDGE_CURVE ( 'NONE', #795, #3871, #534, .T. ) ;
#3291 = CARTESIAN_POINT ( 'NONE',  ( -1.408326112068523317, 3.400000000000000355, 23.31562500000000071 ) ) ;
#3292 = CARTESIAN_POINT ( 'NONE',  ( -2.653802659991921331, -2.126608958801009308, 21.18512104168602761 ) ) ;
#3293 = CARTESIAN_POINT ( 'NONE',  ( -2.098783658022795429, -2.674903210408484444, 17.47941177024213033 ) ) ;
#3294 = CARTESIAN_POINT ( 'NONE',  ( 3.095497422382159858, -1.406688058985281264, 19.08997040004529921 ) ) ;
#3295 = CARTESIAN_POINT ( 'NONE',  ( 2.543520131123211847, -2.265376804238978803, 16.52989714893202233 ) ) ;
#3296 = CARTESIAN_POINT ( 'NONE',  ( 2.882579019330956616, -2.882579019330955727, 24.87812500170700503 ) ) ;
#3297 = CARTESIAN_POINT ( 'NONE',  ( 2.882579019330973491, 2.882579019330973935, 16.28437500170699082 ) ) ;
#3298 = CARTESIAN_POINT ( 'NONE',  ( 2.918058224813173673, 1.749289327146453799, 19.28300815928903589 ) ) ;
#3299 = CARTESIAN_POINT ( 'NONE',  ( -2.702801182297569493, 2.074507985402434862, 18.41892574034726593 ) ) ;
#3300 = CARTESIAN_POINT ( 'NONE',  ( 3.377410134802204311, -0.4055288217641994097, 22.90196936696428409 ) ) ;
#3301 = CARTESIAN_POINT ( 'NONE',  ( 4.076582343750000170, -1.688575694911947922, 18.55000000170706187 ) ) ;
#3302 = CARTESIAN_POINT ( 'NONE',  ( -3.518421581380250185, 2.058939819677092498, 14.30341765624937267 ) ) ;
#3303 = CARTESIAN_POINT ( 'NONE',  ( 1.728785110255713686, 2.928621038010251532, 20.63094281064192614 ) ) ;
#3304 = CARTESIAN_POINT ( 'NONE',  ( -4.076582343749998394, -1.688575694911951253, 21.83125000170699437 ) ) ;
#3305 = ORIENTED_EDGE ( 'NONE', *, *, #1840, .F. ) ;
#3306 = CARTESIAN_POINT ( 'NONE',  ( -3.399999999999999911, 0.000000000000000000, 14.79999999999999716 ) ) ;
#3307 = CARTESIAN_POINT ( 'NONE',  ( -1.795606971255059303, 2.890956325080041189, 22.09882722640699626 ) ) ;
#3308 = CARTESIAN_POINT ( 'NONE',  ( -3.466977461441826502, 1.622183276239696381, 25.72014344823789500 ) ) ;
#3309 = CARTESIAN_POINT ( 'NONE',  ( -3.378491210013876866, 0.3818939714342233782, 21.02832245787753962 ) ) ;
#3310 = CARTESIAN_POINT ( 'NONE',  ( -4.076582343749999282, 0.000000000000000000, 20.65937500170699082 ) ) ;
#3311 = CARTESIAN_POINT ( 'NONE',  ( -3.356986735103764552, 0.5482015901117444079, 23.51841872538782852 ) ) ;
#3312 = CARTESIAN_POINT ( 'NONE',  ( -1.557762081346109051, -3.022387332657000769, 16.26740879925070260 ) ) ;
#3313 = AXIS2_PLACEMENT_3D ( 'NONE', #2699, #3317, #1492 ) ;
#3314 = CARTESIAN_POINT ( 'NONE',  ( -3.400000000000000355, 1.408326112068523095, 22.22187499999999716 ) ) ;
#3315 = CARTESIAN_POINT ( 'NONE',  ( 0.1012227821306089792, -4.075325453721699631, 25.97658234374999964 ) ) ;
#3316 = CARTESIAN_POINT ( 'NONE',  ( -2.442422493802968830, -2.365917756525472981, 17.45306245662817801 ) ) ;
#3317 = DIRECTION ( 'NONE',  ( 0.000000000000000000, 0.000000000000000000, -1.000000000000000000 ) ) ;
#3318 = CARTESIAN_POINT ( 'NONE',  ( 3.391619670524836483, -0.3241532815212059271, 16.65671358216926379 ) ) ;
#3319 = CARTESIAN_POINT ( 'NONE',  ( -1.688575694911938152, 4.076582343749974413, 22.92500000170700858 ) ) ;
#3320 = CARTESIAN_POINT ( 'NONE',  ( 2.404163056034261281, 2.404163056034261725, 22.14375000341398092 ) ) ;
#3321 = CARTESIAN_POINT ( 'NONE',  ( 3.399999999997205258, 4.359026358250982858E-06, 19.17500024181142138 ) ) ;
#3322 = CIRCLE ( 'NONE', #883, 21.00000000000000000 ) ;
#3323 = CARTESIAN_POINT ( 'NONE',  ( -1.599455130214548770, 3.000604139374855706, 18.33540755470513517 ) ) ;
#3324 = CARTESIAN_POINT ( 'NONE',  ( -1.415866426547041312, -3.094798212847096774, 22.52717156417889655 ) ) ;
#3325 = CARTESIAN_POINT ( 'NONE',  ( -1.688575694911948810, 4.076582343749999282, 16.51875000170706187 ) ) ;
#3326 = CARTESIAN_POINT ( 'NONE',  ( 0.4825152962958754732, -3.365587516476561181, 20.14005767100706379 ) ) ;
#3327 = CARTESIAN_POINT ( 'NONE',  ( 4.076582343750000170, -1.688575694911947922, 24.80000000170699082 ) ) ;
#3328 = CARTESIAN_POINT ( 'NONE',  ( 7.488560278101077592E-16, -4.076582343749999282, 23.31562500170699082 ) ) ;
#3329 = CARTESIAN_POINT ( 'NONE',  ( 2.373851704843201293, 2.719380665023696242, 14.77496781610659049 ) ) ;
#3330 = ORIENTED_EDGE ( 'NONE', *, *, #872, .F. ) ;
#3331 = CARTESIAN_POINT ( 'NONE',  ( 4.076582343750000170, -1.688575694911947922, 18.70625000170699082 ) ) ;
#3332 = PLANE ( 'NONE',  #3508 ) ;
#3333 = CARTESIAN_POINT ( 'NONE',  ( -0.7820179070750100658, -3.309016921363366226, 25.06703402008060166 ) ) ;
#3334 = VERTEX_POINT ( 'NONE', #2598 ) ;
#3335 = CARTESIAN_POINT ( 'NONE',  ( 4.076582343749999282, 4.992373518734052056E-16, 20.03437500170699082 ) ) ;
#3336 = AXIS2_PLACEMENT_3D ( 'NONE', #1925, #4176, #2664 ) ;
#3337 = CARTESIAN_POINT ( 'NONE',  ( 2.172008416084971305, 2.616428186834271585, 23.09892694726195472 ) ) ;
#3338 = FACE_OUTER_BOUND ( 'NONE', #283, .T. ) ;
#3339 = CARTESIAN_POINT ( 'NONE',  ( 2.404163056034261725, -2.404163056034261281, 22.76874999999999716 ) ) ;
#3340 = CARTESIAN_POINT ( 'NONE',  ( -3.400000000000000355, 1.408326112068523095, 21.28437500341398092 ) ) ;
#3341 = CARTESIAN_POINT ( 'NONE',  ( -3.398019138158984820, -0.1367643858732728035, 17.30759075401586600 ) ) ;
#3342 = CARTESIAN_POINT ( 'NONE',  ( -1.963081209481303269, -2.776533694177520939, 18.73928076835995782 ) ) ;
#3343 = CARTESIAN_POINT ( 'NONE',  ( 3.056737486835046536, -1.490867157659702125, 16.58442321058597813 ) ) ;
#3344 = CARTESIAN_POINT ( 'NONE',  ( -2.496186759367009758E-16, 4.076582343749974413, 24.09687500170700503 ) ) ;
#3345 = CARTESIAN_POINT ( 'NONE',  ( -3.399999999999999911, 0.000000000000000000, 22.61250000341398092 ) ) ;
#3346 = CARTESIAN_POINT ( 'NONE',  ( -3.373469446923268666, 0.4242607807166925982, 24.77590684956166101 ) ) ;
#3347 = CARTESIAN_POINT ( 'NONE',  ( -2.064109545338012275, 2.701754467202919230, 18.36806639418552578 ) ) ;
#3348 = CARTESIAN_POINT ( 'NONE',  ( -3.386587258353285446, -0.3017148356720356639, 22.31704536807675510 ) ) ;
#3349 = CARTESIAN_POINT ( 'NONE',  ( 2.882579019330973491, 2.882579019330973935, 16.28437500170706187 ) ) ;
#3350 = CARTESIAN_POINT ( 'NONE',  ( -1.269241380151989507, -3.160654650828821577, 20.03671407899465606 ) ) ;
#3351 = CARTESIAN_POINT ( 'NONE',  ( 2.580239083138993639, 2.216649405596203604, 15.56671542757072935 ) ) ;
#3352 = ADVANCED_FACE ( 'NONE', ( #2573 ), #3272, .F. ) ;
#3353 = CARTESIAN_POINT ( 'NONE',  ( 2.882579019330973491, 2.882579019330973935, 25.03437500170699082 ) ) ;
#3354 = CARTESIAN_POINT ( 'NONE',  ( -2.882579019330973935, 2.882579019330973935, 21.59687500170699082 ) ) ;
#3355 = CARTESIAN_POINT ( 'NONE',  ( -2.190989786001925399, 2.640653192088360690, 14.95369223321662844 ) ) ;
#3356 = CARTESIAN_POINT ( 'NONE',  ( 7.488560278101077592E-16, -4.076582343749999282, 18.47187500170699082 ) ) ;
#3357 = DIRECTION ( 'NONE',  ( -0.000000000000000000, -0.000000000000000000, -1.000000000000000000 ) ) ;
#3358 = CARTESIAN_POINT ( 'NONE',  ( -2.121867206195060529, -2.656629462915514495, 24.97771133721072445 ) ) ;
#3359 = ORIENTED_EDGE ( 'NONE', *, *, #3537, .F. ) ;
#3360 = CARTESIAN_POINT ( 'NONE',  ( 4.076582343750000170, -1.688575694911947922, 16.20625000170699082 ) ) ;
#3361 = CARTESIAN_POINT ( 'NONE',  ( 1.954487894958866434, 2.783465036887998956, 23.11474776536323006 ) ) ;
#3362 = DIRECTION ( 'NONE',  ( 0.000000000000000000, 0.000000000000000000, 1.000000000000000000 ) ) ;
#3363 = ORIENTED_EDGE ( 'NONE', *, *, #2056, .T. ) ;
#3364 = CARTESIAN_POINT ( 'NONE',  ( -2.404163056034260837, -2.404163056034261725, 21.20624999999999716 ) ) ;
#3365 = CARTESIAN_POINT ( 'NONE',  ( -2.357560070933295560, -3.234276198093395838, 25.89360975921958286 ) ) ;
#3366 = CARTESIAN_POINT ( 'NONE',  ( -2.085733740466647390, 2.685099921238314202, 17.11960630691923413 ) ) ;
#3367 = DIRECTION ( 'NONE',  ( 1.000000000000000000, 0.000000000000000000, 0.000000000000000000 ) ) ;
#3368 = CARTESIAN_POINT ( 'NONE',  ( -3.250515058517137401, -0.9970799586269053494, 18.60874652703554588 ) ) ;
#3369 = CARTESIAN_POINT ( 'NONE',  ( 1.158596867164715105, -3.196511740091438902, 16.43144745262857498 ) ) ;
#3370 = CARTESIAN_POINT ( 'NONE',  ( 2.882579019330956616, -2.882579019330955727, 23.62812500170700503 ) ) ;
#3371 = CARTESIAN_POINT ( 'NONE',  ( 2.882579019330973491, 2.882579019330973935, 13.78437500170699082 ) ) ;
#3372 = CARTESIAN_POINT ( 'NONE',  ( -3.118996641738368325, 1.368608162252597626, 18.46754985864467713 ) ) ;
#3373 = CARTESIAN_POINT ( 'NONE',  ( -2.139558793060588382, -2.642437371537356139, 22.47640305765706970 ) ) ;
#3374 = DIRECTION ( 'NONE',  ( -0.000000000000000000, -0.000000000000000000, -1.000000000000000000 ) ) ;
#3375 = CARTESIAN_POINT ( 'NONE',  ( 0.4448367871304043097, -3.370823106956966075, 20.13784712361817952 ) ) ;
#3376 = CARTESIAN_POINT ( 'NONE',  ( -1.646692023695381701, -3.053289867351691278, 25.36194018355083912 ) ) ;
#3377 = CARTESIAN_POINT ( 'NONE',  ( -2.496186759367026028E-16, 4.076582343749999282, 25.19062500170699082 ) ) ;
#3378 = CARTESIAN_POINT ( 'NONE',  ( 2.882579019330973491, 2.882579019330973935, 22.53437500170699082 ) ) ;
#3379 = ORIENTED_EDGE ( 'NONE', *, *, #55, .T. ) ;
#3380 = CARTESIAN_POINT ( 'NONE',  ( -4.076582343749998394, -1.688575694911951253, 18.23750000170699082 ) ) ;
#3381 = CARTESIAN_POINT ( 'NONE',  ( 2.388788660290693588, 2.419468555581401947, 16.83244154048005825 ) ) ;
#3382 = CARTESIAN_POINT ( 'NONE',  ( -3.093255128417167654, -1.423750946310498033, 19.88604825524301489 ) ) ;
#3383 = CARTESIAN_POINT ( 'NONE',  ( 3.399999999999633538, 1.578160971416638109E-06, 23.23750009095981639 ) ) ;
#3384 = VERTEX_POINT ( 'NONE', #3250 ) ;
#3385 = CARTESIAN_POINT ( 'NONE',  ( -4.076582343749999282, 1.688575694911948588, 20.58125000170699082 ) ) ;
#3386 = CARTESIAN_POINT ( 'NONE',  ( 2.037216178210381035, 2.724521666064922965, 23.10881903426791339 ) ) ;
#3387 = CARTESIAN_POINT ( 'NONE',  ( -3.370572142737203958, -0.4470897922160899096, 16.07548089182872886 ) ) ;
#3388 = CIRCLE ( 'NONE', #1713, 4.399999999999994138 ) ;
#3389 = ORIENTED_EDGE ( 'NONE', *, *, #2940, .F. ) ;
#3390 = CARTESIAN_POINT ( 'NONE',  ( -3.399999999999999023, -1.408326112068525537, 23.62812499999999716 ) ) ;
#3391 = CARTESIAN_POINT ( 'NONE',  ( -1.688901977928082720, -3.656401299398158056, 25.91889869196376139 ) ) ;
#3392 = CARTESIAN_POINT ( 'NONE',  ( -3.384690708782974511, -0.3222926996347588724, 17.31823047578745545 ) ) ;
#3393 = CARTESIAN_POINT ( 'NONE',  ( -7.500000000000000000, 0.000000000000000000, 20.00000000000000000 ) ) ;
#3394 = ADVANCED_FACE ( 'NONE', ( #1134 ), #3201, .T. ) ;
#3395 = CARTESIAN_POINT ( 'NONE',  ( -1.563204005959067278, -3.019518883522857688, 18.76704096500620267 ) ) ;
#3396 = CARTESIAN_POINT ( 'NONE',  ( 2.882579019330955727, 2.882579019330956172, 25.19062500170700858 ) ) ;
#3397 = CARTESIAN_POINT ( 'NONE',  ( -1.408326112068523983, -3.399999999999999467, 25.34687500341398092 ) ) ;
#3398 = CARTESIAN_POINT ( 'NONE',  ( -1.635640728445628467, 2.980972296327233373, 18.33786881959974835 ) ) ;
#3399 = CARTESIAN_POINT ( 'NONE',  ( -0.2508190351555838471, -3.390778655471739178, 22.59846676509232211 ) ) ;
#3400 = CARTESIAN_POINT ( 'NONE',  ( 0.000000000000000000, 0.000000000000000000, 25.95470053837923885 ) ) ;
#3401 = CARTESIAN_POINT ( 'NONE',  ( -2.110149795895320590, -2.665948149133004819, 19.97857527018489776 ) ) ;
#3402 = CARTESIAN_POINT ( 'NONE',  ( 0.5137243782880704934, 3.360965908883794651, 15.70810475089117197 ) ) ;
#3403 = CARTESIAN_POINT ( 'NONE',  ( 3.227197326068090177, 1.093465266400020619, 20.49001496516076415 ) ) ;
#3404 = CARTESIAN_POINT ( 'NONE',  ( 4.076582343749999282, 4.992373518734052056E-16, 22.37812500170699082 ) ) ;
#3405 = CARTESIAN_POINT ( 'NONE',  ( 3.452688505388489926, 1.253073017442628334, 14.71151373314626021 ) ) ;
#3406 = ORIENTED_EDGE ( 'NONE', *, *, #4379, .F. ) ;
#3407 = CARTESIAN_POINT ( 'NONE',  ( -2.496186759367026028E-16, 4.076582343749999282, 21.59687500170699082 ) ) ;
#3408 = CARTESIAN_POINT ( 'NONE',  ( 1.829355122797843958, 2.873665668046627708, 16.87408870676820172 ) ) ;
#3409 = CARTESIAN_POINT ( 'NONE',  ( -3.381905642087744468, -0.3520394263347691455, 19.81994915408793290 ) ) ;
#3410 = CARTESIAN_POINT ( 'NONE',  ( 3.399999968894403146, 0.1481181362437341831, 21.68321668646830602 ) ) ;
#3411 = ORIENTED_EDGE ( 'NONE', *, *, #1503, .T. ) ;
#3412 = CARTESIAN_POINT ( 'NONE',  ( 7.488560278101077592E-16, -4.076582343749999282, 25.81562500170699082 ) ) ;
#3413 = CARTESIAN_POINT ( 'NONE',  ( 0.1960021351764665853, 3.397318985534461433, 23.22637206795883102 ) ) ;
#3414 = FACE_OUTER_BOUND ( 'NONE', #36, .T. ) ;
#3415 = ORIENTED_EDGE ( 'NONE', *, *, #3845, .F. ) ;
#3416 = CARTESIAN_POINT ( 'NONE',  ( -2.081899558550500280E-16, 3.399999999999999911, 19.48749999999999716 ) ) ;
#3417 = LINE ( 'NONE', #1671, #818 ) ;
#3418 = CARTESIAN_POINT ( 'NONE',  ( -1.592278282261153199, 3.004396235412992944, 17.08492122868758756 ) ) ;
#3419 = CARTESIAN_POINT ( 'NONE',  ( 0.000000000000000000, 0.000000000000000000, 25.30000000000000071 ) ) ;
#3420 = CARTESIAN_POINT ( 'NONE',  ( -3.180471384962941350, -1.202755734218291295, 18.62172854613919881 ) ) ;
#3421 = CARTESIAN_POINT ( 'NONE',  ( 2.404163056034261281, 2.404163056034261725, 24.64375000341398092 ) ) ;
#3422 = CARTESIAN_POINT ( 'NONE',  ( 2.786107333956503229, 1.948753591038687283, 18.04720998048907887 ) ) ;
#3423 = CARTESIAN_POINT ( 'NONE',  ( -3.154886380592138995, -1.276350695057560936, 22.37654270693933256 ) ) ;
#3424 = CARTESIAN_POINT ( 'NONE',  ( 0.000000000000000000, 0.000000000000000000, 26.30000000000000071 ) ) ;
#3425 = CARTESIAN_POINT ( 'NONE',  ( 1.238922252655600520, -3.169785412028330196, 20.18664515654190339 ) ) ;
#3426 = CARTESIAN_POINT ( 'NONE',  ( 1.405587402393794649, 3.097891685578690879, 15.65294084643615058 ) ) ;
#3427 = CARTESIAN_POINT ( 'NONE',  ( -1.408326112068523317, 3.400000000000000355, 17.37812500341397737 ) ) ;
#3428 = CARTESIAN_POINT ( 'NONE',  ( 2.882579019330973491, 2.882579019330973935, 26.28437500170699082 ) ) ;
#3429 = CARTESIAN_POINT ( 'NONE',  ( -4.076582343749999282, 0.000000000000000000, 18.00312500170699082 ) ) ;
#3430 = CARTESIAN_POINT ( 'NONE',  ( -2.572494342418141233, 2.241201300121539841, 14.97319543490363891 ) ) ;
#3431 = CARTESIAN_POINT ( 'NONE',  ( -1.688575694911948810, 4.076582343749999282, 19.17500000170699437 ) ) ;
#3432 = CARTESIAN_POINT ( 'NONE',  ( 2.336534833085218477, 2.469998427919371409, 16.83651499722389033 ) ) ;
#3433 = FACE_BOUND ( 'NONE', #3724, .T. ) ;
#3434 = ORIENTED_EDGE ( 'NONE', *, *, #2901, .F. ) ;
#3435 = CARTESIAN_POINT ( 'NONE',  ( -4.076582343749999282, 1.688575694911948588, 25.42500000170699792 ) ) ;
#3436 = CARTESIAN_POINT ( 'NONE',  ( -1.408326112068523983, -3.399999999999999467, 21.59687500341398092 ) ) ;
#3437 = B_SPLINE_CURVE_WITH_KNOTS ( 'NONE', 3,
 ( #2962, #4417, #1137, #2601, #2245, #4443, #3706, #428, #1165, #3346, #2627, #4227, #243, #3486, #2809, #265, #2832, #3556, #634, #613, #286, #2475, #2099, #4584, #2076, #1738, #948, #2455, #3914, #3193, #4648, #4292, #2432, #1011, #3530, #2057, #218, #925, #1668, #1373, #1716, #3509, #4271, #3934, #3107, #654, #991, #967, #1328, #1351, #307, #1691, #2123, #3580, #4561, #4627, #2764, #4604, #3133, #1306, #1282, #3174, #3894, #2742, #4205, #4248, #2407, #2385, #3849, #569, #2033, #3870, #590, #3151, #2787, #2902, #3286, #1485, #4359, #4381, #680, #3670, #3693, #2564, #1852, #4697, #4717, #2235, #3263, #2189, #1441, #1761, #3647, #1056, #392, #3241 ),
 .UNSPECIFIED., .F., .F.,
 ( 4, 2, 2, 2, 1, 2, 2, 2, 2, 2, 2, 2, 1, 2, 2, 1, 1, 1, 1, 2, 2, 2, 2, 2, 2, 2, 2, 2, 2, 2, 2, 1, 2, 2, 2, 1, 1, 1, 2, 2, 2, 2, 2, 2, 2, 2, 2, 2, 2, 2, 2, 2, 4 ),
 ( 0.04856087244570785055, 0.05045349086158019969, 0.05069006816356424333, 0.05080835681455626862, 0.05092664546554829391, 0.05139980006951640201, 0.05234610927745263209, 0.05423872769332508531, 0.05518503690126130845, 0.05613134610919753853, 0.05991658294094245191, 0.06180920135681490513, 0.06228235596078302017, 0.06240064461177505239, 0.06251893326276708462, 0.06275551056475113521, 0.06370181977268736528, 0.06464812898062358149, 0.06488470628260764594, 0.06500299493359967817, 0.06512128358459171040, 0.06559443818855981156, 0.06748705660443225784, 0.06937967502030470412, 0.07032598422824092033, 0.07127229343617713653, 0.07505753026792201521, 0.07695014868379446149, 0.07789645789173067769, 0.07801474654272270992, 0.07813303519371472827, 0.07836961249569877885, 0.07884276709966689389, 0.08262800393141175870, 0.08452062234728421886, 0.08546693155522042118, 0.08570350885720448564, 0.08582179750819651787, 0.08588094183369252010, 0.08594008615918853622, 0.08641324076315665126, 0.09019847759490162709, 0.09209109601077411500, 0.09303740521871035896, 0.09398371442664660291, 0.09776895125839155098, 0.09966156967426402502, 0.1006078788822002690, 0.1015541880901364991, 0.1053394249218814749, 0.1072320433377539628, 0.1081783525456901929, 0.1091246617536264368 ),
 .UNSPECIFIED. ) ;
#3438 = CARTESIAN_POINT ( 'NONE',  ( 2.255190136598778317, 2.544784349663073098, 19.34277684550639265 ) ) ;
#3439 = ORIENTED_EDGE ( 'NONE', *, *, #55, .F. ) ;
#3440 = CARTESIAN_POINT ( 'NONE',  ( 2.404163056034261281, 2.404163056034261725, 16.83125000000000071 ) ) ;
#3441 = DIRECTION ( 'NONE',  ( -0.000000000000000000, -0.000000000000000000, -1.000000000000000000 ) ) ;
#3442 = CARTESIAN_POINT ( 'NONE',  ( -3.385466234588116130, -0.3141100693249731513, 17.31775874971900819 ) ) ;
#3443 = CARTESIAN_POINT ( 'NONE',  ( -3.399999999997888267, -2.624094018084030014E-06, 15.11254858469464679 ) ) ;
#3444 = CARTESIAN_POINT ( 'NONE',  ( -1.688575694911948810, 4.076582343749999282, 25.26875000170706187 ) ) ;
#3445 = ADVANCED_FACE ( 'NONE', ( #401 ), #3702, .F. ) ;
#3446 = CARTESIAN_POINT ( 'NONE',  ( 1.655603628371268288, 2.970206936253212859, 18.13602461955221301 ) ) ;
#3447 = CARTESIAN_POINT ( 'NONE',  ( 2.813874625839553278, -1.908844799772845269, 21.55566289827087445 ) ) ;
#3448 = CARTESIAN_POINT ( 'NONE',  ( -1.909896463927597487, -3.492552254914218945, 14.40616777841345986 ) ) ;
#3449 = CARTESIAN_POINT ( 'NONE',  ( 2.785554424528910111, 1.949567355032196359, 15.54726833185387846 ) ) ;
#3450 = CARTESIAN_POINT ( 'NONE',  ( -2.654803923614571737, -2.124324806516877828, 24.93504577093852959 ) ) ;
#3451 = AXIS2_PLACEMENT_3D ( 'NONE', #863, #3789, #2108 ) ;
#3452 = CARTESIAN_POINT ( 'NONE',  ( -2.882579019330973047, -2.882579019330974379, 19.40937500170699082 ) ) ;
#3453 = CARTESIAN_POINT ( 'NONE',  ( -2.882579019330973935, 2.882579019330973935, 16.59687500170699437 ) ) ;
#3454 = CARTESIAN_POINT ( 'NONE',  ( 1.124984414437225411, -3.208553402464413562, 23.92930621423173321 ) ) ;
#3455 = CARTESIAN_POINT ( 'NONE',  ( -1.688575694911949698, -4.076582343749998394, 17.14375000170699082 ) ) ;
#3456 = CARTESIAN_POINT ( 'NONE',  ( 2.158933581212348685, 2.627936806275465109, 16.85007180467390242 ) ) ;
#3457 = CARTESIAN_POINT ( 'NONE',  ( -3.158427242336531382, -1.267566399637019892, 19.87598556372131142 ) ) ;
#3458 = VERTEX_POINT ( 'NONE', #1064 ) ;
#3459 = B_SPLINE_CURVE_WITH_KNOTS ( 'NONE', 3,
 ( #1478, #2557, #4017, #2163, #3997, #2580, #2183, #3642, #4374, #8, #1115, #4712, #3257, #3663, #4397, #364, #1456, #1050, #1094, #3574, #301, #1755, #696, #1844, #737, #2205, #3620, #3236, #4665, #3596, #1388, #2848, #1027, #3955, #323, #1778, #3790, #79, #1242, #1918, #3425, #1944, #2966, #4473, #105, #3326, #4422, #1141, #3066, #3710, #3375, #2993, #130, #813, #408, #152, #432, #1169, #2606, #3763, #1194, #2657, #1603, #482, #4141, #1501, #4520, #1578, #782, #1551, #2681, #1892, #3350, #4497, #4039, #2248, #4447, #3042, #4066, #3737, #4093, #4116, #3686, #3401, #1869, #839, #459, #2299, #1637, #1585, #512, #1559, #137, #3717, #2736, #85, #4553, #4454, #1176, #1275, #540, #3382, #3457, #2280, #3025, #2329, #3409, #4150, #4504, #2353, #790, #4481, #2638, #3796, #4099 ),
 .UNSPECIFIED., .F., .F.,
 ( 4, 2, 2, 2, 2, 2, 2, 2, 2, 1, 1, 2, 2, 2, 1, 1, 2, 2, 2, 2, 2, 2, 2, 2, 2, 2, 2, 1, 1, 1, 2, 2, 2, 1, 2, 2, 2, 2, 2, 1, 2, 2, 2, 2, 2, 2, 2, 1, 1, 2, 1, 2, 2, 2, 2, 2, 2, 2, 2, 2, 2, 1, 1, 1, 4 ),
 ( 0.4724946962257487448, 0.4762797046778802779, 0.4781722089039460721, 0.4791184610169789693, 0.4800647131300118664, 0.4838497215821433994, 0.4857422258082091382, 0.4862153518647255868, 0.4864519148929838388, 0.4866884779212420353, 0.4876347300342749325, 0.4895272342603407267, 0.4896455157744698528, 0.4897046565315344435, 0.4897637972885989788, 0.4900003603168572308, 0.4904734863733736794, 0.4914197384864066320, 0.4923659905994395292, 0.4928391166559560332, 0.4930756796842142853, 0.4933122427124724818, 0.4952047469385383871, 0.4989897553906701422, 0.4999360075037030948, 0.4999951482607676856, 0.5000542890178322208, 0.5001725705319614024, 0.5004091335602196544, 0.5008822596167361585, 0.5027747638428022858, 0.5037210159558352940, 0.5039575789840935460, 0.5041941420123517981, 0.5046672680688683021, 0.5065597722949344295, 0.5075060244079674376, 0.5077425874362256897, 0.5078608689503548712, 0.5079791504644839417, 0.5084522765210004458, 0.5103447807470665731, 0.5141297891991987168, 0.5150760413122318360, 0.5155491673687483400, 0.5156083081258129308, 0.5156674488828775216, 0.5157857303970067031, 0.5160222934252649551, 0.5179147976513315266, 0.5188610497643648678, 0.5193341758208814829, 0.5195707388491398460, 0.5198073018773982090, 0.5216998061034647804, 0.5226460582164981217, 0.5235923103295314629, 0.5254848145555981453, 0.5292698230077315102, 0.5311623272337980817, 0.5312806087479272632, 0.5313988902620564447, 0.5316354532903148078, 0.5321085793468314229, 0.5330548314598647641 ),
 .UNSPECIFIED. ) ;
#3460 = CARTESIAN_POINT ( 'NONE',  ( 1.688575694911950809, -4.076582343749998394, 16.05000000170699082 ) ) ;
#3461 = CARTESIAN_POINT ( 'NONE',  ( 0.000000000000000000, 0.000000000000000000, 22.49059892324148890 ) ) ;
#3462 = CARTESIAN_POINT ( 'NONE',  ( 1.796722828779120817, -2.887864855272556319, 15.22393336123135832 ) ) ;
#3463 = CARTESIAN_POINT ( 'NONE',  ( -0.1858590520454887762, 3.395056756091479944, 19.49792633646397277 ) ) ;
#3464 = ORIENTED_EDGE ( 'NONE', *, *, #351, .T. ) ;
#3465 = CARTESIAN_POINT ( 'NONE',  ( 3.399999999999999911, 4.163799117101000559E-16, 16.67499999999999716 ) ) ;
#3466 = CARTESIAN_POINT ( 'NONE',  ( 2.882579019330973491, 2.882579019330973935, 26.44062500170699082 ) ) ;
#3467 = CARTESIAN_POINT ( 'NONE',  ( -0.7067980154811649429, 3.331502619940859500, 17.02847547491748159 ) ) ;
#3468 = FACE_OUTER_BOUND ( 'NONE', #4645, .T. ) ;
#3469 = CARTESIAN_POINT ( 'NONE',  ( -2.404163056034260837, -2.404163056034261725, 21.51875000341398092 ) ) ;
#3470 = CARTESIAN_POINT ( 'NONE',  ( 2.848879903605309849, 1.857840229144349875, 18.04066891700926334 ) ) ;
#3471 = CARTESIAN_POINT ( 'NONE',  ( 3.247260328648848837, -1.007629782154760179, 21.61559336980048940 ) ) ;
#3472 = CARTESIAN_POINT ( 'NONE',  ( -0.5686451625280185551, -3.893719637175296899, 14.45189321413150374 ) ) ;
#3473 = CARTESIAN_POINT ( 'NONE',  ( 3.473077728366174455, -0.1795019653331137999, 25.37307772836611619 ) ) ;
#3474 = CARTESIAN_POINT ( 'NONE',  ( 1.883847389500948211, -2.832126805004298919, 25.23005094302012807 ) ) ;
#3475 = CARTESIAN_POINT ( 'NONE',  ( -3.399999999999999911, 0.000000000000000000, 17.61250000341398092 ) ) ;
#3476 = CARTESIAN_POINT ( 'NONE',  ( -4.076582343749999282, 0.000000000000000000, 19.25312500170699082 ) ) ;
#3477 = CARTESIAN_POINT ( 'NONE',  ( 4.076582343750000170, -1.688575694911947922, 16.05000000170699082 ) ) ;
#3478 = CARTESIAN_POINT ( 'NONE',  ( 1.219725950700942585, -3.174704161377681189, 23.93533868323057590 ) ) ;
#3479 = CARTESIAN_POINT ( 'NONE',  ( 7.488560278101077592E-16, -4.076582343749999282, 17.22187500170699437 ) ) ;
#3480 = CARTESIAN_POINT ( 'NONE',  ( 3.258127780944128027, -0.9724066208057122740, 15.36779665235240344 ) ) ;
#3481 = CARTESIAN_POINT ( 'NONE',  ( -0.8397373521223361337, 3.294668835845358412, 15.78650363095124298 ) ) ;
#3482 = ORIENTED_EDGE ( 'NONE', *, *, #4614, .T. ) ;
#3483 = CARTESIAN_POINT ( 'NONE',  ( 4.862365179306964436, 0.2430246085218464580, 13.78055996604859779 ) ) ;
#3484 = CARTESIAN_POINT ( 'NONE',  ( 0.000000000000000000, 0.000000000000000000, 0.000000000000000000 ) ) ;
#3485 = CARTESIAN_POINT ( 'NONE',  ( 1.646308985989214602, -2.975509668900378824, 15.21357706263280818 ) ) ;
#3486 = CARTESIAN_POINT ( 'NONE',  ( -3.310618663753575941, 0.7909187129051270526, 24.75408316832450595 ) ) ;
#3487 = VERTEX_POINT ( 'NONE', #378 ) ;
#3488 = VECTOR ( 'NONE', #4262, 1000.000000000000000 ) ;
#3489 = CARTESIAN_POINT ( 'NONE',  ( -3.400000000000000355, 1.408326112068523095, 18.47187499999999716 ) ) ;
#3490 = EDGE_CURVE ( 'NONE', #4605, #3510, #2186, .T. ) ;
#3491 = DIRECTION ( 'NONE',  ( 0.000000000000000000, 0.000000000000000000, 1.000000000000000000 ) ) ;
#3492 = EDGE_CURVE ( 'NONE', #565, #2262, #3659, .T. ) ;
#3493 = CARTESIAN_POINT ( 'NONE',  ( -3.399999999999999911, 0.000000000000000000, 21.36250000341398092 ) ) ;
#3494 = CARTESIAN_POINT ( 'NONE',  ( 2.800592640275649803, 1.927872117585989420, 18.04571847636488968 ) ) ;
#3495 = DIRECTION ( 'NONE',  ( 0.000000000000000000, 0.000000000000000000, -1.000000000000000000 ) ) ;
#3496 = CARTESIAN_POINT ( 'NONE',  ( 0.4871036582853313091, -3.364927353910869279, 17.64032860330533481 ) ) ;
#3497 = CARTESIAN_POINT ( 'NONE',  ( 4.924999999999999822, 6.031385485800714132E-16, 13.98000000000000043 ) ) ;
#3498 = CARTESIAN_POINT ( 'NONE',  ( -2.163972916738414742, -2.622606191515755025, 24.97459208595135749 ) ) ;
#3499 = CARTESIAN_POINT ( 'NONE',  ( -2.882579019330973047, -2.882579019330974379, 20.65937500170699082 ) ) ;
#3500 = CARTESIAN_POINT ( 'NONE',  ( -2.882579019330973047, -2.882579019330974379, 19.40937500170699082 ) ) ;
#3501 = CARTESIAN_POINT ( 'NONE',  ( 1.110608113316313261, -3.213539952888754492, 23.92839416830612720 ) ) ;
#3502 = CARTESIAN_POINT ( 'NONE',  ( 1.688575694911948366, 4.076582343749999282, 17.76875000170699082 ) ) ;
#3503 = CARTESIAN_POINT ( 'NONE',  ( -4.076582343749999282, 1.688575694911948588, 20.42500000170706187 ) ) ;
#3504 = CARTESIAN_POINT ( 'NONE',  ( -3.010404924730902376, 1.580539505738756345, 15.95336129858791452 ) ) ;
#3505 = ORIENTED_EDGE ( 'NONE', *, *, #247, .F. ) ;
#3506 = B_SPLINE_CURVE_WITH_KNOTS ( 'NONE', 3,
 ( #3106, #4560, #1281, #2741, #721, #3308, #327, #2496, #1782, #2143, #2211, #1033, #3601, #1076, #3980, #4716, #3933, #1054, #3240, #2853, #1484, #742, #3285, #4022, #4695, #3579, #1440, #1461, #2188, #1417, #306, #3646, #679, #2876 ),
 .UNSPECIFIED., .F., .F.,
 ( 4, 2, 2, 2, 2, 2, 2, 2, 2, 2, 2, 2, 2, 2, 2, 2, 4 ),
 ( 0.006321054901520897426, 0.007039951915280113874, 0.007758848929039329455, 0.008477745942798545903, 0.009196642956557761484, 0.009915539970316977064, 0.01063443698407619438, 0.01135333399783540996, 0.01207223101159462728, 0.01279112802535384286, 0.01351002503911305844, 0.01422892205287227402, 0.01494781906663149133, 0.01566671608039070518, 0.01638561309414992423, 0.01710451010790913981, 0.01782340712166835539 ),
 .UNSPECIFIED. ) ;
#3507 = CARTESIAN_POINT ( 'NONE',  ( 3.292796098303492958, 0.8576774020294111178, 22.97504275189695377 ) ) ;
#3508 = AXIS2_PLACEMENT_3D ( 'NONE', #4455, #1177, #1203 ) ;
#3509 = CARTESIAN_POINT ( 'NONE',  ( -1.598290714199410933, 3.001794717591159678, 24.58531114034823517 ) ) ;
#3510 = VERTEX_POINT ( 'NONE', #419 ) ;
#3511 = CARTESIAN_POINT ( 'NONE',  ( -1.408326112068523983, -3.399999999999999467, 16.28437499999999716 ) ) ;
#3512 = CARTESIAN_POINT ( 'NONE',  ( -1.408326112068523317, 3.400000000000000355, 21.12812500341398092 ) ) ;
#3513 = CARTESIAN_POINT ( 'NONE',  ( 0.1012227821306089792, -4.075325453721699631, 25.97658234374999964 ) ) ;
#3514 = CARTESIAN_POINT ( 'NONE',  ( -2.882579019330956172, 2.882579019330956172, 19.25312500170700503 ) ) ;
#3515 = CARTESIAN_POINT ( 'NONE',  ( 2.404163056034261281, 2.404163056034261725, 23.39375000341398092 ) ) ;
#3516 = CARTESIAN_POINT ( 'NONE',  ( 2.777972216954883056, -1.960327051598139025, 21.55196057617593652 ) ) ;
#3517 = CARTESIAN_POINT ( 'NONE',  ( 3.324968301063212284, -0.7129380996561660577, 17.88372706492063102 ) ) ;
#3518 = CARTESIAN_POINT ( 'NONE',  ( -3.399999999994134381, 4.421135357573479575E-06, 17.29991820917405221 ) ) ;
#3519 = DIRECTION ( 'NONE',  ( -0.000000000000000000, -0.000000000000000000, 1.000000000000000000 ) ) ;
#3520 = CARTESIAN_POINT ( 'NONE',  ( 1.688575694911948366, 4.076582343749999282, 22.61250000170699082 ) ) ;
#3521 = CARTESIAN_POINT ( 'NONE',  ( 1.688575694911948366, 4.076582343749999282, 15.11250000170699082 ) ) ;
#3522 = CARTESIAN_POINT ( 'NONE',  ( 2.302816623396513496, -2.501409860820392517, 24.01089290250374120 ) ) ;
#3523 = CARTESIAN_POINT ( 'NONE',  ( 3.109457493588888788, 2.655700545073059970, 13.92578008424411706 ) ) ;
#3524 = CARTESIAN_POINT ( 'NONE',  ( 2.882579019330974379, -2.882579019330973491, 23.47187500170706187 ) ) ;
#3525 = CARTESIAN_POINT ( 'NONE',  ( -2.702847500321801544, 2.074449824601533265, 15.91893590950610715 ) ) ;
#3526 = CARTESIAN_POINT ( 'NONE',  ( -4.076582343749974413, 0.000000000000000000, 15.65937500170700858 ) ) ;
#3527 = VERTEX_POINT ( 'NONE', #1208 ) ;
#3528 = CARTESIAN_POINT ( 'NONE',  ( 3.242593995158053133, 1.022625076121904009, 22.98534508082866168 ) ) ;
#3529 = CARTESIAN_POINT ( 'NONE',  ( -1.242450934758167591, -3.165851075540799364, 15.03822338585104745 ) ) ;
#3530 = CARTESIAN_POINT ( 'NONE',  ( -2.228407181509962864, 2.567920353063704031, 24.63023465002506285 ) ) ;
#3531 = ORIENTED_EDGE ( 'NONE', *, *, #3843, .T. ) ;
#3532 = CARTESIAN_POINT ( 'NONE',  ( -1.688575694911949698, -4.076582343749998394, 24.64375000170699792 ) ) ;
#3533 = CARTESIAN_POINT ( 'NONE',  ( 4.076582343750000170, -1.688575694911947922, 23.70625000170699437 ) ) ;
#3534 = CARTESIAN_POINT ( 'NONE',  ( -1.408326112068523317, 3.400000000000000355, 17.37812500341397737 ) ) ;
#3535 = CARTESIAN_POINT ( 'NONE',  ( -1.408326112068523983, -3.399999999999999467, 21.59687500341398092 ) ) ;
#3536 = CARTESIAN_POINT ( 'NONE',  ( 1.408326112068522873, 3.400000000000000355, 25.65937499999999716 ) ) ;
#3537 = EDGE_CURVE ( 'NONE', #2456, #168, #2440, .T. ) ;
#3538 = CARTESIAN_POINT ( 'NONE',  ( 3.396806989258916332, -0.1600576192992007041, 21.66603743343604194 ) ) ;
#3539 = CARTESIAN_POINT ( 'NONE',  ( 3.285780678744851357, -0.8756705234341239930, 17.87383173585794438 ) ) ;
#3540 = CARTESIAN_POINT ( 'NONE',  ( -0.4311196896862826144, -3.623451373482649451, 25.54219032286378166 ) ) ;
#3541 = CARTESIAN_POINT ( 'NONE',  ( 2.758515211273126155, -1.987610079762824666, 25.30000000000000782 ) ) ;
#3542 = CARTESIAN_POINT ( 'NONE',  ( 0.000000000000000000, 0.000000000000000000, 26.30000000000000071 ) ) ;
#3543 = CARTESIAN_POINT ( 'NONE',  ( -2.496186759367026028E-16, 4.076582343749999282, 20.19062500170699082 ) ) ;
#3544 = CARTESIAN_POINT ( 'NONE',  ( -2.676917182879988477, 2.098098553452158122, 19.66707991225038654 ) ) ;
#3545 =( BOUNDED_CURVE ( )  B_SPLINE_CURVE ( 2, ( #525, #3011, #857, #3830, #909, #146, #451, #122, #882 ),
 .UNSPECIFIED., .F., .T. ) 
 B_SPLINE_CURVE_WITH_KNOTS ( ( 3, 2, 2, 2, 3 ),
 ( 0.8172831688702038022, 0.8293020389884299126, 0.8413209091186969468, 0.8533397792489640921, 0.8653586246354736389 ),
 .UNSPECIFIED. ) 
 CURVE ( )  GEOMETRIC_REPRESENTATION_ITEM ( )  RATIONAL_B_SPLINE_CURVE ( ( 1.000000000000000000, 0.9238795325112867385, 1.000000000000000000, 0.9238795325112867385, 1.000000000000000000, 0.9238795325112867385, 1.000000000000000000, 0.9238795325112867385, 1.000000000000000000 ) ) 
 REPRESENTATION_ITEM ( '' )  );
#3546 = DIRECTION ( 'NONE',  ( -0.000000000000000000, -0.000000000000000000, 1.000000000000000000 ) ) ;
#3547 = VECTOR ( 'NONE', #1105, 1000.000000000000000 ) ;
#3548 = CARTESIAN_POINT ( 'NONE',  ( -1.688575694911949698, -4.076582343749998394, 15.89375000170699259 ) ) ;
#3549 = CARTESIAN_POINT ( 'NONE',  ( 7.488560278101077592E-16, -4.076582343749999282, 23.31562500170706187 ) ) ;
#3550 = CARTESIAN_POINT ( 'NONE',  ( -2.959483031147465137, 1.673759864650085083, 15.94702831222849149 ) ) ;
#3551 = CIRCLE ( 'NONE', #2101, 17.84486372867091930 ) ;
#3552 = CARTESIAN_POINT ( 'NONE',  ( 4.076582343749974413, 1.688575694911938596, 15.11250000170700680 ) ) ;
#3553 = ORIENTED_EDGE ( 'NONE', *, *, #743, .F. ) ;
#3554 = CARTESIAN_POINT ( 'NONE',  ( 1.534635768722673044, -3.034614328778115766, 15.20603482517397254 ) ) ;
#3555 = PRODUCT_DEFINITION_FORMATION_WITH_SPECIFIED_SOURCE ( 'ANY', '', #2930, .NOT_KNOWN. ) ;
#3556 = CARTESIAN_POINT ( 'NONE',  ( -3.128838170515382711, 1.332643982747431899, 24.71989883895868090 ) ) ;
#3557 = ORIENTED_EDGE ( 'NONE', *, *, #1365, .T. ) ;
#3558 = CARTESIAN_POINT ( 'NONE',  ( 2.882579019330974379, -2.882579019330973491, 23.62812500170699082 ) ) ;
#3559 = CARTESIAN_POINT ( 'NONE',  ( 1.688575694911950809, -4.076582343749998394, 26.05000000170699437 ) ) ;
#3560 = CARTESIAN_POINT ( 'NONE',  ( 3.400000000000000355, 1.408326112068523539, 17.06562500341398092 ) ) ;
#3561 = ADVANCED_FACE ( 'NONE', ( #3414 ), #1980, .F. ) ;
#3562 = CARTESIAN_POINT ( 'NONE',  ( 6.245698675651500839E-16, -3.399999999999999911, 26.36249999999999716 ) ) ;
#3563 = CARTESIAN_POINT ( 'NONE',  ( -0.4113201368662897095, -3.376301717898461341, 21.33904649005538090 ) ) ;
#3564 = CARTESIAN_POINT ( 'NONE',  ( 3.479246824526985638, 1.171165692939798688E-12, 25.37924682452698733 ) ) ;
#3565 = CARTESIAN_POINT ( 'NONE',  ( 0.2876626669435468076, -3.397193854600000673, 18.87903438713373561 ) ) ;
#3566 = CARTESIAN_POINT ( 'NONE',  ( 3.399999999996288658, -5.023242556219496976E-06, 24.48749972475582126 ) ) ;
#3567 = CARTESIAN_POINT ( 'NONE',  ( 2.404163056034261725, -2.404163056034261281, 15.58125000341398092 ) ) ;
#3568 = CARTESIAN_POINT ( 'NONE',  ( 4.076582343749999282, 1.688575694911949254, 16.20625000170699082 ) ) ;
#3569 = CARTESIAN_POINT ( 'NONE',  ( -2.366845367519590848, 2.445208954950764735, 19.64046437513023236 ) ) ;
#3570 = CARTESIAN_POINT ( 'NONE',  ( -2.918916324887675273, -1.771955084343490361, 23.65907688496034567 ) ) ;
#3571 = CARTESIAN_POINT ( 'NONE',  ( 3.398748183233985198, -0.09536351476553288353, 22.91967861375027837 ) ) ;
#3572 = CARTESIAN_POINT ( 'NONE',  ( -4.076582343749998394, -1.688575694911951253, 21.83125000170705832 ) ) ;
#3573 = AXIS2_PLACEMENT_3D ( 'NONE', #3542, #3183, #275 ) ;
#3574 = CARTESIAN_POINT ( 'NONE',  ( 2.367091176414833242, -2.444957477780639987, 20.26549910807944954 ) ) ;
#3575 = CARTESIAN_POINT ( 'NONE',  ( -3.114977273972483918, 1.377702705780051939, 15.96696548392281123 ) ) ;
#3576 = CARTESIAN_POINT ( 'NONE',  ( -0.8592301897663200405, 3.289832818708500195, 20.78770253394053213 ) ) ;
#3577 = ORIENTED_EDGE ( 'NONE', *, *, #3492, .F. ) ;
#3578 = CARTESIAN_POINT ( 'NONE',  ( -3.126326591736949823, 1.338526463056214366, 22.21952152567645911 ) ) ;
#3579 = CARTESIAN_POINT ( 'NONE',  ( 2.618227722174155669, 2.444738509101123114, 25.47413752258715292 ) ) ;
#3580 = CARTESIAN_POINT ( 'NONE',  ( -0.1309911810399563836, 3.397478065856007756, 24.49482461574510594 ) ) ;
#3581 = ORIENTED_EDGE ( 'NONE', *, *, #2260, .F. ) ;
#3582 = CARTESIAN_POINT ( 'NONE',  ( -1.408326112068523317, 3.400000000000000355, 14.56562499999999893 ) ) ;
#3583 = CARTESIAN_POINT ( 'NONE',  ( 4.076582343750000170, -1.688575694911947922, 22.45625000170699792 ) ) ;
#3584 = CARTESIAN_POINT ( 'NONE',  ( -0.09651463441469511351, -3.399232488057096546, 16.35713912454096786 ) ) ;
#3585 = CARTESIAN_POINT ( 'NONE',  ( 0.000000000000000000, 0.000000000000000000, 20.00000000000000000 ) ) ;
#3586 = CARTESIAN_POINT ( 'NONE',  ( -2.599063740977262338, -2.192002728880470652, 21.19000814711651870 ) ) ;
#3587 = CARTESIAN_POINT ( 'NONE',  ( 2.713229285238445421, -2.049513808897498901, 17.79549217852112264 ) ) ;
#3588 = CARTESIAN_POINT ( 'NONE',  ( 2.335561912588091982, -2.470868751485312487, 19.01341203025805271 ) ) ;
#3589 = CARTESIAN_POINT ( 'NONE',  ( -1.408326112068523983, -3.399999999999999467, 24.09687500341398092 ) ) ;
#3590 = CARTESIAN_POINT ( 'NONE',  ( -2.882579019330955283, -2.882579019330956616, 25.81562500170700503 ) ) ;
#3591 = CARTESIAN_POINT ( 'NONE',  ( -4.076582343749999282, 1.688575694911948588, 16.67500000170699082 ) ) ;
#3592 = CARTESIAN_POINT ( 'NONE',  ( -2.557018805194450906, 2.240941384354362409, 19.65631608805308872 ) ) ;
#3593 = CARTESIAN_POINT ( 'NONE',  ( -3.380881772121564932, 0.3600574479201504863, 18.52958971175908331 ) ) ;
#3594 = CARTESIAN_POINT ( 'NONE',  ( -1.408326112068523983, -3.399999999999999467, 20.34687500341398092 ) ) ;
#3595 = CARTESIAN_POINT ( 'NONE',  ( 1.688575694911948366, 4.076582343749999282, 21.36250000170705832 ) ) ;
#3596 = CARTESIAN_POINT ( 'NONE',  ( 2.042784558062114897, -2.718203935225845136, 20.24155879433443417 ) ) ;
#3597 = CARTESIAN_POINT ( 'NONE',  ( 2.291456985172801719, 2.512026980223225792, 20.58996775205367058 ) ) ;
#3598 = VERTEX_POINT ( 'NONE', #3695 ) ;
#3599 =( BOUNDED_SURFACE ( )  B_SPLINE_SURFACE ( 1, 2, ( 
 ( #3965, #2151, #1356, #4654, #3198, #2883, #4298, #1811, #3609, #2524, #2906, #4343, #3562, #3986, #2837, #706, #663, #2172, #618, #3267, #2082, #3536, #1722, #290, #1743, #1015, #3943, #2127, #2239, #397, #3675, #3032, #1856, #3752, #4107, #1157, #3651, #19, #1567, #2289, #1104, #1906, #67, #1880, #471, #2927, #2546, #3390, #4079, #800, #1183, #3291, #1489, #4487, #3697, #447, #1466, #1515, #3339, #1832, #4386, #2568, #4006, #2217, #2618, #3314, #119, #2979, #374, #726, #44, #4410, #4027, #2263, #4435, #1932, #3725, #2194, #3364, #93, #748, #2954, #1128, #3008, #2594, #420, #1539, #4462, #2647, #4055, #771, #828, #3110, #1645, #906, #2387, #2721, #1960, #4229, #2337, #3416, #1620, #3851, #1670, #1210, #571, #927, #3827, #169, #4563, #496, #2671, #2036, #3489, #2059, #2744, #879, #4185, #3057, #2695, #4586, #144, #4131, #194, #4158, #1591, #3873, #3153, #1232, #854, #245, #2313, #3135, #2009, #3440, #3804, #3465, #221, #4511, #1309, #1284, #3511, #2766, #950, #3780, #2409, #592, #547, #3084, #4208, #522, #1983, #1693, #4535, #1259, #2363, #4273, #1375, #1718, #1353, #3306, #615, #1330, #3582, #2811, #2078, #2584, #1873, #4629, #4606, #3690 ),
 ( #2125, #1097, #3176, #2208, #308, #763, #1849, #37, #2834, #3283, #2789, #1762, #11, #3667, #2561, #413, #3936, #4294, #2945, #2232, #1013, #2457, #993, #4250, #3916, #1120, #1482, #1459, #969, #3532, #2434, #4403, #636, #4020, #2920, #656, #4045, #267, #3896, #2102, #4378, #740, #3558, #288, #1740, #3195, #2477, #389, #4650, #2304, #4123, #2611, #2254, #3716, #2351, #2998, #1950, #2637, #895, #3769, #4427, #4174, #4453, #465, #438, #3048, #488, #3075, #3407, #4526, #4502, #135, #2710, #4098, #60, #3794, #1250, #3023, #844, #1224, #1583, #3818, #820, #1897, #2686, #4148, #4479, #868, #110, #4071, #1609, #1175, #789, #3743, #2327, #510, #2279, #1973, #1200, #3431, #1147, #2662, #1923, #161, #538, #3331, #1508, #2971, #3356, #84, #1530, #3380, #1557, #2091, #209, #235, #2469, #3502, #2424, #1683, #3927, #3886, #1298, #3907, #3479, #3455, #2755, #2447, #2377, #4551, #4620, #2825, #2734, #1366, #4263, #1659, #4240, #627, #4575, #1344, #2802, #3548, #982, #1731, #1321, #4642, #961, #939, #3125, #3100, #3145, #279, #605, #3840, #4597, #3187, #4220, #4285, #1999, #2400, #2779, #1003, #4198, #1273, #3863, #919, #2071, #3523, #3168, #186, #582 ) ),
 .UNSPECIFIED., .F., .F., .T. ) 
 B_SPLINE_SURFACE_WITH_KNOTS ( ( 2, 2 ),
 ( 3, 2, 2, 2, 2, 2, 2, 2, 2, 2, 2, 2, 2, 2, 2, 2, 2, 2, 2, 2, 2, 2, 2, 2, 2, 2, 2, 2, 2, 2, 2, 2, 2, 2, 2, 2, 2, 2, 2, 2, 2, 2, 2, 2, 2, 2, 2, 2, 2, 2, 2, 2, 2, 2, 2, 2, 2, 2, 2, 2, 2, 2, 2, 2, 2, 2, 2, 2, 2, 2, 2, 2, 2, 2, 2, 2, 2, 2, 2, 2, 2, 2, 2, 2, 2, 3 ),
 ( 0.000000000000000000, 1.000000000000000000 ),
 ( 0.000000000000000000, 0.01136363636363636395, 0.02272727272727272790, 0.03409090909090908839, 0.04545454545454545581, 0.05681818181818181629, 0.06818181818181817677, 0.07954545454545454419, 0.09090909090909091161, 0.1022727272727272790, 0.1136363636363636326, 0.1250000000000000000, 0.1363636363636363535, 0.1477272727272727348, 0.1590909090909090884, 0.1704545454545454419, 0.1818181818181818232, 0.1931818181818181768, 0.2045454545454545581, 0.2159090909090909116, 0.2272727272727272652, 0.2386363636363636465, 0.2500000000000000000, 0.2613636363636363535, 0.2727272727272727071, 0.2840909090909091161, 0.2954545454545454697, 0.3068181818181818232, 0.3181818181818181768, 0.3295454545454545303, 0.3409090909090908839, 0.3522727272727272929, 0.3636363636363636465, 0.3750000000000000000, 0.3863636363636363535, 0.3977272727272727071, 0.4090909090909091161, 0.4204545454545454697, 0.4318181818181818232, 0.4431818181818181768, 0.4545454545454545303, 0.4659090909090908839, 0.4772727272727272929, 0.4886363636363636465, 0.5000000000000000000, 0.5113636363636363535, 0.5227272727272727071, 0.5340909090909090606, 0.5454545454545454142, 0.5568181818181817677, 0.5681818181818182323, 0.5795454545454545858, 0.5909090909090909394, 0.6022727272727272929, 0.6136363636363636465, 0.6250000000000000000, 0.6363636363636363535, 0.6477272727272727071, 0.6590909090909090606, 0.6704545454545454142, 0.6818181818181817677, 0.6931818181818182323, 0.7045454545454545858, 0.7159090909090909394, 0.7272727272727272929, 0.7386363636363636465, 0.7500000000000000000, 0.7613636363636363535, 0.7727272727272727071, 0.7840909090909090606, 0.7954545454545454142, 0.8068181818181817677, 0.8181818181818182323, 0.8295454545454545858, 0.8409090909090909394, 0.8522727272727272929, 0.8636363636363636465, 0.8750000000000000000, 0.8863636363636363535, 0.8977272727272727071, 0.9090909090909090606, 0.9204545454545454142, 0.9318181818181817677, 0.9431818181818182323, 0.9454829590608977430, 0.9549377886515066916 ),
 .UNSPECIFIED. ) 
 GEOMETRIC_REPRESENTATION_ITEM ( )  RATIONAL_B_SPLINE_SURFACE ( (
 ( 1.000000000000000000, 0.9238795325112867385, 1.000000000000000000, 0.9238795325112867385, 1.000000000000000000, 0.9238795325112867385, 1.000000000000000000, 0.9238795325112867385, 1.000000000000000000, 0.9238795325112867385, 1.000000000000000000, 0.9238795325112867385, 1.000000000000000000, 0.9238795325112867385, 1.000000000000000000, 0.9238795325112867385, 1.000000000000000000, 0.9238795325112867385, 1.000000000000000000, 0.9238795325112867385, 1.000000000000000000, 0.9238795325112867385, 1.000000000000000000, 0.9238795325112867385, 1.000000000000000000, 0.9238795325112867385, 1.000000000000000000, 0.9238795325112867385, 1.000000000000000000, 0.9238795325112867385, 1.000000000000000000, 0.9238795325112867385, 1.000000000000000000, 0.9238795325112867385, 1.000000000000000000, 0.9238795325112867385, 1.000000000000000000, 0.9238795325112867385, 1.000000000000000000, 0.9238795325112867385, 1.000000000000000000, 0.9238795325112867385, 1.000000000000000000, 0.9238795325112867385, 1.000000000000000000, 0.9238795325112867385, 1.000000000000000000, 0.9238795325112867385, 1.000000000000000000, 0.9238795325112867385, 1.000000000000000000, 0.9238795325112867385, 1.000000000000000000, 0.9238795325112867385, 1.000000000000000000, 0.9238795325112867385, 1.000000000000000000, 0.9238795325112867385, 1.000000000000000000, 0.9238795325112867385, 1.000000000000000000, 0.9238795325112867385, 1.000000000000000000, 0.9238795325112867385, 1.000000000000000000, 0.9238795325112867385, 1.000000000000000000, 0.9238795325112867385, 1.000000000000000000, 0.9238795325112867385, 1.000000000000000000, 0.9238795325112867385, 1.000000000000000000, 0.9238795325112867385, 1.000000000000000000, 0.9238795325112867385, 1.000000000000000000, 0.9238795325112867385, 1.000000000000000000, 0.9238795325112867385, 1.000000000000000000, 0.9238795325112867385, 1.000000000000000000, 0.9238795325112867385, 1.000000000000000000, 0.9238795325112867385, 1.000000000000000000, 0.9238795325112867385, 1.000000000000000000, 0.9238795325112867385, 1.000000000000000000, 0.9238795325112867385, 1.000000000000000000, 0.9238795325112867385, 1.000000000000000000, 0.9238795325112867385, 1.000000000000000000, 0.9238795325112867385, 1.000000000000000000, 0.9238795325112867385, 1.000000000000000000, 0.9238795325112867385, 1.000000000000000000, 0.9238795325112867385, 1.000000000000000000, 0.9238795325112867385, 1.000000000000000000, 0.9238795325112867385, 1.000000000000000000, 0.9238795325112867385, 1.000000000000000000, 0.9238795325112867385, 1.000000000000000000, 0.9238795325112867385, 1.000000000000000000, 0.9238795325112867385, 1.000000000000000000, 0.9238795325112867385, 1.000000000000000000, 0.9238795325112867385, 1.000000000000000000, 0.9238795325112867385, 1.000000000000000000, 0.9238795325112867385, 1.000000000000000000, 0.9238795325112867385, 1.000000000000000000, 0.9238795325112867385, 1.000000000000000000, 0.9238795325112867385, 1.000000000000000000, 0.9238795325112867385, 1.000000000000000000, 0.9238795325112867385, 1.000000000000000000, 0.9238795325112867385, 1.000000000000000000, 0.9238795325112867385, 1.000000000000000000, 0.9238795325112867385, 1.000000000000000000, 0.9238795325112867385, 1.000000000000000000, 0.9238795325112867385, 1.000000000000000000, 0.9238795325112867385, 1.000000000000000000, 0.9238795325112867385, 1.000000000000000000, 0.9238795325112867385, 1.000000000000000000, 0.9238795325112867385, 1.000000000000000000, 0.9238795325112867385, 1.000000000000000000, 0.9238795325112867385, 1.000000000000000000, 0.9238795325112867385, 1.000000000000000000, 0.9238795325112867385, 1.000000000000000000, 0.9238795325112867385, 1.000000000000000000, 0.9238795325112867385, 1.000000000000000000, 0.9238795325112867385, 1.000000000000000000, 0.9845855750863828915, 0.9754140045129016112, 0.9754140045129016112, 0.9754140045129016112),
 ( 1.000000000000000000, 0.9238795325112867385, 1.000000000000000000, 0.9238795325112867385, 1.000000000000000000, 0.9238795325112867385, 1.000000000000000000, 0.9238795325112867385, 1.000000000000000000, 0.9238795325112867385, 1.000000000000000000, 0.9238795325112867385, 1.000000000000000000, 0.9238795325112867385, 1.000000000000000000, 0.9238795325112867385, 1.000000000000000000, 0.9238795325112867385, 1.000000000000000000, 0.9238795325112867385, 1.000000000000000000, 0.9238795325112867385, 1.000000000000000000, 0.9238795325112867385, 1.000000000000000000, 0.9238795325112867385, 1.000000000000000000, 0.9238795325112867385, 1.000000000000000000, 0.9238795325112867385, 1.000000000000000000, 0.9238795325112867385, 1.000000000000000000, 0.9238795325112867385, 1.000000000000000000, 0.9238795325112867385, 1.000000000000000000, 0.9238795325112867385, 1.000000000000000000, 0.9238795325112867385, 1.000000000000000000, 0.9238795325112867385, 1.000000000000000000, 0.9238795325112867385, 1.000000000000000000, 0.9238795325112867385, 1.000000000000000000, 0.9238795325112867385, 1.000000000000000000, 0.9238795325112867385, 1.000000000000000000, 0.9238795325112867385, 1.000000000000000000, 0.9238795325112867385, 1.000000000000000000, 0.9238795325112867385, 1.000000000000000000, 0.9238795325112867385, 1.000000000000000000, 0.9238795325112867385, 1.000000000000000000, 0.9238795325112867385, 1.000000000000000000, 0.9238795325112867385, 1.000000000000000000, 0.9238795325112867385, 1.000000000000000000, 0.9238795325112867385, 1.000000000000000000, 0.9238795325112867385, 1.000000000000000000, 0.9238795325112867385, 1.000000000000000000, 0.9238795325112867385, 1.000000000000000000, 0.9238795325112867385, 1.000000000000000000, 0.9238795325112867385, 1.000000000000000000, 0.9238795325112867385, 1.000000000000000000, 0.9238795325112867385, 1.000000000000000000, 0.9238795325112867385, 1.000000000000000000, 0.9238795325112867385, 1.000000000000000000, 0.9238795325112867385, 1.000000000000000000, 0.9238795325112867385, 1.000000000000000000, 0.9238795325112867385, 1.000000000000000000, 0.9238795325112867385, 1.000000000000000000, 0.9238795325112867385, 1.000000000000000000, 0.9238795325112867385, 1.000000000000000000, 0.9238795325112867385, 1.000000000000000000, 0.9238795325112867385, 1.000000000000000000, 0.9238795325112867385, 1.000000000000000000, 0.9238795325112867385, 1.000000000000000000, 0.9238795325112867385, 1.000000000000000000, 0.9238795325112867385, 1.000000000000000000, 0.9238795325112867385, 1.000000000000000000, 0.9238795325112867385, 1.000000000000000000, 0.9238795325112867385, 1.000000000000000000, 0.9238795325112867385, 1.000000000000000000, 0.9238795325112867385, 1.000000000000000000, 0.9238795325112867385, 1.000000000000000000, 0.9238795325112867385, 1.000000000000000000, 0.9238795325112867385, 1.000000000000000000, 0.9238795325112867385, 1.000000000000000000, 0.9238795325112867385, 1.000000000000000000, 0.9238795325112867385, 1.000000000000000000, 0.9238795325112867385, 1.000000000000000000, 0.9238795325112867385, 1.000000000000000000, 0.9238795325112867385, 1.000000000000000000, 0.9238795325112867385, 1.000000000000000000, 0.9238795325112867385, 1.000000000000000000, 0.9238795325112867385, 1.000000000000000000, 0.9238795325112867385, 1.000000000000000000, 0.9238795325112867385, 1.000000000000000000, 0.9238795325112867385, 1.000000000000000000, 0.9238795325112867385, 1.000000000000000000, 0.9238795325112867385, 1.000000000000000000, 0.9238795325112867385, 1.000000000000000000, 0.9238795325112867385, 1.000000000000000000, 0.9238795325112867385, 1.000000000000000000, 0.9238795325112867385, 1.000000000000000000, 0.9238795325112867385, 1.000000000000000000, 0.9238795325112867385, 1.000000000000000000, 0.9845855750863828915, 0.9754140045129016112, 0.9754140045129016112, 0.9754140045129016112) ) ) 
 REPRESENTATION_ITEM ( '' )  SURFACE ( )  );
#3600 = CARTESIAN_POINT ( 'NONE',  ( -0.3307490203228767855, 3.384722108134372132, 22.00625992759924188 ) ) ;
#3601 = CARTESIAN_POINT ( 'NONE',  ( -1.785590725997167949, 3.295565699268691251, 25.64035559419031785 ) ) ;
#3602 = CIRCLE ( 'NONE', #1531, 3.399999999999999911 ) ;
#3603 = CARTESIAN_POINT ( 'NONE',  ( -3.356638040183530514, 0.5512739415434335655, 21.01824468549762059 ) ) ;
#3604 = CARTESIAN_POINT ( 'NONE',  ( -2.496186759367026028E-16, 4.076582343749999282, 24.09687500170699082 ) ) ;
#3605 = CARTESIAN_POINT ( 'NONE',  ( -0.8301775199999500421, 3.297147783031091794, 23.28591718637640184 ) ) ;
#3606 = CARTESIAN_POINT ( 'NONE',  ( -3.241427508863091944, -1.026248259464072943, 16.11057295136551204 ) ) ;
#3607 = CARTESIAN_POINT ( 'NONE',  ( -2.882579019330956172, 2.882579019330956172, 16.75312500170700503 ) ) ;
#3608 = EDGE_CURVE ( 'NONE', #652, #3334, #1757, .T. ) ;
#3609 = CARTESIAN_POINT ( 'NONE',  ( 3.399999999999999911, 4.163799117101000559E-16, 26.67499999999999716 ) ) ;
#3610 = CARTESIAN_POINT ( 'NONE',  ( 1.104289623836733236, -3.215956686952243349, 21.42798858688653496 ) ) ;
#3611 = CARTESIAN_POINT ( 'NONE',  ( -1.283838889312357345, -3.154905730468223091, 17.53579137314541114 ) ) ;
#3612 = CARTESIAN_POINT ( 'NONE',  ( 1.840155164009630973, -2.866349633690458365, 18.97666553205981543 ) ) ;
#3613 = CARTESIAN_POINT ( 'NONE',  ( -2.741055803275673330, -2.012933953250463759, 24.92688652661406223 ) ) ;
#3614 = CARTESIAN_POINT ( 'NONE',  ( -3.399999999999999911, 0.000000000000000000, 13.86250000341398092 ) ) ;
#3615 = CARTESIAN_POINT ( 'NONE',  ( 1.688575694911950809, -4.076582343749998394, 17.14375000170699082 ) ) ;
#3616 = CARTESIAN_POINT ( 'NONE',  ( -3.394713928141184667, 0.2188374535607431337, 19.78749609935196929 ) ) ;
#3617 = CARTESIAN_POINT ( 'NONE',  ( -2.141516196210190959, -2.640851299244457717, 23.72625811416538610 ) ) ;
#3618 = CARTESIAN_POINT ( 'NONE',  ( -2.404163056034260837, -2.404163056034261725, 20.26875000341398092 ) ) ;
#3619 = CARTESIAN_POINT ( 'NONE',  ( 4.076582343750000170, -1.688575694911947922, 16.05000000170705832 ) ) ;
#3620 = CARTESIAN_POINT ( 'NONE',  ( 2.130609825326183149, -2.649634817331422809, 20.24795284911637339 ) ) ;
#3621 = CARTESIAN_POINT ( 'NONE',  ( 2.483520358935928041, 2.325643913597448709, 20.57498816224256899 ) ) ;
#3622 = VERTEX_POINT ( 'NONE', #4181 ) ;
#3623 = CARTESIAN_POINT ( 'NONE',  ( -2.580262625314467151, 2.214153752168943168, 22.15834342917013444 ) ) ;
#3624 = SURFACE_STYLE_FILL_AREA ( #2541 ) ;
#3625 = CARTESIAN_POINT ( 'NONE',  ( -2.328197107065931082, 2.480257114890842551, 20.88732826394981146 ) ) ;
#3626 = EDGE_CURVE ( 'NONE', #344, #4624, #1084, .T. ) ;
#3627 = CARTESIAN_POINT ( 'NONE',  ( -1.688575694911948810, 4.076582343749999282, 22.92500000170699792 ) ) ;
#3628 = CARTESIAN_POINT ( 'NONE',  ( -1.905075448557122852, 2.817282005889489405, 23.35665146269235848 ) ) ;
#3629 = CARTESIAN_POINT ( 'NONE',  ( -2.224881277290861714, -2.574030804606548539, 16.22009289087215222 ) ) ;
#3630 = CARTESIAN_POINT ( 'NONE',  ( 3.400000000000000355, 1.408326112068523539, 23.31562500341398092 ) ) ;
#3631 = CARTESIAN_POINT ( 'NONE',  ( -1.730828761718207431, -2.929259303800499481, 21.25567362987796471 ) ) ;
#3632 = CARTESIAN_POINT ( 'NONE',  ( -0.4148202532106478047, -3.376142292239293408, 17.58893466513862336 ) ) ;
#3633 = ADVANCED_FACE ( 'NONE', ( #3338 ), #1596, .T. ) ;
#3634 = CARTESIAN_POINT ( 'NONE',  ( 3.399979815151641827, -0.01355314919225370125, 19.17424769125289785 ) ) ;
#3635 = CARTESIAN_POINT ( 'NONE',  ( 1.621646799295511032, -3.003109766268870828, 16.46148883188475054 ) ) ;
#3636 = CARTESIAN_POINT ( 'NONE',  ( 1.408326112068522873, 3.400000000000000355, 14.72187500341398447 ) ) ;
#3637 = CARTESIAN_POINT ( 'NONE',  ( -2.496186759367026028E-16, 4.076582343749999282, 15.19062500170699082 ) ) ;
#3638 = CARTESIAN_POINT ( 'NONE',  ( 3.109442908209362866, 2.655715130452584560, 13.76953103858214078 ) ) ;
#3639 = CARTESIAN_POINT ( 'NONE',  ( -2.065126682936025748, -2.701082275531154764, 23.73188148997402891 ) ) ;
#3640 = CARTESIAN_POINT ( 'NONE',  ( 3.399999999999999911, 7.614789927709764590E-09, 22.92500000042344155 ) ) ;
#3641 = CARTESIAN_POINT ( 'NONE',  ( 4.076582343750000170, -1.688575694911947922, 14.80000000170706365 ) ) ;
#3642 = CARTESIAN_POINT ( 'NONE',  ( 3.182475270958849745, -1.198623091565897303, 20.35351183552651122 ) ) ;
#3643 = CARTESIAN_POINT ( 'NONE',  ( -0.8165907045903723072, 3.300482335452834981, 20.78508596199711889 ) ) ;
#3644 = ORIENTED_EDGE ( 'NONE', *, *, #2777, .T. ) ;
#3645 = CARTESIAN_POINT ( 'NONE',  ( -3.242013022274093714, 1.027577817958726936, 22.23936458013082529 ) ) ;
#3646 = CARTESIAN_POINT ( 'NONE',  ( 3.471109487912009239, 0.4813781925070066969, 25.39608665766472129 ) ) ;
#3647 = CARTESIAN_POINT ( 'NONE',  ( 3.396560611680452091, 0.1583873273081935207, 24.18389373601337411 ) ) ;
#3648 = CARTESIAN_POINT ( 'NONE',  ( 4.076582343749999282, 1.688575694911949254, 18.86250000170699082 ) ) ;
#3649 = CARTESIAN_POINT ( 'NONE',  ( -2.326287152200650077, 2.482046508735325396, 23.38716360273742367 ) ) ;
#3650 = CARTESIAN_POINT ( 'NONE',  ( -0.2224055246925865370, -3.392778141581449969, 16.34999131779590797 ) ) ;
#3651 = CARTESIAN_POINT ( 'NONE',  ( -2.081899558550500280E-16, 3.399999999999999911, 24.48749999999999716 ) ) ;
#3652 = CARTESIAN_POINT ( 'NONE',  ( -2.245208449562058561, -2.555584816760648081, 21.21853427376012746 ) ) ;
#3653 = CARTESIAN_POINT ( 'NONE',  ( -1.973845605923974400, -2.770032001650582387, 17.48874959283793373 ) ) ;
#3654 = CARTESIAN_POINT ( 'NONE',  ( 1.625778700195175785, -3.000884903212691857, 18.96176131293440292 ) ) ;
#3655 = CARTESIAN_POINT ( 'NONE',  ( -3.518421581380250185, 2.058939819677092498, 14.30341765624937267 ) ) ;
#3656 = CARTESIAN_POINT ( 'NONE',  ( -1.688575694911939040, -4.076582343749973525, 22.14375000170700503 ) ) ;
#3657 = CARTESIAN_POINT ( 'NONE',  ( 7.488560278101077592E-16, -4.076582343749999282, 14.56562500170699082 ) ) ;
#3658 = CARTESIAN_POINT ( 'NONE',  ( 1.174903277035584281, 3.190585003136280129, 19.41751112540637791 ) ) ;
#3659 = CIRCLE ( 'NONE', #2209, 4.924999999999999822 ) ;
#3660 = CARTESIAN_POINT ( 'NONE',  ( -2.444267100055554032, -2.364012182121363548, 23.70289776094780976 ) ) ;
#3661 = CARTESIAN_POINT ( 'NONE',  ( 0.000000000000000000, 0.000000000000000000, 13.98000000000000043 ) ) ;
#3662 = CARTESIAN_POINT ( 'NONE',  ( 2.882579019330974379, -2.882579019330973491, 18.47187500170705832 ) ) ;
#3663 = CARTESIAN_POINT ( 'NONE',  ( 2.591890743220476967, -2.200551599322586593, 20.28436109905961970 ) ) ;
#3664 = CARTESIAN_POINT ( 'NONE',  ( 0.3225565226735459534, 3.385775319596845190, 20.71915673158510174 ) ) ;
#3665 = CARTESIAN_POINT ( 'NONE',  ( 1.688575694911950809, -4.076582343749998394, 24.64375000170699792 ) ) ;
#3666 = ORIENTED_EDGE ( 'NONE', *, *, #445, .T. ) ;
#3667 = CARTESIAN_POINT ( 'NONE',  ( -1.688575694911949698, -4.076582343749998394, 25.89375000170699792 ) ) ;
#3668 = CARTESIAN_POINT ( 'NONE',  ( -2.838940652648023644, 1.879651952186791153, 22.18304646039004524 ) ) ;
#3669 = SURFACE_STYLE_USAGE ( .BOTH. , #2900 ) ;
#3670 = CARTESIAN_POINT ( 'NONE',  ( 2.846448701473874632, 1.862889146990802658, 24.29092635231885922 ) ) ;
#3671 = CARTESIAN_POINT ( 'NONE',  ( 1.688575694911948366, 4.076582343749999282, 19.01875000170699082 ) ) ;
#3672 = CARTESIAN_POINT ( 'NONE',  ( -2.244496223104061272, 2.556247932127593714, 23.38094518349385353 ) ) ;
#3673 = CARTESIAN_POINT ( 'NONE',  ( -2.118197668728931671, -2.659696849090116721, 16.22798511747475914 ) ) ;
#3674 = MECHANICAL_DESIGN_GEOMETRIC_PRESENTATION_REPRESENTATION (  '', ( #551 ), #1148 ) ;
#3675 = CARTESIAN_POINT ( 'NONE',  ( -2.404163056034260837, -2.404163056034261725, 24.95625000000000071 ) ) ;
#3676 = DIRECTION ( 'NONE',  ( 1.000000000000000000, 0.000000000000000000, 0.000000000000000000 ) ) ;
#3677 = CARTESIAN_POINT ( 'NONE',  ( -2.097318334050256361, -2.676054646891552036, 17.47952255429157731 ) ) ;
#3678 = CARTESIAN_POINT ( 'NONE',  ( -2.326323745246200225, -2.481973930858138999, 18.71230497949350635 ) ) ;
#3679 = CARTESIAN_POINT ( 'NONE',  ( 0.000000000000000000, 0.000000000000000000, 28.80000000000000071 ) ) ;
#3680 = CARTESIAN_POINT ( 'NONE',  ( 7.488560278101030260E-16, -4.076582343749974413, 20.97187500170700503 ) ) ;
#3681 = CARTESIAN_POINT ( 'NONE',  ( -2.081899558550500280E-16, 3.399999999999999911, 26.05000000341398092 ) ) ;
#3682 = CARTESIAN_POINT ( 'NONE',  ( 0.8917699451712511882, 3.282729088764530179, 19.43524319212987095 ) ) ;
#3683 = CARTESIAN_POINT ( 'NONE',  ( -0.2601229104367055456, 3.390432849801983117, 18.25215181623000049 ) ) ;
#3684 = CARTESIAN_POINT ( 'NONE',  ( -3.376524893002920802, -0.4059307494845590392, 22.32311652606423635 ) ) ;
#3685 = CARTESIAN_POINT ( 'NONE',  ( -4.076582343749998394, -1.688575694911951253, 18.08125000170705476 ) ) ;
#3686 = CARTESIAN_POINT ( 'NONE',  ( -2.107080234123435591, -2.668372709431677148, 19.97880124989334405 ) ) ;
#3687 = CARTESIAN_POINT ( 'NONE',  ( -4.076582343749999282, 0.000000000000000000, 25.50312500170699082 ) ) ;
#3688 = CARTESIAN_POINT ( 'NONE',  ( 1.688575694911948366, 4.076582343749999282, 22.61250000170699082 ) ) ;
#3689 = CARTESIAN_POINT ( 'NONE',  ( 1.927608363244507572, 3.046103464444076980, 14.79410596444756720 ) ) ;
#3690 = CARTESIAN_POINT ( 'NONE',  ( 4.055371798098970970, 0.2026470922008638542, 14.17118248070468489 ) ) ;
#3691 = CARTESIAN_POINT ( 'NONE',  ( 2.256074533844441010, 2.544009604988198614, 21.84271224617409501 ) ) ;
#3692 = CARTESIAN_POINT ( 'NONE',  ( -0.2060599082839746909, -3.393754475190670750, 25.10089402439463413 ) ) ;
#3693 = CARTESIAN_POINT ( 'NONE',  ( 2.910257770134751176, 1.762416481804821133, 24.28391893368510068 ) ) ;
#3694 = CARTESIAN_POINT ( 'NONE',  ( 2.882579019330973491, 2.882579019330973935, 18.94062500170699082 ) ) ;
#3695 = CARTESIAN_POINT ( 'NONE',  ( 0.1012227821306089792, -4.075325453721699631, 25.97658234374999964 ) ) ;
#3696 = VECTOR ( 'NONE', #555, 1000.000000000000000 ) ;
#3697 = CARTESIAN_POINT ( 'NONE',  ( 2.404163056034261281, 2.404163056034261725, 23.08124999999999716 ) ) ;
#3698 = CARTESIAN_POINT ( 'NONE',  ( -3.399999999995049205, -3.989330696663959943E-06, 21.36257438200966163 ) ) ;
#3699 = CARTESIAN_POINT ( 'NONE',  ( -2.925227728211452050, -1.733392803048054764, 17.40707009642979131 ) ) ;
#3700 = CARTESIAN_POINT ( 'NONE',  ( -2.235044435693309239, -2.564808236692971644, 18.71931367257486301 ) ) ;
#3701 = ADVANCED_FACE ( 'NONE', ( #494 ), #4155, .T. ) ;
#3702 = CYLINDRICAL_SURFACE ( 'NONE', #2818, 3.399999999999999911 ) ;
#3703 = EDGE_CURVE ( 'NONE', #304, #1374, #610, .T. ) ;
#3704 = CARTESIAN_POINT ( 'NONE',  ( 1.688575694911937930, 4.076582343749974413, 24.01875000170700503 ) ) ;
#3705 = CARTESIAN_POINT ( 'NONE',  ( 1.408326112068522873, 3.400000000000000355, 23.47187500341398447 ) ) ;
#3706 = CARTESIAN_POINT ( 'NONE',  ( -3.378321487053082439, 0.3833450703505490442, 24.77823465728385699 ) ) ;
#3707 = CARTESIAN_POINT ( 'NONE',  ( 0.3352225300485475179, 3.384419004093980110, 18.21842090719479401 ) ) ;
#3708 = CARTESIAN_POINT ( 'NONE',  ( -3.385972830975570780, -0.3085348651817460541, 22.31743825232029721 ) ) ;
#3709 = CARTESIAN_POINT ( 'NONE',  ( 1.688575694911950809, -4.076582343749998394, 18.39375000170705832 ) ) ;
#3710 = CARTESIAN_POINT ( 'NONE',  ( 0.4651878594490159169, -3.368033126075523853, 20.13904019906982512 ) ) ;
#3711 = CARTESIAN_POINT ( 'NONE',  ( 3.184258855466030269, 1.197126431304374350, 15.49671197433168324 ) ) ;
#3712 = CARTESIAN_POINT ( 'NONE',  ( 3.349878285856606741, 0.5823680457835714863, 20.45836856955216376 ) ) ;
#3713 = CARTESIAN_POINT ( 'NONE',  ( -1.688575694911948810, 4.076582343749999282, 20.26875000170699437 ) ) ;
#3714 = AXIS2_PLACEMENT_3D ( 'NONE', #1555, #464, #509 ) ;
#3715 = CARTESIAN_POINT ( 'NONE',  ( 2.892800844185887676, 2.200041825431032994, 14.75028813948056516 ) ) ;
#3716 = CARTESIAN_POINT ( 'NONE',  ( 1.688575694911948366, 4.076582343749999282, 22.76875000170699437 ) ) ;
#3717 = CARTESIAN_POINT ( 'NONE',  ( -2.600316520661208219, -2.190525414653102576, 19.93990959379216577 ) ) ;
#3718 = CARTESIAN_POINT ( 'NONE',  ( 0.000000000000000000, 0.000000000000000000, 0.000000000000000000 ) ) ;
#3719 = CARTESIAN_POINT ( 'NONE',  ( -2.049593599925927823, -2.713401526863313151, 24.98311793796248281 ) ) ;
#3720 = ORIENTED_EDGE ( 'NONE', *, *, #2361, .T. ) ;
#3721 = CARTESIAN_POINT ( 'NONE',  ( -1.688575694911948810, 4.076582343749999282, 17.92500000170698726 ) ) ;
#3722 = CIRCLE ( 'NONE', #220, 4.924999999999999822 ) ;
#3723 = CARTESIAN_POINT ( 'NONE',  ( 2.404163056034261725, -2.404163056034261281, 18.08125000341398092 ) ) ;
#3724 = EDGE_LOOP ( 'NONE', ( #1370, #3793 ) ) ;
#3725 = CARTESIAN_POINT ( 'NONE',  ( 6.245698675651500839E-16, -3.399999999999999911, 21.36250000000000071 ) ) ;
#3726 = CARTESIAN_POINT ( 'NONE',  ( -2.934126284090454728, -2.686072387218421120, 25.86921078978490485 ) ) ;
#3727 = CARTESIAN_POINT ( 'NONE',  ( -2.489631683504811566, 2.316391109409928095, 17.15056045870354140 ) ) ;
#3728 = DIRECTION ( 'NONE',  ( -0.000000000000000000, -0.000000000000000000, 1.000000000000000000 ) ) ;
#3729 = DIRECTION ( 'NONE',  ( 0.000000000000000000, 0.000000000000000000, -1.000000000000000000 ) ) ;
#3730 = CARTESIAN_POINT ( 'NONE',  ( 1.262079854118224320, -3.157494615815432670, 16.43807888001599693 ) ) ;
#3731 = CARTESIAN_POINT ( 'NONE',  ( 2.882579019330955727, 2.882579019330956172, 23.94062500170700503 ) ) ;
#3732 = CARTESIAN_POINT ( 'NONE',  ( -2.404163056034261725, 2.404163056034261725, 23.70625000341398092 ) ) ;
#3733 = CARTESIAN_POINT ( 'NONE',  ( 2.158619176976653176, 2.628231915718014733, 19.35009809867336728 ) ) ;
#3734 = CARTESIAN_POINT ( 'NONE',  ( -1.904850363231102683, 2.817574154636375727, 18.35662845261627751 ) ) ;
#3735 = CARTESIAN_POINT ( 'NONE',  ( -0.05370252167772464336, -3.400016973889950833, 22.60918290061777114 ) ) ;
#3736 = FACE_OUTER_BOUND ( 'NONE', #987, .T. ) ;
#3737 = CARTESIAN_POINT ( 'NONE',  ( -2.105085159728683486, -2.669947496670915577, 19.97894926402110016 ) ) ;
#3738 = CARTESIAN_POINT ( 'NONE',  ( 2.791957917703629555, 1.940404110780499458, 15.54661263844988639 ) ) ;
#3739 = AXIS2_PLACEMENT_3D ( 'NONE', #1808, #4674, #4004 ) ;
#3740 = CARTESIAN_POINT ( 'NONE',  ( -2.882579019330973047, -2.882579019330974379, 25.65937500170699082 ) ) ;
#3741 = CARTESIAN_POINT ( 'NONE',  ( -1.688575694911948810, 4.076582343749999282, 21.51875000170699437 ) ) ;
#3742 = CARTESIAN_POINT ( 'NONE',  ( 3.572473896496477508, 0.9071689284765780403, 14.69868681123814191 ) ) ;
#3743 = CARTESIAN_POINT ( 'NONE',  ( -1.688575694911949698, -4.076582343749998394, 19.64375000170699082 ) ) ;
#3744 = CYLINDRICAL_SURFACE ( 'NONE', #3336, 3.399999999999999911 ) ;
#3745 = CARTESIAN_POINT ( 'NONE',  ( 3.115546282551604929, 1.361793074672869031, 21.75707810785041474 ) ) ;
#3746 = VERTEX_POINT ( 'NONE', #2261 ) ;
#3747 = EDGE_CURVE ( 'NONE', #2326, #1374, #3802, .T. ) ;
#3748 = CARTESIAN_POINT ( 'NONE',  ( -2.882579019330973047, -2.882579019330974379, 18.31562500170699082 ) ) ;
#3749 = CARTESIAN_POINT ( 'NONE',  ( 1.801322492181352208, 2.883751908715585621, 23.12578050190611734 ) ) ;
#3750 = CARTESIAN_POINT ( 'NONE',  ( 3.399999999999965272, 4.856265113253576216E-07, 18.23749975949983693 ) ) ;
#3751 = ORIENTED_EDGE ( 'NONE', *, *, #3747, .T. ) ;
#3752 = CARTESIAN_POINT ( 'NONE',  ( -3.400000000000000355, 1.408326112068523095, 24.72187499999999716 ) ) ;
#3753 = CARTESIAN_POINT ( 'NONE',  ( -3.389097272487778145, -2.034963459090175952, 25.84416305992538909 ) ) ;
#3754 = CARTESIAN_POINT ( 'NONE',  ( -3.374862163410789151, 0.4131059184323763178, 17.27657216744898605 ) ) ;
#3755 = CARTESIAN_POINT ( 'NONE',  ( -3.660067617042262800, 1.735353946781956980, 14.34459758488592840 ) ) ;
#3756 = CARTESIAN_POINT ( 'NONE',  ( -3.291840010833585239, -0.8609509749614489005, 18.60024585579381906 ) ) ;
#3757 = EDGE_CURVE ( 'NONE', #1458, #2978, #794, .T. ) ;
#3758 = CARTESIAN_POINT ( 'NONE',  ( 1.688575694911937930, 4.076582343749974413, 22.76875000170700503 ) ) ;
#3759 = CARTESIAN_POINT ( 'NONE',  ( 6.245698675651500839E-16, -3.399999999999999911, 25.42500000341398092 ) ) ;
#3760 = CARTESIAN_POINT ( 'NONE',  ( -2.562121365571196296, 2.245941165912530568, 18.40616172007621998 ) ) ;
#3761 = CARTESIAN_POINT ( 'NONE',  ( -2.960236168586507066, -1.672892175690406047, 22.40290674753331501 ) ) ;
#3762 = CARTESIAN_POINT ( 'NONE',  ( 3.705468380919190619, -0.4688191667453940337, 14.65241767823079932 ) ) ;
#3763 = CARTESIAN_POINT ( 'NONE',  ( -0.2331866491887147341, -3.392069281905513378, 20.09942906548132413 ) ) ;
#3764 = CARTESIAN_POINT ( 'NONE',  ( 0.5891009165022429439, 3.348781762500931958, 15.70364810682933054 ) ) ;
#3765 = CARTESIAN_POINT ( 'NONE',  ( -2.882579019330973935, 2.882579019330973935, 25.34687500170699082 ) ) ;
#3766 = CARTESIAN_POINT ( 'NONE',  ( -4.076582343749999282, 0.000000000000000000, 21.75312500170699082 ) ) ;
#3767 = LINE ( 'NONE', #83, #4320 ) ;
#3768 = ORIENTED_EDGE ( 'NONE', *, *, #3044, .T. ) ;
#3769 = CARTESIAN_POINT ( 'NONE',  ( 1.688575694911950809, -4.076582343749998394, 22.30000000170699437 ) ) ;
#3770 = CARTESIAN_POINT ( 'NONE',  ( -3.399999999999999911, 4.163799117101000559E-16, 0.000000000000000000 ) ) ;
#3771 = CARTESIAN_POINT ( 'NONE',  ( -3.382829127964653626, 0.3413412570934637458, 16.03065647648927339 ) ) ;
#3772 = CARTESIAN_POINT ( 'NONE',  ( 3.088274464490493809, 1.422557502853248890, 21.76106737598538743 ) ) ;
#3773 = ORIENTED_EDGE ( 'NONE', *, *, #3537, .T. ) ;
#3774 = CARTESIAN_POINT ( 'NONE',  ( 4.076582343749999282, 4.992373518734052056E-16, 26.12812500170699082 ) ) ;
#3775 = CARTESIAN_POINT ( 'NONE',  ( 2.218705774079618553, 2.577110545836576616, 23.09546308653280988 ) ) ;
#3776 = DIRECTION ( 'NONE',  ( -0.000000000000000000, -0.000000000000000000, -1.000000000000000000 ) ) ;
#3777 = AXIS2_PLACEMENT_3D ( 'NONE', #1386, #30, #2915 ) ;
#3778 = ORIENTED_EDGE ( 'NONE', *, *, #1503, .F. ) ;
#3779 = AXIS2_PLACEMENT_3D ( 'NONE', #3137, #3495, #1991 ) ;
#3780 = CARTESIAN_POINT ( 'NONE',  ( -3.399999999999999911, 0.000000000000000000, 16.04999999999999716 ) ) ;
#3781 = LINE ( 'NONE', #421, #871 ) ;
#3782 = CARTESIAN_POINT ( 'NONE',  ( -2.059607905883790835, 2.705192625516458005, 17.11774579323666856 ) ) ;
#3783 = CARTESIAN_POINT ( 'NONE',  ( 17.84486372867091930, 2.188741647563758345E-15, 25.98653347947319148 ) ) ;
#3784 = CARTESIAN_POINT ( 'NONE',  ( -2.619220251328476134, -2.168101535018677861, 18.68825496671631825 ) ) ;
#3785 = CARTESIAN_POINT ( 'NONE',  ( 3.298041174552866384, 2.396131886255051580, 13.75390659077761235 ) ) ;
#3786 = CARTESIAN_POINT ( 'NONE',  ( -2.328208244039067232, 2.480247119855753191, 18.38734605244237486 ) ) ;
#3787 =( BOUNDED_CURVE ( )  B_SPLINE_CURVE ( 2, ( #4413, #1543, #1133, #2597, #774, #3012, #2241, #423, #2267, #452, #1883, #3444, #526, #3088, #173, #884, #2341, #1624, #4539, #1987, #1263, #2725, #3808, #2871, #1754, #673, #1322, #4688, #2847, #2072, #236, #2138, #2780, #3188, #3524, #2092, #3549, #1026, #4643, #3235, #4286, #3212, #1410, #3169, #4264, #2826, #4241, #983, #4664, #2491, #583, #1387, #300, #1367, #280, #3572, #2514, #2448, #4308, #3953, #4331, #3595, #2050, #3908, #322, #2470, #628, #649, #1004, #1049, #1777, #1732, #4621, #3503, #3928, #1684, #3146, #2116, #2803, #962, #4598, #2425, #3887, #606, #259, #1709, #1345, #1140, #2605, #736, #2579, #1168, #1476, #4038, #1500, #407, #4446, #3301, #3662, #3709, #78, #2227, #4065, #3685, #2162, #3975, #1800, #2992, #342, #1433, #1843, #1455, #54, #2204, #3256, #1525, #363, #1092, #4353, #1867, #1114, #4396, #695, #3325, #781, #4711, #3349, #2965, #716, #3619, #431, #2894, #31, #2182, #383, #2939, #4421, #758, #1891, #1070, #2916, #2535, #1821, #4373, #3996, #3641, #2556, #3279, #7, #4016, #1992, #2345, #505 ),
 .UNSPECIFIED., .F., .F. ) 
 B_SPLINE_CURVE_WITH_KNOTS ( ( 3, 2, 2, 2, 2, 2, 2, 2, 2, 2, 2, 2, 2, 2, 2, 2, 2, 2, 2, 2, 2, 2, 2, 2, 2, 2, 2, 2, 2, 2, 2, 2, 2, 2, 2, 2, 2, 2, 2, 2, 2, 2, 2, 2, 2, 2, 2, 2, 2, 2, 2, 2, 2, 2, 2, 2, 2, 2, 2, 2, 2, 2, 2, 2, 2, 2, 2, 2, 2, 2, 2, 2, 2, 2, 2, 2, 3 ),
 ( 0.05970533730784243626, 0.06009435709722633218, 0.07211322851667159584, 0.08413209993611686643, 0.09615097135556213703, 0.1081698427750074076, 0.1201887141944526644, 0.1322075856138979211, 0.1442264570333431917, 0.1562453284527884623, 0.1682641998722337329, 0.1802830712916789757, 0.1923019427111242741, 0.2043208141305695169, 0.2163396855500148153, 0.2283585569694600581, 0.2403774283889053565, 0.2523962998083505993, 0.2644151712277958421, 0.2764340426472411405, 0.2884529140666863833, 0.3004717854861316817, 0.3124906569055769245, 0.3245095283250222229, 0.3365283997444674657, 0.3485472711639127086, 0.3605661425833580069, 0.3725850140028033053, 0.3846038854222486036, 0.3966227568416937910, 0.4086416282611390893, 0.4206604996805842767, 0.4326793711000296305, 0.4446982425194748734, 0.4567171139389201717, 0.4687359853583654146, 0.4807548567778106574, 0.4927737281972559558, 0.5047925996167011986, 0.5168114710361464414, 0.5288303424555916843, 0.5408492138750369271, 0.5528680852944822810, 0.5648869567139275238, 0.5769058281333727667, 0.5889246995528180095, 0.6009435709722634744, 0.6129624423917086062, 0.6249813138111539601, 0.6370001852305992029, 0.6490190566500444458, 0.6610379280694896886, 0.6730567994889349315, 0.6850756709083801743, 0.6970945423278255282, 0.7091134137472707710, 0.7211322851667159028, 0.7331511565861613677, 0.7451700280056066106, 0.7571888994250519644, 0.7692077708444970963, 0.7812266422639423391, 0.7932455136833875819, 0.8052643851028329358, 0.8172832565222781787, 0.8293021279417233105, 0.8413209993611686643, 0.8533398707806139072, 0.8653587422000593721, 0.8773776136195045039, 0.8893964850389497467, 0.9014153564583951006, 0.9134342278778403434, 0.9254530992972855863, 0.9374719707167308291, 0.9494908421361760720, 0.9575693401568078356 ),
 .UNSPECIFIED. ) 
 CURVE ( )  GEOMETRIC_REPRESENTATION_ITEM ( )  RATIONAL_B_SPLINE_CURVE ( ( 0.9952318497398824348, 0.9975361773001121257, 1.000000000000000000, 0.9238795325112867385, 1.000000000000000000, 0.9238795325112867385, 1.000000000000000000, 0.9238795325112867385, 1.000000000000000000, 0.9238795325112867385, 1.000000000000000000, 0.9238795325112867385, 1.000000000000000000, 0.9238795325112867385, 1.000000000000000000, 0.9238795325112867385, 1.000000000000000000, 0.9238795325112867385, 1.000000000000000000, 0.9238795325112867385, 1.000000000000000000, 0.9238795325112867385, 1.000000000000000000, 0.9238795325112867385, 1.000000000000000000, 0.9238795325112867385, 1.000000000000000000, 0.9238795325112867385, 1.000000000000000000, 0.9238795325112867385, 1.000000000000000000, 0.9238795325112867385, 1.000000000000000000, 0.9238795325112867385, 1.000000000000000000, 0.9238795325112867385, 1.000000000000000000, 0.9238795325112867385, 1.000000000000000000, 0.9238795325112867385, 1.000000000000000000, 0.9238795325112867385, 1.000000000000000000, 0.9238795325112867385, 1.000000000000000000, 0.9238795325112867385, 1.000000000000000000, 0.9238795325112867385, 1.000000000000000000, 0.9238795325112867385, 1.000000000000000000, 0.9238795325112867385, 1.000000000000000000, 0.9238795325112867385, 1.000000000000000000, 0.9238795325112867385, 1.000000000000000000, 0.9238795325112867385, 1.000000000000000000, 0.9238795325112867385, 1.000000000000000000, 0.9238795325112867385, 1.000000000000000000, 0.9238795325112867385, 1.000000000000000000, 0.9238795325112867385, 1.000000000000000000, 0.9238795325112867385, 1.000000000000000000, 0.9238795325112867385, 1.000000000000000000, 0.9238795325112867385, 1.000000000000000000, 0.9238795325112867385, 1.000000000000000000, 0.9238795325112867385, 1.000000000000000000, 0.9238795325112867385, 1.000000000000000000, 0.9238795325112867385, 1.000000000000000000, 0.9238795325112867385, 1.000000000000000000, 0.9238795325112867385, 1.000000000000000000, 0.9238795325112867385, 1.000000000000000000, 0.9238795325112867385, 1.000000000000000000, 0.9238795325112867385, 1.000000000000000000, 0.9238795325112867385, 1.000000000000000000, 0.9238795325112867385, 1.000000000000000000, 0.9238795325112867385, 1.000000000000000000, 0.9238795325112867385, 1.000000000000000000, 0.9238795325112867385, 1.000000000000000000, 0.9238795325112867385, 1.000000000000000000, 0.9238795325112867385, 1.000000000000000000, 0.9238795325112867385, 1.000000000000000000, 0.9238795325112867385, 1.000000000000000000, 0.9238795325112867385, 1.000000000000000000, 0.9238795325112867385, 1.000000000000000000, 0.9238795325112867385, 1.000000000000000000, 0.9238795325112867385, 1.000000000000000000, 0.9238795325112867385, 1.000000000000000000, 0.9238795325112867385, 1.000000000000000000, 0.9238795325112867385, 1.000000000000000000, 0.9238795325112867385, 1.000000000000000000, 0.9238795325112867385, 1.000000000000000000, 0.9238795325112867385, 1.000000000000000000, 0.9238795325112867385, 1.000000000000000000, 0.9238795325112867385, 1.000000000000000000, 0.9238795325112867385, 1.000000000000000000, 0.9238795325112867385, 1.000000000000000000, 0.9238795325112867385, 1.000000000000000000, 0.9238795325112867385, 1.000000000000000000, 0.9238795325112867385, 1.000000000000000000, 0.9238795325112867385, 1.000000000000000000, 0.9238795325112867385, 1.000000000000000000, 0.9238795325112867385, 1.000000000000000000, 0.9238795325112867385, 1.000000000000000000, 0.9488355416680614995, 0.9664515804288089651 ) ) 
 REPRESENTATION_ITEM ( '' )  );
#3788 = CARTESIAN_POINT ( 'NONE',  ( -3.089484534455038567, -1.431754810048119886, 22.38657090927819837 ) ) ;
#3789 = DIRECTION ( 'NONE',  ( -0.000000000000000000, -0.000000000000000000, 1.000000000000000000 ) ) ;
#3790 = CARTESIAN_POINT ( 'NONE',  ( 1.665541870283222314, -2.964188181449731729, 20.21490798576951420 ) ) ;
#3791 = CARTESIAN_POINT ( 'NONE',  ( 0.5475554273861316101, 3.355648978526570847, 15.70610689023253137 ) ) ;
#3792 = CARTESIAN_POINT ( 'NONE',  ( 4.076582343749999282, 1.688575694911949254, 18.70625000170699082 ) ) ;
#3793 = ORIENTED_EDGE ( 'NONE', *, *, #661, .T. ) ;
#3794 = CARTESIAN_POINT ( 'NONE',  ( 1.688575694911950809, -4.076582343749998394, 21.05000000170699437 ) ) ;
#3795 = CARTESIAN_POINT ( 'NONE',  ( 2.859137160041657744, 1.843362886313541393, 16.78953256594964927 ) ) ;
#3796 = CARTESIAN_POINT ( 'NONE',  ( -3.399999998543691060, -0.05470688586544041054, 19.80293327778418444 ) ) ;
#3797 = DIRECTION ( 'NONE',  ( -0.000000000000000000, -0.000000000000000000, 1.000000000000000000 ) ) ;
#3798 = ORIENTED_EDGE ( 'NONE', *, *, #2056, .F. ) ;
#3799 = CARTESIAN_POINT ( 'NONE',  ( -4.076582343749998394, -1.688575694911951253, 15.73750000170698904 ) ) ;
#3800 = ADVANCED_FACE ( 'NONE', ( #469 ), #607, .T. ) ;
#3801 = CARTESIAN_POINT ( 'NONE',  ( 2.809129629783641668, 1.915408879479682414, 23.04483176118389309 ) ) ;
#3802 = LINE ( 'NONE', #1904, #1369 ) ;
#3803 = ORIENTED_EDGE ( 'NONE', *, *, #2160, .F. ) ;
#3804 = CARTESIAN_POINT ( 'NONE',  ( 3.400000000000000355, 1.408326112068523539, 16.75312499999999716 ) ) ;
#3805 = CARTESIAN_POINT ( 'NONE',  ( 2.882579019330974379, -2.882579019330973491, 26.12812500170699082 ) ) ;
#3806 = CARTESIAN_POINT ( 'NONE',  ( -3.400000002851956804, 0.1094152007896071754, 17.29364758245746003 ) ) ;
#3807 = CARTESIAN_POINT ( 'NONE',  ( -3.855044975035104127, 0.3512256959020498281, 14.51289527765072052 ) ) ;
#3808 = CARTESIAN_POINT ( 'NONE',  ( -2.882579019330973047, -2.882579019330974379, 24.40937500170706187 ) ) ;
#3809 = CARTESIAN_POINT ( 'NONE',  ( 4.076582343749975301, -1.688575694911937264, 18.70625000170700503 ) ) ;
#3810 = CARTESIAN_POINT ( 'NONE',  ( 2.940846029276182438, 1.708540796786494731, 18.03020801591424416 ) ) ;
#3811 = CARTESIAN_POINT ( 'NONE',  ( 2.074835744455697739, -2.693529985563907214, 21.49380626786178183 ) ) ;
#3812 = DIRECTION ( 'NONE',  ( -1.000000000000000000, 0.000000000000000000, 0.000000000000000000 ) ) ;
#3813 = CARTESIAN_POINT ( 'NONE',  ( 3.367392253053222539, 0.4826384913311527192, 15.45236808075564916 ) ) ;
#3814 = CARTESIAN_POINT ( 'NONE',  ( -2.629060280873364963, -2.155974716604914576, 24.93736337179234042 ) ) ;
#3815 = CARTESIAN_POINT ( 'NONE',  ( 4.076582343749999282, 4.992373518734052056E-16, 19.87812500170699082 ) ) ;
#3816 = CARTESIAN_POINT ( 'NONE',  ( -2.496186759367026028E-16, 4.076582343749999282, 18.94062500170699082 ) ) ;
#3817 = CARTESIAN_POINT ( 'NONE',  ( 0.1893996440688683891, -3.394747984989272105, 23.87312468882884886 ) ) ;
#3818 = CARTESIAN_POINT ( 'NONE',  ( -4.076582343749999282, 1.688575694911948588, 20.58125000170699082 ) ) ;
#3819 = CARTESIAN_POINT ( 'NONE',  ( 2.921175038065527030, 1.743989457043259694, 16.78263776461643175 ) ) ;
#3820 = ORIENTED_EDGE ( 'NONE', *, *, #1055, .F. ) ;
#3821 = AXIS2_PLACEMENT_3D ( 'NONE', #2238, #1929, #3081 ) ;
#3822 = CARTESIAN_POINT ( 'NONE',  ( -2.882579019330973935, 2.882579019330973935, 14.25312500170699082 ) ) ;
#3823 = DIRECTION ( 'NONE',  ( 1.000000000000000000, 0.000000000000000000, 0.000000000000000000 ) ) ;
#3824 = CARTESIAN_POINT ( 'NONE',  ( 2.001926966761309767, -2.749340895513500804, 15.23849290248701571 ) ) ;
#3825 = CARTESIAN_POINT ( 'NONE',  ( 1.212075914048727165, 3.176628072888801668, 19.41512909981687685 ) ) ;
#3826 = ORIENTED_EDGE ( 'NONE', *, *, #3490, .T. ) ;
#3827 = CARTESIAN_POINT ( 'NONE',  ( 1.408326112068525537, -3.399999999999999023, 18.94062499999999361 ) ) ;
#3828 = CARTESIAN_POINT ( 'NONE',  ( -4.076582343749999282, 0.000000000000000000, 26.90937500170699082 ) ) ;
#3829 = CARTESIAN_POINT ( 'NONE',  ( -3.335246636274918686, 0.6686931472300980950, 17.26146322573438496 ) ) ;
#3830 = CARTESIAN_POINT ( 'NONE',  ( 1.408326112068525537, -3.399999999999999023, 15.50312500341398092 ) ) ;
#3831 = CARTESIAN_POINT ( 'NONE',  ( 7.488560278101030260E-16, -4.076582343749974413, 18.47187500170700503 ) ) ;
#3832 = CARTESIAN_POINT ( 'NONE',  ( 3.245322802652090388, 1.013864658282249920, 17.98479691071971942 ) ) ;
#3833 = CARTESIAN_POINT ( 'NONE',  ( 1.253680950234151714, -3.160510257140637158, 21.43754317350275329 ) ) ;
#3834 = CARTESIAN_POINT ( 'NONE',  ( 0.000000000000000000, 0.000000000000000000, 13.98000000000000043 ) ) ;
#3835 = PLANE ( 'NONE',  #1255 ) ;
#3836 = CARTESIAN_POINT ( 'NONE',  ( -2.603376300817976219, -2.186884063520711852, 24.93960881260770179 ) ) ;
#3837 = CARTESIAN_POINT ( 'NONE',  ( 1.688575694911948366, 4.076582343749999282, 21.36250000170699082 ) ) ;
#3838 = CARTESIAN_POINT ( 'NONE',  ( -2.882579019330973935, 2.882579019330973935, 19.09687500170699082 ) ) ;
#3839 = CARTESIAN_POINT ( 'NONE',  ( 3.096156894334625154, -1.405210109081318270, 24.09006773739438856 ) ) ;
#3840 = CARTESIAN_POINT ( 'NONE',  ( 4.076582343750000170, -1.688575694911947922, 14.95625000170699082 ) ) ;
#3841 = CARTESIAN_POINT ( 'NONE',  ( 0.2484970230444608352, 3.399037198978725360, 16.97328175992371158 ) ) ;
#3842 = CARTESIAN_POINT ( 'NONE',  ( -0.8495639042060766366, 3.292151654083764090, 15.78710809713499508 ) ) ;
#3843 = EDGE_CURVE ( 'NONE', #4529, #2053, #448, .T. ) ;
#3844 = ORIENTED_EDGE ( 'NONE', *, *, #72, .F. ) ;
#3845 = EDGE_CURVE ( 'NONE', #4000, #591, #2230, .T. ) ;
#3846 = CARTESIAN_POINT ( 'NONE',  ( 2.882579019330973491, 2.882579019330973935, 13.94062500170699082 ) ) ;
#3847 = CARTESIAN_POINT ( 'NONE',  ( 3.400000000000000355, 1.408326112068523539, 18.31562500341398092 ) ) ;
#3848 = CARTESIAN_POINT ( 'NONE',  ( 2.784639076794510615, -1.950879970537026109, 15.30263686766923037 ) ) ;
#3849 = CARTESIAN_POINT ( 'NONE',  ( 1.218176985223144992, 3.174282253867059644, 24.41473673418377288 ) ) ;
#3850 = ORIENTED_EDGE ( 'NONE', *, *, #594, .T. ) ;
#3851 = CARTESIAN_POINT ( 'NONE',  ( 2.404163056034261281, 2.404163056034261725, 19.33124999999999716 ) ) ;
#3852 = CARTESIAN_POINT ( 'NONE',  ( 3.399999999999967493, -4.708064916943021022E-07, 20.73749997729563432 ) ) ;
#3853 = CARTESIAN_POINT ( 'NONE',  ( -2.081899558550500280E-16, 3.399999999999999911, 17.30000000341398092 ) ) ;
#3854 = AXIS2_PLACEMENT_3D ( 'NONE', #4710, #4395, #6 ) ;
#3855 = CARTESIAN_POINT ( 'NONE',  ( 3.322680630244640554, 0.7305033727783788455, 17.96731868494591211 ) ) ;
#3856 = CARTESIAN_POINT ( 'NONE',  ( 3.140238780638585414, -1.306436628178085257, 21.59660808277436317 ) ) ;
#3857 = CARTESIAN_POINT ( 'NONE',  ( 1.854374003716537267, -2.850415670364938592, 17.72799656481355512 ) ) ;
#3858 = ADVANCED_FACE ( 'NONE', ( #2453 ), #1736, .F. ) ;
#3859 = CARTESIAN_POINT ( 'NONE',  ( 0.7176245973103906328, -3.328275499443023477, 25.15430938771585190 ) ) ;
#3860 = CARTESIAN_POINT ( 'NONE',  ( -4.076582343749998394, -1.688575694911951253, 20.58125000170699082 ) ) ;
#3861 = CARTESIAN_POINT ( 'NONE',  ( -4.076582343749999282, 0.000000000000000000, 19.25312500170699082 ) ) ;
#3862 = CARTESIAN_POINT ( 'NONE',  ( 0.9833272285366069232, -3.254858640166646389, 23.92039076181169932 ) ) ;
#3863 = CARTESIAN_POINT ( 'NONE',  ( -2.496186759367026028E-16, 4.076582343749999282, 14.09687500170699082 ) ) ;
#3864 = CARTESIAN_POINT ( 'NONE',  ( 1.049995465752591617, 3.234233612785013090, 16.92541928105230653 ) ) ;
#3865 = CARTESIAN_POINT ( 'NONE',  ( -0.2607148787835396053, 3.390383493468204001, 15.75218552608257205 ) ) ;
#3866 = CARTESIAN_POINT ( 'NONE',  ( -1.688575694911939040, -4.076582343749973525, 14.64375000170700503 ) ) ;
#3867 = ORIENTED_EDGE ( 'NONE', *, *, #3002, .F. ) ;
#3868 = CARTESIAN_POINT ( 'NONE',  ( -3.382846314517391484, 0.3413764785519842193, 22.28060950998596468 ) ) ;
#3869 = CARTESIAN_POINT ( 'NONE',  ( 1.479592876910183152, -3.061755662155868141, 15.20237479854923990 ) ) ;
#3870 = CARTESIAN_POINT ( 'NONE',  ( 1.600720442887116679, 3.014254899019572331, 24.38988812884941382 ) ) ;
#3871 = VERTEX_POINT ( 'NONE', #3172 ) ;
#3872 = AXIS2_PLACEMENT_3D ( 'NONE', #1081, #3918, #3899 ) ;
#3873 = CARTESIAN_POINT ( 'NONE',  ( -2.404163056034260837, -2.404163056034261725, 17.45625000000000071 ) ) ;
#3874 = CARTESIAN_POINT ( 'NONE',  ( -3.399999999995818811, -3.669941133760939916E-06, 18.86256836408427873 ) ) ;
#3875 = CARTESIAN_POINT ( 'NONE',  ( -4.076582343749974413, 1.688575694911938152, 19.33125000170700503 ) ) ;
#3876 = CARTESIAN_POINT ( 'NONE',  ( 6.245698675651500839E-16, -3.399999999999999911, 19.17500000341398092 ) ) ;
#3877 = CARTESIAN_POINT ( 'NONE',  ( 1.716642827242091052, 2.935519684819305475, 18.13177590069858169 ) ) ;
#3878 = CARTESIAN_POINT ( 'NONE',  ( 3.011682481191618521, -1.585008495991195421, 21.57827530334669319 ) ) ;
#3879 = CARTESIAN_POINT ( 'NONE',  ( 0.4613714217371313597, -3.368579189452485689, 17.63884669290866825 ) ) ;
#3880 = CARTESIAN_POINT ( 'NONE',  ( 0.6892431423279222757, -3.723432848074779145, 25.68009545890788203 ) ) ;
#3881 = LINE ( 'NONE', #2841, #1614 ) ;
#3882 = CARTESIAN_POINT ( 'NONE',  ( 1.408326112068522873, 3.400000000000000355, 18.47187500341398092 ) ) ;
#3883 = CARTESIAN_POINT ( 'NONE',  ( -4.076582343749999282, 0.000000000000000000, 20.50312500170699437 ) ) ;
#3884 = CARTESIAN_POINT ( 'NONE',  ( -1.688575694911949698, -4.076582343749998394, 16.98750000170699082 ) ) ;
#3885 = CARTESIAN_POINT ( 'NONE',  ( 0.2322408838775203432, -3.392075698094149772, 23.87556529029816232 ) ) ;
#3886 = CARTESIAN_POINT ( 'NONE',  ( 4.076582343750000170, -1.688575694911947922, 17.45625000170699437 ) ) ;
#3887 = CARTESIAN_POINT ( 'NONE',  ( 2.882579019330974379, -2.882579019330973491, 19.72187500170706187 ) ) ;
#3888 = CARTESIAN_POINT ( 'NONE',  ( -2.562157680345769961, 2.245901757860375714, 15.90617454920021245 ) ) ;
#3889 = B_SPLINE_CURVE_WITH_KNOTS ( 'NONE', 3,
 ( #1262, #1963, #1355, #1720, #1672, #4252, #4631, #2836, #952, #3513 ),
 .UNSPECIFIED., .F., .F.,
 ( 4, 2, 2, 2, 4 ),
 ( 0.000000000000000000, 0.0008051252931974894672, 0.001610250586394978934, 0.002415375879592469160, 0.003220501172789958736 ),
 .UNSPECIFIED. ) ;
#3890 = ORIENTED_EDGE ( 'NONE', *, *, #2362, .F. ) ;
#3891 = CARTESIAN_POINT ( 'NONE',  ( -3.379221425821107072, 0.3753789115143290056, 22.27870127751089058 ) ) ;
#3892 = CARTESIAN_POINT ( 'NONE',  ( 2.190304302946940229, -2.600889734712881207, 15.25236352921546690 ) ) ;
#3893 = EDGE_CURVE ( 'NONE', #3128, #4529, #237, .T. ) ;
#3894 = CARTESIAN_POINT ( 'NONE',  ( 1.036917102538452928, 3.238509716470525657, 24.42623394710634344 ) ) ;
#3895 = EDGE_LOOP ( 'NONE', ( #698, #1669, #4401, #492 ) ) ;
#3896 = CARTESIAN_POINT ( 'NONE',  ( 2.882579019330973491, 2.882579019330973935, 23.94062500170699082 ) ) ;
#3897 = CARTESIAN_POINT ( 'NONE',  ( 2.404163056034261281, 2.404163056034261725, 20.89375000341398092 ) ) ;
#3898 =( NAMED_UNIT ( * ) PLANE_ANGLE_UNIT ( ) SI_UNIT ( $, .RADIAN. ) );
#3899 = DIRECTION ( 'NONE',  ( 1.000000000000000000, 0.000000000000000000, 0.000000000000000000 ) ) ;
#3900 = CARTESIAN_POINT ( 'NONE',  ( 3.294876919711548169, -0.8492676038611899347, 21.62546755032384382 ) ) ;
#3901 = CARTESIAN_POINT ( 'NONE',  ( 2.263544844112432841, -2.537630991221579979, 17.75788153067691155 ) ) ;
#3902 = DIRECTION ( 'NONE',  ( 1.000000000000000000, 0.000000000000000000, 0.000000000000000000 ) ) ;
#3903 = CARTESIAN_POINT ( 'NONE',  ( -3.384656498079352982, -0.3227958970209799938, 24.81826635911808410 ) ) ;
#3904 = CARTESIAN_POINT ( 'NONE',  ( 4.076582343750000170, -1.688575694911947922, 22.30000000170699082 ) ) ;
#3905 = CARTESIAN_POINT ( 'NONE',  ( -3.361279180942455369, 0.5142544118063053782, 19.77066169131046891 ) ) ;
#3906 = DIRECTION ( 'NONE',  ( 0.000000000000000000, 0.000000000000000000, 1.000000000000000000 ) ) ;
#3907 = CARTESIAN_POINT ( 'NONE',  ( 1.688575694911950809, -4.076582343749998394, 17.30000000170699082 ) ) ;
#3908 = CARTESIAN_POINT ( 'NONE',  ( 4.076582343749999282, 1.688575694911949254, 21.20625000170706542 ) ) ;
#3909 = CARTESIAN_POINT ( 'NONE',  ( -3.380943691007279650, 0.3595301236726351490, 16.02962701053586514 ) ) ;
#3910 = ORIENTED_EDGE ( 'NONE', *, *, #4694, .T. ) ;
#3911 = DIRECTION ( 'NONE',  ( -0.000000000000000000, -0.000000000000000000, 1.000000000000000000 ) ) ;
#3912 = EDGE_CURVE ( 'NONE', #118, #1949, #2718, .T. ) ;
#3913 = CARTESIAN_POINT ( 'NONE',  ( 2.263159798567451197, -2.537345991165464998, 15.25786775693591046 ) ) ;
#3914 = CARTESIAN_POINT ( 'NONE',  ( -2.489919405978710643, 2.316076021604863922, 24.65060165726604424 ) ) ;
#3915 = ORIENTED_EDGE ( 'NONE', *, *, #3490, .F. ) ;
#3916 = CARTESIAN_POINT ( 'NONE',  ( 4.076582343749999282, 4.992373518734052056E-16, 25.03437500170699437 ) ) ;
#3917 = CARTESIAN_POINT ( 'NONE',  ( 4.076582343749999282, 4.992373518734052056E-16, 21.28437500170699082 ) ) ;
#3918 = DIRECTION ( 'NONE',  ( -0.000000000000000000, -0.000000000000000000, -1.000000000000000000 ) ) ;
#3919 = CARTESIAN_POINT ( 'NONE',  ( -3.247542525238331645, -1.006730642901629613, 21.10934968563397618 ) ) ;
#3920 = CARTESIAN_POINT ( 'NONE',  ( 2.350421211917790743, -2.456735416778238701, 17.76456309735046091 ) ) ;
#3921 = DIRECTION ( 'NONE',  ( -1.000000000000000000, 0.000000000000000000, 0.000000000000000000 ) ) ;
#3922 = CARTESIAN_POINT ( 'NONE',  ( 6.245698675651500839E-16, -3.399999999999999911, 24.17500000341398092 ) ) ;
#3923 = CARTESIAN_POINT ( 'NONE',  ( -3.399999999999999023, -1.408326112068525537, 16.44062500341398447 ) ) ;
#3924 = CARTESIAN_POINT ( 'NONE',  ( 7.488560278101077592E-16, -4.076582343749999282, 15.81562500170698904 ) ) ;
#3925 = CARTESIAN_POINT ( 'NONE',  ( -3.309156413673635111, 0.7976455988025398236, 19.75367305561732323 ) ) ;
#3926 = CARTESIAN_POINT ( 'NONE',  ( -1.561948119215830655, -3.019997673223945522, 23.76712148820595161 ) ) ;
#3927 = CARTESIAN_POINT ( 'NONE',  ( 4.076582343749999282, 4.992373518734052056E-16, 17.53437500170699437 ) ) ;
#3928 = CARTESIAN_POINT ( 'NONE',  ( -2.882579019330973935, 2.882579019330973935, 20.34687500170705832 ) ) ;
#3929 = CARTESIAN_POINT ( 'NONE',  ( -3.377077895929877283, 0.3944893193280479826, 16.02757924374324361 ) ) ;
#3930 = CIRCLE ( 'NONE', #2707, 4.924999999999999822 ) ;
#3931 = ORIENTED_EDGE ( 'NONE', *, *, #1662, .T. ) ;
#3932 = CARTESIAN_POINT ( 'NONE',  ( -1.996476390177125859, 2.752432931562116103, 22.11319275090648162 ) ) ;
#3933 = CARTESIAN_POINT ( 'NONE',  ( -0.3957515859265265945, 3.677002550416954119, 25.59038358212941233 ) ) ;
#3934 = CARTESIAN_POINT ( 'NONE',  ( -1.382262664928203932, 3.107380152876473733, 24.57090342287379059 ) ) ;
#3935 = ORIENTED_EDGE ( 'NONE', *, *, #1956, .T. ) ;
#3936 = CARTESIAN_POINT ( 'NONE',  ( -4.076582343749999282, 0.000000000000000000, 25.65937500170699082 ) ) ;
#3937 = ADVANCED_FACE ( 'NONE', ( #2405 ), #1371, .F. ) ;
#3938 = CARTESIAN_POINT ( 'NONE',  ( -2.496186759367026028E-16, 4.076582343749999282, 25.34687500170699082 ) ) ;
#3939 =( NAMED_UNIT ( * ) SI_UNIT ( $, .STERADIAN. ) SOLID_ANGLE_UNIT ( ) );
#3940 = B_SPLINE_CURVE_WITH_KNOTS ( 'NONE', 3,
 ( #3315, #2290, #2264, #855, #1933, #3391, #2980, #3365, #1961, #3726, #1540, #3753, #1184, #497, #4080, #4436, #3033, #20 ),
 .UNSPECIFIED., .F., .F.,
 ( 4, 2, 2, 2, 2, 2, 2, 2, 4 ),
 ( 0.000000000000000000, 0.0007901318626901121783, 0.001580263725380224357, 0.002370395588070336318, 0.003160527450760448713, 0.003950659313450561108, 0.004740791176140672636, 0.005530923038830785031, 0.006321054901520897426 ),
 .UNSPECIFIED. ) ;
#3941 = CARTESIAN_POINT ( 'NONE',  ( -4.076582343749974413, 1.688575694911938152, 16.83125000170700503 ) ) ;
#3942 = B_SPLINE_CURVE_WITH_KNOTS ( 'NONE', 3,
 ( #4246, #1641, #3105, #3868, #4559, #3891, #216, #965, #1280, #2740, #2054, #2875, #2946, #367, #3645, #1827, #2562, #3578, #390, #3668, #2120, #3979, #3623, #1850, #2518, #3284, #720, #2142, #2187, #4380, #12, #653, #4404, #305, #1483, #2473, #1760, #1098, #3932, #1460, #3307, #3958, #1781, #3217, #2899, #38, #3261, #2921, #4715, #4021, #3600, #326, #2540, #741, #4670, #2851, #3239, #4693, #2210, #4001, #1392, #4313, #1031, #1439, #2495, #1053, #678, #1415, #4338, #699, #2166, #345, #1804, #4357, #1075, #3691, #4126, #3026, #3050, #847, #791, #513, #2330, #1560, #1874, #1532, #2307, #4505, #1121, #491, #3772, #3745, #4100, #1952, #3077, #2999, #3410, #138 ),
 .UNSPECIFIED., .F., .F.,
 ( 4, 2, 2, 2, 1, 2, 2, 2, 2, 2, 2, 2, 1, 2, 2, 1, 1, 1, 2, 1, 2, 2, 2, 2, 2, 2, 2, 2, 2, 2, 2, 2, 1, 2, 2, 2, 1, 2, 2, 2, 2, 2, 2, 2, 2, 2, 2, 2, 2, 2, 2, 2, 4 ),
 ( 0.2908078472525925662, 0.2927004545952359704, 0.2929370305130664098, 0.2930553184719816295, 0.2931736064308968492, 0.2936467582665577281, 0.2945930619378794302, 0.2964856692805228344, 0.2974319729518445921, 0.2983782766231662942, 0.3021634913084532137, 0.3040560986510966179, 0.3045292504867574968, 0.3046475384456727165, 0.3047066824251303263, 0.3047658264045879362, 0.3050024023224183201, 0.3059487059937400222, 0.3078413133363833709, 0.3083144651720441942, 0.3085510410898745781, 0.3087876170077050175, 0.3097339206790266641, 0.3116265280216700129, 0.3120996798573307807, 0.3125728316929916595, 0.3135191353643133061, 0.3173043500495998925, 0.3191969573922431858, 0.3201432610635648879, 0.3202615490224800521, 0.3203798369813952718, 0.3206164128992257112, 0.3210895647348865345, 0.3248747794201732875, 0.3267673867628166917, 0.3277136904341383383, 0.3279502663519687777, 0.3281868422697992171, 0.3286599941054600404, 0.3324452087907467934, 0.3343378161333901422, 0.3352841198047118443, 0.3357572716403726676, 0.3359938475582030515, 0.3362304234760334909, 0.3400156381613202439, 0.3419082455039636481, 0.3428545491752853502, 0.3433277010109461735, 0.3438008528466069968, 0.3475860675318937498, 0.3513712822171805028 ),
 .UNSPECIFIED. ) ;
#3943 = CARTESIAN_POINT ( 'NONE',  ( 2.404163056034261725, -2.404163056034261281, 25.26875000000000071 ) ) ;
#3944 = CARTESIAN_POINT ( 'NONE',  ( 0.9309409592673710820, -3.271355774914991521, 21.41717080905846515 ) ) ;
#3945 = CARTESIAN_POINT ( 'NONE',  ( 3.400000000466591565, -0.01105107076210503671, 17.92438695486052325 ) ) ;
#3946 = CARTESIAN_POINT ( 'NONE',  ( -0.1904038960880114484, -3.394664834642476148, 18.85181502106358309 ) ) ;
#3947 = CARTESIAN_POINT ( 'NONE',  ( 1.408326112068525537, -3.399999999999999023, 24.25312500341398092 ) ) ;
#3948 = CARTESIAN_POINT ( 'NONE',  ( 0.05061919450890681182, -4.076582343749974413, 25.97421699003653472 ) ) ;
#3949 = CARTESIAN_POINT ( 'NONE',  ( 4.076582343749999282, 4.992373518734052056E-16, 14.87812500170699082 ) ) ;
#3950 = CARTESIAN_POINT ( 'NONE',  ( -2.060563719992650533, 2.704461639678302998, 19.61780079553448175 ) ) ;
#3951 = CARTESIAN_POINT ( 'NONE',  ( -3.400000002884493888, 0.1094168271103615475, 18.54364614990015525 ) ) ;
#3952 = CARTESIAN_POINT ( 'NONE',  ( 2.887252340488439817, -1.798878857221571703, 22.81334805109322161 ) ) ;
#3953 = CARTESIAN_POINT ( 'NONE',  ( -1.688575694911948810, 4.076582343749999282, 21.51875000170706187 ) ) ;
#3954 = AXIS2_PLACEMENT_3D ( 'NONE', #1260, #2767, #2411 ) ;
#3955 = CARTESIAN_POINT ( 'NONE',  ( 1.767921550554207410, -2.904436313781176171, 20.22196813199883181 ) ) ;
#3956 = CARTESIAN_POINT ( 'NONE',  ( 1.952504000745277191, 2.784879201585427566, 20.61488873758798590 ) ) ;
#3957 = EDGE_LOOP ( 'NONE', ( #3720, #1414, #2720, #4249 ) ) ;
#3958 = CARTESIAN_POINT ( 'NONE',  ( -1.634625488507835511, 2.981503658662316258, 22.08779940239473305 ) ) ;
#3959 = ADVANCED_FACE ( 'NONE', ( #567 ), #1688, .F. ) ;
#3960 = CARTESIAN_POINT ( 'NONE',  ( -3.379900767591835109, 0.3691487789645045425, 21.02906055979011057 ) ) ;
#3961 = CARTESIAN_POINT ( 'NONE',  ( -1.688575694911948810, 4.076582343749999282, 25.42500000170699792 ) ) ;
#3962 = CARTESIAN_POINT ( 'NONE',  ( -2.002800348842681544, 2.747797000148771485, 23.36366659356884412 ) ) ;
#3963 = CIRCLE ( 'NONE', #2061, 4.924999999999999822 ) ;
#3964 = CARTESIAN_POINT ( 'NONE',  ( -2.442422761391539687, -2.365917544234569903, 16.20306599990882290 ) ) ;
#3965 = CARTESIAN_POINT ( 'NONE',  ( -3.399999999999999911, 0.000000000000000000, 27.29999999999999716 ) ) ;
#3966 = CARTESIAN_POINT ( 'NONE',  ( -3.177434320491688613, -1.210755596397351752, 21.12223520244123520 ) ) ;
#3967 = CARTESIAN_POINT ( 'NONE',  ( -1.710900752134307812, -2.941986206273595528, 17.50742870519668060 ) ) ;
#3968 = CARTESIAN_POINT ( 'NONE',  ( -0.2495748153360822508, -3.390868398955315222, 18.84843403001486806 ) ) ;
#3969 = CARTESIAN_POINT ( 'NONE',  ( 0.000000000000000000, 0.000000000000000000, 25.98653347947319148 ) ) ;
#3970 = CARTESIAN_POINT ( 'NONE',  ( -2.404163056034261725, 2.404163056034261725, 13.70625000341398092 ) ) ;
#3971 = CARTESIAN_POINT ( 'NONE',  ( 7.488560278101077592E-16, -4.076582343749999282, 17.06562500170699082 ) ) ;
#3972 = CARTESIAN_POINT ( 'NONE',  ( -2.968627123203979146, 1.684171108402479078, 19.69686527046037483 ) ) ;
#3973 = CARTESIAN_POINT ( 'NONE',  ( -0.2446354414254695298, -3.391210187841198653, 23.84875494145680008 ) ) ;
#3974 = CARTESIAN_POINT ( 'NONE',  ( 2.070456047995942850, -2.705595360270082850, 22.74326126912965051 ) ) ;
#3975 = CARTESIAN_POINT ( 'NONE',  ( -4.076582343749999282, 1.688575694911948588, 17.92500000170706187 ) ) ;
#3976 = CARTESIAN_POINT ( 'NONE',  ( -3.421230848372822209, -1.312401496399923984, 14.72581193025858326 ) ) ;
#3977 = CARTESIAN_POINT ( 'NONE',  ( -0.03133603143832155991, 3.400270063650558949, 20.73920220860807362 ) ) ;
#3978 = ORIENTED_EDGE ( 'NONE', *, *, #1597, .T. ) ;
#3979 = CARTESIAN_POINT ( 'NONE',  ( -2.629603976438736002, 2.156129817175632013, 22.16272500145379354 ) ) ;
#3980 = CARTESIAN_POINT ( 'NONE',  ( -1.108551465401884872, 3.554059834143796781, 25.61520944200153238 ) ) ;
#3981 = CARTESIAN_POINT ( 'NONE',  ( -2.856206903070368508, 1.845298460459538381, 20.93514860901232311 ) ) ;
#3982 = EDGE_CURVE ( 'NONE', #3622, #304, #127, .T. ) ;
#3983 = CARTESIAN_POINT ( 'NONE',  ( 4.076582343749999282, 1.688575694911949254, 23.86250000170699082 ) ) ;
#3984 = CARTESIAN_POINT ( 'NONE',  ( -0.6704616282066589994, 3.333370870863275215, 23.27622613030821697 ) ) ;
#3985 = CARTESIAN_POINT ( 'NONE',  ( 0.9174087384493949671, -3.275360492629556308, 16.41633605415558961 ) ) ;
#3986 = CARTESIAN_POINT ( 'NONE',  ( -1.408326112068523983, -3.399999999999999467, 26.28437500000000071 ) ) ;
#3987 = CARTESIAN_POINT ( 'NONE',  ( -0.9248428795396911317, -3.285370779163543364, 21.30838387214322438 ) ) ;
#3988 = CARTESIAN_POINT ( 'NONE',  ( -2.326318825383334232, -2.481978766665027258, 17.46230589524052945 ) ) ;
#3989 = CARTESIAN_POINT ( 'NONE',  ( 1.266278610106370550, -3.155814013911688143, 18.93834808940698622 ) ) ;
#3990 = CARTESIAN_POINT ( 'NONE',  ( 3.016252071073935337, -1.570246067694667680, 16.57911721148915163 ) ) ;
#3991 = CARTESIAN_POINT ( 'NONE',  ( -1.408326112068523983, -3.399999999999999467, 16.59687500341398092 ) ) ;
#3992 = CARTESIAN_POINT ( 'NONE',  ( -4.076582343749999282, 0.000000000000000000, 16.75312500170699082 ) ) ;
#3993 = CARTESIAN_POINT ( 'NONE',  ( -2.139379920583922345, 2.642688582171164757, 19.62344670177167671 ) ) ;
#3994 = CARTESIAN_POINT ( 'NONE',  ( -3.195522776093195017, -1.178757581593362191, 23.62008360530531448 ) ) ;
#3995 = CARTESIAN_POINT ( 'NONE',  ( -3.399999999999999911, 4.163799117101000559E-16, 0.000000000000000000 ) ) ;
#3996 = CARTESIAN_POINT ( 'NONE',  ( 4.076582343749999282, 4.992373518734052056E-16, 14.87812500170706009 ) ) ;
#3997 = CARTESIAN_POINT ( 'NONE',  ( 3.303638693779957336, -0.8143100361504020945, 20.37756964641861046 ) ) ;
#3998 = CONICAL_SURFACE ( 'NONE', #3854, 4.399999999999994138, 0.7853981633974502774 ) ;
#3999 = CARTESIAN_POINT ( 'NONE',  ( -2.035205946914314445, 2.723686436197165328, 20.86600564670328950 ) ) ;
#4000 = VERTEX_POINT ( 'NONE', #543 ) ;
#4001 = CARTESIAN_POINT ( 'NONE',  ( -0.02386026853286921101, 3.400031970523601288, 21.98877256659218560 ) ) ;
#4002 = CARTESIAN_POINT ( 'NONE',  ( -2.952554497553661506, 1.685951906401705669, 20.94619271268397043 ) ) ;
#4003 = CARTESIAN_POINT ( 'NONE',  ( -1.688575694911949698, -4.076582343749998394, 24.64375000170699792 ) ) ;
#4004 = DIRECTION ( 'NONE',  ( -1.000000000000000000, 1.224646799147353454E-16, 0.000000000000000000 ) ) ;
#4005 = CARTESIAN_POINT ( 'NONE',  ( -3.100278920092515822, -1.398066089760363839, 16.13433549756165419 ) ) ;
#4006 = CARTESIAN_POINT ( 'NONE',  ( -2.404163056034260837, -2.404163056034261725, 22.45624999999999716 ) ) ;
#4007 = CARTESIAN_POINT ( 'NONE',  ( -1.513651630130846693, -3.044498272319380305, 21.27036335151660040 ) ) ;
#4008 = CARTESIAN_POINT ( 'NONE',  ( -0.9066476169585124811, -3.276938354567233702, 17.55937921792275347 ) ) ;
#4009 = CARTESIAN_POINT ( 'NONE',  ( 3.394354445511727381, -0.2008414827010923664, 19.16368906542526673 ) ) ;
#4010 = DIRECTION ( 'NONE',  ( -0.000000000000000000, -0.000000000000000000, -1.000000000000000000 ) ) ;
#4011 = CARTESIAN_POINT ( 'NONE',  ( -2.081899558550500280E-16, 3.399999999999999911, 16.05000000341398092 ) ) ;
#4012 = CARTESIAN_POINT ( 'NONE',  ( 2.882579019330974379, -2.882579019330973491, 15.97187500170699259 ) ) ;
#4013 = CARTESIAN_POINT ( 'NONE',  ( 0.7862719781032126987, 3.309663351487354355, 19.44164978633849827 ) ) ;
#4014 = CARTESIAN_POINT ( 'NONE',  ( -3.255916844146607758, -0.9793086245790680877, 23.60763657248788405 ) ) ;
#4015 = DIRECTION ( 'NONE',  ( 0.000000000000000000, 0.000000000000000000, 1.000000000000000000 ) ) ;
#4016 = CARTESIAN_POINT ( 'NONE',  ( -1.688575694911950142, -4.076582343749998394, 14.48750000170706009 ) ) ;
#4017 = CARTESIAN_POINT ( 'NONE',  ( 3.388904748505781939, -0.3570347256429132754, 20.40486830568809751 ) ) ;
#4018 = CARTESIAN_POINT ( 'NONE',  ( 0.8781690614626030955, 3.292304140688743441, 20.68638313638461668 ) ) ;
#4019 = ORIENTED_EDGE ( 'NONE', *, *, #1861, .F. ) ;
#4020 = CARTESIAN_POINT ( 'NONE',  ( -4.076582343749999282, 1.688575694911948588, 24.33125000170699082 ) ) ;
#4021 = CARTESIAN_POINT ( 'NONE',  ( -0.4182936280133614515, 3.375656419721369872, 22.01136912617355890 ) ) ;
#4022 = CARTESIAN_POINT ( 'NONE',  ( 2.092123393807419962, 2.938161339219898416, 25.49877877498234113 ) ) ;
#4023 = CARTESIAN_POINT ( 'NONE',  ( -3.379696458870354192, 0.3710157423957146650, 21.02895456244376149 ) ) ;
#4024 = CARTESIAN_POINT ( 'NONE',  ( 4.076582343749999282, 4.992373518734052056E-16, 16.28437500170699082 ) ) ;
#4025 = CARTESIAN_POINT ( 'NONE',  ( -2.560264146982109246, 2.248046850435751587, 23.40598211473341550 ) ) ;
#4026 = CARTESIAN_POINT ( 'NONE',  ( -1.284529881484805403, -3.148894933819385678, 16.28543237635311769 ) ) ;
#4027 = CARTESIAN_POINT ( 'NONE',  ( 3.399999999999999911, 4.163799117101000559E-16, 21.67500000000000071 ) ) ;
#4028 = CARTESIAN_POINT ( 'NONE',  ( 0.000000000000000000, 0.000000000000000000, 26.30000000000000071 ) ) ;
#4029 = CARTESIAN_POINT ( 'NONE',  ( -0.8731159004396716883, -3.285987993921474892, 17.56144537607418243 ) ) ;
#4030 = CARTESIAN_POINT ( 'NONE',  ( 0.9243049673952470346, -3.273330088606060784, 18.91676136089957438 ) ) ;
#4031 = DIRECTION ( 'NONE',  ( 1.000000000000000000, 0.000000000000000000, 0.000000000000000000 ) ) ;
#4032 = CARTESIAN_POINT ( 'NONE',  ( 1.688575694911940150, -4.076582343749973525, 24.80000000170700503 ) ) ;
#4033 = CARTESIAN_POINT ( 'NONE',  ( 3.109453063655191141, 2.655704975006757174, 13.76953037409973213 ) ) ;
#4034 = CARTESIAN_POINT ( 'NONE',  ( 3.006994732455752217, 1.588002492866567472, 19.27207439124151733 ) ) ;
#4035 = AXIS2_PLACEMENT_3D ( 'NONE', #3030, #3776, #4460 ) ;
#4036 = CARTESIAN_POINT ( 'NONE',  ( -0.1557090040952475718, 3.396433977485824318, 18.24621969666417343 ) ) ;
#4037 = CARTESIAN_POINT ( 'NONE',  ( -0.4360356123587218469, -3.374551657823230855, 22.58782881850554602 ) ) ;
#4038 = CARTESIAN_POINT ( 'NONE',  ( 1.688575694911948366, 4.076582343749999282, 18.86250000170706187 ) ) ;
#4039 = CARTESIAN_POINT ( 'NONE',  ( -1.829343582944023439, -2.881551249410717830, 19.99950363007560483 ) ) ;
#4040 = CARTESIAN_POINT ( 'NONE',  ( 0.4614825853907437714, 3.368749308167443335, 15.71115084040928345 ) ) ;
#4041 = CARTESIAN_POINT ( 'NONE',  ( -0.7681879306367819238, 3.312145401123515409, 20.78213323511139166 ) ) ;
#4042 = CARTESIAN_POINT ( 'NONE',  ( 2.882579019330974379, -2.882579019330973491, 24.72187500170699437 ) ) ;
#4043 = CARTESIAN_POINT ( 'NONE',  ( -1.749734613115210058, 2.975153782160828708, 14.93335009424612814 ) ) ;
#4044 = ORIENTED_EDGE ( 'NONE', *, *, #1690, .T. ) ;
#4045 = CARTESIAN_POINT ( 'NONE',  ( -2.496186759367026028E-16, 4.076582343749999282, 24.09687500170699082 ) ) ;
#4046 = CARTESIAN_POINT ( 'NONE',  ( 6.245698675651500839E-16, -3.399999999999999911, 22.92500000341398092 ) ) ;
#4047 = CARTESIAN_POINT ( 'NONE',  ( -0.8477209934233553845, -3.292797307786253125, 25.06301098586676801 ) ) ;
#4048 = CARTESIAN_POINT ( 'NONE',  ( -3.187621727727992127, 1.192665483116151393, 20.97875229750023252 ) ) ;
#4049 = EDGE_CURVE ( 'NONE', #1901, #3083, #3942, .T. ) ;
#4050 = ADVANCED_FACE ( 'NONE', ( #4428 ), #1898, .F. ) ;
#4051 = CARTESIAN_POINT ( 'NONE',  ( 4.076582343750000170, -1.688575694911947922, 19.95625000170699437 ) ) ;
#4052 = CARTESIAN_POINT ( 'NONE',  ( -3.375606290207197713, 0.4067255798030586789, 23.52686100029661276 ) ) ;
#4053 = CARTESIAN_POINT ( 'NONE',  ( -2.050967246375284159, -2.711765825244575101, 16.23291212520126692 ) ) ;
#4054 = VECTOR ( 'NONE', #2771, 1000.000000000000000 ) ;
#4055 = CARTESIAN_POINT ( 'NONE',  ( 3.400000000000000799, -1.408326112068522651, 20.34687500000000071 ) ) ;
#4056 = FACE_OUTER_BOUND ( 'NONE', #1825, .T. ) ;
#4057 = CARTESIAN_POINT ( 'NONE',  ( -2.905436746147247895, -1.766290559920342895, 17.40935327464812588 ) ) ;
#4058 = CARTESIAN_POINT ( 'NONE',  ( -3.386549784288716669, -0.3030242660407033162, 18.56711881780660889 ) ) ;
#4059 = CARTESIAN_POINT ( 'NONE',  ( 2.335663236597835368, -2.470767883959130717, 16.51341966620838519 ) ) ;
#4060 = CARTESIAN_POINT ( 'NONE',  ( -2.882579019330955283, -2.882579019330956616, 22.06562500170700503 ) ) ;
#4061 = CARTESIAN_POINT ( 'NONE',  ( 3.400000000000000799, -1.408326112068522651, 21.90937500341397737 ) ) ;
#4062 = CARTESIAN_POINT ( 'NONE',  ( -1.373314860151601646, 3.111352893355574523, 19.57032055697872863 ) ) ;
#4063 = CARTESIAN_POINT ( 'NONE',  ( -0.6996076829599798819, 3.327768283433895746, 18.27797157710317322 ) ) ;
#4064 = CARTESIAN_POINT ( 'NONE',  ( -2.562584536596347551, -2.234831137866668982, 22.44311674943921986 ) ) ;
#4065 = CARTESIAN_POINT ( 'NONE',  ( -2.882579019330973047, -2.882579019330974379, 18.15937500170705832 ) ) ;
#4066 = CARTESIAN_POINT ( 'NONE',  ( -2.102415312694467353, -2.672054469050823222, 19.97914957800695390 ) ) ;
#4067 = CARTESIAN_POINT ( 'NONE',  ( 1.856334819488770771, 2.848600932444559586, 15.62177792749568006 ) ) ;
#4068 = CARTESIAN_POINT ( 'NONE',  ( 1.688575694911948366, 4.076582343749999282, 25.11250000170699082 ) ) ;
#4069 = CARTESIAN_POINT ( 'NONE',  ( -4.076582343749999282, 1.688575694911948588, 20.42500000170699437 ) ) ;
#4070 = ORIENTED_EDGE ( 'NONE', *, *, #1055, .T. ) ;
#4071 = CARTESIAN_POINT ( 'NONE',  ( 4.076582343750000170, -1.688575694911947922, 19.95625000170699437 ) ) ;
#4072 = CARTESIAN_POINT ( 'NONE',  ( -1.987610128458448200, -2.758515176186166151, 25.29999999990644000 ) ) ;
#4073 = ORIENTED_EDGE ( 'NONE', *, *, #3703, .F. ) ;
#4074 = CARTESIAN_POINT ( 'NONE',  ( 4.076582343750000170, -1.688575694911947922, 18.70625000170699082 ) ) ;
#4075 = CARTESIAN_POINT ( 'NONE',  ( 2.771326021584822996, 1.970009334865785666, 23.04872656896307959 ) ) ;
#4076 = CARTESIAN_POINT ( 'NONE',  ( -3.382850423652180361, -0.3413356909231076708, 16.06932921344970211 ) ) ;
#4077 = B_SPLINE_CURVE_WITH_KNOTS ( 'NONE', 3,
 ( #846, #1611, #2306, #2712, #3771, #897, #302, #584, #1323, #4578, #3909, #1346, #3929, #4644, #1733, #1710, #1368, #3575, #3504, #921, #2827, #4287, #2051, #3550, #3189, #629, #4666, #3525, #3888, #2471, #1756, #260, #2093, #238, #3170, #2379, #1389, #2026, #3214, #564, #1661, #1005, #1685, #3147, #2118, #941, #4599, #984, #608, #4622, #2804, #651, #4200, #2781, #3842, #2073, #3481, #211, #3127, #1300, #2757, #4222, #2402, #3865, #4242, #963, #4265, #2426, #281, #2449, #385, #1028, #1845, #4040, #759, #1220, #3402, #1243, #1969, #3791, #3764, #888, #814, #2967, #3426, #4168, #1195, #483, #2682, #4521, #2703, #4067, #4498, #131, #1945, #2658, #4142, #2346, #4094, #460, #1579, #3351, #4117, #506, #2275, #153, #3449, #3738, #3043, #1604, #864, #3711, #2994, #783, #2300, #2322, #3068, #1502, #106, #3813, #531, #2249, #4423, #1993, #4448, #433, #1142, #2607, #840, #1893 ),
 .UNSPECIFIED., .F., .F.,
 ( 4, 2, 2, 2, 1, 1, 1, 2, 2, 2, 2, 1, 2, 2, 1, 1, 2, 2, 2, 1, 2, 2, 2, 2, 2, 2, 2, 2, 2, 2, 2, 1, 2, 2, 2, 2, 2, 2, 1, 1, 2, 2, 2, 2, 2, 1, 2, 2, 2, 2, 2, 2, 2, 2, 2, 2, 2, 2, 2, 2, 1, 2, 2, 1, 2, 2, 2, 2, 1, 1, 1, 2, 4 ),
 ( 0.8964253195127702689, 0.8983178867317612726, 0.8984361721829482450, 0.8984657435457450436, 0.8984953149085417312, 0.8985544576341352174, 0.8987910285365091623, 0.8992641703412571630, 0.9002104539507530534, 0.9039955883887365040, 0.9058881556077282848, 0.9061247265101022297, 0.9062430119612892021, 0.9063021546868826883, 0.9063612974124761745, 0.9068344392172241752, 0.9077807228267199546, 0.9115658572647032942, 0.9134584244836949640, 0.9139315662884428537, 0.9140498517396298261, 0.9141681371908169096, 0.9144047080931908544, 0.9153509917026866338, 0.9172435589216784146, 0.9177167007264263043, 0.9179532716288002492, 0.9181898425311743051, 0.9191361261406700844, 0.9210286933596617542, 0.9215018351644097550, 0.9217384060667836998, 0.9218566915179706722, 0.9219749769691576446, 0.9229212605786534240, 0.9248138277976449828, 0.9257601114071407622, 0.9258783968583277346, 0.9259966823095145960, 0.9262332532118885409, 0.9267063950166364306, 0.9285989622356279893, 0.9295452458451237687, 0.9296635312963106301, 0.9297818167474976025, 0.9300183876498715474, 0.9304915294546194371, 0.9342766638926021106, 0.9361692311115935583, 0.9371155147210892267, 0.9375886565258370053, 0.9380617983305848950, 0.9399543655495762318, 0.9409006491590719001, 0.9413737909638197898, 0.9418469327685676795, 0.9437394999875590162, 0.9446857835970546846, 0.9451589254018024633, 0.9453954963041764081, 0.9456320672065503530, 0.9494172016445331375, 0.9513097688635245852, 0.9522560524730203646, 0.9527291942777681433, 0.9532023360825160330, 0.9550949033015073697, 0.9560411869110031491, 0.9565143287157509278, 0.9567508996181248726, 0.9568691850693118450, 0.9569283277949053312, 0.9569874705204988175 ),
 .UNSPECIFIED. ) ;
#4078 = ORIENTED_EDGE ( 'NONE', *, *, #2532, .T. ) ;
#4079 = CARTESIAN_POINT ( 'NONE',  ( -3.399999999999999911, 0.000000000000000000, 23.54999999999999716 ) ) ;
#4080 = CARTESIAN_POINT ( 'NONE',  ( -3.774930233191914120, -1.050385000744938013, 25.80933089616362963 ) ) ;
#4081 = CARTESIAN_POINT ( 'NONE',  ( -2.832740695422697019, 1.888409925902396314, 17.18242205745280415 ) ) ;
#4082 = DIRECTION ( 'NONE',  ( 0.000000000000000000, -1.000000000000000000, 0.000000000000000000 ) ) ;
#4083 =( BOUNDED_CURVE ( )  B_SPLINE_CURVE ( 2, ( #1445, #995, #638, #684, #311, #2503, #270, #1766, #2481 ),
 .UNSPECIFIED., .F., .T. ) 
 B_SPLINE_CURVE_WITH_KNOTS ( ( 3, 2, 2, 2, 3 ),
 ( 0.4807548796838706506, 0.4927736753409509562, 0.5047925454712181015, 0.5168114156014852467, 0.5288303128602493963 ),
 .UNSPECIFIED. ) 
 CURVE ( )  GEOMETRIC_REPRESENTATION_ITEM ( )  RATIONAL_B_SPLINE_CURVE ( ( 0.9999990566669563208, 0.9238800041807312402, 1.000000000000000000, 0.9238795325112867385, 1.000000000000000000, 0.9238795325112867385, 1.000000000000000000, 0.9238795325112867385, 1.000000000000000000 ) ) 
 REPRESENTATION_ITEM ( '' )  );
#4084 = CARTESIAN_POINT ( 'NONE',  ( 15.89999999999999680, 0.000000000000000000, 22.49059892324148890 ) ) ;
#4085 = DIRECTION ( 'NONE',  ( -0.000000000000000000, -0.000000000000000000, 1.000000000000000000 ) ) ;
#4086 = AXIS2_PLACEMENT_3D ( 'NONE', #1919, #1170, #80 ) ;
#4087 = CARTESIAN_POINT ( 'NONE',  ( -1.688575694911939040, -4.076582343749973525, 24.64375000170700858 ) ) ;
#4088 = CARTESIAN_POINT ( 'NONE',  ( 3.399999999999999911, 4.163799117101000559E-16, 24.48750000341398092 ) ) ;
#4089 = CARTESIAN_POINT ( 'NONE',  ( 2.855435548334519957, 1.849095414311906493, 19.28994389501428230 ) ) ;
#4090 = CARTESIAN_POINT ( 'NONE',  ( -3.379199140748865293, 0.3755933125297410968, 18.52869010356281976 ) ) ;
#4091 = CARTESIAN_POINT ( 'NONE',  ( -3.387298425075230490, -0.2936939664331674749, 22.31658409017000722 ) ) ;
#4092 = CARTESIAN_POINT ( 'NONE',  ( 1.273062368862816207, -3.660309628726485354, 14.51165019211280161 ) ) ;
#4093 = CARTESIAN_POINT ( 'NONE',  ( -2.106656110392917558, -2.668707567717460538, 19.97883259289862323 ) ) ;
#4094 = CARTESIAN_POINT ( 'NONE',  ( 2.369864385574730559, 2.438226878131308784, 15.58393606075183335 ) ) ;
#4095 = CARTESIAN_POINT ( 'NONE',  ( 2.671674340837389749, 2.103590921263009506, 20.55839391606829381 ) ) ;
#4096 = CARTESIAN_POINT ( 'NONE',  ( -4.076582343749999282, 0.000000000000000000, 23.00312500170699082 ) ) ;
#4097 = LINE ( 'NONE', #1146, #806 ) ;
#4098 = CARTESIAN_POINT ( 'NONE',  ( 4.076582343750000170, -1.688575694911947922, 21.20625000170699437 ) ) ;
#4099 = CARTESIAN_POINT ( 'NONE',  ( -3.399999999994161914, 4.409746458449638195E-06, 19.79991838163197571 ) ) ;
#4100 = CARTESIAN_POINT ( 'NONE',  ( 3.128148010131551970, 1.332688620540257496, 21.75517523183547652 ) ) ;
#4101 = VERTEX_POINT ( 'NONE', #2586 ) ;
#4102 = CARTESIAN_POINT ( 'NONE',  ( -4.076582343749999282, 1.688575694911948588, 19.33125000170699082 ) ) ;
#4103 = CARTESIAN_POINT ( 'NONE',  ( 3.091467762647194473, 1.417200406946746538, 23.01060892404004576 ) ) ;
#4104 = EDGE_CURVE ( 'NONE', #4272, #3384, #3207, .T. ) ;
#4105 = DIRECTION ( 'NONE',  ( 1.000000000000000000, 0.000000000000000000, 0.000000000000000000 ) ) ;
#4106 = ORIENTED_EDGE ( 'NONE', *, *, #2714, .F. ) ;
#4107 = CARTESIAN_POINT ( 'NONE',  ( -2.404163056034261725, 2.404163056034261725, 24.64375000000000071 ) ) ;
#4108 = CARTESIAN_POINT ( 'NONE',  ( -1.892666470622048180, 2.825901694988955715, 17.10574408222472798 ) ) ;
#4109 = DIRECTION ( 'NONE',  ( 0.000000000000000000, 0.000000000000000000, -1.000000000000000000 ) ) ;
#4110 = CARTESIAN_POINT ( 'NONE',  ( -3.242657802769347786, -1.022410879806717077, 18.61033158720036695 ) ) ;
#4111 = CARTESIAN_POINT ( 'NONE',  ( -4.076582343749974413, 0.000000000000000000, 24.40937500170700503 ) ) ;
#4112 = CARTESIAN_POINT ( 'NONE',  ( -2.404163056034261725, 2.404163056034261725, 26.20625000341398092 ) ) ;
#4113 = CARTESIAN_POINT ( 'NONE',  ( -0.8237362755967265748, 3.298707912440662859, 18.28552314737158113 ) ) ;
#4114 = CARTESIAN_POINT ( 'NONE',  ( -2.123561394730098417, -2.655284123342922076, 22.47758619691899540 ) ) ;
#4115 = CARTESIAN_POINT ( 'NONE',  ( 3.575179813703524001, -1.160503867041420056, 14.62843270767396220 ) ) ;
#4116 = CARTESIAN_POINT ( 'NONE',  ( -2.106810751893261724, -2.668585483955940862, 19.97882113891434841 ) ) ;
#4117 = CARTESIAN_POINT ( 'NONE',  ( 2.679751977578193500, 2.093256175683652298, 15.55762993866552080 ) ) ;
#4118 = AXIS2_PLACEMENT_3D ( 'NONE', #3718, #3797, #2612 ) ;
#4119 = CARTESIAN_POINT ( 'NONE',  ( -2.882579019330973935, 2.882579019330973935, 24.09687500170699082 ) ) ;
#4120 = CARTESIAN_POINT ( 'NONE',  ( 4.076582343750000170, -1.688575694911947922, 22.30000000170699082 ) ) ;
#4121 = CARTESIAN_POINT ( 'NONE',  ( -0.01589075525992195842, 3.518336523957794171, 14.86648166476081023 ) ) ;
#4122 = ORIENTED_EDGE ( 'NONE', *, *, #3757, .T. ) ;
#4123 = CARTESIAN_POINT ( 'NONE',  ( -2.882579019330973935, 2.882579019330973935, 23.00312500170699082 ) ) ;
#4124 = CARTESIAN_POINT ( 'NONE',  ( 3.234766152428208308, -1.047102482142281854, 15.36311731607937681 ) ) ;
#4125 = CARTESIAN_POINT ( 'NONE',  ( -17.90000000000000213, 0.000000000000000000, 25.95470053837923885 ) ) ;
#4126 = CARTESIAN_POINT ( 'NONE',  ( 2.286180428542601728, 2.516906074352141420, 21.84040501168794890 ) ) ;
#4127 = EDGE_CURVE ( 'NONE', #3083, #344, #4151, .T. ) ;
#4128 = VERTEX_POINT ( 'NONE', #4072 ) ;
#4129 = CARTESIAN_POINT ( 'NONE',  ( 7.488560278101077592E-16, -4.076582343749999282, 14.72187500170699082 ) ) ;
#4130 = ORIENTED_EDGE ( 'NONE', *, *, #2362, .T. ) ;
#4131 = CARTESIAN_POINT ( 'NONE',  ( 2.404163056034261725, -2.404163056034261281, 17.76875000000000071 ) ) ;
#4132 = CARTESIAN_POINT ( 'NONE',  ( 3.400000000000000355, 1.408326112068523539, 22.06562500341398447 ) ) ;
#4133 = CARTESIAN_POINT ( 'NONE',  ( -2.553483791962617211, 2.244973901140953743, 17.15601135391479559 ) ) ;
#4134 = DIRECTION ( 'NONE',  ( 0.000000000000000000, 0.000000000000000000, 1.000000000000000000 ) ) ;
#4135 = CARTESIAN_POINT ( 'NONE',  ( -1.526185390804431163, -3.038227603168905055, 18.76952412789736968 ) ) ;
#4136 = CARTESIAN_POINT ( 'NONE',  ( 2.882579019330955727, 2.882579019330956172, 18.94062500170700503 ) ) ;
#4137 = CARTESIAN_POINT ( 'NONE',  ( -2.081899558550500280E-16, 3.399999999999999911, 23.55000000341398092 ) ) ;
#4138 = CARTESIAN_POINT ( 'NONE',  ( -0.9550343703060973910, 3.263779651033257512, 18.29363669808385140 ) ) ;
#4139 = CARTESIAN_POINT ( 'NONE',  ( -2.843505009154129848, -1.865389995583732752, 22.41629347979690223 ) ) ;
#4140 = CARTESIAN_POINT ( 'NONE',  ( 0.6004863518754284257, -3.851956394289573815, 14.48858994851553916 ) ) ;
#4141 = CARTESIAN_POINT ( 'NONE',  ( -0.7257679964165790754, -3.322508829813600961, 20.07046453287651389 ) ) ;
#4142 = CARTESIAN_POINT ( 'NONE',  ( 2.294637502501974513, 2.509128870819982815, 15.58973070034506314 ) ) ;
#4143 = CARTESIAN_POINT ( 'NONE',  ( 3.366594418983724246, 0.4778216730033055248, 20.45213586907035008 ) ) ;
#4144 = CARTESIAN_POINT ( 'NONE',  ( 1.688575694911950809, -4.076582343749998394, 23.39375000170699437 ) ) ;
#4145 = ADVANCED_FACE ( 'NONE', ( #86 ), #870, .T. ) ;
#4146 = CYLINDRICAL_SURFACE ( 'NONE', #1188, 3.399999999999999911 ) ;
#4147 = ORIENTED_EDGE ( 'NONE', *, *, #692, .F. ) ;
#4148 = CARTESIAN_POINT ( 'NONE',  ( 1.688575694911948366, 4.076582343749999282, 20.26875000170699437 ) ) ;
#4149 = CARTESIAN_POINT ( 'NONE',  ( 1.269737207878830709, 3.154242835829746738, 16.91141987587511863 ) ) ;
#4150 = CARTESIAN_POINT ( 'NONE',  ( -3.385365497397742729, -0.3151272838144046906, 19.81781756491565005 ) ) ;
#4151 = LINE ( 'NONE', #466, #3132 ) ;
#4152 = ORIENTED_EDGE ( 'NONE', *, *, #3210, .F. ) ;
#4153 = CARTESIAN_POINT ( 'NONE',  ( -1.688575694911948810, 4.076582343749999282, 25.26875000170699437 ) ) ;
#4154 = CARTESIAN_POINT ( 'NONE',  ( 0.6316579917376283770, 3.340927412162000731, 23.20110962380546482 ) ) ;
#4155 = CYLINDRICAL_SURFACE ( 'NONE', #4035, 7.500000000000000000 ) ;
#4156 = ORIENTED_EDGE ( 'NONE', *, *, #1662, .F. ) ;
#4157 = CIRCLE ( 'NONE', #2097, 7.500000000000000000 ) ;
#4158 = CARTESIAN_POINT ( 'NONE',  ( 6.245698675651500839E-16, -3.399999999999999911, 17.61249999999999716 ) ) ;
#4159 = CARTESIAN_POINT ( 'NONE',  ( 4.076582343749999282, 1.688575694911949254, 26.36250000170699082 ) ) ;
#4160 = CARTESIAN_POINT ( 'NONE',  ( -3.367724668848268710, 0.4688656975011364914, 17.27333288408558687 ) ) ;
#4161 = CARTESIAN_POINT ( 'NONE',  ( -19.89999999999999858, 0.000000000000000000, 22.49059892324148890 ) ) ;
#4162 = CARTESIAN_POINT ( 'NONE',  ( -2.079990158640324882, -2.689638071777316508, 18.73079282182145988 ) ) ;
#4163 = CIRCLE ( 'NONE', #4540, 7.344863728670890879 ) ;
#4164 = CARTESIAN_POINT ( 'NONE',  ( 2.404163056034261725, -2.404163056034261281, 20.58125000341398092 ) ) ;
#4165 = CARTESIAN_POINT ( 'NONE',  ( 1.858331225937597031, 2.847297421100617232, 18.12164582528456336 ) ) ;
#4166 = CARTESIAN_POINT ( 'NONE',  ( 2.784450085273153075, -1.951119193991118106, 21.55262189690981245 ) ) ;
#4167 = CARTESIAN_POINT ( 'NONE',  ( -0.7997155030247190544, -3.860671939671312725, 14.44439502622309135 ) ) ;
#4168 = CARTESIAN_POINT ( 'NONE',  ( 1.507187114445301290, 3.049753406979834214, 15.64619034977959799 ) ) ;
#4169 = CARTESIAN_POINT ( 'NONE',  ( -1.434597295183769328, -3.097460039187938552, 25.02616080500136420 ) ) ;
#4170 = CARTESIAN_POINT ( 'NONE',  ( -1.688575694911949698, -4.076582343749998394, 25.73750000170699437 ) ) ;
#4171 = CARTESIAN_POINT ( 'NONE',  ( -1.688575694911948810, 4.076582343749999282, 19.01875000170699082 ) ) ;
#4172 = CARTESIAN_POINT ( 'NONE',  ( 0.2166351515141343442, -3.393118818710978424, 23.87467528777934689 ) ) ;
#4173 = ORIENTED_EDGE ( 'NONE', *, *, #25, .F. ) ;
#4174 = CARTESIAN_POINT ( 'NONE',  ( -1.688575694911949698, -4.076582343749998394, 22.14375000170699082 ) ) ;
#4175 = CARTESIAN_POINT ( 'NONE',  ( 3.373410765337954587, 0.4385198186908240148, 16.70004826472001369 ) ) ;
#4176 = DIRECTION ( 'NONE',  ( -0.000000000000000000, -0.000000000000000000, 1.000000000000000000 ) ) ;
#4177 = CYLINDRICAL_SURFACE ( 'NONE', #4547, 3.399999999999999911 ) ;
#4178 = ORIENTED_EDGE ( 'NONE', *, *, #1294, .F. ) ;
#4179 = CARTESIAN_POINT ( 'NONE',  ( -1.688575694911949698, -4.076582343749998394, 15.89375000170699259 ) ) ;
#4180 = CARTESIAN_POINT ( 'NONE',  ( -0.1458489475665291357, 3.396892338189319016, 23.24566222306081542 ) ) ;
#4181 = CARTESIAN_POINT ( 'NONE',  ( -3.399999999995818811, -3.669941133760939916E-06, 18.86256836408427873 ) ) ;
#4182 = CARTESIAN_POINT ( 'NONE',  ( -0.1464634331988665106, 3.396845829248282822, 19.49569737587878748 ) ) ;
#4183 = ORIENTED_EDGE ( 'NONE', *, *, #1556, .F. ) ;
#4184 = VECTOR ( 'NONE', #32, 1000.000000000000000 ) ;
#4185 = CARTESIAN_POINT ( 'NONE',  ( 1.408326112068522873, 3.400000000000000355, 18.15937499999999716 ) ) ;
#4186 = CARTESIAN_POINT ( 'NONE',  ( -3.399999999999999023, -1.408326112068525537, 18.94062500341397737 ) ) ;
#4187 = CARTESIAN_POINT ( 'NONE',  ( -3.381539539826223351, -0.3551867123987138553, 17.32012909423264091 ) ) ;
#4188 = DIRECTION ( 'NONE',  ( -0.000000000000000000, -0.000000000000000000, 1.000000000000000000 ) ) ;
#4189 = CARTESIAN_POINT ( 'NONE',  ( -4.076582343749974413, 0.000000000000000000, 19.40937500170700503 ) ) ;
#4190 = CARTESIAN_POINT ( 'NONE',  ( 2.707242083488619944, 2.057498386347839325, 18.05503226589074828 ) ) ;
#4191 = CARTESIAN_POINT ( 'NONE',  ( 3.234591313497255261, -1.047870503836560996, 21.61307013268856991 ) ) ;
#4192 = CARTESIAN_POINT ( 'NONE',  ( 0.1345991972507724899, -3.911031846402064360, 14.47369646417883438 ) ) ;
#4193 = PLANE ( 'NONE',  #1402 ) ;
#4194 = CARTESIAN_POINT ( 'NONE',  ( 1.601364767562418967, -2.999609317917785400, 25.21056800813811094 ) ) ;
#4195 = CARTESIAN_POINT ( 'NONE',  ( 4.076582343750000170, -1.688575694911947922, 23.55000000170699082 ) ) ;
#4196 = CARTESIAN_POINT ( 'NONE',  ( -2.882579019330973047, -2.882579019330974379, 15.65937500170699259 ) ) ;
#4197 = CARTESIAN_POINT ( 'NONE',  ( 1.030382670989782534, -3.240412893630688629, 23.92332948129962844 ) ) ;
#4198 = CARTESIAN_POINT ( 'NONE',  ( -2.882579019330973935, 2.882579019330973935, 14.25312500170699082 ) ) ;
#4199 = CARTESIAN_POINT ( 'NONE',  ( -0.4159463770237569746, 3.375886090611033286, 17.01123001730105244 ) ) ;
#4200 = CARTESIAN_POINT ( 'NONE',  ( -0.8746527258207175137, 3.285605670935408007, 15.78865671638543233 ) ) ;
#4201 = ORIENTED_EDGE ( 'NONE', *, *, #3893, .T. ) ;
#4202 = CARTESIAN_POINT ( 'NONE',  ( -2.496186759367026028E-16, 4.076582343749999282, 14.09687500170699082 ) ) ;
#4203 = CARTESIAN_POINT ( 'NONE',  ( 3.218332181294172312, 1.096798744307689200, 22.99000944190644802 ) ) ;
#4204 = CARTESIAN_POINT ( 'NONE',  ( -0.02273083290705792472, -3.400365950696685235, 15.11116050472204009 ) ) ;
#4205 = CARTESIAN_POINT ( 'NONE',  ( 1.176371011518882126, 3.190062438581576121, 24.41741632499051562 ) ) ;
#4206 = ORIENTED_EDGE ( 'NONE', *, *, #3843, .F. ) ;
#4207 = ADVANCED_FACE ( 'NONE', ( #3433, #2233 ), #3332, .T. ) ;
#4208 = CARTESIAN_POINT ( 'NONE',  ( 1.408326112068522873, 3.400000000000000355, 15.65937499999999538 ) ) ;
#4209 = CARTESIAN_POINT ( 'NONE',  ( 3.399999999996288658, -5.023242556219496976E-06, 24.48749972475582126 ) ) ;
#4210 = CARTESIAN_POINT ( 'NONE',  ( 1.688575694911937930, 4.076582343749974413, 19.01875000170700858 ) ) ;
#4211 = CARTESIAN_POINT ( 'NONE',  ( 1.408326112068525537, -3.399999999999999023, 20.50312500341398803 ) ) ;
#4212 = CARTESIAN_POINT ( 'NONE',  ( 1.814294380131838968, 2.875489811609339696, 18.12481256734169577 ) ) ;
#4213 = CARTESIAN_POINT ( 'NONE',  ( 1.220598377202898766, -3.173509682026494971, 21.43541268219667728 ) ) ;
#4214 = CARTESIAN_POINT ( 'NONE',  ( 0.4913101589746982079, -3.364314845337696092, 17.64057440736426230 ) ) ;
#4215 = CARTESIAN_POINT ( 'NONE',  ( 2.869382101975000321, -1.845174388267172283, 25.30668276126262484 ) ) ;
#4216 = CARTESIAN_POINT ( 'NONE',  ( -1.955249841481964124, -2.787429025791196224, 24.99021202248033902 ) ) ;
#4217 = CARTESIAN_POINT ( 'NONE',  ( -2.882579019330973935, 2.882579019330973935, 20.34687500170699082 ) ) ;
#4218 = CARTESIAN_POINT ( 'NONE',  ( -2.882579019330973935, 2.882579019330973935, 15.34687500170699082 ) ) ;
#4219 = CARTESIAN_POINT ( 'NONE',  ( 3.391766819080090478, -0.3222995032748192656, 24.15681725315388562 ) ) ;
#4220 = CARTESIAN_POINT ( 'NONE',  ( 7.488560278101077592E-16, -4.076582343749999282, 14.72187500170699082 ) ) ;
#4221 = CARTESIAN_POINT ( 'NONE',  ( 3.243247282653731745, -1.020468462713129520, 15.36478902806094737 ) ) ;
#4222 = CARTESIAN_POINT ( 'NONE',  ( -0.5249218109779274499, 3.361302424338253214, 15.76751512274242017 ) ) ;
#4223 = CARTESIAN_POINT ( 'NONE',  ( 4.076582343749974413, 4.992373518734019516E-16, 15.03437500170700680 ) ) ;
#4224 = EDGE_LOOP ( 'NONE', ( #1348, #2806, #520, #1739 ) ) ;
#4225 = CARTESIAN_POINT ( 'NONE',  ( -1.688575694911948810, 4.076582343749999282, 14.17500000170699259 ) ) ;
#4226 = DIRECTION ( 'NONE',  ( -0.000000000000000000, -0.000000000000000000, 1.000000000000000000 ) ) ;
#4227 = CARTESIAN_POINT ( 'NONE',  ( -3.360873376573413118, 0.5167090556430156134, 24.77051479349029961 ) ) ;
#4228 = ORIENTED_EDGE ( 'NONE', *, *, #1788, .T. ) ;
#4229 = CARTESIAN_POINT ( 'NONE',  ( -2.404163056034261725, 2.404163056034261725, 19.64374999999999716 ) ) ;
#4230 = DIRECTION ( 'NONE',  ( -0.000000000000000000, -0.000000000000000000, 1.000000000000000000 ) ) ;
#4231 = CARTESIAN_POINT ( 'NONE',  ( 1.408326112068525537, -3.399999999999999023, 19.25312500341398447 ) ) ;
#4232 = CARTESIAN_POINT ( 'NONE',  ( -3.399999999998726707, 2.055228241746232731E-06, 23.86246227081791815 ) ) ;
#4233 = CARTESIAN_POINT ( 'NONE',  ( 3.254569562906072910, -0.9837912380008001501, 21.61708327478579861 ) ) ;
#4234 = CARTESIAN_POINT ( 'NONE',  ( 1.558122895327755497, -3.025612985995024928, 17.70759214352912991 ) ) ;
#4235 = CARTESIAN_POINT ( 'NONE',  ( 1.408326112068525537, -3.399999999999999023, 16.75312500341398092 ) ) ;
#4236 = CARTESIAN_POINT ( 'NONE',  ( -2.794816577185148976, -1.939321906943082485, 24.92153470599259890 ) ) ;
#4237 = CARTESIAN_POINT ( 'NONE',  ( -4.076582343749999282, 0.000000000000000000, 23.00312500170699082 ) ) ;
#4238 = CARTESIAN_POINT ( 'NONE',  ( -2.496186759367026028E-16, 4.076582343749999282, 16.44062500170699082 ) ) ;
#4239 = CARTESIAN_POINT ( 'NONE',  ( -0.1242713146258125900, -3.398303315144914016, 23.85546652887861185 ) ) ;
#4240 = CARTESIAN_POINT ( 'NONE',  ( 4.076582343749999282, 4.992373518734052056E-16, 16.28437500170699082 ) ) ;
#4241 = CARTESIAN_POINT ( 'NONE',  ( 2.882579019330973491, 2.882579019330973935, 22.53437500170706187 ) ) ;
#4242 = CARTESIAN_POINT ( 'NONE',  ( -0.2109348081213251458, 3.393791021830956378, 15.74934408669940034 ) ) ;
#4243 = VECTOR ( 'NONE', #1623, 1000.000000000000000 ) ;
#4244 = EDGE_CURVE ( 'NONE', #2560, #827, #3963, .T. ) ;
#4245 = ORIENTED_EDGE ( 'NONE', *, *, #268, .F. ) ;
#4246 = CARTESIAN_POINT ( 'NONE',  ( -3.399999999994236077, 4.380685645047896072E-06, 22.29991888456655502 ) ) ;
#4247 = CARTESIAN_POINT ( 'NONE',  ( 2.727723282254514992, -2.030663291235874190, 15.29698196971702373 ) ) ;
#4248 = CARTESIAN_POINT ( 'NONE',  ( 1.199454968046371750, 3.181413936749159621, 24.41593865734106572 ) ) ;
#4249 = ORIENTED_EDGE ( 'NONE', *, *, #990, .F. ) ;
#4250 = CARTESIAN_POINT ( 'NONE',  ( 4.076582343749999282, 1.688575694911949254, 25.11250000170699082 ) ) ;
#4251 = LINE ( 'NONE', #616, #2877 ) ;
#4252 = CARTESIAN_POINT ( 'NONE',  ( 1.407719482589232740, -3.835216325990313813, 25.97658234375000319 ) ) ;
#4253 = CARTESIAN_POINT ( 'NONE',  ( -2.081899558550500280E-16, 3.399999999999999911, 21.05000000341398092 ) ) ;
#4254 = CARTESIAN_POINT ( 'NONE',  ( 2.293023340628284057, 2.510600650778072040, 18.08985123922776594 ) ) ;
#4255 = CARTESIAN_POINT ( 'NONE',  ( 2.044393728823318934, -2.716748395687913931, 21.49165527042752544 ) ) ;
#4256 = CARTESIAN_POINT ( 'NONE',  ( 2.784020051285576614, -1.951728637012245970, 17.80259750635093496 ) ) ;
#4257 = DIRECTION ( 'NONE',  ( 1.000000000000000000, 0.000000000000000000, -0.000000000000000000 ) ) ;
#4258 = CARTESIAN_POINT ( 'NONE',  ( -4.032352475016312887, -0.6935711334052243604, 14.30341765624998374 ) ) ;
#4259 = CARTESIAN_POINT ( 'NONE',  ( 1.408326112068525537, -3.399999999999999023, 18.00312500341398447 ) ) ;
#4260 = CARTESIAN_POINT ( 'NONE',  ( -2.882579019330973047, -2.882579019330974379, 23.15937500170699082 ) ) ;
#4261 = CARTESIAN_POINT ( 'NONE',  ( 1.688575694911950809, -4.076582343749998394, 19.64375000170699082 ) ) ;
#4262 = DIRECTION ( 'NONE',  ( -0.000000000000000000, -0.000000000000000000, 1.000000000000000000 ) ) ;
#4263 = CARTESIAN_POINT ( 'NONE',  ( 2.882579019330973491, 2.882579019330973935, 16.44062500170699082 ) ) ;
#4264 = CARTESIAN_POINT ( 'NONE',  ( -2.496186759367026028E-16, 4.076582343749999282, 22.69062500170706187 ) ) ;
#4265 = CARTESIAN_POINT ( 'NONE',  ( -0.1427586180060183008, 3.397020699226183993, 15.74548730492291604 ) ) ;
#4266 = CARTESIAN_POINT ( 'NONE',  ( 7.488560278101030260E-16, -4.076582343749974413, 14.72187500170700680 ) ) ;
#4267 = EDGE_LOOP ( 'NONE', ( #1638, #3803, #3389, #1687, #676, #1538, #4019, #3434, #3798, #3915, #4377, #4106, #1977, #3238, #4691, #446, #160, #2360, #2828, #3330, #3415, #1204, #4156 ) ) ;
#4268 = CARTESIAN_POINT ( 'NONE',  ( 3.322360820920855495, 0.7319758865034563522, 22.96740614321886298 ) ) ;
#4269 = CARTESIAN_POINT ( 'NONE',  ( 2.935950443326246440, -1.725405952969671475, 15.31875735358764423 ) ) ;
#4270 = AXIS2_PLACEMENT_3D ( 'NONE', #66, #1256, #2310 ) ;
#4271 = CARTESIAN_POINT ( 'NONE',  ( -1.527566650054558606, 3.038585463498787664, 24.58054383399252174 ) ) ;
#4272 = VERTEX_POINT ( 'NONE', #3383 ) ;
#4273 = CARTESIAN_POINT ( 'NONE',  ( 6.245698675651500839E-16, -3.399999999999999911, 15.11249999999999716 ) ) ;
#4274 = CARTESIAN_POINT ( 'NONE',  ( 4.076582343749999282, 1.688575694911949254, 21.36250000170699082 ) ) ;
#4275 = CARTESIAN_POINT ( 'NONE',  ( 2.404163056034261281, 2.404163056034261725, 17.14375000341398447 ) ) ;
#4276 = LINE ( 'NONE', #4321, #1416 ) ;
#4277 = CARTESIAN_POINT ( 'NONE',  ( -3.093386711089286756, -1.413225400791853437, 21.13531459441594862 ) ) ;
#4278 = CARTESIAN_POINT ( 'NONE',  ( 3.399057240207574715, -0.08666582775336208189, 17.92016958478929567 ) ) ;
#4279 = FACE_OUTER_BOUND ( 'NONE', #635, .T. ) ;
#4280 = CARTESIAN_POINT ( 'NONE',  ( -2.979017104040121211, -1.638819904179471987, 24.90058481394488510 ) ) ;
#4281 = CARTESIAN_POINT ( 'NONE',  ( 3.400000000000000799, -1.408326112068522651, 15.65937500341398092 ) ) ;
#4282 = CARTESIAN_POINT ( 'NONE',  ( -2.496186759367026028E-16, 4.076582343749999282, 16.44062500170699082 ) ) ;
#4283 = CARTESIAN_POINT ( 'NONE',  ( -2.835894799917610509, 1.883962117396463576, 19.68273942698204593 ) ) ;
#4284 = CARTESIAN_POINT ( 'NONE',  ( -2.006741112205904898, -2.745061895774715044, 23.73613372966494239 ) ) ;
#4285 = CARTESIAN_POINT ( 'NONE',  ( -1.688575694911949698, -4.076582343749998394, 14.64375000170699259 ) ) ;
#4286 = CARTESIAN_POINT ( 'NONE',  ( -4.076582343749999282, 0.000000000000000000, 23.00312500170706187 ) ) ;
#4287 = CARTESIAN_POINT ( 'NONE',  ( -2.963563960937699804, 1.666533081806454319, 15.94752294070019971 ) ) ;
#4288 = AXIS2_PLACEMENT_3D ( 'NONE', #2464, #3519, #294 ) ;
#4289 = EDGE_CURVE ( 'NONE', #3746, #2874, #1149, .T. ) ;
#4290 = ORIENTED_EDGE ( 'NONE', *, *, #2984, .F. ) ;
#4291 = DIRECTION ( 'NONE',  ( 1.000000000000000000, 0.000000000000000000, 0.000000000000000000 ) ) ;
#4292 = CARTESIAN_POINT ( 'NONE',  ( -2.260503905215751619, 2.539773143445237302, 24.63261111860372310 ) ) ;
#4293 = ORIENTED_EDGE ( 'NONE', *, *, #660, .F. ) ;
#4294 = CARTESIAN_POINT ( 'NONE',  ( -4.076582343749999282, 1.688575694911948588, 25.58125000170699082 ) ) ;
#4295 = CARTESIAN_POINT ( 'NONE',  ( -4.076582343749999282, 0.000000000000000000, 24.40937500170699437 ) ) ;
#4296 = CARTESIAN_POINT ( 'NONE',  ( -2.404163056034261725, 2.404163056034261725, 17.45625000341398092 ) ) ;
#4297 = CARTESIAN_POINT ( 'NONE',  ( 4.076582343749974413, 4.992373518734019516E-16, 17.53437500170700858 ) ) ;
#4298 = CARTESIAN_POINT ( 'NONE',  ( 2.404163056034261281, 2.404163056034261725, 26.83124999999999716 ) ) ;
#4299 = CARTESIAN_POINT ( 'NONE',  ( -1.830636828519688786, -2.867094535763323293, 21.24871292160777614 ) ) ;
#4300 = CARTESIAN_POINT ( 'NONE',  ( 2.338652759560946315, -2.467940988496009513, 17.76365065734468018 ) ) ;
#4301 = CARTESIAN_POINT ( 'NONE',  ( -0.1865357091232942577, -3.394881654421119777, 18.85203455963161190 ) ) ;
#4302 = LINE ( 'NONE', #1020, #172 ) ;
#4303 = CARTESIAN_POINT ( 'NONE',  ( -2.081899558550500280E-16, 3.399999999999999911, 13.55000000341398092 ) ) ;
#4304 = CARTESIAN_POINT ( 'NONE',  ( 2.882579019330974379, -2.882579019330973491, 18.47187500170699082 ) ) ;
#4305 = CARTESIAN_POINT ( 'NONE',  ( -2.055425034408827401, 2.708371501302380135, 19.61743423277006215 ) ) ;
#4306 = CARTESIAN_POINT ( 'NONE',  ( -3.269312672132536068, -0.9337710421823977036, 23.60480348151321905 ) ) ;
#4307 = CARTESIAN_POINT ( 'NONE',  ( 3.049853242034413547, -1.507004842714777970, 22.83344866153667851 ) ) ;
#4308 = CARTESIAN_POINT ( 'NONE',  ( -2.882579019330973935, 2.882579019330973935, 21.59687500170705476 ) ) ;
#4309 = CARTESIAN_POINT ( 'NONE',  ( 0.000000000000000000, 0.000000000000000000, 0.000000000000000000 ) ) ;
#4310 = AXIS2_PLACEMENT_3D ( 'NONE', #3400, #3041, #4496 ) ;
#4311 = CARTESIAN_POINT ( 'NONE',  ( 1.869566341435851431, 2.839866888711621407, 20.62085029886271315 ) ) ;
#4312 = ORIENTED_EDGE ( 'NONE', *, *, #396, .F. ) ;
#4313 = CARTESIAN_POINT ( 'NONE',  ( 0.4513681199720989690, 3.377166138601848999, 21.96163050318429200 ) ) ;
#4314 = CARTESIAN_POINT ( 'NONE',  ( 2.377479354648587062, -2.431415056579940615, 25.26665941203978605 ) ) ;
#4315 = CIRCLE ( 'NONE', #2252, 3.399999999999999911 ) ;
#4316 = CARTESIAN_POINT ( 'NONE',  ( -3.382847116311572311, 0.3413685203151368697, 21.03061843924677632 ) ) ;
#4317 = CARTESIAN_POINT ( 'NONE',  ( -2.882579019330973047, -2.882579019330974379, 25.81562500170699082 ) ) ;
#4318 = CARTESIAN_POINT ( 'NONE',  ( -2.701014443765428208, 2.076821638590793384, 23.41874546175113991 ) ) ;
#4319 = CARTESIAN_POINT ( 'NONE',  ( -3.134390742786065331, -1.320483162810764055, 16.12928194856747055 ) ) ;
#4320 = VECTOR ( 'NONE', #2278, 1000.000000000000000 ) ;
#4321 = CARTESIAN_POINT ( 'NONE',  ( -6.000000000000000888, 7.347880794884120722E-16, 26.30000000000000071 ) ) ;
#4322 = CARTESIAN_POINT ( 'NONE',  ( -3.320205519901181290, -0.7408000704388719715, 21.09293578849549533 ) ) ;
#4323 = CARTESIAN_POINT ( 'NONE',  ( -2.985585403635139912, -1.626873325954981908, 17.39977094697263738 ) ) ;
#4324 = CARTESIAN_POINT ( 'NONE',  ( 2.382386028677491829, -2.425885621021580452, 19.01706734478961636 ) ) ;
#4325 = CARTESIAN_POINT ( 'NONE',  ( -2.954922357186470006, -1.681870631459105425, 24.90352822609929362 ) ) ;
#4326 = CARTESIAN_POINT ( 'NONE',  ( -1.408326112068523983, -3.399999999999999467, 15.34687500341398447 ) ) ;
#4327 = CARTESIAN_POINT ( 'NONE',  ( -2.882579019330973935, 2.882579019330973935, 14.09687500170699082 ) ) ;
#4328 = CARTESIAN_POINT ( 'NONE',  ( -3.335586924481944049, 0.6666942315805548525, 19.76158436053759360 ) ) ;
#4329 = CARTESIAN_POINT ( 'NONE',  ( -3.380795562283249733, 0.3608651283583921288, 18.52954372764097002 ) ) ;
#4330 = CARTESIAN_POINT ( 'NONE',  ( 3.315817039896883589, -0.7545546448707993736, 22.88120621845531488 ) ) ;
#4331 = CARTESIAN_POINT ( 'NONE',  ( -2.496186759367026028E-16, 4.076582343749999282, 21.44062500170705832 ) ) ;
#4332 = CIRCLE ( 'NONE', #3954, 6.000000000000000888 ) ;
#4333 = CARTESIAN_POINT ( 'NONE',  ( 3.400000000000000355, -2.607082242146360920E-09, 15.73750000327006227 ) ) ;
#4334 = ADVANCED_FACE ( 'NONE', ( #4528 ), #4577, .F. ) ;
#4335 = ADVANCED_FACE ( 'NONE', ( #2713 ), #4177, .F. ) ;
#4336 = CARTESIAN_POINT ( 'NONE',  ( 0.4516667301172838100, 3.370144873916067763, 20.71172110680297251 ) ) ;
#4337 = ORIENTED_EDGE ( 'NONE', *, *, #3141, .T. ) ;
#4338 = CARTESIAN_POINT ( 'NONE',  ( 1.208400256827687036, 3.178071341845069675, 21.91536590166647613 ) ) ;
#4339 = CARTESIAN_POINT ( 'NONE',  ( 12.97179676972448625, 1.588586939323306835E-15, 28.80000000000000071 ) ) ;
#4340 = CARTESIAN_POINT ( 'NONE',  ( -4.076582343749999282, 0.000000000000000000, 23.15937500170699082 ) ) ;
#4341 = CARTESIAN_POINT ( 'NONE',  ( -3.378793125084524007, 0.3791530774052533914, 23.52847966614397990 ) ) ;
#4342 = CARTESIAN_POINT ( 'NONE',  ( -3.245117083001093583, -1.014521021409559687, 16.10983800523185039 ) ) ;
#4343 = CARTESIAN_POINT ( 'NONE',  ( 1.408326112068525537, -3.399999999999999023, 26.44062499999999716 ) ) ;
#4344 = CARTESIAN_POINT ( 'NONE',  ( -3.228841177919250960, -1.065663162195087388, 21.11304332083578217 ) ) ;
#4345 = CARTESIAN_POINT ( 'NONE',  ( -3.162128463696778358, -1.258307847828765036, 17.37539920285266604 ) ) ;
#4346 = CARTESIAN_POINT ( 'NONE',  ( 3.058556253114863122, -1.487038394664861318, 19.08467472158735490 ) ) ;
#4347 = CARTESIAN_POINT ( 'NONE',  ( 0.000000000000000000, 0.000000000000000000, 26.30000000000000071 ) ) ;
#4348 = CARTESIAN_POINT ( 'NONE',  ( -3.400000000000000355, 1.408326112068523095, 16.28437500341398092 ) ) ;
#4349 = CARTESIAN_POINT ( 'NONE',  ( 4.076582343749999282, 1.688575694911949254, 17.45625000170699437 ) ) ;
#4350 = CARTESIAN_POINT ( 'NONE',  ( 2.882579019330973491, 2.882579019330973935, 13.78437500170699082 ) ) ;
#4351 = CARTESIAN_POINT ( 'NONE',  ( -0.3738931894150825386, -3.380476922206612667, 23.84130245387208902 ) ) ;
#4352 = LINE ( 'NONE', #3995, #2167 ) ;
#4353 = CARTESIAN_POINT ( 'NONE',  ( -2.882579019330973047, -2.882579019330974379, 16.90937500170705832 ) ) ;
#4354 = LINE ( 'NONE', #4689, #4184 ) ;
#4355 = CARTESIAN_POINT ( 'NONE',  ( -0.2596107259840628734, 3.390475902057718649, 20.75212267472610606 ) ) ;
#4356 = ORIENTED_EDGE ( 'NONE', *, *, #1721, .T. ) ;
#4357 = CARTESIAN_POINT ( 'NONE',  ( 2.083073530739506740, 2.689282231850123939, 21.85572773442004291 ) ) ;
#4358 = PRESENTATION_STYLE_ASSIGNMENT (( #3669 ) ) ;
#4359 = CARTESIAN_POINT ( 'NONE',  ( 2.367452899137506783, 2.440703408247537620, 24.33413750392774233 ) ) ;
#4360 = CARTESIAN_POINT ( 'NONE',  ( 4.076582343749999282, 1.688575694911949254, 25.11250000170699082 ) ) ;
#4361 = CARTESIAN_POINT ( 'NONE',  ( -0.2574525262320072616, 3.390643292345477011, 23.25199930983968244 ) ) ;
#4362 = CARTESIAN_POINT ( 'NONE',  ( -2.575900846662031896, -2.219176993052141889, 16.19202108094382453 ) ) ;
#4363 = CARTESIAN_POINT ( 'NONE',  ( -3.943790067812587896, -1.032009450730476674, 14.30341765624999439 ) ) ;
#4364 = CARTESIAN_POINT ( 'NONE',  ( -0.2526792081608977281, -3.390636115353054869, 21.34825837238236090 ) ) ;
#4365 = CARTESIAN_POINT ( 'NONE',  ( -0.1959031560602498279, -3.394352801557800170, 17.60150275059731584 ) ) ;
#4366 = CARTESIAN_POINT ( 'NONE',  ( 2.359069054175525704, -2.448606648714270140, 19.01523195537230038 ) ) ;
#4367 = CARTESIAN_POINT ( 'NONE',  ( 3.399999999999999467, -5.132653320762048780E-08, 16.67499999715163383 ) ) ;
#4368 = CARTESIAN_POINT ( 'NONE',  ( 0.000000000000000000, 0.000000000000000000, 0.000000000000000000 ) ) ;
#4369 = CARTESIAN_POINT ( 'NONE',  ( 1.688575694911948366, 4.076582343749999282, 15.11250000170699082 ) ) ;
#4370 = CARTESIAN_POINT ( 'NONE',  ( -0.1473516698186662643, 3.396806017206841055, 19.49574754607069238 ) ) ;
#4371 = CARTESIAN_POINT ( 'NONE',  ( -3.394714115130913257, 0.2188335856610508223, 18.53750033556268306 ) ) ;
#4372 = CARTESIAN_POINT ( 'NONE',  ( 3.146337067517908537, -1.303315285577720584, 22.84696745271602936 ) ) ;
#4373 = CARTESIAN_POINT ( 'NONE',  ( 4.076582343749999282, 1.688575694911949254, 14.95625000170705832 ) ) ;
#4374 = CARTESIAN_POINT ( 'NONE',  ( 3.153072854936365577, -1.274237964025104031, 20.34864292339270619 ) ) ;
#4375 = CARTESIAN_POINT ( 'NONE',  ( 0.5472894663345362343, 3.355670351082230773, 20.70612130550224705 ) ) ;
#4376 = CONICAL_SURFACE ( 'NONE', #3779, 12.97179676972448625, 1.047197551196596299 ) ;
#4377 = ORIENTED_EDGE ( 'NONE', *, *, #2852, .F. ) ;
#4378 = CARTESIAN_POINT ( 'NONE',  ( 4.076582343749999282, 4.992373518734052056E-16, 23.78437500170699082 ) ) ;
#4379 = EDGE_CURVE ( 'NONE', #4510, #652, #96, .T. ) ;
#4380 = CARTESIAN_POINT ( 'NONE',  ( -2.489670642684435276, 2.316349751482959185, 22.15057258143085051 ) ) ;
#4381 = CARTESIAN_POINT ( 'NONE',  ( 2.520578354538508314, 2.288350162296796775, 24.32205179928772054 ) ) ;
#4382 = CARTESIAN_POINT ( 'NONE',  ( -4.076582343749999282, 1.688575694911948588, 16.83125000170699082 ) ) ;
#4383 = CARTESIAN_POINT ( 'NONE',  ( -3.330172061157295360, 0.7504952119775800679, 23.50638857814071159 ) ) ;
#4384 = CARTESIAN_POINT ( 'NONE',  ( -0.1784310053256379369, -3.395316608422727533, 16.35249420488448990 ) ) ;
#4385 = VECTOR ( 'NONE', #832, 1000.000000000000000 ) ;
#4386 = CARTESIAN_POINT ( 'NONE',  ( 6.245698675651500839E-16, -3.399999999999999911, 22.61249999999999716 ) ) ;
#4387 = CARTESIAN_POINT ( 'NONE',  ( 3.399999999999386180, 2.042941383349938787E-06, 21.98750011674254878 ) ) ;
#4388 = CARTESIAN_POINT ( 'NONE',  ( -0.8865659358800427325, -3.282384699137779194, 17.56061702149415638 ) ) ;
#4389 = CARTESIAN_POINT ( 'NONE',  ( 2.088752800015117650, -2.684705673435393347, 18.99469744146336581 ) ) ;
#4390 = CARTESIAN_POINT ( 'NONE',  ( 2.363170236390447432, -2.444597553222997988, 16.51555122299370026 ) ) ;
#4391 = CARTESIAN_POINT ( 'NONE',  ( 1.688575694911940150, -4.076582343749973525, 21.05000000170700503 ) ) ;
#4392 = CARTESIAN_POINT ( 'NONE',  ( 3.400000000000000355, 1.408326112068523539, 23.31562500341398092 ) ) ;
#4393 = CARTESIAN_POINT ( 'NONE',  ( 3.391217184116932515, 0.3292686280727414316, 19.19357307438130533 ) ) ;
#4394 = CARTESIAN_POINT ( 'NONE',  ( -0.7591116464106428818, 3.314766568165711913, 18.28156935610953937 ) ) ;
#4395 = DIRECTION ( 'NONE',  ( -0.000000000000000000, -0.000000000000000000, -1.000000000000000000 ) ) ;
#4396 = CARTESIAN_POINT ( 'NONE',  ( -4.076582343749999282, 1.688575694911948588, 16.67500000170706187 ) ) ;
#4397 = CARTESIAN_POINT ( 'NONE',  ( 2.580702291050815500, -2.213649804405581456, 20.28337526311128158 ) ) ;
#4398 = CARTESIAN_POINT ( 'NONE',  ( -1.529928461225228853, 3.037811433695230878, 20.83069068255875322 ) ) ;
#4399 = CARTESIAN_POINT ( 'NONE',  ( -4.076582343749999282, 0.000000000000000000, 24.25312500170699082 ) ) ;
#4400 = EDGE_CURVE ( 'NONE', #1949, #3171, #3545, .T. ) ;
#4401 = ORIENTED_EDGE ( 'NONE', *, *, #4127, .T. ) ;
#4402 = VERTEX_POINT ( 'NONE', #2650 ) ;
#4403 = CARTESIAN_POINT ( 'NONE',  ( -4.076582343749998394, -1.688575694911951253, 24.48750000170699437 ) ) ;
#4404 = CARTESIAN_POINT ( 'NONE',  ( -2.139343896469045436, 2.642717790085958640, 22.12343593112541029 ) ) ;
#4405 = CARTESIAN_POINT ( 'NONE',  ( -0.2141165489734446203, -3.393251958718495942, 25.10046160715797114 ) ) ;
#4406 = CARTESIAN_POINT ( 'NONE',  ( -3.379822363447341882, 0.3698661254167101009, 21.02902003355317007 ) ) ;
#4407 = CARTESIAN_POINT ( 'NONE',  ( -4.076582343749999282, 1.688575694911948588, 18.08125000170699082 ) ) ;
#4408 = CARTESIAN_POINT ( 'NONE',  ( -2.049239256740000847, 2.713051410027514709, 23.36697817280050415 ) ) ;
#4409 = CARTESIAN_POINT ( 'NONE',  ( 0.2757685444888088311, -3.397822181869743829, 16.37833119892636091 ) ) ;
#4410 = CARTESIAN_POINT ( 'NONE',  ( 3.400000000000000355, 1.408326112068523539, 21.75312499999999716 ) ) ;
#4411 = CARTESIAN_POINT ( 'NONE',  ( 0.000000000000000000, 0.000000000000000000, 25.30000000000000071 ) ) ;
#4412 = CARTESIAN_POINT ( 'NONE',  ( -2.648878436475421871, -2.132511960175111021, 17.43566656906140011 ) ) ;
#4413 = CARTESIAN_POINT ( 'NONE',  ( 2.953265579523836504, -2.810114948213679575, 25.97658234375000319 ) ) ;
#4414 = CARTESIAN_POINT ( 'NONE',  ( 3.113094944374312334, -1.367003194216503514, 16.59257500563689902 ) ) ;
#4415 = CARTESIAN_POINT ( 'NONE',  ( 4.076582343749974413, 4.992373518734019516E-16, 25.03437500170700858 ) ) ;
#4416 = CARTESIAN_POINT ( 'NONE',  ( 3.400000000000000355, 1.408326112068523539, 25.81562500341398447 ) ) ;
#4417 = CARTESIAN_POINT ( 'NONE',  ( -3.400000002980327007, 0.1094305279877546833, 24.79364200235778526 ) ) ;
#4418 = AXIS2_PLACEMENT_3D ( 'NONE', #805, #4085, #4031 ) ;
#4419 = CARTESIAN_POINT ( 'NONE',  ( -0.02166130008512985594, 3.400368759112038841, 18.23864894672575687 ) ) ;
#4420 = CARTESIAN_POINT ( 'NONE',  ( -0.9695500137994573775, -3.259261067204714646, 22.55548739708527961 ) ) ;
#4421 = CARTESIAN_POINT ( 'NONE',  ( -4.076582343749999282, 0.000000000000000000, 15.50312500170706187 ) ) ;
#4422 = CARTESIAN_POINT ( 'NONE',  ( 0.4819615722005610725, -3.365666847419670038, 20.14002508381470236 ) ) ;
#4423 = CARTESIAN_POINT ( 'NONE',  ( 3.396101802976188466, 0.1657114467192397078, 15.43424782812775220 ) ) ;
#4424 = CARTESIAN_POINT ( 'NONE',  ( -4.076582343749999282, 0.000000000000000000, 26.75312500170699082 ) ) ;
#4425 = CARTESIAN_POINT ( 'NONE',  ( -2.882579019330973047, -2.882579019330974379, 21.90937500170699082 ) ) ;
#4426 = CARTESIAN_POINT ( 'NONE',  ( 3.619939072261782353, 0.7276442888632315142, 14.69226118638778367 ) ) ;
#4427 = CARTESIAN_POINT ( 'NONE',  ( 7.488560278101077592E-16, -4.076582343749999282, 22.22187500170699082 ) ) ;
#4428 = FACE_OUTER_BOUND ( 'NONE', #1329, .T. ) ;
#4429 = CARTESIAN_POINT ( 'NONE',  ( -0.1677033733605997889, -3.395954680196132891, 25.10295849296855053 ) ) ;
#4430 = ORIENTED_EDGE ( 'NONE', *, *, #3893, .F. ) ;
#4431 = CARTESIAN_POINT ( 'NONE',  ( 1.688575694911948366, 4.076582343749999282, 16.51875000170699082 ) ) ;
#4432 = CARTESIAN_POINT ( 'NONE',  ( 2.386526820520566528, 2.421714893541057734, 23.08263058674572576 ) ) ;
#4433 = CARTESIAN_POINT ( 'NONE',  ( 6.245698675651500839E-16, -3.399999999999999911, 17.92500000341398092 ) ) ;
#4434 = ORIENTED_EDGE ( 'NONE', *, *, #804, .F. ) ;
#4435 = CARTESIAN_POINT ( 'NONE',  ( 2.404163056034261725, -2.404163056034261281, 21.51874999999999716 ) ) ;
#4436 = CARTESIAN_POINT ( 'NONE',  ( -3.865356468399204104, -0.5266692478369647823, 25.79202033201986666 ) ) ;
#4437 = CARTESIAN_POINT ( 'NONE',  ( -2.564969258659027140, 2.231808589479562066, 17.15700596472301243 ) ) ;
#4438 = CARTESIAN_POINT ( 'NONE',  ( -2.681169974946319812, 2.090772002262883511, 14.97999999999608534 ) ) ;
#4439 = CARTESIAN_POINT ( 'NONE',  ( -2.442421951041839012, -2.365918257961991511, 18.70305907243771060 ) ) ;
#4440 = CARTESIAN_POINT ( 'NONE',  ( 2.329718683652203914, -2.476373870448563164, 16.51296093570405787 ) ) ;
#4441 = CARTESIAN_POINT ( 'NONE',  ( 4.076582343749974413, 1.688575694911938596, 25.11250000170700858 ) ) ;
#4442 = CARTESIAN_POINT ( 'NONE',  ( 6.245698675651500839E-16, -3.399999999999999911, 22.92500000341398092 ) ) ;
#4443 = CARTESIAN_POINT ( 'NONE',  ( -3.379218921593248659, 0.3754014618074363319, 24.77868089244902450 ) ) ;
#4444 = CARTESIAN_POINT ( 'NONE',  ( -2.962837208332948613, 1.667868693899962063, 18.44743205210022552 ) ) ;
#4445 = CARTESIAN_POINT ( 'NONE',  ( -0.2321149948697371623, -3.392098266820876784, 22.59951036072744657 ) ) ;
#4446 = CARTESIAN_POINT ( 'NONE',  ( 4.076582343749999282, 4.992373518734052056E-16, 18.62812500170706187 ) ) ;
#4447 = CARTESIAN_POINT ( 'NONE',  ( -2.077531966386555684, -2.691540638123200768, 19.98102060482914055 ) ) ;
#4448 = CARTESIAN_POINT ( 'NONE',  ( 3.399549943577212741, 0.05964826254729165000, 15.42831511827623991 ) ) ;
#4449 = CARTESIAN_POINT ( 'NONE',  ( -4.076582343749999282, 0.000000000000000000, 24.25312500170699082 ) ) ;
#4450 = CARTESIAN_POINT ( 'NONE',  ( 4.076582343749999282, 1.688575694911949254, 23.70625000170699437 ) ) ;
#4451 = CARTESIAN_POINT ( 'NONE',  ( -0.7409418545498069886, 3.413012972905567821, 14.89233464086259318 ) ) ;
#4452 = EDGE_CURVE ( 'NONE', #4649, #168, #3322, .T. ) ;
#4453 = CARTESIAN_POINT ( 'NONE',  ( -2.882579019330973047, -2.882579019330974379, 22.06562500170699082 ) ) ;
#4454 = CARTESIAN_POINT ( 'NONE',  ( -2.808537520919293318, -1.917180544294983413, 19.91998405363244373 ) ) ;
#4455 = CARTESIAN_POINT ( 'NONE',  ( 0.000000000000000000, 0.000000000000000000, 13.98000000000000043 ) ) ;
#4456 = CARTESIAN_POINT ( 'NONE',  ( -0.03055355874515456455, -3.400146231484797443, 25.11044563407559949 ) ) ;
#4457 = ORIENTED_EDGE ( 'NONE', *, *, #3626, .T. ) ;
#4458 = CARTESIAN_POINT ( 'NONE',  ( -2.882579019330973047, -2.882579019330974379, 19.56562500170699082 ) ) ;
#4459 = CARTESIAN_POINT ( 'NONE',  ( -0.03730385102019730115, 3.400185542523075810, 23.23954506506576934 ) ) ;
#4460 = DIRECTION ( 'NONE',  ( -1.000000000000000000, 0.000000000000000000, 0.000000000000000000 ) ) ;
#4461 = ORIENTED_EDGE ( 'NONE', *, *, #1930, .F. ) ;
#4462 = CARTESIAN_POINT ( 'NONE',  ( 3.400000000000000355, 1.408326112068523539, 20.50312499999999716 ) ) ;
#4463 = DIRECTION ( 'NONE',  ( -0.000000000000000000, -0.000000000000000000, 1.000000000000000000 ) ) ;
#4464 = CARTESIAN_POINT ( 'NONE',  ( -3.238482522599466673, 1.038768420439049489, 17.23866264253214098 ) ) ;
#4465 = VECTOR ( 'NONE', #3728, 1000.000000000000000 ) ;
#4466 = CARTESIAN_POINT ( 'NONE',  ( -2.587016020407733485, -2.206209374970917292, 18.69105790501914655 ) ) ;
#4467 = CARTESIAN_POINT ( 'NONE',  ( -4.076582343749973525, -1.688575694911940817, 23.23750000170700858 ) ) ;
#4468 = CARTESIAN_POINT ( 'NONE',  ( -2.404163056034260837, -2.404163056034261725, 24.01875000341398447 ) ) ;
#4469 = CARTESIAN_POINT ( 'NONE',  ( -0.8293461404471274001, 3.297299753284316015, 18.28586672489700149 ) ) ;
#4470 = CARTESIAN_POINT ( 'NONE',  ( 0.1105973551473814070, -3.399965552668391844, 22.61829179161325598 ) ) ;
#4471 = CARTESIAN_POINT ( 'NONE',  ( 3.318549402954974692, -1.816185838616188652, 14.60423681068788149 ) ) ;
#4472 = EDGE_CURVE ( 'NONE', #143, #2494, #859, .T. ) ;
#4473 = CARTESIAN_POINT ( 'NONE',  ( 0.5081143131420143844, -3.361893078671825297, 20.14157596917000248 ) ) ;
#4474 = CARTESIAN_POINT ( 'NONE',  ( -0.6466564059492095895, -3.562204492228753239, 25.51351411866665231 ) ) ;
#4475 = CARTESIAN_POINT ( 'NONE',  ( 3.355557256508762798, 0.5484554508548528107, 20.45633491129634507 ) ) ;
#4476 = CARTESIAN_POINT ( 'NONE',  ( 4.076582343750000170, -1.688575694911947922, 21.05000000170699437 ) ) ;
#4477 = VECTOR ( 'NONE', #787, 1000.000000000000000 ) ;
#4478 = CARTESIAN_POINT ( 'NONE',  ( 3.686873124411150116, 0.3647294046873137963, 14.67972251938208927 ) ) ;
#4479 = CARTESIAN_POINT ( 'NONE',  ( 2.882579019330973491, 2.882579019330973935, 20.19062500170699082 ) ) ;
#4480 = CARTESIAN_POINT ( 'NONE',  ( 3.399999999999999467, -5.132653320762048780E-08, 16.67499999715163383 ) ) ;
#4481 = CARTESIAN_POINT ( 'NONE',  ( -3.392245437127025642, -0.2323366967353220625, 19.81305925483789565 ) ) ;
#4482 = CARTESIAN_POINT ( 'NONE',  ( 4.399999999999994138, 5.388445916248347110E-16, 13.98000000000000043 ) ) ;
#4483 = EDGE_CURVE ( 'NONE', #4000, #4585, #3060, .T. ) ;
#4484 = VERTEX_POINT ( 'NONE', #2622 ) ;
#4485 = CARTESIAN_POINT ( 'NONE',  ( 7.488560278101077592E-16, -4.076582343749999282, 17.22187500170699437 ) ) ;
#4486 = ORIENTED_EDGE ( 'NONE', *, *, #661, .F. ) ;
#4487 = CARTESIAN_POINT ( 'NONE',  ( 1.408326112068522873, 3.400000000000000355, 23.15937499999999361 ) ) ;
#4488 = CARTESIAN_POINT ( 'NONE',  ( 1.408326112068522873, 3.400000000000000355, 22.22187500341398803 ) ) ;
#4489 = LINE ( 'NONE', #2339, #2988 ) ;
#4490 = CARTESIAN_POINT ( 'NONE',  ( -3.518421581380250185, 2.058939819677092498, 14.30341765624937267 ) ) ;
#4491 = CARTESIAN_POINT ( 'NONE',  ( -2.580350711478717418, -2.214009256980331575, 18.69162571779070703 ) ) ;
#4492 = CARTESIAN_POINT ( 'NONE',  ( -2.882579019330956172, 2.882579019330956172, 21.75312500170700858 ) ) ;
#4493 = CARTESIAN_POINT ( 'NONE',  ( 2.404163056034261725, -2.404163056034261281, 24.33125000341398447 ) ) ;
#4494 = CARTESIAN_POINT ( 'NONE',  ( -3.374160234564296257, 0.4192815850416679035, 18.52611300821201823 ) ) ;
#4495 = CARTESIAN_POINT ( 'NONE',  ( -0.3357129711343103118, -3.384071225875413091, 22.59366757094901956 ) ) ;
#4496 = DIRECTION ( 'NONE',  ( -1.000000000000000000, 0.000000000000000000, 0.000000000000000000 ) ) ;
#4497 = CARTESIAN_POINT ( 'NONE',  ( -1.430088700144447555, -3.088252774074509155, 20.02625219090765896 ) ) ;
#4498 = CARTESIAN_POINT ( 'NONE',  ( 1.950177970689266571, 2.786558026053846504, 15.61505423660451264 ) ) ;
#4499 = CARTESIAN_POINT ( 'NONE',  ( 3.344082703636844123, 0.6141841999195416513, 20.46030343352220271 ) ) ;
#4500 = CARTESIAN_POINT ( 'NONE',  ( 2.882579019330973491, 2.882579019330973935, 25.03437500170699082 ) ) ;
#4501 = CARTESIAN_POINT ( 'NONE',  ( -1.265181883534057139, 3.233265427034731410, 14.91284545857221921 ) ) ;
#4502 = CARTESIAN_POINT ( 'NONE',  ( 2.882579019330973491, 2.882579019330973935, 21.44062500170699082 ) ) ;
#4503 = CARTESIAN_POINT ( 'NONE',  ( 1.304726423493067777, 3.139915233766914504, 16.90915495621638698 ) ) ;
#4504 = CARTESIAN_POINT ( 'NONE',  ( -3.385465664437030231, -0.3141162172519482709, 19.81775920754953901 ) ) ;
#4505 = CARTESIAN_POINT ( 'NONE',  ( 3.002383926572063544, 1.596730615632649952, 21.77265647919208646 ) ) ;
#4506 = EDGE_LOOP ( 'NONE', ( #2312, #3031, #823, #3152 ) ) ;
#4507 = CARTESIAN_POINT ( 'NONE',  ( -1.688575694911949698, -4.076582343749998394, 25.73750000170699437 ) ) ;
#4508 = CARTESIAN_POINT ( 'NONE',  ( -0.1368967819126259144, 3.397302750779461533, 23.24515733947430007 ) ) ;
#4509 = CARTESIAN_POINT ( 'NONE',  ( -3.399999997184773193, -0.1094109321130615764, 16.05602458876363059 ) ) ;
#4510 = VERTEX_POINT ( 'NONE', #2698 ) ;
#4511 = CARTESIAN_POINT ( 'NONE',  ( 2.404163056034261725, -2.404163056034261281, 16.51874999999999716 ) ) ;
#4512 = CARTESIAN_POINT ( 'NONE',  ( 3.399999999994924860, -5.874275724537697630E-06, 19.48749968820668954 ) ) ;
#4513 = LINE ( 'NONE', #3010, #2002 ) ;
#4514 = DIRECTION ( 'NONE',  ( 1.000000000000000000, 0.000000000000000000, 0.000000000000000000 ) ) ;
#4515 = CARTESIAN_POINT ( 'NONE',  ( -3.320433584038618324, -0.7396970442885251185, 18.59286977537948005 ) ) ;
#4516 = CARTESIAN_POINT ( 'NONE',  ( -1.408326112068523317, 3.400000000000000355, 19.87812500341398092 ) ) ;
#4517 = CARTESIAN_POINT ( 'NONE',  ( 0.5889851840745039535, 3.348802146170245297, 18.20365338832448643 ) ) ;
#4518 = CARTESIAN_POINT ( 'NONE',  ( -3.344504026587994616, -0.6301534114155352695, 22.33645148443342165 ) ) ;
#4519 = CARTESIAN_POINT ( 'NONE',  ( -3.028129289143702163, -2.650318790286772863, 14.36260203385508305 ) ) ;
#4520 = CARTESIAN_POINT ( 'NONE',  ( -0.8371608995748227589, -3.295383616527621129, 20.06365608551559276 ) ) ;
#4521 = CARTESIAN_POINT ( 'NONE',  ( 1.803125117759801777, 2.882563157982938051, 15.62559745604764139 ) ) ;
#4522 = CARTESIAN_POINT ( 'NONE',  ( 3.055269207839391488, 1.508575134964361908, 20.51681338736237947 ) ) ;
#4523 = CARTESIAN_POINT ( 'NONE',  ( 2.882579019330974379, -2.882579019330973491, 18.47187500170699082 ) ) ;
#4524 = CARTESIAN_POINT ( 'NONE',  ( 0.4970389972791912081, -3.365252782924842645, 23.89089272269340825 ) ) ;
#4525 = ORIENTED_EDGE ( 'NONE', *, *, #4, .F. ) ;
#4526 = CARTESIAN_POINT ( 'NONE',  ( 1.688575694911948366, 4.076582343749999282, 21.51875000170699437 ) ) ;
#4527 = CARTESIAN_POINT ( 'NONE',  ( 2.531104972721823998, 2.277977719839919590, 16.82115570052814135 ) ) ;
#4528 = FACE_OUTER_BOUND ( 'NONE', #4602, .T. ) ;
#4529 = VERTEX_POINT ( 'NONE', #4161 ) ;
#4530 = CARTESIAN_POINT ( 'NONE',  ( 2.882579019330974379, -2.882579019330973491, 25.97187500170699082 ) ) ;
#4531 = CARTESIAN_POINT ( 'NONE',  ( 2.290763475950245986, 2.512656207403119790, 23.09001754784833338 ) ) ;
#4532 = DIRECTION ( 'NONE',  ( -0.000000000000000000, -0.000000000000000000, 1.000000000000000000 ) ) ;
#4533 = CARTESIAN_POINT ( 'NONE',  ( 1.196615508460591393, 3.182471097068656718, 19.41612096178767288 ) ) ;
#4534 = ORIENTED_EDGE ( 'NONE', *, *, #3290, .T. ) ;
#4535 = CARTESIAN_POINT ( 'NONE',  ( 3.400000000000000799, -1.408326112068522651, 15.34687499999999716 ) ) ;
#4536 = LINE ( 'NONE', #2060, #1663 ) ;
#4537 = CARTESIAN_POINT ( 'NONE',  ( -2.066277636439649790, 2.700101157480105485, 17.11822286643666757 ) ) ;
#4538 = CARTESIAN_POINT ( 'NONE',  ( 3.399999999999999911, 0.000000000000000000, 0.000000000000000000 ) ) ;
#4539 = CARTESIAN_POINT ( 'NONE',  ( 2.882579019330974379, -2.882579019330973491, 24.72187500170705832 ) ) ;
#4540 = AXIS2_PLACEMENT_3D ( 'NONE', #1267, #1241, #129 ) ;
#4541 = CARTESIAN_POINT ( 'NONE',  ( 3.399999999999999911, 4.163799117101000559E-16, 19.48750000341398092 ) ) ;
#4542 = CARTESIAN_POINT ( 'NONE',  ( 2.389382256985235209, 2.419049880433710609, 18.08240734311066689 ) ) ;
#4543 = CARTESIAN_POINT ( 'NONE',  ( 2.408470474622427027, -2.407392282047593035, 21.51842946437978910 ) ) ;
#4544 = CARTESIAN_POINT ( 'NONE',  ( -3.182451949798438928, -2.474867044700440388, 14.35541424542570432 ) ) ;
#4545 = CARTESIAN_POINT ( 'NONE',  ( 3.216104074443541183, -1.216284269051990830, 25.33376556268038016 ) ) ;
#4546 = CARTESIAN_POINT ( 'NONE',  ( 0.3621766872093957756, -3.385443975330212574, 25.13281028803825023 ) ) ;
#4547 = AXIS2_PLACEMENT_3D ( 'NONE', #475, #2292, #2366 ) ;
#4548 = CARTESIAN_POINT ( 'NONE',  ( -2.882579019330973047, -2.882579019330974379, 21.90937500170699082 ) ) ;
#4549 = CARTESIAN_POINT ( 'NONE',  ( -1.688575694911948810, 4.076582343749999282, 17.76875000170699082 ) ) ;
#4550 = DIRECTION ( 'NONE',  ( 1.000000000000000000, 0.000000000000000000, 0.000000000000000000 ) ) ;
#4551 = CARTESIAN_POINT ( 'NONE',  ( -4.076582343749999282, 1.688575694911948588, 16.83125000170699082 ) ) ;
#4552 = CARTESIAN_POINT ( 'NONE',  ( 1.111665836826020604, 3.213668766094941898, 16.92154516724340141 ) ) ;
#4553 = CARTESIAN_POINT ( 'NONE',  ( -2.706477469495011334, -2.061270649491387719, 19.93036744298829532 ) ) ;
#4554 = ADVANCED_FACE ( 'NONE', ( #3035 ), #1542, .F. ) ;
#4555 = ADVANCED_FACE ( 'NONE', ( #1986 ), #1213, .F. ) ;
#4556 = CARTESIAN_POINT ( 'NONE',  ( -4.076582343749974413, 1.688575694911938152, 15.58125000170700680 ) ) ;
#4557 = EDGE_LOOP ( 'NONE', ( #4078, #3773 ) ) ;
#4558 = CARTESIAN_POINT ( 'NONE',  ( 1.688575694911948366, 4.076582343749999282, 15.26875000170699259 ) ) ;
#4559 = CARTESIAN_POINT ( 'NONE',  ( -3.381445591010634466, 0.3549828204113686936, 22.27984583830925303 ) ) ;
#4560 = CARTESIAN_POINT ( 'NONE',  ( -3.868074886417025127, 0.2400354050152729846, 25.76807488641700417 ) ) ;
#4561 = CARTESIAN_POINT ( 'NONE',  ( -0.1293835333239381769, 3.397544176697699925, 24.49473388605628443 ) ) ;
#4562 = ORIENTED_EDGE ( 'NONE', *, *, #2410, .F. ) ;
#4563 = CARTESIAN_POINT ( 'NONE',  ( -1.408326112068523983, -3.399999999999999467, 18.78437499999999716 ) ) ;
#4564 = CARTESIAN_POINT ( 'NONE',  ( 3.400000000000000799, -1.408326112068522651, 19.40937500341398092 ) ) ;
#4565 = CARTESIAN_POINT ( 'NONE',  ( -1.297079738179052644, 3.143744928253259463, 17.06536985695792197 ) ) ;
#4566 = CARTESIAN_POINT ( 'NONE',  ( -1.688575694911938152, 4.076582343749974413, 19.17500000170700858 ) ) ;
#4567 = CARTESIAN_POINT ( 'NONE',  ( 2.317738992566340084, 2.487825249475763112, 18.08796398000916028 ) ) ;
#4568 = CARTESIAN_POINT ( 'NONE',  ( 2.060672030524600462, -2.704375622090786191, 21.49281372586320771 ) ) ;
#4569 = CARTESIAN_POINT ( 'NONE',  ( 0.000000000000000000, 0.000000000000000000, 25.98653347947319148 ) ) ;
#4570 = CARTESIAN_POINT ( 'NONE',  ( 3.452626787535486130, -0.3589712057107322107, 25.36667635509256513 ) ) ;
#4571 = CARTESIAN_POINT ( 'NONE',  ( -2.106839287452458187, -2.668602551434815950, 24.97883362261750761 ) ) ;
#4572 = CARTESIAN_POINT ( 'NONE',  ( -1.688575694911948810, 4.076582343749999282, 19.01875000170699082 ) ) ;
#4573 = CARTESIAN_POINT ( 'NONE',  ( -1.688575694911949698, -4.076582343749998394, 15.73750000170698904 ) ) ;
#4574 = CARTESIAN_POINT ( 'NONE',  ( -0.2128069007677585167, -3.393340500108446900, 23.85054446606010004 ) ) ;
#4575 = CARTESIAN_POINT ( 'NONE',  ( 2.882579019330974379, -2.882579019330973491, 16.12812500170698726 ) ) ;
#4576 = CARTESIAN_POINT ( 'NONE',  ( 1.611905580005113414, 3.008321489952748617, 16.88915261092671471 ) ) ;
#4577 = CONICAL_SURFACE ( 'NONE', #2936, 4.399999999999994138, 0.7853981633974502774 ) ;
#4578 = CARTESIAN_POINT ( 'NONE',  ( -3.381709607714402654, 0.3521994430972010814, 16.03004735855514795 ) ) ;
#4579 = CARTESIAN_POINT ( 'NONE',  ( 1.688575694911937930, 4.076582343749974413, 16.51875000170700858 ) ) ;
#4580 = ORIENTED_EDGE ( 'NONE', *, *, #3270, .T. ) ;
#4581 = CARTESIAN_POINT ( 'NONE',  ( -1.688575694911948810, 4.076582343749999282, 26.51875000170699437 ) ) ;
#4582 = CARTESIAN_POINT ( 'NONE',  ( -3.399999999996432098, -3.392293964255798686E-06, 16.36256314814743007 ) ) ;
#4583 = CARTESIAN_POINT ( 'NONE',  ( 0.2719777259836478334, -3.391270059064025233, 15.12789527626834207 ) ) ;
#4584 = CARTESIAN_POINT ( 'NONE',  ( -2.565797872342136188, 2.230903898673881613, 24.65707799272337297 ) ) ;
#4585 = VERTEX_POINT ( 'NONE', #2724 ) ;
#4586 = CARTESIAN_POINT ( 'NONE',  ( 3.399999999999999911, 4.163799117101000559E-16, 17.92499999999999716 ) ) ;
#4587 = LINE ( 'NONE', #3085, #1276 ) ;
#4588 = CARTESIAN_POINT ( 'NONE',  ( 3.400000000000000355, 1.408326112068523539, 20.81562500341398092 ) ) ;
#4589 = CARTESIAN_POINT ( 'NONE',  ( 2.498032768550850324, 2.309768514722100985, 18.07375997492220421 ) ) ;
#4590 = CARTESIAN_POINT ( 'NONE',  ( 3.399946890418879430, -0.02206073217438023204, 21.67377475065737613 ) ) ;
#4591 = CARTESIAN_POINT ( 'NONE',  ( 3.184308765902685412, -1.196992824157694146, 17.85385071047262073 ) ) ;
#4592 = CARTESIAN_POINT ( 'NONE',  ( 2.201688605123692799, -3.315718249666302242, 25.87378786953160059 ) ) ;
#4593 = CARTESIAN_POINT ( 'NONE',  ( -2.674613930215357094, -2.099467272548657615, 24.93321799293394392 ) ) ;
#4594 = CARTESIAN_POINT ( 'NONE',  ( 1.688575694911950809, -4.076582343749998394, 23.39375000170699437 ) ) ;
#4595 = CARTESIAN_POINT ( 'NONE',  ( 1.688575694911950809, -4.076582343749998394, 17.14375000170699082 ) ) ;
#4596 = CARTESIAN_POINT ( 'NONE',  ( 0.8287456402296229374, -3.299966053974451086, 23.91079129041268558 ) ) ;
#4597 = CARTESIAN_POINT ( 'NONE',  ( 2.882579019330974379, -2.882579019330973491, 14.87812500170699082 ) ) ;
#4598 = CARTESIAN_POINT ( 'NONE',  ( 4.076582343749999282, 4.992373518734052056E-16, 19.87812500170706187 ) ) ;
#4599 = CARTESIAN_POINT ( 'NONE',  ( -1.474693844986984859, 3.063626018193109424, 15.82703581998360498 ) ) ;
#4600 = CARTESIAN_POINT ( 'NONE',  ( -4.076582343749973525, -1.688575694911940817, 14.48750000170700503 ) ) ;
#4601 = ADVANCED_FACE ( 'NONE', ( #3468 ), #2032, .F. ) ;
#4602 = EDGE_LOOP ( 'NONE', ( #1030, #287, #114 ) ) ;
#4603 = CARTESIAN_POINT ( 'NONE',  ( -0.2875934236968942237, -3.388752515412682520, 15.09607291855106048 ) ) ;
#4604 = CARTESIAN_POINT ( 'NONE',  ( -0.02699062773290540618, 3.400003016941917977, 24.48895758659814348 ) ) ;
#4605 = VERTEX_POINT ( 'NONE', #1235 ) ;
#4606 = CARTESIAN_POINT ( 'NONE',  ( 3.403024839097591236, 1.100544642748892077, 14.23598173169631664 ) ) ;
#4607 = CARTESIAN_POINT ( 'NONE',  ( -3.399999999999999023, -1.408326112068525537, 25.19062500341398447 ) ) ;
#4608 = VECTOR ( 'NONE', #2181, 1000.000000000000000 ) ;
#4609 = CARTESIAN_POINT ( 'NONE',  ( -4.076582343749973525, -1.688575694911940817, 19.48750000170700858 ) ) ;
#4610 = CARTESIAN_POINT ( 'NONE',  ( 3.400000000000000355, 1.408326112068523539, 19.56562500341398092 ) ) ;
#4611 = CARTESIAN_POINT ( 'NONE',  ( -3.400000000000000355, 1.408326112068523095, 23.78437500341398092 ) ) ;
#4612 = CARTESIAN_POINT ( 'NONE',  ( 3.250957331133133899, -0.9956895336767088711, 21.61634053521082421 ) ) ;
#4613 = CARTESIAN_POINT ( 'NONE',  ( 1.094621692295732585, -3.226797320568728811, 17.67754147142720456 ) ) ;
#4614 = EDGE_CURVE ( 'NONE', #3171, #2738, #2896, .T. ) ;
#4615 = FACE_BOUND ( 'NONE', #614, .T. ) ;
#4616 = CARTESIAN_POINT ( 'NONE',  ( -4.076582343749999282, -0.3456329073197189072, 14.30341765624999439 ) ) ;
#4617 = CARTESIAN_POINT ( 'NONE',  ( -2.496186759367026028E-16, 4.076582343749999282, 22.69062500170699082 ) ) ;
#4618 = CARTESIAN_POINT ( 'NONE',  ( 7.488560278101077592E-16, -4.076582343749999282, 17.06562500170699082 ) ) ;
#4619 = CARTESIAN_POINT ( 'NONE',  ( 2.698836999376567736, -2.079870731137957396, 24.04381709917807797 ) ) ;
#4620 = CARTESIAN_POINT ( 'NONE',  ( -2.882579019330973935, 2.882579019330973935, 16.75312500170699082 ) ) ;
#4621 = CARTESIAN_POINT ( 'NONE',  ( -4.076582343749999282, 0.000000000000000000, 20.50312500170706187 ) ) ;
#4622 = CARTESIAN_POINT ( 'NONE',  ( -1.258865302984032208, 3.159255667541200019, 15.81288912326172813 ) ) ;
#4623 = CARTESIAN_POINT ( 'NONE',  ( -4.076582343749973525, -1.688575694911940817, 15.73750000170700325 ) ) ;
#4624 = VERTEX_POINT ( 'NONE', #1160 ) ;
#4625 = DIRECTION ( 'NONE',  ( 1.000000000000000000, 0.000000000000000000, 0.000000000000000000 ) ) ;
#4626 = CARTESIAN_POINT ( 'NONE',  ( -0.6784638372436604392, -3.335047116635843523, 15.07326729195369452 ) ) ;
#4627 = CARTESIAN_POINT ( 'NONE',  ( -0.1089326763480202576, 3.398281889022009672, 24.49358218816079713 ) ) ;
#4628 = ORIENTED_EDGE ( 'NONE', *, *, #2984, .T. ) ;
#4629 = CARTESIAN_POINT ( 'NONE',  ( 2.750677880096211947, 1.998442193296920077, 14.30078098268795195 ) ) ;
#4630 = CARTESIAN_POINT ( 'NONE',  ( 7.488560278101077592E-16, -4.076582343749999282, 25.97187500170699082 ) ) ;
#4631 = CARTESIAN_POINT ( 'NONE',  ( 1.155402180099114773, -3.918431062734788028, 25.97658234375000674 ) ) ;
#4632 = CARTESIAN_POINT ( 'NONE',  ( -3.399999999994141930, 4.417659499032885852E-06, 18.54991825395957505 ) ) ;
#4633 = CARTESIAN_POINT ( 'NONE',  ( 3.400000001943912498, -0.009256108402479194808, 21.67448652783332008 ) ) ;
#4634 = CARTESIAN_POINT ( 'NONE',  ( 2.779984639296504856, -1.957472279182850050, 17.80217476381464792 ) ) ;
#4635 = CARTESIAN_POINT ( 'NONE',  ( 3.400000005829128646, -0.004544486617177115328, 19.17474789975333493 ) ) ;
#4636 = EDGE_CURVE ( 'NONE', #565, #827, #2266, .T. ) ;
#4637 = CARTESIAN_POINT ( 'NONE',  ( -2.962931349506469747, -1.667726417195033006, 24.90255886832986221 ) ) ;
#4638 = CARTESIAN_POINT ( 'NONE',  ( 1.408326112068525537, -3.399999999999999023, 16.75312500341398092 ) ) ;
#4639 = CARTESIAN_POINT ( 'NONE',  ( 1.688575694911948366, 4.076582343749999282, 20.11250000170699082 ) ) ;
#4640 = CARTESIAN_POINT ( 'NONE',  ( -2.582755361806993832, 2.211241741484290646, 19.65856067231838722 ) ) ;
#4641 = CARTESIAN_POINT ( 'NONE',  ( -1.831925173602338308, -2.866293206315593256, 23.74862282244464140 ) ) ;
#4642 = CARTESIAN_POINT ( 'NONE',  ( -4.076582343749999282, 1.688575694911948588, 15.58125000170699259 ) ) ;
#4643 = CARTESIAN_POINT ( 'NONE',  ( -2.882579019330973047, -2.882579019330974379, 23.15937500170705832 ) ) ;
#4644 = CARTESIAN_POINT ( 'NONE',  ( -3.374449310429160409, 0.4170355015003836541, 16.02624614514366996 ) ) ;
#4645 = EDGE_LOOP ( 'NONE', ( #139, #1007, #739, #2058, #2185, #2788, #1052, #1735 ) ) ;
#4646 = CARTESIAN_POINT ( 'NONE',  ( -1.408326112068523317, 3.400000000000000355, 18.62812500341398092 ) ) ;
#4647 = CARTESIAN_POINT ( 'NONE',  ( 1.681156354489167004, -2.955623013546263333, 15.21597016199328856 ) ) ;
#4648 = CARTESIAN_POINT ( 'NONE',  ( -2.316337314424284699, 2.489676330757202738, 24.63679453206883707 ) ) ;
#4649 = VERTEX_POINT ( 'NONE', #3783 ) ;
#4650 = CARTESIAN_POINT ( 'NONE',  ( -4.076582343749999282, 0.000000000000000000, 23.15937500170699082 ) ) ;
#4651 = CARTESIAN_POINT ( 'NONE',  ( -2.882579019330973935, 2.882579019330973935, 23.00312500170699082 ) ) ;
#4652 = CARTESIAN_POINT ( 'NONE',  ( -2.882579019330956172, 2.882579019330956172, 18.00312500170700503 ) ) ;
#4653 = APPLICATION_CONTEXT ( 'automotive_design' ) ;
#4654 = CARTESIAN_POINT ( 'NONE',  ( -1.408326112068523317, 3.400000000000000355, 27.06562500000000426 ) ) ;
#4655 = CARTESIAN_POINT ( 'NONE',  ( -3.251220754910256527, -0.9947877378764145018, 21.10860306826121402 ) ) ;
#4656 = CARTESIAN_POINT ( 'NONE',  ( 2.790059828851395807, -1.943103800943462689, 17.80323157113132382 ) ) ;
#4657 = CARTESIAN_POINT ( 'NONE',  ( 0.8274537293415274997, -3.299459162641732224, 18.91086106374790177 ) ) ;
#4658 = CARTESIAN_POINT ( 'NONE',  ( 19.89999999999999858, 2.437047130303232761E-15, 22.49059892324148890 ) ) ;
#4659 = CARTESIAN_POINT ( 'NONE',  ( 1.408326112068522873, 3.400000000000000355, 15.97187500341398270 ) ) ;
#4660 = CARTESIAN_POINT ( 'NONE',  ( 1.688575694911948366, 4.076582343749999282, 18.86250000170699082 ) ) ;
#4661 = CARTESIAN_POINT ( 'NONE',  ( -2.085692585860789539, 2.685131891354465505, 19.61958769424715499 ) ) ;
#4662 = CARTESIAN_POINT ( 'NONE',  ( -0.2184216688248057370, -3.392977692738956996, 23.85023130811688219 ) ) ;
#4663 = CARTESIAN_POINT ( 'NONE',  ( 3.285479916381667476, -0.8772782188219043764, 22.87370347338604049 ) ) ;
#4664 = CARTESIAN_POINT ( 'NONE',  ( 4.076582343749999282, 4.992373518734052056E-16, 22.37812500170706187 ) ) ;
#4665 = CARTESIAN_POINT ( 'NONE',  ( 2.090342544097182120, -2.681579458895614998, 20.24502530525100852 ) ) ;
#4666 = CARTESIAN_POINT ( 'NONE',  ( -2.856311313278021569, 1.845137149221989681, 15.93516420594379568 ) ) ;
#4667 = PRESENTATION_LAYER_ASSIGNMENT (  '', '', ( #551 ) ) ;
#4668 = CARTESIAN_POINT ( 'NONE',  ( 0.6302625572150766242, 3.341191007778793853, 20.70119483733451915 ) ) ;
#4669 =( BOUNDED_CURVE ( )  B_SPLINE_CURVE ( 2, ( #971, #2479, #4296, #3534, #3853, #1695, #4275, #3560, #3112 ),
 .UNSPECIFIED., .F., .T. ) 
 B_SPLINE_CURVE_WITH_KNOTS ( ( 3, 2, 2, 2, 3 ),
 ( 0.6730567000719200887, 0.6850755974252247249, 0.6970944675554917591, 0.7091133376857589043, 0.7211321810905994001 ),
 .UNSPECIFIED. ) 
 CURVE ( )  GEOMETRIC_REPRESENTATION_ITEM ( )  RATIONAL_B_SPLINE_CURVE ( ( 1.000000000000000000, 0.9238795325112867385, 1.000000000000000000, 0.9238795325112867385, 1.000000000000000000, 0.9238795325112867385, 1.000000000000000000, 0.9238795325112867385, 1.000000000000000000 ) ) 
 REPRESENTATION_ITEM ( '' )  );
#4670 = CARTESIAN_POINT ( 'NONE',  ( -0.1430184012884212486, 3.396992901574961365, 21.99550305324505928 ) ) ;
#4671 = CARTESIAN_POINT ( 'NONE',  ( -3.399999999971879294, 9.770702538064228812E-06, 25.11232265530318486 ) ) ;
#4672 = CYLINDRICAL_SURFACE ( 'NONE', #2951, 3.399999999999999911 ) ;
#4673 = CARTESIAN_POINT ( 'NONE',  ( 2.882579019330973491, 2.882579019330973935, 25.19062500170699082 ) ) ;
#4674 = DIRECTION ( 'NONE',  ( 1.224646799147353207E-16, 1.000000000000000000, 0.000000000000000000 ) ) ;
#4675 = CARTESIAN_POINT ( 'NONE',  ( -2.616942628436873530, -2.170892104541772394, 16.18846372471845285 ) ) ;
#4676 = EDGE_CURVE ( 'NONE', #591, #4272, #499, .T. ) ;
#4677 = CARTESIAN_POINT ( 'NONE',  ( 0.000000000000000000, 0.000000000000000000, 0.000000000000000000 ) ) ;
#4678 = CARTESIAN_POINT ( 'NONE',  ( -3.201763574181781369, -1.145735322946791479, 21.11809147364893136 ) ) ;
#4679 = CARTESIAN_POINT ( 'NONE',  ( -0.8649879278689672768, -3.288131917027652396, 17.56194546029778891 ) ) ;
#4680 = EDGE_CURVE ( 'NONE', #3007, #3598, #3889, .T. ) ;
#4681 = CARTESIAN_POINT ( 'NONE',  ( -0.3323993048635721648, -3.384365243567443837, 18.84365697642074977 ) ) ;
#4682 = DIRECTION ( 'NONE',  ( -0.000000000000000000, -0.000000000000000000, 1.000000000000000000 ) ) ;
#4683 = CARTESIAN_POINT ( 'NONE',  ( -3.399999999999999911, 0.000000000000000000, 16.36250000341398092 ) ) ;
#4684 = CARTESIAN_POINT ( 'NONE',  ( -4.076582343749998394, -1.688575694911951253, 14.33125000170699082 ) ) ;
#4685 = CARTESIAN_POINT ( 'NONE',  ( 4.080194787184955096, 1.319589794966754770, 13.68910897346655275 ) ) ;
#4686 = CARTESIAN_POINT ( 'NONE',  ( -2.500878675216568592, -2.304527902945191720, 23.69829214166881215 ) ) ;
#4687 = CARTESIAN_POINT ( 'NONE',  ( 3.391483770616463111, -0.2463250791772230719, 22.91112938052958015 ) ) ;
#4688 = CARTESIAN_POINT ( 'NONE',  ( -1.688575694911948810, 4.076582343749999282, 24.01875000170705832 ) ) ;
#4689 = CARTESIAN_POINT ( 'NONE',  ( 3.399999999999999911, 0.000000000000000000, 0.000000000000000000 ) ) ;
#4690 = CARTESIAN_POINT ( 'NONE',  ( 2.365593768762892068, 2.442170231453648199, 20.58426400628714958 ) ) ;
#4691 = ORIENTED_EDGE ( 'NONE', *, *, #1597, .F. ) ;
#4692 =( GEOMETRIC_REPRESENTATION_CONTEXT ( 3 ) GLOBAL_UNCERTAINTY_ASSIGNED_CONTEXT ( ( #1332 ) ) GLOBAL_UNIT_ASSIGNED_CONTEXT ( ( #2080, #3898, #3939 ) ) REPRESENTATION_CONTEXT ( 'NONE', 'WORKASPACE' ) );
#4693 = CARTESIAN_POINT ( 'NONE',  ( -0.1081139206856157053, 3.398309736701171424, 21.99353420840039064 ) ) ;
#4694 = EDGE_CURVE ( 'NONE', #1374, #541, #4669, .T. ) ;
#4695 = CARTESIAN_POINT ( 'NONE',  ( 2.279581196266504683, 2.784143982485724145, 25.49034042855346627 ) ) ;
#4696 = CONICAL_SURFACE ( 'NONE', #436, 4.399999999999994138, 0.7853981633974502774 ) ;
#4697 = CARTESIAN_POINT ( 'NONE',  ( 3.088863993605748703, 1.422415062069851244, 24.26104951152272449 ) ) ;
#4698 = CARTESIAN_POINT ( 'NONE',  ( -2.882579019330973935, 2.882579019330973935, 25.50312500170699082 ) ) ;
#4699 = CARTESIAN_POINT ( 'NONE',  ( -0.7671826445674844175, 3.312378493714620564, 23.28207198543782752 ) ) ;
#4700 = CARTESIAN_POINT ( 'NONE',  ( -3.359982356366669976, -0.5225915916892099888, 16.07991534808779832 ) ) ;
#4701 = CIRCLE ( 'NONE', #352, 17.90000000000000213 ) ;
#4702 = CARTESIAN_POINT ( 'NONE',  ( -1.438494100516260810, -3.080771208603685363, 21.27535837240683492 ) ) ;
#4703 = CARTESIAN_POINT ( 'NONE',  ( -2.602288090308470636, -2.188186866141944797, 17.43975205553176977 ) ) ;
#4704 = CARTESIAN_POINT ( 'NONE',  ( 3.399349358317950376, -0.07084761573588396755, 19.17105153220046887 ) ) ;
#4705 = CARTESIAN_POINT ( 'NONE',  ( 3.097784137416188077, -1.401764598674499984, 16.59029617394759626 ) ) ;
#4706 = CARTESIAN_POINT ( 'NONE',  ( 3.399999999999999911, 4.163799117101000559E-16, 15.73750000341397914 ) ) ;
#4707 = CARTESIAN_POINT ( 'NONE',  ( 2.882579019330973491, 2.882579019330973935, 17.53437500170699437 ) ) ;
#4708 = CARTESIAN_POINT ( 'NONE',  ( -2.074866125258309157, 2.693506524762664611, 19.61881629017770479 ) ) ;
#4709 = CARTESIAN_POINT ( 'NONE',  ( -2.603723494765798119, -2.186463909057887900, 23.68958830660947257 ) ) ;
#4710 = CARTESIAN_POINT ( 'NONE',  ( 0.000000000000000000, 0.000000000000000000, 13.98000000000000043 ) ) ;
#4711 = CARTESIAN_POINT ( 'NONE',  ( 1.688575694911948366, 4.076582343749999282, 16.36250000170705832 ) ) ;
#4712 = CARTESIAN_POINT ( 'NONE',  ( 2.702801565308351694, -2.065046475417631200, 20.29447804563644553 ) ) ;
#4713 = CARTESIAN_POINT ( 'NONE',  ( -0.6715732181438797133, 3.333146719118444068, 20.77629320681355196 ) ) ;
#4714 = ORIENTED_EDGE ( 'NONE', *, *, #3492, .T. ) ;
#4715 = CARTESIAN_POINT ( 'NONE',  ( -0.7151841631296010915, 3.329957192784822606, 22.02896970386068176 ) ) ;
#4716 = CARTESIAN_POINT ( 'NONE',  ( -0.6387981507701140371, 3.650967595968788615, 25.59867287091732990 ) ) ;
#4717 = CARTESIAN_POINT ( 'NONE',  ( 3.115517724666271082, 1.363461976798977737, 24.25717090979988910 ) ) ;
#4718 = CARTESIAN_POINT ( 'NONE',  ( -4.076582343749999282, 1.688575694911948588, 23.08125000170699437 ) ) ;
#4719 = CARTESIAN_POINT ( 'NONE',  ( -0.4139417574454441473, 3.376333392632524077, 23.26101297667313261 ) ) ;
#4720 = CARTESIAN_POINT ( 'NONE',  ( -0.6958423193558138653, -3.333480641207341222, 16.32217043636941156 ) ) ;
#4721 = CARTESIAN_POINT ( 'NONE',  ( 2.882579019330956616, -2.882579019330955727, 17.37812500170700503 ) ) ;
#4722 = CARTESIAN_POINT ( 'NONE',  ( -12.97179676972448625, 0.000000000000000000, 28.80000000000000071 ) ) ;
#4723 = CARTESIAN_POINT ( 'NONE',  ( -2.004541978388293177, -2.746661477889551062, 21.23629221852220539 ) ) ;
#4724 = CARTESIAN_POINT ( 'NONE',  ( -3.376433846818130302, -0.4058093860036866007, 17.32310353510516876 ) ) ;
#4725 = CARTESIAN_POINT ( 'NONE',  ( -1.499690600498473136, -3.051399422686342344, 18.77129623164937655 ) ) ;
#4726 = CARTESIAN_POINT ( 'NONE',  ( -3.841085515741990974, 1.411654583166990662, 14.30341765624999795 ) ) ;
ENDSEC;
END-ISO-10303-21;
