ISO-10303-21;
HEADER;
FILE_DESCRIPTION (( 'STEP AP214' ),
    '1' );
FILE_NAME ('Деталь Крепсс м8 глухая.STEP',
    '2026-08-28T08:30:52',
    ( '' ),
    ( '' ),
    'SwSTEP 2.0',
    'SolidWorks 2024',
    '' );
FILE_SCHEMA (( 'AUTOMOTIVE_DESIGN' ));
ENDSEC;

DATA;
#1 = CARTESIAN_POINT ( 'NONE',  ( 7.488560278101077592E-16, -4.076582343749999282, 22.22187500170697660 ) ) ;
#2 = CARTESIAN_POINT ( 'NONE',  ( 2.414223499227019953, -2.394376989142785739, 17.76957640681466088 ) ) ;
#3 = CARTESIAN_POINT ( 'NONE',  ( 3.400000000000000799, -1.408326112068522651, 21.59687499999998295 ) ) ;
#4 = EDGE_CURVE ( 'NONE', #2754, #3672, #296, .T. ) ;
#5 = CARTESIAN_POINT ( 'NONE',  ( -3.375322988782931688, -0.4101422081516487572, 16.07332066758425526 ) ) ;
#6 = CARTESIAN_POINT ( 'NONE',  ( 0.5179538748598436770, 3.360316705467575105, 15.70785544687324986 ) ) ;
#7 = CARTESIAN_POINT ( 'NONE',  ( 1.688575694911950809, -4.076582343749998394, 15.89375000170703878 ) ) ;
#8 = CARTESIAN_POINT ( 'NONE',  ( 2.355070284768535416, -2.452536877312286201, 24.01492435990958896 ) ) ;
#9 = CARTESIAN_POINT ( 'NONE',  ( -3.399999999994355537, 4.334172148360040799E-06, 24.79991971457359412 ) ) ;
#10 = CARTESIAN_POINT ( 'NONE',  ( 1.257134856238114384, 3.159360769990693374, 19.41223385528306267 ) ) ;
#11 = CARTESIAN_POINT ( 'NONE',  ( -1.408326112068523317, 3.400000000000000355, 24.87812500341396671 ) ) ;
#12 = CARTESIAN_POINT ( 'NONE',  ( 0.8839387710979239587, 3.284924568350247487, 21.93572491549874570 ) ) ;
#13 = CARTESIAN_POINT ( 'NONE',  ( 1.688575694911948366, 4.076582343749999282, 23.86250000170698016 ) ) ;
#14 = CARTESIAN_POINT ( 'NONE',  ( 7.488560278101077592E-16, -4.076582343749999282, 14.72187500170697660 ) ) ;
#15 = CARTESIAN_POINT ( 'NONE',  ( 0.8132945306869697744, -3.314879127466130004, 20.15982895266116159 ) ) ;
#16 = CARTESIAN_POINT ( 'NONE',  ( -2.603530291742776281, -2.186696679256597164, 22.43961443506001885 ) ) ;
#17 = CARTESIAN_POINT ( 'NONE',  ( 4.399999999999994138, 5.388445916248347110E-16, 13.98000000000000043 ) ) ;
#18 = CARTESIAN_POINT ( 'NONE',  ( -2.118179132031192680, -2.659606042540945126, 18.72798402719767097 ) ) ;
#19 = CARTESIAN_POINT ( 'NONE',  ( -1.688575694911948810, 4.076582343749999282, 22.76875000170698016 ) ) ;
#20 = CARTESIAN_POINT ( 'NONE',  ( -3.865356468399206324, -0.5266692478369561226, 25.79202033201985600 ) ) ;
#21 = CARTESIAN_POINT ( 'NONE',  ( -4.076582343749975301, 0.000000000000000000, 21.90937500170699082 ) ) ;
#22 = VERTEX_POINT ( 'NONE', #4571 ) ;
#23 = CARTESIAN_POINT ( 'NONE',  ( 2.750677880096211947, 1.998442193296920077, 14.30078098268793951 ) ) ;
#24 = CARTESIAN_POINT ( 'NONE',  ( -4.076582343749999282, 0.000000000000000000, 23.15937500170697660 ) ) ;
#25 = CARTESIAN_POINT ( 'NONE',  ( 0.4913101589171040007, -3.364314845346109362, 17.64057440736076998 ) ) ;
#26 = CARTESIAN_POINT ( 'NONE',  ( -2.118197668728858396, -2.659696849090175785, 16.22798511747558692 ) ) ;
#27 = CARTESIAN_POINT ( 'NONE',  ( 2.766129251931003008, 1.977127779602455115, 15.54924112774611622 ) ) ;
#28 = CARTESIAN_POINT ( 'NONE',  ( 3.011682453787670966, -1.585008549121141641, 21.57827529985030424 ) ) ;
#29 = CARTESIAN_POINT ( 'NONE',  ( 2.884997461864363899, -1.802549721088822610, 24.06334336409545926 ) ) ;
#30 = CARTESIAN_POINT ( 'NONE',  ( -0.9647217494792641457, 3.273822766076170065, 24.54402717153258351 ) ) ;
#31 = EDGE_CURVE ( 'NONE', #3861, #2543, #3787, .T. ) ;
#32 = CARTESIAN_POINT ( 'NONE',  ( 1.300863150830899428, 3.141517589432712754, 19.40940384804298802 ) ) ;
#33 = CARTESIAN_POINT ( 'NONE',  ( 3.400000008919090710, 0.002512590119331264797, 20.42513938328499989 ) ) ;
#34 = CARTESIAN_POINT ( 'NONE',  ( 1.106769269473437012, 3.215430860358015952, 21.92185288652774844 ) ) ;
#35 = CARTESIAN_POINT ( 'NONE',  ( 3.253150158414391147, 0.9884489122030863939, 22.98320719373733212 ) ) ;
#36 = CARTESIAN_POINT ( 'NONE',  ( -4.076582343749999282, 1.688575694911948588, 14.33125000170697838 ) ) ;
#37 = CARTESIAN_POINT ( 'NONE',  ( -0.1085070466452797283, -3.398709568023047467, 20.10634353514488382 ) ) ;
#38 = PLANE ( 'NONE',  #841 ) ;
#39 = CARTESIAN_POINT ( 'NONE',  ( -2.787485474632276805, -1.952346477300192840, 18.67222713595934991 ) ) ;
#40 = CARTESIAN_POINT ( 'NONE',  ( 6.245698675651500839E-16, -3.399999999999999911, 21.67500000341396671 ) ) ;
#41 = CARTESIAN_POINT ( 'NONE',  ( 1.688575694911940817, -4.076582343749974413, 21.05000000170699082 ) ) ;
#42 = VERTEX_POINT ( 'NONE', #131 ) ;
#43 = CARTESIAN_POINT ( 'NONE',  ( -2.496186759367026028E-16, 4.076582343749999282, 17.84687500170698016 ) ) ;
#44 = CARTESIAN_POINT ( 'NONE',  ( 0.4828059600366166881, -3.365547806080289472, 17.64008028192888489 ) ) ;
#45 = CARTESIAN_POINT ( 'NONE',  ( -3.379341187034761163, -0.3744238648825657378, 16.07124594913950233 ) ) ;
#46 = CARTESIAN_POINT ( 'NONE',  ( 3.399999999977145304, -1.246637281685397803E-05, 15.42499954238699544 ) ) ;
#47 = B_SPLINE_CURVE_WITH_KNOTS ( 'NONE', 3,
 ( #3511, #1240, #486, #1988, #4184, #931, #2037, #3806, #563, #3086, #3464, #3112, #583, #3489, #195, #1599, #904, #1263, #3874, #880, #2741, #1963, #4537, #2690, #121, #4158, #2434, #1669, #857, #3829, #148, #1625, #1648, #2333, #4206, #4560, #4235, #1287, #4584, #2384, #3852, #1695, #3897, #537, #2410, #2012, #2765, #3538, #172, #4611, #1314, #2792, #4260, #955, #221, #3179, #1214, #976, #4633, #246, #609, #1334, #2458, #1719, #2815, #3920, #2083, #3563, #4283, #751, #4434, #1489, #838, #2316, #405, #3789, #18, #1875, #1103, #1510, #1197, #3353, #3026, #4479, #469, #1852, #3332, #1174, #2220, #381, #2653, #39, #2976, #2583, #793, #1943, #3698, #1124, #3043, #2606, #4458, #82, #2294, #1557, #4077, #3000, #3401, #4121, #1149, #4498, #1896, #105 ),
 .UNSPECIFIED., .F., .F.,
 ( 4, 2, 2, 1, 1, 2, 2, 2, 2, 1, 2, 2, 2, 1, 2, 2, 1, 2, 2, 2, 1, 1, 2, 2, 2, 2, 2, 2, 2, 2, 1, 1, 2, 2, 2, 2, 1, 2, 2, 2, 2, 2, 2, 2, 1, 2, 1, 1, 2, 2, 1, 2, 2, 2, 2, 1, 1, 2, 2, 1, 2, 2, 2, 1, 4 ),
 ( 0.5936178783250145585, 0.5937361604498645473, 0.5938544425747145361, 0.5940910068244145137, 0.5945641353238145799, 0.5955103923226144902, 0.5974029063202145329, 0.6011879343154143962, 0.6016610628148144624, 0.6021341913142144175, 0.6030804483130144389, 0.6049729623106143706, 0.6087579903058143449, 0.6092311188052144111, 0.6093494009300643999, 0.6094676830549143887, 0.6097042473046143662, 0.6106505043034143876, 0.6125430183010144303, 0.6163280462962144046, 0.6168011747956144708, 0.6170377390453144484, 0.6171560211701644372, 0.6172743032950144260, 0.6182205602938144473, 0.6201130742914144900, 0.6238981022866144643, 0.6248443592854144857, 0.6249626414102644745, 0.6250217824726894689, 0.6250809235351144633, 0.6253174877848144408, 0.6257906162842145070, 0.6276831302818148828, 0.6314681582770155233, 0.6324144152758156556, 0.6326509795255156332, 0.6327692616503657330, 0.6328875437752157218, 0.6333606722746157880, 0.6352531862722161637, 0.6361994432710162961, 0.6366725717704163623, 0.6369091360201164509, 0.6371457002698164285, 0.6390382142674168042, 0.6399844712662169366, 0.6404575997656170028, 0.6405758818904671026, 0.6406350229528920970, 0.6406941640153170914, 0.6409307282650171800, 0.6428232422626176668, 0.6466082702578185293, 0.6475545272566187727, 0.6480276557560189499, 0.6482642200057189275, 0.6483825021305690273, 0.6484416431929940217, 0.6485007842554190161, 0.6503932982530193918, 0.6522858122506198786, 0.6527589407500199448, 0.6532320692494200109, 0.6541783262482202543 ),
 .UNSPECIFIED. ) ;
#48 = CARTESIAN_POINT ( 'NONE',  ( 7.488560278101077592E-16, -4.076582343749999282, 14.56562500170703878 ) ) ;
#49 = PLANE ( 'NONE',  #694 ) ;
#50 = DIRECTION ( 'NONE',  ( 0.000000000000000000, 0.000000000000000000, 1.000000000000000000 ) ) ;
#51 = CARTESIAN_POINT ( 'NONE',  ( 3.320127322970074069, 0.7651969540750400700, 19.21941265004740274 ) ) ;
#52 = VECTOR ( 'NONE', #1621, 1000.000000000000000 ) ;
#53 = CARTESIAN_POINT ( 'NONE',  ( -2.081899558550500280E-16, 3.399999999999999911, 25.73749999999998295 ) ) ;
#54 = CARTESIAN_POINT ( 'NONE',  ( 1.297098388803453073, 3.143073723485802162, 21.90964650323931195 ) ) ;
#55 = CARTESIAN_POINT ( 'NONE',  ( 3.248535963346241395, 1.003523074362165701, 22.98414940005486429 ) ) ;
#56 = CARTESIAN_POINT ( 'NONE',  ( 0.000000000000000000, 0.000000000000000000, 7.799999999999998046 ) ) ;
#57 = CARTESIAN_POINT ( 'NONE',  ( 1.859607176350810631, -2.847287970771004595, 20.22838326664874486 ) ) ;
#58 = CARTESIAN_POINT ( 'NONE',  ( -15.00000000000000355, 8.092438012718488949, 26.47878041750799838 ) ) ;
#59 = CARTESIAN_POINT ( 'NONE',  ( -3.238482522599699376, 1.038768420468557663, 17.23866264253044633 ) ) ;
#60 = CARTESIAN_POINT ( 'NONE',  ( 15.00000000000000000, -3.271794529412582531, 27.25238371117023917 ) ) ;
#61 = CARTESIAN_POINT ( 'NONE',  ( 3.399999999999999467, -5.132664445147163730E-08, 16.67499999715161252 ) ) ;
#62 = CARTESIAN_POINT ( 'NONE',  ( -2.404163056034261725, 2.404163056034261725, 18.70625000341396671 ) ) ;
#63 = CARTESIAN_POINT ( 'NONE',  ( -1.408326112068523317, 3.400000000000000355, 17.37812500341396316 ) ) ;
#64 = EDGE_LOOP ( 'NONE', ( #2152, #2828, #4325, #3291 ) ) ;
#65 = TOROIDAL_SURFACE ( 'NONE', #1064, 7.344863728670905090, 21.00000000000000000 ) ;
#66 = CARTESIAN_POINT ( 'NONE',  ( 4.076582343750000170, -1.688575694911947922, 26.20625000170698016 ) ) ;
#67 = CARTESIAN_POINT ( 'NONE',  ( 2.882579019330974379, -2.882579019330973491, 18.62812500170697660 ) ) ;
#68 = B_SPLINE_CURVE_WITH_KNOTS ( 'NONE', 3,
 ( #4544, #3813, #4167, #3046, #4191, #156, #1634, #2318, #1249, #3120 ),
 .UNSPECIFIED., .F., .F.,
 ( 4, 2, 2, 2, 4 ),
 ( 0.000000000000000000, 0.0008051252931868120273, 0.001610250586373624055, 0.002415375879560436190, 0.003220501172747248109 ),
 .UNSPECIFIED. ) ;
#69 = FACE_OUTER_BOUND ( 'NONE', #4597, .T. ) ;
#70 = CARTESIAN_POINT ( 'NONE',  ( 4.076582343749976189, -1.688575694911937930, 16.20625000170699437 ) ) ;
#71 = CARTESIAN_POINT ( 'NONE',  ( 2.950906724274351411, -1.691491671910415606, 21.57096888619705055 ) ) ;
#72 = CARTESIAN_POINT ( 'NONE',  ( 1.078395114957122258, -3.224492733160807756, 23.92635651792844342 ) ) ;
#73 = CARTESIAN_POINT ( 'NONE',  ( -0.7192307775261153058, 3.329201878264397507, 24.52920812914754123 ) ) ;
#74 = EDGE_CURVE ( 'NONE', #1201, #1470, #2320, .T. ) ;
#75 = CARTESIAN_POINT ( 'NONE',  ( 3.391217184471123414, 0.3292686243872883223, 19.19357307418246705 ) ) ;
#76 = CARTESIAN_POINT ( 'NONE',  ( 3.400000000000000355, 1.408326112068523539, 26.75312499999999005 ) ) ;
#77 = CARTESIAN_POINT ( 'NONE',  ( 2.327843749607624524, 2.478205552844854775, 21.83719071258560973 ) ) ;
#78 = CARTESIAN_POINT ( 'NONE',  ( -2.496186759367026028E-16, 4.076582343749999282, 22.69062500170697660 ) ) ;
#79 = DIRECTION ( 'NONE',  ( -0.000000000000000000, -0.000000000000000000, -1.000000000000000000 ) ) ;
#80 = CARTESIAN_POINT ( 'NONE',  ( 0.1106008788195328718, -3.399966098855311092, 20.11860635984499623 ) ) ;
#81 = CARTESIAN_POINT ( 'NONE',  ( 2.264504337224674924, -2.536156767884297114, 15.25796952260166606 ) ) ;
#82 = CARTESIAN_POINT ( 'NONE',  ( -3.252894627240172643, -0.9892892062560338928, 18.60825967008704751 ) ) ;
#83 = CARTESIAN_POINT ( 'NONE',  ( -2.952554497552537072, 1.685951906403674316, 20.94619271268357608 ) ) ;
#84 = CARTESIAN_POINT ( 'NONE',  ( 0.000000000000000000, 0.000000000000000000, 0.000000000000000000 ) ) ;
#85 = ORIENTED_EDGE ( 'NONE', *, *, #4239, .T. ) ;
#86 = ADVANCED_FACE ( 'NONE', ( #1637 ), #1947, .F. ) ;
#87 = CARTESIAN_POINT ( 'NONE',  ( 4.076582343749999282, 4.992373518734052056E-16, 26.28437500170697660 ) ) ;
#88 = CARTESIAN_POINT ( 'NONE',  ( -1.688575694911949698, -4.076582343749998394, 15.89375000170698016 ) ) ;
#89 = DIRECTION ( 'NONE',  ( -0.000000000000000000, -0.000000000000000000, 1.000000000000000000 ) ) ;
#90 = CARTESIAN_POINT ( 'NONE',  ( -1.785590725997160177, 3.295565699268700577, 25.64035559419029653 ) ) ;
#91 = CARTESIAN_POINT ( 'NONE',  ( -2.882579019330956616, 2.882579019330956616, 15.50312500170699259 ) ) ;
#92 = CARTESIAN_POINT ( 'NONE',  ( -0.1628070450435729621, -3.396110234301028097, 21.35338387471018251 ) ) ;
#93 = CARTESIAN_POINT ( 'NONE',  ( -1.325866061858145040, -3.132088952279188376, 23.78275962496854135 ) ) ;
#94 = FACE_OUTER_BOUND ( 'NONE', #1203, .T. ) ;
#95 = FACE_OUTER_BOUND ( 'NONE', #3003, .T. ) ;
#96 = CARTESIAN_POINT ( 'NONE',  ( -2.882579019330973935, 2.882579019330973935, 25.34687500170703700 ) ) ;
#97 = CARTESIAN_POINT ( 'NONE',  ( -3.399999999999999023, -1.408326112068525537, 24.87812499999998295 ) ) ;
#98 = CARTESIAN_POINT ( 'NONE',  ( 1.041653774239628794, 3.236970297564163879, 21.92593889698891019 ) ) ;
#99 = CARTESIAN_POINT ( 'NONE',  ( -2.882579019330973935, 2.882579019330973935, 19.09687500170697660 ) ) ;
#100 = CARTESIAN_POINT ( 'NONE',  ( 7.488560278101032232E-16, -4.076582343749975301, 19.72187500170699082 ) ) ;
#101 = CARTESIAN_POINT ( 'NONE',  ( -3.383507738061901193, 0.3345476832100032216, 18.53101826153526233 ) ) ;
#102 = CARTESIAN_POINT ( 'NONE',  ( -0.9678669065490554946, -3.259915329685301177, 20.05559669501983677 ) ) ;
#103 = CARTESIAN_POINT ( 'NONE',  ( 2.798502647240879160, -1.930940284113825234, 15.30406995484638166 ) ) ;
#104 = CARTESIAN_POINT ( 'NONE',  ( -2.001508626009455227, 2.748806997535738539, 17.11356145241475701 ) ) ;
#105 = CARTESIAN_POINT ( 'NONE',  ( -3.399999999994141930, 4.417659351896555260E-06, 18.54991825396249538 ) ) ;
#106 = CARTESIAN_POINT ( 'NONE',  ( -3.382847116311530566, 0.3413685203155515935, 21.03061843924461272 ) ) ;
#107 = CARTESIAN_POINT ( 'NONE',  ( -2.051061014408439576, 2.711704043808195852, 23.36710424022177790 ) ) ;
#108 = CARTESIAN_POINT ( 'NONE',  ( 1.688575694911948366, 4.076582343749999282, 22.76875000170698016 ) ) ;
#109 = CARTESIAN_POINT ( 'NONE',  ( 3.399999999999999911, 4.163799117101000559E-16, 18.23750000341396671 ) ) ;
#110 = CARTESIAN_POINT ( 'NONE',  ( 0.000000000000000000, 0.000000000000000000, 0.000000000000000000 ) ) ;
#111 = CARTESIAN_POINT ( 'NONE',  ( -2.882579019330973047, -2.882579019330974379, 17.06562500170697660 ) ) ;
#112 = VERTEX_POINT ( 'NONE', #1585 ) ;
#113 = CARTESIAN_POINT ( 'NONE',  ( -3.399999999980881871, 8.065722886475122728E-06, 20.11235377467050611 ) ) ;
#114 = CARTESIAN_POINT ( 'NONE',  ( 2.882579019330956172, 2.882579019330956616, 15.19062500170699082 ) ) ;
#115 = CARTESIAN_POINT ( 'NONE',  ( -0.4113201249104376789, -3.376301719310419003, 21.33904649075088855 ) ) ;
#116 = CARTESIAN_POINT ( 'NONE',  ( -2.564355360078492296, -2.232799160819574968, 23.69295936783524326 ) ) ;
#117 = CARTESIAN_POINT ( 'NONE',  ( 3.031407580929062817, 1.541075422635334924, 24.26892618516477995 ) ) ;
#118 = CARTESIAN_POINT ( 'NONE',  ( 0.000000000000000000, 0.000000000000000000, 0.000000000000000000 ) ) ;
#119 = CARTESIAN_POINT ( 'NONE',  ( -4.076582343749999282, 1.688575694911948588, 22.92500000170703700 ) ) ;
#120 = CARTESIAN_POINT ( 'NONE',  ( -3.400000000000000355, 1.408326112068523095, 24.72187499999998295 ) ) ;
#121 = CARTESIAN_POINT ( 'NONE',  ( 2.335561912432003506, -2.470868751632520954, 19.01341203024621151 ) ) ;
#122 = CARTESIAN_POINT ( 'NONE',  ( -4.076582343749999282, 0.000000000000000000, 20.50312500170698016 ) ) ;
#123 = CARTESIAN_POINT ( 'NONE',  ( -1.541646317376958786, 3.030478033382035363, 18.33151215226753550 ) ) ;
#124 = CARTESIAN_POINT ( 'NONE',  ( 2.754889472624111768, -1.992848045835069914, 15.29965042283705934 ) ) ;
#125 = CARTESIAN_POINT ( 'NONE',  ( 1.401484753354161006, -3.102941080489104664, 25.19719896173061002 ) ) ;
#126 = CARTESIAN_POINT ( 'NONE',  ( -3.379822363421543852, 0.3698661256525471175, 21.02902003354000016 ) ) ;
#127 = CARTESIAN_POINT ( 'NONE',  ( -2.107317160509567966, 2.668431432789160951, 22.12111591713593128 ) ) ;
#128 = CARTESIAN_POINT ( 'NONE',  ( -2.945304228720561301, 1.698799401086031224, 23.44531412542928805 ) ) ;
#129 = CARTESIAN_POINT ( 'NONE',  ( 1.688575694911948366, 4.076582343749999282, 21.51875000170698016 ) ) ;
#130 = CARTESIAN_POINT ( 'NONE',  ( 3.399999999999999911, 4.163799117101000559E-16, 16.98750000341396671 ) ) ;
#131 = CARTESIAN_POINT ( 'NONE',  ( 3.399999999977145304, -1.246637281685397803E-05, 15.42499954238699544 ) ) ;
#132 =( GEOMETRIC_REPRESENTATION_CONTEXT ( 3 ) GLOBAL_UNCERTAINTY_ASSIGNED_CONTEXT ( ( #2648 ) ) GLOBAL_UNIT_ASSIGNED_CONTEXT ( ( #3705, #4013, #2911 ) ) REPRESENTATION_CONTEXT ( 'NONE', 'WORKASPACE' ) );
#133 = VECTOR ( 'NONE', #3285, 1000.000000000000000 ) ;
#134 = ORIENTED_EDGE ( 'NONE', *, *, #4281, .F. ) ;
#135 = AXIS2_PLACEMENT_3D ( 'NONE', #3231, #224, #3590 ) ;
#136 = CARTESIAN_POINT ( 'NONE',  ( 1.688575694911948366, 4.076582343749999282, 19.01875000170697660 ) ) ;
#137 = ORIENTED_EDGE ( 'NONE', *, *, #3902, .F. ) ;
#138 = CARTESIAN_POINT ( 'NONE',  ( 6.245698675651500839E-16, -3.399999999999999911, 15.42500000341396671 ) ) ;
#139 = CIRCLE ( 'NONE', #2159, 7.344863728670905090 ) ;
#140 = CARTESIAN_POINT ( 'NONE',  ( -1.688575694911939484, -4.076582343749974413, 14.64375000170699259 ) ) ;
#141 = CARTESIAN_POINT ( 'NONE',  ( -1.466495086874859410, -3.067597620975025752, 21.27350678865223443 ) ) ;
#142 = CARTESIAN_POINT ( 'NONE',  ( -2.237006702568641092, -2.563097888784254152, 23.71916766629653139 ) ) ;
#143 = CARTESIAN_POINT ( 'NONE',  ( -3.399999999999999911, 4.163799117101000559E-16, 0.000000000000000000 ) ) ;
#144 = CARTESIAN_POINT ( 'NONE',  ( -3.383508818117233474, 0.3345367551154241892, 16.03103702331565472 ) ) ;
#145 = B_SPLINE_CURVE_WITH_KNOTS ( 'NONE', 3,
 ( #1524, #2552, #4379, #1072, #3733, #3016 ),
 .UNSPECIFIED., .F., .F.,
 ( 4, 2, 4 ),
 ( 0.000000000000000000, 0.001085885819697163853, 0.002171771639394327706 ),
 .UNSPECIFIED. ) ;
#146 = ADVANCED_FACE ( 'NONE', ( #3097 ), #4547, .T. ) ;
#147 = CARTESIAN_POINT ( 'NONE',  ( -2.496186759367026028E-16, 4.076582343749999282, 23.94062500170704055 ) ) ;
#148 = CARTESIAN_POINT ( 'NONE',  ( 2.159578074619123544, -2.627271675323343825, 18.99998734141192713 ) ) ;
#149 = CARTESIAN_POINT ( 'NONE',  ( 4.076582343750000170, -1.688575694911947922, 18.55000000170698016 ) ) ;
#150 = CARTESIAN_POINT ( 'NONE',  ( -2.118425724516257436, 2.659517561966229682, 18.37189001254333931 ) ) ;
#151 = CARTESIAN_POINT ( 'NONE',  ( -0.1667320873174462370, -3.397638734093228141, 15.10299869017806529 ) ) ;
#152 = CARTESIAN_POINT ( 'NONE',  ( -1.592278282187232996, 3.004396235451774366, 17.08492122868076990 ) ) ;
#153 = CARTESIAN_POINT ( 'NONE',  ( 2.377479354539857148, -2.431415056683515541, 25.26665941203098598 ) ) ;
#154 = CARTESIAN_POINT ( 'NONE',  ( 3.400000001076582734, 0.07131555942612984034, 16.67895614768860213 ) ) ;
#155 = CARTESIAN_POINT ( 'NONE',  ( -1.892376371168297933, 2.825974477392124484, 22.10572695488136219 ) ) ;
#156 = CARTESIAN_POINT ( 'NONE',  ( 1.407719482572310277, -3.835216325996292586, 25.97658234374998543 ) ) ;
#157 = CARTESIAN_POINT ( 'NONE',  ( -2.496186759367026028E-16, 4.076582343749999282, 24.09687500170698016 ) ) ;
#158 = CARTESIAN_POINT ( 'NONE',  ( 1.408326112068522873, 3.400000000000000355, 14.72187500341396671 ) ) ;
#159 = ORIENTED_EDGE ( 'NONE', *, *, #1242, .T. ) ;
#160 = VERTEX_POINT ( 'NONE', #2751 ) ;
#161 = CARTESIAN_POINT ( 'NONE',  ( -4.076582343749998394, -1.688575694911951253, 25.58125000170698371 ) ) ;
#162 = CARTESIAN_POINT ( 'NONE',  ( 3.399999999999999911, 4.163799117101000559E-16, 20.73750000341397026 ) ) ;
#163 = ADVANCED_FACE ( 'NONE', ( #2048 ), #3190, .F. ) ;
#164 = ORIENTED_EDGE ( 'NONE', *, *, #1067, .F. ) ;
#165 = CYLINDRICAL_SURFACE ( 'NONE', #3535, 4.924999999999999822 ) ;
#166 = CARTESIAN_POINT ( 'NONE',  ( 2.882579019330956172, 2.882579019330956616, 17.69062500170699082 ) ) ;
#167 = CARTESIAN_POINT ( 'NONE',  ( -2.326338207880475739, -2.481959967488625018, 21.21230316966049756 ) ) ;
#168 = CARTESIAN_POINT ( 'NONE',  ( -0.1923813512798092928, -3.394580316098328776, 23.85167924316804289 ) ) ;
#169 = CARTESIAN_POINT ( 'NONE',  ( 2.287398462557543866, 2.515808653385187554, 24.34031433297370484 ) ) ;
#170 = CYLINDRICAL_SURFACE ( 'NONE', #2687, 3.399999999999999911 ) ;
#171 = CARTESIAN_POINT ( 'NONE',  ( 1.688575694911948366, 4.076582343749999282, 25.11250000170704411 ) ) ;
#172 = CARTESIAN_POINT ( 'NONE',  ( -0.1659574329467551346, -3.395957234136999237, 18.85320272518972473 ) ) ;
#173 = CARTESIAN_POINT ( 'NONE',  ( 1.688575694911948366, 4.076582343749999282, 21.36250000170698371 ) ) ;
#174 = ADVANCED_FACE ( 'NONE', ( #2469 ), #3575, .F. ) ;
#175 = CARTESIAN_POINT ( 'NONE',  ( -3.380795562316685210, 0.3608651280442607412, 18.52954372765848134 ) ) ;
#176 = CARTESIAN_POINT ( 'NONE',  ( 0.1153826486794304468, -3.398042184369355567, 15.11894567002767786 ) ) ;
#177 = CARTESIAN_POINT ( 'NONE',  ( -2.125600965895590555, -2.653644296344009668, 24.97743542122606542 ) ) ;
#178 = CARTESIAN_POINT ( 'NONE',  ( -1.606953831583086467, 2.997272240850558322, 20.83589932065233796 ) ) ;
#179 = CARTESIAN_POINT ( 'NONE',  ( -0.7151841635500073568, 3.329957192698024038, 22.02896970388636788 ) ) ;
#180 = CARTESIAN_POINT ( 'NONE',  ( -3.189863732275656005, 1.186630365494814043, 23.47912452890191659 ) ) ;
#181 = CARTESIAN_POINT ( 'NONE',  ( -4.076582343749999282, 0.000000000000000000, 20.65937500170697660 ) ) ;
#182 = CARTESIAN_POINT ( 'NONE',  ( 3.362466011272020161, -0.5178543847095018471, 22.89539733496240359 ) ) ;
#183 = DIRECTION ( 'NONE',  ( -0.000000000000000000, 1.000000000000000000, -0.000000000000000000 ) ) ;
#184 = ORIENTED_EDGE ( 'NONE', *, *, #687, .F. ) ;
#185 = CARTESIAN_POINT ( 'NONE',  ( -2.496186759367026028E-16, 4.076582343749999282, 23.94062500170698016 ) ) ;
#186 = CARTESIAN_POINT ( 'NONE',  ( -3.399999999999999911, 4.163799117101000559E-16, 0.000000000000000000 ) ) ;
#187 = EDGE_LOOP ( 'NONE', ( #1373, #2095, #354, #4198, #232, #4103, #3956, #4748, #2004, #4744, #1540, #2657, #2782, #2177, #650, #1327, #4701, #3744, #2538, #1423, #4147, #2425, #2197 ) ) ;
#188 = CARTESIAN_POINT ( 'NONE',  ( -3.399999999999999023, -1.408326112068525537, 16.44062500341396671 ) ) ;
#189 = CARTESIAN_POINT ( 'NONE',  ( 4.076582343749976189, -1.688575694911937930, 18.70625000170699082 ) ) ;
#190 = CARTESIAN_POINT ( 'NONE',  ( 2.404163056034261725, -2.404163056034261281, 20.58125000341396671 ) ) ;
#191 = CARTESIAN_POINT ( 'NONE',  ( 2.060672030241923469, -2.704375622306402605, 21.49281372584379923 ) ) ;
#192 = CARTESIAN_POINT ( 'NONE',  ( 2.381282327079279337, -2.426961427647646996, 16.51697429583542842 ) ) ;
#193 = CARTESIAN_POINT ( 'NONE',  ( -1.909896463962916791, -3.492552254896453157, 14.40616777841217200 ) ) ;
#194 = CARTESIAN_POINT ( 'NONE',  ( -1.688575694911948810, 4.076582343749999282, 21.51875000170704055 ) ) ;
#195 = CARTESIAN_POINT ( 'NONE',  ( 3.119511594851185343, -1.352598608932049196, 19.09352064666821391 ) ) ;
#196 = CARTESIAN_POINT ( 'NONE',  ( 4.076582343749999282, 4.992373518734052056E-16, 14.87812500170697660 ) ) ;
#197 = CARTESIAN_POINT ( 'NONE',  ( -2.008333972520873090, 2.743791065412878094, 18.36406985963771987 ) ) ;
#198 = CARTESIAN_POINT ( 'NONE',  ( -2.118187786579127874, -2.659572762816998726, 19.97798278636082259 ) ) ;
#199 = LINE ( 'NONE', #4688, #380 ) ;
#200 = CARTESIAN_POINT ( 'NONE',  ( -2.521328983564947723, -2.282673502205822214, 24.94661196558525873 ) ) ;
#201 = CARTESIAN_POINT ( 'NONE',  ( 0.5472894663422049888, 3.355670351080980662, 20.70612130550184915 ) ) ;
#202 = CARTESIAN_POINT ( 'NONE',  ( -2.139343896468774986, 2.642717790086178464, 22.12343593111587481 ) ) ;
#203 = CARTESIAN_POINT ( 'NONE',  ( 0.5487146786180733260, 3.355437592693450544, 23.20603678065122466 ) ) ;
#204 = EDGE_CURVE ( 'NONE', #820, #3480, #4145, .T. ) ;
#205 = CARTESIAN_POINT ( 'NONE',  ( 7.488560278101077592E-16, -4.076582343749999282, 23.47187500170697660 ) ) ;
#206 = CARTESIAN_POINT ( 'NONE',  ( 3.270977804017706880, -0.9294467731422869639, 22.87047802812569230 ) ) ;
#207 = CARTESIAN_POINT ( 'NONE',  ( -7.344863728670905090, 1.542425955101392330E-15, 28.80000000000000071 ) ) ;
#208 = EDGE_LOOP ( 'NONE', ( #3431, #3628, #1107, #4601 ) ) ;
#209 = CARTESIAN_POINT ( 'NONE',  ( -2.882579019330973047, -2.882579019330974379, 25.65937500170697660 ) ) ;
#210 = CARTESIAN_POINT ( 'NONE',  ( -1.408326112068523983, -3.399999999999999467, 20.34687500341396671 ) ) ;
#211 = CARTESIAN_POINT ( 'NONE',  ( 3.471109487912008795, 0.4813781925070061973, 25.39608665766471063 ) ) ;
#212 = ORIENTED_EDGE ( 'NONE', *, *, #1506, .F. ) ;
#213 = DIRECTION ( 'NONE',  ( 1.000000000000000000, 0.000000000000000000, 0.000000000000000000 ) ) ;
#214 = DIRECTION ( 'NONE',  ( -0.000000000000000000, -0.000000000000000000, -1.000000000000000000 ) ) ;
#215 = CARTESIAN_POINT ( 'NONE',  ( -3.389112203518478417, -0.2732520930743452259, 21.06540789798086877 ) ) ;
#216 = DIRECTION ( 'NONE',  ( 0.000000000000000000, 0.000000000000000000, 1.000000000000000000 ) ) ;
#217 = CARTESIAN_POINT ( 'NONE',  ( -0.09651463371885450615, -3.399232488086870507, 16.35713912458481545 ) ) ;
#218 = AXIS2_PLACEMENT_3D ( 'NONE', #4018, #4108, #2280 ) ;
#219 = CARTESIAN_POINT ( 'NONE',  ( -1.903501486373907481, 2.818563731606396949, 15.85652822917042037 ) ) ;
#220 = CARTESIAN_POINT ( 'NONE',  ( -2.882579019330973935, 2.882579019330973935, 20.34687500170703700 ) ) ;
#221 = CARTESIAN_POINT ( 'NONE',  ( -0.2260008989791184031, -3.392536582026346448, 18.84978777911501524 ) ) ;
#222 = CARTESIAN_POINT ( 'NONE',  ( 1.688575694911948366, 4.076582343749999282, 15.11250000170697838 ) ) ;
#223 = CARTESIAN_POINT ( 'NONE',  ( 1.858331226585546947, 2.847297420679930191, 18.12164582523628198 ) ) ;
#224 = DIRECTION ( 'NONE',  ( -0.000000000000000000, -0.000000000000000000, -1.000000000000000000 ) ) ;
#225 = CARTESIAN_POINT ( 'NONE',  ( -2.629060281977147362, -2.155974715261893770, 24.93736337169500317 ) ) ;
#226 = CARTESIAN_POINT ( 'NONE',  ( 1.405443282245000480, 3.097957560102938768, 20.65294947579567619 ) ) ;
#227 = CARTESIAN_POINT ( 'NONE',  ( -0.1469401363923563408, 3.396825632891604219, 21.99572471096369242 ) ) ;
#228 = CARTESIAN_POINT ( 'NONE',  ( 0.4474343928182072938, 3.370736446269149145, 23.21196791626899980 ) ) ;
#229 = CARTESIAN_POINT ( 'NONE',  ( 1.688575694911950809, -4.076582343749998394, 18.55000000170698016 ) ) ;
#230 =( NAMED_UNIT ( * ) PLANE_ANGLE_UNIT ( ) SI_UNIT ( $, .RADIAN. ) );
#231 = CARTESIAN_POINT ( 'NONE',  ( -3.757980613234663370, 1.393195076827230539, 14.38709033207295107 ) ) ;
#232 = ORIENTED_EDGE ( 'NONE', *, *, #2221, .T. ) ;
#233 = CARTESIAN_POINT ( 'NONE',  ( 1.688575694911948366, 4.076582343749999282, 25.11250000170698016 ) ) ;
#234 = CARTESIAN_POINT ( 'NONE',  ( -2.088907507743479997, -2.682632306915865072, 17.48015751801687045 ) ) ;
#235 = CARTESIAN_POINT ( 'NONE',  ( -3.399999999971879294, 9.770701958635403470E-06, 25.11232265531343444 ) ) ;
#236 = ORIENTED_EDGE ( 'NONE', *, *, #467, .F. ) ;
#237 = EDGE_CURVE ( 'NONE', #3861, #1661, #3619, .T. ) ;
#238 = CARTESIAN_POINT ( 'NONE',  ( -0.2006453193304380545, 3.506295651043054740, 14.87272702167947003 ) ) ;
#239 = CARTESIAN_POINT ( 'NONE',  ( -3.307134481435374695, -0.8440440811797247367, 19.84925027096567618 ) ) ;
#240 = CARTESIAN_POINT ( 'NONE',  ( -4.076582343749975301, 0.000000000000000000, 14.40937500170699259 ) ) ;
#241 = CARTESIAN_POINT ( 'NONE',  ( -2.404163056034261725, 2.404163056034261725, 21.20625000341396671 ) ) ;
#242 = CARTESIAN_POINT ( 'NONE',  ( 14.99999999999999822, 9.767804256842985922, 25.95470053837924951 ) ) ;
#243 = CARTESIAN_POINT ( 'NONE',  ( -3.399999999980881871, 8.065722886475122728E-06, 20.11235377467050611 ) ) ;
#244 = CARTESIAN_POINT ( 'NONE',  ( -0.8629784220178914333, 3.288670492231672071, 15.78793540125417927 ) ) ;
#245 = CARTESIAN_POINT ( 'NONE',  ( 1.688575694911948366, 4.076582343749999282, 20.11250000170704411 ) ) ;
#246 = CARTESIAN_POINT ( 'NONE',  ( -0.9307298297977298907, -3.283700793150600372, 18.80802840964187794 ) ) ;
#247 = CARTESIAN_POINT ( 'NONE',  ( -2.496186759367026028E-16, 4.076582343749999282, 17.69062500170697660 ) ) ;
#248 = CARTESIAN_POINT ( 'NONE',  ( 2.800592639292129871, 1.927872119013584351, 18.04571847646646887 ) ) ;
#249 = CARTESIAN_POINT ( 'NONE',  ( -3.399999999999999023, -1.408326112068525537, 17.69062500341397026 ) ) ;
#250 = CARTESIAN_POINT ( 'NONE',  ( -3.374434814514779557, 0.4165584861730275978, 19.77636638251999557 ) ) ;
#251 = CARTESIAN_POINT ( 'NONE',  ( 1.869566341291909906, 2.839866888806253709, 20.62085029887284193 ) ) ;
#252 = CARTESIAN_POINT ( 'NONE',  ( 2.809129629637592274, 1.915408879694193045, 23.04483176119914489 ) ) ;
#253 = CARTESIAN_POINT ( 'NONE',  ( -1.688575694911949698, -4.076582343749998394, 18.39375000170697660 ) ) ;
#254 = CARTESIAN_POINT ( 'NONE',  ( -1.688575694911949698, -4.076582343749998394, 14.48750000170697660 ) ) ;
#255 = CARTESIAN_POINT ( 'NONE',  ( 1.709913376072354829, -2.946732215033329716, 22.71779382830370864 ) ) ;
#256 = CARTESIAN_POINT ( 'NONE',  ( -3.518421581380425600, 2.058939819676792737, 14.30341765624937622 ) ) ;
#257 = VERTEX_POINT ( 'NONE', #207 ) ;
#258 = CARTESIAN_POINT ( 'NONE',  ( -4.076582343749999282, 1.688575694911948588, 25.42500000170698016 ) ) ;
#259 = CARTESIAN_POINT ( 'NONE',  ( -2.134190021648523672, -2.646801933776282478, 17.47680080833424299 ) ) ;
#260 = FACE_OUTER_BOUND ( 'NONE', #2051, .T. ) ;
#261 = ORIENTED_EDGE ( 'NONE', *, *, #980, .T. ) ;
#262 = CARTESIAN_POINT ( 'NONE',  ( -2.452482781113129118, 2.381048110540057383, 14.96676674019610509 ) ) ;
#263 = CARTESIAN_POINT ( 'NONE',  ( -3.398019060328514307, -0.1367670714123681575, 19.80759362593020256 ) ) ;
#264 = CARTESIAN_POINT ( 'NONE',  ( -3.399999999999999023, -1.408326112068525537, 19.87812499999998295 ) ) ;
#265 = CARTESIAN_POINT ( 'NONE',  ( -15.00000000000000178, -3.272543859024160007, 27.25232043892863842 ) ) ;
#266 = CARTESIAN_POINT ( 'NONE',  ( 6.245698675651500839E-16, -3.399999999999999911, 19.17500000341396671 ) ) ;
#267 = CARTESIAN_POINT ( 'NONE',  ( 3.399999999995076294, 5.786419506472063760E-06, 16.98750032440969093 ) ) ;
#268 = ADVANCED_FACE ( 'NONE', ( #1681 ), #2119, .T. ) ;
#269 = CARTESIAN_POINT ( 'NONE',  ( 1.057912982964794857, -3.231598119808749114, 16.42507343777158368 ) ) ;
#270 = CARTESIAN_POINT ( 'NONE',  ( -3.374449310233762933, 0.4170355030973940669, 16.02624614505429790 ) ) ;
#271 = CARTESIAN_POINT ( 'NONE',  ( -1.688575694911950142, -4.076582343749998394, 16.98750000170704411 ) ) ;
#272 = CARTESIAN_POINT ( 'NONE',  ( -2.081899558550500280E-16, 3.399999999999999911, 26.05000000341396671 ) ) ;
#273 = CARTESIAN_POINT ( 'NONE',  ( 14.99999999999999645, 8.092986997836506546, 26.47860872506716845 ) ) ;
#274 = CARTESIAN_POINT ( 'NONE',  ( 3.197729150358809669, 1.156264552481431895, 17.99377343145636843 ) ) ;
#275 = CARTESIAN_POINT ( 'NONE',  ( -2.629603978479194915, 2.156129814730015859, 22.16272500164441439 ) ) ;
#276 = CARTESIAN_POINT ( 'NONE',  ( -3.381769220652124819, -0.3521706160614177517, 24.81997704869943888 ) ) ;
#277 = CARTESIAN_POINT ( 'NONE',  ( -0.8341167963311598710, 3.296135130629513021, 20.78615834637898985 ) ) ;
#278 = CARTESIAN_POINT ( 'NONE',  ( 2.352055710984506387, 2.455223396235547639, 23.08531310053177776 ) ) ;
#279 = CARTESIAN_POINT ( 'NONE',  ( 7.488560278101077592E-16, -4.076582343749999282, 15.97187500170697838 ) ) ;
#280 = CARTESIAN_POINT ( 'NONE',  ( -2.496186759367026028E-16, 4.076582343749999282, 17.69062500170697660 ) ) ;
#281 = CARTESIAN_POINT ( 'NONE',  ( 0.4381663605952735852, -3.373426711030250935, 22.63733891220117300 ) ) ;
#282 = CARTESIAN_POINT ( 'NONE',  ( 3.400000000000000355, 1.408326112068523539, 22.06562500341397026 ) ) ;
#283 = VERTEX_POINT ( 'NONE', #3908 ) ;
#284 = CARTESIAN_POINT ( 'NONE',  ( -4.076582343749999282, 1.688575694911948588, 20.42500000170698016 ) ) ;
#285 = CARTESIAN_POINT ( 'NONE',  ( -3.097201122225669678, -1.415319409882200841, 17.38549867867600796 ) ) ;
#286 = DIRECTION ( 'NONE',  ( -1.000000000000000000, 0.000000000000000000, 0.000000000000000000 ) ) ;
#287 = ORIENTED_EDGE ( 'NONE', *, *, #31, .F. ) ;
#288 = CARTESIAN_POINT ( 'NONE',  ( -15.00000000000000178, -10.81110197396270856, 25.62853141076445951 ) ) ;
#290 = VECTOR ( 'NONE', #743, 1000.000000000000000 ) ;
#289 = CARTESIAN_POINT ( 'NONE',  ( 1.408326112068525537, -3.399999999999999023, 17.69062499999998295 ) ) ;
#291 = CARTESIAN_POINT ( 'NONE',  ( -15.00000000000000178, 13.07707918458858032, 22.80000000000000071 ) ) ;
#292 = DIRECTION ( 'NONE',  ( 1.000000000000000000, 0.000000000000000000, 0.000000000000000000 ) ) ;
#293 = CARTESIAN_POINT ( 'NONE',  ( -3.399999999991150545, 5.423796563790169066E-06, 23.54989942220438337 ) ) ;
#294 = CARTESIAN_POINT ( 'NONE',  ( -0.1784310052719954576, -3.395316608425671845, 16.35249420488760563 ) ) ;
#295 = CARTESIAN_POINT ( 'NONE',  ( 0.4614825844428551704, 3.368749308299621603, 15.71115084046626897 ) ) ;
#296 = CIRCLE ( 'NONE', #837, 4.924999999999999822 ) ;
#297 = CARTESIAN_POINT ( 'NONE',  ( -4.076582343749999282, 1.688575694911948588, 19.17500000170704411 ) ) ;
#298 = AXIS2_PLACEMENT_3D ( 'NONE', #3739, #2929, #1123 ) ;
#299 = CARTESIAN_POINT ( 'NONE',  ( 4.076582343749999282, 4.992373518734052056E-16, 17.37812500170697660 ) ) ;
#300 = CARTESIAN_POINT ( 'NONE',  ( 3.247518825774589057, 1.006796304311107892, 17.98435437154911654 ) ) ;
#301 = CARTESIAN_POINT ( 'NONE',  ( -3.400000002955885225, 0.1094239281210431930, 22.29364305119211309 ) ) ;
#302 = EDGE_CURVE ( 'NONE', #4721, #2702, #2954, .T. ) ;
#303 = CIRCLE ( 'NONE', #4463, 19.89999999999999858 ) ;
#304 = CARTESIAN_POINT ( 'NONE',  ( -2.582755362035630053, 2.211241741218035184, 19.65856067233948323 ) ) ;
#305 = CARTESIAN_POINT ( 'NONE',  ( 3.344082703817349511, 0.6141841989414036362, 20.46030343346174973 ) ) ;
#306 = CARTESIAN_POINT ( 'NONE',  ( -0.7898613269545707860, 3.306989549429531383, 23.28345372528247026 ) ) ;
#307 = CARTESIAN_POINT ( 'NONE',  ( -1.688575694911948810, 4.076582343749999282, 17.92500000170698016 ) ) ;
#308 = CARTESIAN_POINT ( 'NONE',  ( 4.076582343749999282, 4.992373518734052056E-16, 17.37812500170697660 ) ) ;
#309 = CARTESIAN_POINT ( 'NONE',  ( -0.2150170170601257980, -3.393196590006973601, 22.60044353693296415 ) ) ;
#310 = CARTESIAN_POINT ( 'NONE',  ( -3.400000000000000355, 1.408326112068523095, 16.28437500341396671 ) ) ;
#311 = CARTESIAN_POINT ( 'NONE',  ( 4.076582343749999282, 4.992373518734052056E-16, 19.87812500170697660 ) ) ;
#312 = CARTESIAN_POINT ( 'NONE',  ( -2.098783656529625841, -2.674903211580163198, 17.47941177035187721 ) ) ;
#313 = CARTESIAN_POINT ( 'NONE',  ( 1.688575694911938152, 4.076582343749975301, 24.01875000170699082 ) ) ;
#314 = ORIENTED_EDGE ( 'NONE', *, *, #4507, .F. ) ;
#315 = CARTESIAN_POINT ( 'NONE',  ( 3.400000000000000799, -1.408326112068522651, 16.59687499999998295 ) ) ;
#316 = EDGE_CURVE ( 'NONE', #2885, #1179, #4632, .T. ) ;
#317 = CARTESIAN_POINT ( 'NONE',  ( 4.076582343749999282, 1.688575694911949254, 23.86250000170698016 ) ) ;
#318 = CARTESIAN_POINT ( 'NONE',  ( -2.593653395132097916, -2.198402547305544186, 21.19047211265599984 ) ) ;
#319 = CARTESIAN_POINT ( 'NONE',  ( -0.3318693532014160286, -3.384454485131179524, 16.34368521503736105 ) ) ;
#320 = CARTESIAN_POINT ( 'NONE',  ( -3.114977273433300109, 1.377702706885900685, 15.96696548385448722 ) ) ;
#321 = CARTESIAN_POINT ( 'NONE',  ( -2.882579019330973935, 2.882579019330973935, 19.09687500170704055 ) ) ;
#322 = CARTESIAN_POINT ( 'NONE',  ( -1.408326112068523317, 3.400000000000000355, 24.87812500341397026 ) ) ;
#323 = CARTESIAN_POINT ( 'NONE',  ( 1.814294380033749876, 2.875489811671896323, 18.12481256734894686 ) ) ;
#324 = B_SPLINE_CURVE_WITH_KNOTS ( 'NONE', 3,
 ( #1305, #2783, #4252, #2125, #1735, #947, #1688, #575, #1328, #1352, #2426, #3913, #4275, #3938, #994, #626, #4702, #651, #238, #968, #2449, #3580, #1710, #2476, #3245, #2833, #4299, #262, #3218, #1404 ),
 .UNSPECIFIED., .F., .F.,
 ( 4, 2, 2, 2, 2, 2, 2, 2, 2, 2, 2, 2, 2, 2, 4 ),
 ( 0.01119281924663055247, 0.01174105263577711160, 0.01228928602492367073, 0.01283751941407022985, 0.01338575280321678898, 0.01393398619236334811, 0.01448221958150990724, 0.01557868635980302549, 0.01667515313809614028, 0.01722338652724270114, 0.01777161991638925853, 0.01831985330553581939, 0.01886808669468237679, 0.01941632008382893418, 0.01996455347297549157 ),
 .UNSPECIFIED. ) ;
#325 = CARTESIAN_POINT ( 'NONE',  ( -3.335586924283361121, 0.6666942325873349562, 19.76158436047593980 ) ) ;
#326 = CARTESIAN_POINT ( 'NONE',  ( -15.00000000000000178, 13.05058576452367269, 22.91911267208669400 ) ) ;
#327 = CARTESIAN_POINT ( 'NONE',  ( 4.076582343749999282, 4.992373518734052056E-16, 24.87812500170697660 ) ) ;
#328 = CARTESIAN_POINT ( 'NONE',  ( 2.882579019330973491, 2.882579019330973935, 15.19062500170697838 ) ) ;
#329 = CARTESIAN_POINT ( 'NONE',  ( 1.688575694911948366, 4.076582343749999282, 17.61250000170698016 ) ) ;
#330 = CARTESIAN_POINT ( 'NONE',  ( -2.326345672251828312, -2.481952792996649393, 22.46230243894408929 ) ) ;
#331 = CARTESIAN_POINT ( 'NONE',  ( -15.00000000000000178, 13.07707918458858032, 22.80000000000000071 ) ) ;
#332 = ADVANCED_FACE ( 'NONE', ( #1729 ), #2844, .T. ) ;
#333 = ORIENTED_EDGE ( 'NONE', *, *, #3031, .F. ) ;
#334 = CARTESIAN_POINT ( 'NONE',  ( 2.882579019330974379, -2.882579019330973491, 20.97187500170697660 ) ) ;
#335 = CARTESIAN_POINT ( 'NONE',  ( -3.381539540156864199, -0.3551867089614600403, 17.32012909403664835 ) ) ;
#336 = CARTESIAN_POINT ( 'NONE',  ( -1.688575694911939484, -4.076582343749974413, 24.64375000170699792 ) ) ;
#337 = VERTEX_POINT ( 'NONE', #2802 ) ;
#338 = CARTESIAN_POINT ( 'NONE',  ( 3.399999999999999911, 4.163799117101000559E-16, 16.67499999999998295 ) ) ;
#339 = CARTESIAN_POINT ( 'NONE',  ( 4.076582343749999282, 4.992373518734052056E-16, 23.78437500170697660 ) ) ;
#340 = CARTESIAN_POINT ( 'NONE',  ( 2.549733300598989949, -2.254577659234522358, 17.78053927726852379 ) ) ;
#341 = CARTESIAN_POINT ( 'NONE',  ( -1.505586757289025579, -3.048487899931682232, 16.27090256175287664 ) ) ;
#342 = CARTESIAN_POINT ( 'NONE',  ( 3.390700783975987065, 0.2588805758148324809, 15.43950223502521091 ) ) ;
#343 = CARTESIAN_POINT ( 'NONE',  ( -2.882579019330973935, 2.882579019330973935, 15.34687500170704233 ) ) ;
#344 = CARTESIAN_POINT ( 'NONE',  ( -1.408326112068523983, -3.399999999999999467, 25.34687500341396671 ) ) ;
#345 = CARTESIAN_POINT ( 'NONE',  ( -3.399999999999999911, 4.163799117101000559E-16, 14.98000000000000576 ) ) ;
#346 = CARTESIAN_POINT ( 'NONE',  ( 3.292298737142759002, 0.8599609504694445405, 17.97518156741024598 ) ) ;
#347 = CARTESIAN_POINT ( 'NONE',  ( 0.2382959716079346701, 3.399410010998652254, 19.47388538055653839 ) ) ;
#348 = CYLINDRICAL_SURFACE ( 'NONE', #4008, 3.399999999999999911 ) ;
#349 = CARTESIAN_POINT ( 'NONE',  ( -1.688575694911948810, 4.076582343749999282, 24.01875000170697660 ) ) ;
#350 = CARTESIAN_POINT ( 'NONE',  ( -4.076582343749999282, 0.000000000000000000, 14.40937500170697660 ) ) ;
#351 = CARTESIAN_POINT ( 'NONE',  ( 2.591890743835813193, -2.200551598600976710, 20.28436109911360674 ) ) ;
#352 = CARTESIAN_POINT ( 'NONE',  ( -0.2076045503618501042, -3.393657623716801464, 22.60084417075150398 ) ) ;
#353 = DIRECTION ( 'NONE',  ( 1.000000000000000000, 0.000000000000000000, -0.000000000000000000 ) ) ;
#354 = ORIENTED_EDGE ( 'NONE', *, *, #2039, .F. ) ;
#355 = EDGE_CURVE ( 'NONE', #3528, #3030, #2456, .T. ) ;
#356 = CARTESIAN_POINT ( 'NONE',  ( 2.363711171273775502, 2.443973311172177976, 16.83440841215626449 ) ) ;
#357 = CARTESIAN_POINT ( 'NONE',  ( 7.488560278101077592E-16, -4.076582343749999282, 23.31562500170697660 ) ) ;
#358 = DIRECTION ( 'NONE',  ( -0.000000000000000000, -0.000000000000000000, -1.000000000000000000 ) ) ;
#359 = CARTESIAN_POINT ( 'NONE',  ( -4.076582343749975301, 0.000000000000000000, 23.15937500170699082 ) ) ;
#360 = VERTEX_POINT ( 'NONE', #3238 ) ;
#361 = CARTESIAN_POINT ( 'NONE',  ( -2.081899558550500280E-16, 3.399999999999999911, 15.73749999999998472 ) ) ;
#362 = CARTESIAN_POINT ( 'NONE',  ( 7.488560278101077592E-16, -4.076582343749999282, 23.47187500170697660 ) ) ;
#363 = CARTESIAN_POINT ( 'NONE',  ( 2.263544843357710779, -2.537630991907867450, 17.75788153061797559 ) ) ;
#364 = CARTESIAN_POINT ( 'NONE',  ( 1.408326112068522873, 3.400000000000000355, 21.90937499999998295 ) ) ;
#365 = CARTESIAN_POINT ( 'NONE',  ( -3.291353714270459196, -0.8631389563877408522, 16.10037887134475909 ) ) ;
#366 = CARTESIAN_POINT ( 'NONE',  ( 2.679751978828420977, 2.093256174079536347, 15.55762993855052656 ) ) ;
#367 = CARTESIAN_POINT ( 'NONE',  ( 2.882579019330974379, -2.882579019330973491, 15.97187500170704411 ) ) ;
#368 = CARTESIAN_POINT ( 'NONE',  ( -1.688575694911938818, 4.076582343749975301, 20.42500000170699792 ) ) ;
#369 = CARTESIAN_POINT ( 'NONE',  ( 2.384300357792853653, -2.424016276049423713, 24.01723297402466883 ) ) ;
#370 = CARTESIAN_POINT ( 'NONE',  ( -2.405217878558969957, 2.404965482143455180, 24.64367232713426148 ) ) ;
#371 = AXIS2_PLACEMENT_3D ( 'NONE', #1705, #572, #1058 ) ;
#372 = VECTOR ( 'NONE', #183, 1000.000000000000000 ) ;
#373 = CARTESIAN_POINT ( 'NONE',  ( -0.2198050147888974959, 3.393090482055813872, 19.49986546019556144 ) ) ;
#374 = LINE ( 'NONE', #4001, #290 ) ;
#375 = CARTESIAN_POINT ( 'NONE',  ( 7.488560278101077592E-16, -4.076582343749999282, 24.56562500170697660 ) ) ;
#376 = DIRECTION ( 'NONE',  ( -1.000000000000000000, 0.000000000000000000, 0.000000000000000000 ) ) ;
#377 = CARTESIAN_POINT ( 'NONE',  ( 1.683387273183037047, -2.954083201452073482, 20.21613074902592899 ) ) ;
#378 = CARTESIAN_POINT ( 'NONE',  ( -3.376524891367703951, -0.4059307637538636104, 22.32311652688684589 ) ) ;
#379 = DIRECTION ( 'NONE',  ( 1.000000000000000000, 0.000000000000000000, 0.000000000000000000 ) ) ;
#380 = VECTOR ( 'NONE', #3923, 1000.000000000000000 ) ;
#381 = CARTESIAN_POINT ( 'NONE',  ( -2.619220250504939784, -2.168101536001276308, 18.68825496678842413 ) ) ;
#382 = CARTESIAN_POINT ( 'NONE',  ( 1.269737208577579546, 3.154242835552689250, 16.91141987583127815 ) ) ;
#383 = CARTESIAN_POINT ( 'NONE',  ( 4.076582343750000170, -1.688575694911947922, 22.30000000170697305 ) ) ;
#384 = CARTESIAN_POINT ( 'NONE',  ( 0.000000000000000000, 0.000000000000000000, 0.000000000000000000 ) ) ;
#385 = CARTESIAN_POINT ( 'NONE',  ( 1.688575694911938152, 4.076582343749975301, 22.76875000170699437 ) ) ;
#386 = ORIENTED_EDGE ( 'NONE', *, *, #2551, .F. ) ;
#387 = CARTESIAN_POINT ( 'NONE',  ( 4.076582343749999282, 4.992373518734052056E-16, 25.03437500170698016 ) ) ;
#388 = CARTESIAN_POINT ( 'NONE',  ( 1.405753916686087734, -3.097815411711970501, 17.69758359707533302 ) ) ;
#389 = EDGE_CURVE ( 'NONE', #525, #1661, #555, .T. ) ;
#390 = CARTESIAN_POINT ( 'NONE',  ( -1.448587594342747975, -3.076037512741033098, 16.27469406786218542 ) ) ;
#391 = CARTESIAN_POINT ( 'NONE',  ( 1.704469813345665496, 2.942436892394775683, 15.63261186009699877 ) ) ;
#392 = CARTESIAN_POINT ( 'NONE',  ( 3.250957331364431546, -0.9956895329249220161, 21.61634053525331467 ) ) ;
#393 = CARTESIAN_POINT ( 'NONE',  ( -4.076582343749975301, 1.688575694911938596, 20.58125000170699082 ) ) ;
#394 = CARTESIAN_POINT ( 'NONE',  ( -3.399999999999999911, 4.163799117101000559E-16, 0.000000000000000000 ) ) ;
#395 = CARTESIAN_POINT ( 'NONE',  ( -3.377620429053530327, 0.3894736834307703233, 24.77788958496328675 ) ) ;
#396 = CARTESIAN_POINT ( 'NONE',  ( 1.190416033797522255, 3.184795225009410924, 19.41651811995651755 ) ) ;
#397 = CARTESIAN_POINT ( 'NONE',  ( 14.99999999999999822, 6.813786068846489469E-26, 27.35502208301953431 ) ) ;
#398 = CARTESIAN_POINT ( 'NONE',  ( 3.088274465201499730, 1.422557501299290372, 21.76106737588680673 ) ) ;
#399 = CARTESIAN_POINT ( 'NONE',  ( 3.322360819861607251, 0.7319758911709232096, 22.96740614348862763 ) ) ;
#400 = CARTESIAN_POINT ( 'NONE',  ( -2.496186759367010251E-16, 4.076582343749975301, 19.09687500170699437 ) ) ;
#401 = CARTESIAN_POINT ( 'NONE',  ( -1.688575694911949698, -4.076582343749998394, 14.64375000170697660 ) ) ;
#402 = CARTESIAN_POINT ( 'NONE',  ( 0.4651878594416181678, -3.368033126076544814, 20.13904019906936682 ) ) ;
#403 = CARTESIAN_POINT ( 'NONE',  ( -3.392244871152937602, -0.2323451658406055220, 22.31306162581879704 ) ) ;
#404 = CARTESIAN_POINT ( 'NONE',  ( 0.000000000000000000, 0.000000000000000000, 26.20000000000000284 ) ) ;
#405 = CARTESIAN_POINT ( 'NONE',  ( -2.079990157385306127, -2.689638072758212761, 18.73079282191451966 ) ) ;
#406 = CARTESIAN_POINT ( 'NONE',  ( 1.111665836104731353, 3.213668766353828588, 16.92154516728806612 ) ) ;
#407 = CARTESIAN_POINT ( 'NONE',  ( 7.500000000000000000, 9.184850993605147944E-16, 0.000000000000000000 ) ) ;
#408 = CARTESIAN_POINT ( 'NONE',  ( -1.688575694911938818, 4.076582343749975301, 24.17500000170699437 ) ) ;
#409 = EDGE_LOOP ( 'NONE', ( #1831, #1062, #4502, #1428 ) ) ;
#410 = CARTESIAN_POINT ( 'NONE',  ( 7.488560278101077592E-16, -4.076582343749999282, 24.72187500170698016 ) ) ;
#411 = CARTESIAN_POINT ( 'NONE',  ( 0.4718408221265644187, -3.367108664538437601, 17.63944835547801659 ) ) ;
#412 = CARTESIAN_POINT ( 'NONE',  ( -3.370572142709657992, -0.4470897924252937305, 16.07548089184133033 ) ) ;
#413 = CARTESIAN_POINT ( 'NONE',  ( 3.399959322156760333, 0.01717561021704745033, 15.42595376823360986 ) ) ;
#414 = CARTESIAN_POINT ( 'NONE',  ( -2.882579019330973047, -2.882579019330974379, 14.40937500170704055 ) ) ;
#415 = CARTESIAN_POINT ( 'NONE',  ( 3.391766819080141993, -0.3222995032742317356, 24.15681725315389983 ) ) ;
#416 = CARTESIAN_POINT ( 'NONE',  ( -0.1429895516551138723, 3.396994353518881571, 24.49550222377475350 ) ) ;
#417 = CARTESIAN_POINT ( 'NONE',  ( 3.116919907337833084, 1.360253888588620841, 19.25696004030492148 ) ) ;
#418 = CARTESIAN_POINT ( 'NONE',  ( -4.076582343749998394, -1.688575694911951253, 25.58125000170698371 ) ) ;
#419 = CARTESIAN_POINT ( 'NONE',  ( 2.882579019330973491, 2.882579019330973935, 13.94062500170697660 ) ) ;
#420 = CARTESIAN_POINT ( 'NONE',  ( 2.004319661286143806, -2.746969435468428422, 20.23875634962218939 ) ) ;
#421 = DIRECTION ( 'NONE',  ( 1.000000000000000000, 0.000000000000000000, 0.000000000000000000 ) ) ;
#422 = CARTESIAN_POINT ( 'NONE',  ( 14.99999999999999822, 6.813786068846489469E-26, 27.35502208301953431 ) ) ;
#423 = CARTESIAN_POINT ( 'NONE',  ( 1.304726424487940850, 3.139915233357089885, 16.90915495615364250 ) ) ;
#424 = CARTESIAN_POINT ( 'NONE',  ( -3.400000000000000355, 1.408326112068523095, 18.78437500341397026 ) ) ;
#425 = CARTESIAN_POINT ( 'NONE',  ( -2.081899558550500280E-16, 3.399999999999999911, 18.55000000341396671 ) ) ;
#426 = VERTEX_POINT ( 'NONE', #1398 ) ;
#427 = CARTESIAN_POINT ( 'NONE',  ( -2.882579019330973935, 2.882579019330973935, 25.50312500170697660 ) ) ;
#428 = CARTESIAN_POINT ( 'NONE',  ( -2.496186759367026028E-16, 4.076582343749999282, 16.59687500170698016 ) ) ;
#429 = CARTESIAN_POINT ( 'NONE',  ( 1.408326112068522873, 3.400000000000000355, 20.65937499999998295 ) ) ;
#430 = LINE ( 'NONE', #4528, #2763 ) ;
#431 = CARTESIAN_POINT ( 'NONE',  ( 3.399991833442385314, 0.008598048154264098519, 15.42547753359694696 ) ) ;
#432 = PRODUCT_DEFINITION_SHAPE ( 'NONE', 'NONE',  #1613 ) ;
#433 = CARTESIAN_POINT ( 'NONE',  ( -1.688575694911939484, -4.076582343749974413, 18.39375000170699082 ) ) ;
#434 = CARTESIAN_POINT ( 'NONE',  ( 2.760131113049088203, -1.985555497190210072, 21.55015103943417643 ) ) ;
#435 = CARTESIAN_POINT ( 'NONE',  ( 1.291724389322451927, -3.145949041959212877, 23.93997768507482959 ) ) ;
#436 = CARTESIAN_POINT ( 'NONE',  ( -3.128838167772989731, 1.332643989266614648, 24.71989883856308978 ) ) ;
#437 = CARTESIAN_POINT ( 'NONE',  ( -0.1511601495167115006, 3.396638668202576206, 19.49596278541375582 ) ) ;
#438 = CIRCLE ( 'NONE', #1760, 4.924999999999999822 ) ;
#439 = CARTESIAN_POINT ( 'NONE',  ( -3.399999999999999911, 0.000000000000000000, 26.04999999999998295 ) ) ;
#440 = CARTESIAN_POINT ( 'NONE',  ( -1.688575694911949698, -4.076582343749998394, 21.98750000170698016 ) ) ;
#441 = EDGE_CURVE ( 'NONE', #360, #1201, #2144, .T. ) ;
#442 = DIRECTION ( 'NONE',  ( -0.000000000000000000, -0.000000000000000000, 1.000000000000000000 ) ) ;
#443 = CARTESIAN_POINT ( 'NONE',  ( 0.4753590888330939679, -3.366607410642644460, 20.13963719887642512 ) ) ;
#444 = CARTESIAN_POINT ( 'NONE',  ( 2.253931744927418990, -2.545556815344493184, 15.25716708564316448 ) ) ;
#445 = CARTESIAN_POINT ( 'NONE',  ( -3.335246636556538302, 0.6686931458105633830, 17.26146322582065551 ) ) ;
#446 = CARTESIAN_POINT ( 'NONE',  ( 2.758515211273055545, -1.987610079762922366, 25.29999999999998650 ) ) ;
#447 = CARTESIAN_POINT ( 'NONE',  ( -3.379870217128576382, 0.3694283897402990124, 21.02904478967675317 ) ) ;
#448 = CARTESIAN_POINT ( 'NONE',  ( -1.688575694911939484, -4.076582343749974413, 20.89375000170699082 ) ) ;
#449 = CARTESIAN_POINT ( 'NONE',  ( -3.883620867705764201, -0.2638202942091601999, 25.78362086770570372 ) ) ;
#450 = AXIS2_PLACEMENT_3D ( 'NONE', #384, #2296, #3311 ) ;
#451 = CARTESIAN_POINT ( 'NONE',  ( -3.400000000000000355, 1.408326112068523095, 17.53437500341397026 ) ) ;
#452 = DIRECTION ( 'NONE',  ( -1.000000000000000000, 0.000000000000000000, 0.000000000000000000 ) ) ;
#453 = CARTESIAN_POINT ( 'NONE',  ( -1.688575694911948810, 4.076582343749999282, 26.67500000170698016 ) ) ;
#454 = CARTESIAN_POINT ( 'NONE',  ( 4.076582343750000170, -1.688575694911947922, 16.20625000170697660 ) ) ;
#455 = CARTESIAN_POINT ( 'NONE',  ( 3.400000000000000799, -1.408326112068522651, 24.40937500341397026 ) ) ;
#456 = CARTESIAN_POINT ( 'NONE',  ( -1.688575694911938818, 4.076582343749975301, 16.67500000170699437 ) ) ;
#457 = CARTESIAN_POINT ( 'NONE',  ( -2.499069364320464448, -2.306489230067888307, 21.19845081518599272 ) ) ;
#458 = CARTESIAN_POINT ( 'NONE',  ( 0.1212863636432560815, -3.398411158078426642, 23.86925288680358648 ) ) ;
#459 = CARTESIAN_POINT ( 'NONE',  ( 1.215917387305217812, 3.175146818743096233, 24.41488191890135795 ) ) ;
#460 = CARTESIAN_POINT ( 'NONE',  ( -1.688575694911950142, -4.076582343749998394, 25.73750000170704055 ) ) ;
#461 = CARTESIAN_POINT ( 'NONE',  ( 1.408326112068522873, 3.400000000000000355, 25.65937499999998295 ) ) ;
#462 = CARTESIAN_POINT ( 'NONE',  ( 3.390863711121038904, 0.3336940903597084285, 21.69382119211669746 ) ) ;
#463 = CARTESIAN_POINT ( 'NONE',  ( 4.076582343750000170, -1.688575694911947922, 19.80000000170697660 ) ) ;
#464 = CARTESIAN_POINT ( 'NONE',  ( -4.076582343749975301, 0.000000000000000000, 19.40937500170699082 ) ) ;
#465 = CARTESIAN_POINT ( 'NONE',  ( -2.942389763252020618, 1.703849668780875959, 18.44496653144397058 ) ) ;
#466 = CARTESIAN_POINT ( 'NONE',  ( 2.404163056034261281, 2.404163056034261725, 23.39375000341396671 ) ) ;
#467 = EDGE_CURVE ( 'NONE', #1687, #4195, #2975, .T. ) ;
#468 = CARTESIAN_POINT ( 'NONE',  ( -0.1892822372345980275, 3.394859236458902974, 16.99811938300705449 ) ) ;
#469 = CARTESIAN_POINT ( 'NONE',  ( -2.587016020408735795, -2.206209374969743120, 18.69105790501886233 ) ) ;
#470 = CARTESIAN_POINT ( 'NONE',  ( -15.00000000000000178, 13.07707918458858032, 22.49059892324149246 ) ) ;
#471 = CARTESIAN_POINT ( 'NONE',  ( -3.378793125085428173, 0.3791530773972287549, 23.52847966614442399 ) ) ;
#472 = CARTESIAN_POINT ( 'NONE',  ( -2.404163056034261725, 2.404163056034261725, 18.70625000341396671 ) ) ;
#473 = CARTESIAN_POINT ( 'NONE',  ( 0.000000000000000000, 0.000000000000000000, 13.98000000000000043 ) ) ;
#474 = CARTESIAN_POINT ( 'NONE',  ( -2.404163056034261725, 2.404163056034261725, 23.70625000341397026 ) ) ;
#475 = ORIENTED_EDGE ( 'NONE', *, *, #1184, .T. ) ;
#476 = CARTESIAN_POINT ( 'NONE',  ( 4.076582343749999282, 4.992373518734052056E-16, 20.03437500170698016 ) ) ;
#477 = CARTESIAN_POINT ( 'NONE',  ( -3.399999999999999911, 0.000000000000000000, 22.61250000341396671 ) ) ;
#478 = ORIENTED_EDGE ( 'NONE', *, *, #1208, .F. ) ;
#479 = CYLINDRICAL_SURFACE ( 'NONE', #3005, 19.89999999999999858 ) ;
#480 = CARTESIAN_POINT ( 'NONE',  ( -2.882579019330956616, 2.882579019330956616, 18.00312500170699082 ) ) ;
#481 = CARTESIAN_POINT ( 'NONE',  ( 2.408470474621740021, -2.407392282048274268, 21.51842946436699577 ) ) ;
#482 = CARTESIAN_POINT ( 'NONE',  ( -1.731795497488736846, -2.928697352140317456, 23.75560651762481612 ) ) ;
#483 = CARTESIAN_POINT ( 'NONE',  ( 1.218176985241826493, 3.174282253859856961, 24.41473673418283852 ) ) ;
#484 = CARTESIAN_POINT ( 'NONE',  ( 3.575179813701967024, -1.160503867047125492, 14.62843270767375436 ) ) ;
#485 = CARTESIAN_POINT ( 'NONE',  ( 3.400000000000000355, 1.408326112068523539, 25.50312499999998650 ) ) ;
#486 = CARTESIAN_POINT ( 'NONE',  ( 3.399979815161744412, -0.01355314733030049158, 19.17424769135596918 ) ) ;
#487 = CARTESIAN_POINT ( 'NONE',  ( -1.688575694911948810, 4.076582343749999282, 21.51875000170698016 ) ) ;
#488 = ADVANCED_BREP_SHAPE_REPRESENTATION ( '\X2\0414043504420430043b044c\X0\ \X2\041a04400435043f04410441\X0\ \X2\043c\X0\8 \X2\0433043b044304450430044f\X0\', ( #1796, #2613 ), #132 ) ;
#489 = CARTESIAN_POINT ( 'NONE',  ( -4.076582343749975301, 1.688575694911938596, 19.33125000170699082 ) ) ;
#490 = CARTESIAN_POINT ( 'NONE',  ( -3.374160234921094847, 0.4192815821411406962, 18.52611300837406105 ) ) ;
#491 = CARTESIAN_POINT ( 'NONE',  ( -2.105085160265721900, -2.669947496247186969, 19.97894926398170767 ) ) ;
#492 = CARTESIAN_POINT ( 'NONE',  ( 1.681156355345883258, -2.955623013067486315, 15.21597016204972341 ) ) ;
#493 = CARTESIAN_POINT ( 'NONE',  ( -1.892666470434342330, 2.825901695116159296, 17.10574408220620768 ) ) ;
#494 = CARTESIAN_POINT ( 'NONE',  ( 1.660713229477827513, -2.967419119588655896, 25.21457744912814292 ) ) ;
#495 = LINE ( 'NONE', #4567, #1609 ) ;
#496 = CARTESIAN_POINT ( 'NONE',  ( -3.382537551652778696, 0.3444273070710061613, 23.53042069255048929 ) ) ;
#497 = CARTESIAN_POINT ( 'NONE',  ( -1.688575694911948810, 4.076582343749999282, 22.92500000170697660 ) ) ;
#498 = CARTESIAN_POINT ( 'NONE',  ( 1.408326112068522873, 3.400000000000000355, 18.47187500341397026 ) ) ;
#499 = ORIENTED_EDGE ( 'NONE', *, *, #2099, .T. ) ;
#500 = ORIENTED_EDGE ( 'NONE', *, *, #389, .T. ) ;
#501 = CARTESIAN_POINT ( 'NONE',  ( -2.882579019330973935, 2.882579019330973935, 16.75312500170697660 ) ) ;
#502 = CARTESIAN_POINT ( 'NONE',  ( -3.400000000000000355, 1.408326112068523095, 21.28437500341396671 ) ) ;
#503 = VERTEX_POINT ( 'NONE', #17 ) ;
#504 = CARTESIAN_POINT ( 'NONE',  ( 3.400000000000000799, -1.408326112068522651, 15.65937500341396671 ) ) ;
#505 = CARTESIAN_POINT ( 'NONE',  ( -4.076582343749975301, 1.688575694911938596, 15.58125000170699437 ) ) ;
#506 = CARTESIAN_POINT ( 'NONE',  ( 1.186393903229078894, -3.186317684573623854, 21.43322275905375207 ) ) ;
#507 = CARTESIAN_POINT ( 'NONE',  ( -1.247683063396352932, -3.163802087935038365, 23.78779706472811384 ) ) ;
#508 = CARTESIAN_POINT ( 'NONE',  ( 3.399408352146926937, 0.07571914942094852552, 24.17922118589558877 ) ) ;
#509 = CARTESIAN_POINT ( 'NONE',  ( 3.719740116786564688, -0.2330775664035720784, 14.66025988321202256 ) ) ;
#510 = CARTESIAN_POINT ( 'NONE',  ( -4.076582343749999282, 1.688575694911948588, 25.42500000170704411 ) ) ;
#511 = CARTESIAN_POINT ( 'NONE',  ( 1.408326112068522873, 3.400000000000000355, 26.90937499999998295 ) ) ;
#512 = CARTESIAN_POINT ( 'NONE',  ( 3.399999999994925304, -5.874275080600232160E-06, 19.48749968820671796 ) ) ;
#513 = CARTESIAN_POINT ( 'NONE',  ( 2.882579019330974379, -2.882579019330973491, 19.72187500170697660 ) ) ;
#514 = CARTESIAN_POINT ( 'NONE',  ( -2.328208244039102759, 2.480247119855719440, 18.38734605245045373 ) ) ;
#515 = CARTESIAN_POINT ( 'NONE',  ( -0.8183264478731830938, -3.300106753048226871, 20.06481005997790490 ) ) ;
#516 = CARTESIAN_POINT ( 'NONE',  ( 0.04994744597041549800, -3.399744875313714054, 15.11526184904963266 ) ) ;
#517 = EDGE_CURVE ( 'NONE', #2909, #2635, #2389, .T. ) ;
#518 = CARTESIAN_POINT ( 'NONE',  ( -3.308349779494496268, 0.8012847550680846087, 17.25345095916521387 ) ) ;
#519 = CARTESIAN_POINT ( 'NONE',  ( -0.1677033733605138022, -3.395954680196137776, 25.10295849296374016 ) ) ;
#520 = CARTESIAN_POINT ( 'NONE',  ( -2.949128485080958928, 1.691937667353023089, 20.94578198593239549 ) ) ;
#521 = CARTESIAN_POINT ( 'NONE',  ( -3.330172059568269116, 0.7504952184248474545, 23.50638857777218504 ) ) ;
#522 = CARTESIAN_POINT ( 'NONE',  ( -4.076582343749999282, 1.688575694911948588, 23.08125000170698371 ) ) ;
#523 = CARTESIAN_POINT ( 'NONE',  ( 3.400000000000000799, -1.408326112068522651, 15.65937500341396671 ) ) ;
#524 = ORIENTED_EDGE ( 'NONE', *, *, #4, .T. ) ;
#525 = VERTEX_POINT ( 'NONE', #1894 ) ;
#526 = CIRCLE ( 'NONE', #1841, 19.89999999999999858 ) ;
#527 = CARTESIAN_POINT ( 'NONE',  ( 7.488560278101077592E-16, -4.076582343749999282, 17.22187500170698016 ) ) ;
#528 = VERTEX_POINT ( 'NONE', #4005 ) ;
#529 = LINE ( 'NONE', #1566, #3845 ) ;
#530 = AXIS2_PLACEMENT_3D ( 'NONE', #2290, #3396, #2192 ) ;
#531 = ADVANCED_FACE ( 'NONE', ( #2172, #773 ), #4433, .T. ) ;
#532 = CARTESIAN_POINT ( 'NONE',  ( 4.076582343749975301, 4.992373518734020502E-16, 15.03437500170699082 ) ) ;
#533 = CARTESIAN_POINT ( 'NONE',  ( -2.081162943332491633, -2.688732846478468996, 21.23070716410025582 ) ) ;
#534 = CARTESIAN_POINT ( 'NONE',  ( -0.8735082845197829071, -3.301316423762926000, 23.81158830102996049 ) ) ;
#535 = CYLINDRICAL_SURFACE ( 'NONE', #3918, 3.399999999999999911 ) ;
#536 = CARTESIAN_POINT ( 'NONE',  ( -3.394714461774326342, 0.2188264149550326887, 16.03750950654610463 ) ) ;
#537 = CARTESIAN_POINT ( 'NONE',  ( 0.8274537193629896148, -3.299459165175330000, 18.91086106313415272 ) ) ;
#538 = CARTESIAN_POINT ( 'NONE',  ( -4.076582343749998394, -1.688575694911951253, 19.33125000170697660 ) ) ;
#539 = CARTESIAN_POINT ( 'NONE',  ( -3.380881772121560935, 0.3600574479201865130, 18.52958971175902292 ) ) ;
#540 = CARTESIAN_POINT ( 'NONE',  ( -0.7257679958953685562, -3.322508829933496166, 20.07046453290599430 ) ) ;
#541 = CARTESIAN_POINT ( 'NONE',  ( 2.780353636588134947, -1.956999869839568973, 15.30219775386008152 ) ) ;
#542 = CARTESIAN_POINT ( 'NONE',  ( 2.318512275213595153, -2.486879255732869609, 25.26209831489860846 ) ) ;
#543 = CARTESIAN_POINT ( 'NONE',  ( -0.4155440522983067098, 3.376125208986313186, 20.76110659984690798 ) ) ;
#544 = CARTESIAN_POINT ( 'NONE',  ( -0.1081139208131708662, 3.398309736696829120, 21.99353420840737172 ) ) ;
#545 = CARTESIAN_POINT ( 'NONE',  ( -2.560264146982129230, 2.248046850435728494, 23.40598211472024559 ) ) ;
#546 = CARTESIAN_POINT ( 'NONE',  ( -4.076582343749999282, 1.688575694911948588, 20.58125000170698016 ) ) ;
#547 = CARTESIAN_POINT ( 'NONE',  ( 3.399999999999999911, 4.163799117101000559E-16, 14.48750000341396671 ) ) ;
#548 = ORIENTED_EDGE ( 'NONE', *, *, #204, .F. ) ;
#549 = ORIENTED_EDGE ( 'NONE', *, *, #2244, .F. ) ;
#550 = CARTESIAN_POINT ( 'NONE',  ( -2.882579019330973935, 2.882579019330973935, 24.09687500170698016 ) ) ;
#551 = CARTESIAN_POINT ( 'NONE',  ( 3.399999999999999911, 4.163799117101000559E-16, 21.98750000341396671 ) ) ;
#552 = CARTESIAN_POINT ( 'NONE',  ( 1.688900183786598452, 3.206414491612046724, 25.51592506059994392 ) ) ;
#553 = EDGE_LOOP ( 'NONE', ( #1900, #1784, #2565, #946 ) ) ;
#554 = CARTESIAN_POINT ( 'NONE',  ( -0.6387981507701032680, 3.650967595968790835, 25.59867287091731214 ) ) ;
#555 = B_SPLINE_CURVE_WITH_KNOTS ( 'NONE', 3,
 ( #4345, #1037, #3982, #671 ),
 .UNSPECIFIED., .F., .F.,
 ( 4, 4 ),
 ( 0.003475208803349078262, 0.003580980212770525258 ),
 .UNSPECIFIED. ) ;
#556 = CARTESIAN_POINT ( 'NONE',  ( -3.518421581380425600, 2.058939819676792737, 14.30341765624937622 ) ) ;
#557 = CARTESIAN_POINT ( 'NONE',  ( -1.561480366790278129, -3.020411229882165038, 21.26715685430079716 ) ) ;
#558 = CARTESIAN_POINT ( 'NONE',  ( 14.99999999999999822, 12.94920328204851678, 23.33171956478036790 ) ) ;
#559 = CARTESIAN_POINT ( 'NONE',  ( 0.000000000000000000, 0.000000000000000000, 0.000000000000000000 ) ) ;
#560 = CARTESIAN_POINT ( 'NONE',  ( -3.943790067812500411, -1.032009450730812405, 14.30341765624999795 ) ) ;
#561 = ADVANCED_FACE ( 'NONE', ( #3352 ), #1911, .F. ) ;
#562 = CARTESIAN_POINT ( 'NONE',  ( -4.076582343749999282, 0.000000000000000000, 21.75312500170704055 ) ) ;
#563 = CARTESIAN_POINT ( 'NONE',  ( 3.394354445945010568, -0.2008414751338376547, 19.16368906585559628 ) ) ;
#564 = CARTESIAN_POINT ( 'NONE',  ( -4.076582343749999282, 0.000000000000000000, 16.75312500170697660 ) ) ;
#565 = CARTESIAN_POINT ( 'NONE',  ( -3.118996642787877693, 1.368608160071051794, 18.46754985877887378 ) ) ;
#566 = CARTESIAN_POINT ( 'NONE',  ( -3.399999999997444622, -2.884600149732287823E-06, 17.61255345252320481 ) ) ;
#567 = CARTESIAN_POINT ( 'NONE',  ( -0.2704063339576193159, -3.389468060963283236, 25.09738890587162885 ) ) ;
#568 = CARTESIAN_POINT ( 'NONE',  ( 0.5229147165503215122, 3.359555318456191486, 20.70756113450884683 ) ) ;
#569 = CARTESIAN_POINT ( 'NONE',  ( -2.245048883571887366, 2.555728764308015766, 22.13117258900864925 ) ) ;
#570 = CARTESIAN_POINT ( 'NONE',  ( -1.905075453019067888, 2.817282002833844334, 23.35665146299452033 ) ) ;
#571 = CARTESIAN_POINT ( 'NONE',  ( 4.076582343749999282, 1.688575694911949254, 20.11250000170698371 ) ) ;
#572 = DIRECTION ( 'NONE',  ( -0.000000000000000000, -0.000000000000000000, 1.000000000000000000 ) ) ;
#573 = CARTESIAN_POINT ( 'NONE',  ( 3.109442908209362866, 2.655715130452584560, 13.92578103858212479 ) ) ;
#574 = ORIENTED_EDGE ( 'NONE', *, *, #1506, .T. ) ;
#575 = CARTESIAN_POINT ( 'NONE',  ( 3.209458575748441511, 1.746053679651803581, 14.73093831380353613 ) ) ;
#576 = CARTESIAN_POINT ( 'NONE',  ( -2.706477469821543025, -2.061270649060600313, 19.93036744296592389 ) ) ;
#577 = CARTESIAN_POINT ( 'NONE',  ( -3.421230848372773803, -1.312401496400163348, 14.72581193025854773 ) ) ;
#578 = CARTESIAN_POINT ( 'NONE',  ( -3.247542524984324164, -1.006730643722410612, 21.10934968568135517 ) ) ;
#579 = CARTESIAN_POINT ( 'NONE',  ( -3.400000002851957248, 0.1094152007895899809, 17.29364758244507883 ) ) ;
#580 = DIRECTION ( 'NONE',  ( -1.000000000000000000, 0.000000000000000000, 0.000000000000000000 ) ) ;
#581 = CARTESIAN_POINT ( 'NONE',  ( -2.973269025074067873, 1.649195791235823938, 15.94870760700759327 ) ) ;
#582 = CARTESIAN_POINT ( 'NONE',  ( 4.076582343750000170, -1.688575694911947922, 21.05000000170704055 ) ) ;
#583 = CARTESIAN_POINT ( 'NONE',  ( 3.261300849516898026, -1.005892246376151933, 19.11597436307991416 ) ) ;
#584 = CARTESIAN_POINT ( 'NONE',  ( -1.688575694911949698, -4.076582343749998394, 14.48750000170697660 ) ) ;
#585 = CARTESIAN_POINT ( 'NONE',  ( 0.5245184923894553597, 3.359298755074319409, 18.20746778644102548 ) ) ;
#586 = CARTESIAN_POINT ( 'NONE',  ( -3.373970682496460594, 0.4202782946469281189, 22.27614452012361923 ) ) ;
#587 = CARTESIAN_POINT ( 'NONE',  ( 1.757743148680582124, -2.910471665898651583, 25.22125624404612410 ) ) ;
#588 = ADVANCED_FACE ( 'NONE', ( #791 ), #38, .F. ) ;
#589 = CARTESIAN_POINT ( 'NONE',  ( -0.1485360905104330109, 3.396759246140635291, 20.74581432034380413 ) ) ;
#590 = CARTESIAN_POINT ( 'NONE',  ( 2.365634508918060597, 2.442127486612829301, 23.08426036923983560 ) ) ;
#591 = CARTESIAN_POINT ( 'NONE',  ( -4.076582343749999282, 0.000000000000000000, 24.40937500170698016 ) ) ;
#592 = CARTESIAN_POINT ( 'NONE',  ( 3.146337067517968045, -1.303315285577577365, 22.84696745273436491 ) ) ;
#593 = CARTESIAN_POINT ( 'NONE',  ( -3.825884572681233831, 0.000000000000000000, 14.55411542731876651 ) ) ;
#594 = EDGE_LOOP ( 'NONE', ( #3634, #1659, #3793, #871 ) ) ;
#595 = CARTESIAN_POINT ( 'NONE',  ( 3.298024395062944869, 2.396154981411663609, 13.91015798088447930 ) ) ;
#596 = CARTESIAN_POINT ( 'NONE',  ( -0.9066476156331768621, -3.276938354930817532, 17.55937921800221346 ) ) ;
#597 = CONICAL_SURFACE ( 'NONE', #2149, 3.399999999999999911, 0.7853981633974485010 ) ;
#598 = PLANE ( 'NONE',  #3542 ) ;
#599 = ORIENTED_EDGE ( 'NONE', *, *, #2574, .T. ) ;
#600 = DIRECTION ( 'NONE',  ( -0.000000000000000000, -0.000000000000000000, 1.000000000000000000 ) ) ;
#601 = AXIS2_PLACEMENT_3D ( 'NONE', #2827, #2493, #3168 ) ;
#602 = CARTESIAN_POINT ( 'NONE',  ( 4.076582343749999282, 1.688575694911949254, 26.36250000170698016 ) ) ;
#603 = CARTESIAN_POINT ( 'NONE',  ( -2.621715857595854793, -2.165043830484143506, 21.18802612640585181 ) ) ;
#604 = CARTESIAN_POINT ( 'NONE',  ( -3.262558036845170761, -0.9569736057321194256, 23.60624510020731037 ) ) ;
#605 = CARTESIAN_POINT ( 'NONE',  ( 3.260102085690669060, -1.009710402269579976, 16.61574119373924319 ) ) ;
#606 = CIRCLE ( 'NONE', #1139, 17.89999999999999503 ) ;
#607 = CARTESIAN_POINT ( 'NONE',  ( -0.8746527442636204963, 3.285605666039252082, 15.78865671751902511 ) ) ;
#608 = CARTESIAN_POINT ( 'NONE',  ( 1.688575694911950809, -4.076582343749998394, 18.39375000170703700 ) ) ;
#609 = CARTESIAN_POINT ( 'NONE',  ( -1.279148791863152113, -3.151085158395972030, 18.78577559327630908 ) ) ;
#610 = CARTESIAN_POINT ( 'NONE',  ( -1.408326112068523317, 3.400000000000000355, 26.12812500341397381 ) ) ;
#611 = CARTESIAN_POINT ( 'NONE',  ( -0.09517311638877848368, 3.398787706125755204, 18.24280049960127670 ) ) ;
#612 = B_SPLINE_CURVE_WITH_KNOTS ( 'NONE', 3,
 ( #9, #2922, #1073, #3017, #2188, #1480, #2285, #395, #1888, #4471, #2553, #3664, #1162, #4406, #4426, #4042, #808, #436, #4021, #3299, #4760, #3734, #2946, #741, #1094, #3688, #3345, #2573, #1115, #370, #1138, #2991, #2622, #1910, #2644, #2597, #1843, #3324, #2966, #4068, #4092, #3392, #764, #2241, #1866, #30, #73, #1501, #4448, #785, #2264, #416, #3367, #1525, #4112, #3755, #4491, #3056, #2737, #3802, #3108, #4131, #901, #4202, #1959, #3486, #1210, #459, #483, #3460, #1284, #2713, #3826, #1188, #1594, #2355, #169, #3779, #3130, #4532, #3437, #4154, #1236, #4180, #117, #2664, #3082, #4230, #2329, #2760, #1934, #876, #3037, #508, #4580, #2407 ),
 .UNSPECIFIED., .F., .F.,
 ( 4, 2, 2, 2, 1, 2, 2, 2, 2, 2, 2, 2, 1, 2, 2, 1, 1, 1, 1, 2, 2, 2, 2, 2, 2, 2, 2, 2, 2, 2, 2, 1, 2, 2, 2, 1, 1, 1, 2, 2, 2, 2, 2, 2, 2, 2, 2, 2, 2, 2, 2, 2, 4 ),
 ( 0.04856087244570864853, 0.05045349086158111562, 0.05069006816356517314, 0.05080835681455719843, 0.05092664546554922372, 0.05139980006951733876, 0.05234610927745356190, 0.05423872769332600124, 0.05518503690126222438, 0.05613134610919844752, 0.05991658294094334009, 0.06180920135681577943, 0.06228235596078388753, 0.06240064461177591976, 0.06251893326276794505, 0.06275551056475200951, 0.06370181977268828122, 0.06464812898062455293, 0.06488470628260861739, 0.06500299493360064962, 0.06512128358459268185, 0.06559443818856076913, 0.06748705660443313215, 0.06937967502030548128, 0.07032598422824165585, 0.07127229343617783042, 0.07505753026792254257, 0.07695014868379489170, 0.07789645789173106627, 0.07801474654272308462, 0.07813303519371511685, 0.07836961249569915355, 0.07884276709966724084, 0.08262800393141192523, 0.08452062234728424661, 0.08546693155522042118, 0.08570350885720445788, 0.08582179750819649011, 0.08588094183369249235, 0.08594008615918852234, 0.08641324076315660963, 0.09019847759490141892, 0.09209109601077383744, 0.09303740521871003977, 0.09398371442664624209, 0.09776895125839102363, 0.09966156967426340052, 0.1006078788821996028, 0.1015541880901357913, 0.1053394249218805728, 0.1072320433377529636, 0.1081783525456891659, 0.1091246617536253682 ),
 .UNSPECIFIED. ) ;
#613 = CARTESIAN_POINT ( 'NONE',  ( -1.052619944493244697, -3.232963844247364715, 15.05026919332471813 ) ) ;
#614 = CARTESIAN_POINT ( 'NONE',  ( 0.000000000000000000, 0.000000000000000000, 26.20000000000000284 ) ) ;
#615 = CARTESIAN_POINT ( 'NONE',  ( 1.860501188279286344, 2.845812400320276936, 20.62150217557915610 ) ) ;
#616 = CARTESIAN_POINT ( 'NONE',  ( 2.717505032535035170, 2.044516824812792066, 23.05408443777238148 ) ) ;
#617 = CARTESIAN_POINT ( 'NONE',  ( 4.076582343749999282, 4.992373518734052056E-16, 17.53437500170698016 ) ) ;
#618 = CARTESIAN_POINT ( 'NONE',  ( -4.076582343749999282, 0.000000000000000000, 16.75312500170697660 ) ) ;
#619 = CARTESIAN_POINT ( 'NONE',  ( 2.887252341721302518, -1.798878855195817472, 22.81334805122649101 ) ) ;
#620 = DIRECTION ( 'NONE',  ( 1.000000000000000000, 0.000000000000000000, 0.000000000000000000 ) ) ;
#621 = EDGE_LOOP ( 'NONE', ( #3076, #2028 ) ) ;
#622 = CARTESIAN_POINT ( 'NONE',  ( -2.496186759367026028E-16, 4.076582343749999282, 14.09687500170697660 ) ) ;
#623 = CARTESIAN_POINT ( 'NONE',  ( -2.706768706775648514, -2.060979833008347750, 17.43034235821830791 ) ) ;
#624 = CARTESIAN_POINT ( 'NONE',  ( 3.487562771048206667, 0.2419687917434836522, 25.38756277104827319 ) ) ;
#625 = ORIENTED_EDGE ( 'NONE', *, *, #1167, .F. ) ;
#626 = CARTESIAN_POINT ( 'NONE',  ( 0.8993018583427363488, 3.449843981587811914, 14.83416597663594061 ) ) ;
#627 = CARTESIAN_POINT ( 'NONE',  ( -3.158427240768947541, -1.267566403423105559, 19.87598556395244742 ) ) ;
#628 =( BOUNDED_CURVE ( )  B_SPLINE_CURVE ( 2, ( #2251, #2673, #2631, #4100, #3421, #4052, #3723, #1581, #2271, #3741, #4413 ),
 .UNSPECIFIED., .F., .F. ) 
 B_SPLINE_CURVE_WITH_KNOTS ( ( 3, 2, 2, 2, 2, 3 ),
 ( 0.2403773953163731436, 0.2523962727356090507, 0.2644151428658760850, 0.2764340129961431192, 0.2884528831264100979, 0.2884529699187071139 ),
 .UNSPECIFIED. ) 
 CURVE ( )  GEOMETRIC_REPRESENTATION_ITEM ( )  RATIONAL_B_SPLINE_CURVE ( ( 1.000000000000000000, 0.9238795325112867385, 1.000000000000000000, 0.9238795325112867385, 1.000000000000000000, 0.9238795325112867385, 1.000000000000000000, 0.9238795325112867385, 1.000000000000000000, 0.9999994503085438691, 0.9999989006250268320 ) ) 
 REPRESENTATION_ITEM ( '' )  );
#629 = CARTESIAN_POINT ( 'NONE',  ( -4.076582343749999282, 0.000000000000000000, 25.65937500170697660 ) ) ;
#630 = CARTESIAN_POINT ( 'NONE',  ( -3.292334544528850770, -0.8587390742528271392, 21.10011135781498481 ) ) ;
#631 = CARTESIAN_POINT ( 'NONE',  ( -2.090771955692082074, -2.681170011262155484, 14.98000000000000931 ) ) ;
#632 = CARTESIAN_POINT ( 'NONE',  ( 1.109098970490404623, -3.214404939990700871, 16.42829266929580712 ) ) ;
#633 = CARTESIAN_POINT ( 'NONE',  ( -0.1427586180983651809, 3.397020699222117912, 15.74548730492838367 ) ) ;
#634 = CARTESIAN_POINT ( 'NONE',  ( 2.882579019330973491, 2.882579019330973935, 17.53437500170704055 ) ) ;
#635 = CARTESIAN_POINT ( 'NONE',  ( 3.109453063655191141, 2.655704975006757174, 13.76953037409971614 ) ) ;
#636 = CARTESIAN_POINT ( 'NONE',  ( -3.400000000000000355, 1.408326112068523095, 23.78437500341396671 ) ) ;
#637 = CARTESIAN_POINT ( 'NONE',  ( 1.716642827241942282, 2.935519684819392960, 18.13177590070208112 ) ) ;
#638 = CARTESIAN_POINT ( 'NONE',  ( -2.677460545823940663, 2.097468449900099507, 22.16713032062576261 ) ) ;
#639 = CARTESIAN_POINT ( 'NONE',  ( -3.388052751152292874, -0.2848308778125105412, 24.81607509521831290 ) ) ;
#640 = CARTESIAN_POINT ( 'NONE',  ( -0.8592301830578488175, 3.289832820439419603, 20.78770253352998054 ) ) ;
#641 = CARTESIAN_POINT ( 'NONE',  ( 2.172008417984625073, 2.616428185254057848, 23.09892694712414496 ) ) ;
#642 = CARTESIAN_POINT ( 'NONE',  ( 7.488560278101077592E-16, -4.076582343749999282, 17.22187500170698016 ) ) ;
#643 = CARTESIAN_POINT ( 'NONE',  ( -4.076582343749998394, -1.688575694911951253, 15.58125000170698016 ) ) ;
#644 = CARTESIAN_POINT ( 'NONE',  ( 2.593383261995504618, 2.214942850073018832, 13.37890537580670625 ) ) ;
#645 = CARTESIAN_POINT ( 'NONE',  ( 1.408326112068522873, 3.400000000000000355, 22.22187500341396671 ) ) ;
#646 = ORIENTED_EDGE ( 'NONE', *, *, #3457, .F. ) ;
#647 = CARTESIAN_POINT ( 'NONE',  ( -1.688575694911948810, 4.076582343749999282, 24.01875000170697660 ) ) ;
#648 = CARTESIAN_POINT ( 'NONE',  ( -2.965354626065622501, -1.663462943015021178, 17.40226570864417610 ) ) ;
#649 = CARTESIAN_POINT ( 'NONE',  ( 3.389712812869670966, 0.9551872677013462098, 25.41352124608898322 ) ) ;
#650 = ORIENTED_EDGE ( 'NONE', *, *, #1153, .F. ) ;
#651 = CARTESIAN_POINT ( 'NONE',  ( -0.01589075526110364164, 3.518336523957785733, 14.86648166476084576 ) ) ;
#652 = CARTESIAN_POINT ( 'NONE',  ( -3.385365497382724076, -0.3151272839766464662, 19.81781756492484448 ) ) ;
#653 = CARTESIAN_POINT ( 'NONE',  ( 1.408326112068522873, 3.400000000000000355, 15.65937499999998117 ) ) ;
#654 = CARTESIAN_POINT ( 'NONE',  ( -4.076582343749974413, -1.688575694911941039, 14.48750000170699259 ) ) ;
#655 = DIRECTION ( 'NONE',  ( -0.000000000000000000, -0.000000000000000000, 1.000000000000000000 ) ) ;
#656 = CARTESIAN_POINT ( 'NONE',  ( -3.399999999999999023, -1.408326112068525537, 22.37812499999998295 ) ) ;
#657 = EDGE_CURVE ( 'NONE', #1231, #3861, #3521, .T. ) ;
#658 = CARTESIAN_POINT ( 'NONE',  ( 0.000000000000000000, 0.000000000000000000, 28.80000000000000071 ) ) ;
#659 = CARTESIAN_POINT ( 'NONE',  ( -0.1684395334074579587, -3.395834526694196942, 16.35306058393789996 ) ) ;
#660 = CARTESIAN_POINT ( 'NONE',  ( -0.2607148775964604481, 3.390383493554391503, 15.75218552601400468 ) ) ;
#661 = CARTESIAN_POINT ( 'NONE',  ( 2.882579019330973491, 2.882579019330973935, 21.28437500170703700 ) ) ;
#662 = CARTESIAN_POINT ( 'NONE',  ( 3.400000000000000799, -1.408326112068522651, 25.65937500341397381 ) ) ;
#663 = CARTESIAN_POINT ( 'NONE',  ( -0.1278205529129688711, 3.397614354458463826, 18.24464435546411423 ) ) ;
#664 = CARTESIAN_POINT ( 'NONE',  ( -2.838940656123450701, 1.879651947060941852, 22.18304646076039788 ) ) ;
#665 = CARTESIAN_POINT ( 'NONE',  ( -2.835894800994624099, 1.883962115814298288, 19.68273942709700108 ) ) ;
#666 = DIRECTION ( 'NONE',  ( -0.000000000000000000, -0.000000000000000000, 1.000000000000000000 ) ) ;
#667 = CARTESIAN_POINT ( 'NONE',  ( 2.315116709843094256, 2.490258338364578439, 23.08816074363681636 ) ) ;
#668 = CARTESIAN_POINT ( 'NONE',  ( 1.688575694911950809, -4.076582343749998394, 16.05000000170697660 ) ) ;
#669 = CARTESIAN_POINT ( 'NONE',  ( -2.882579019330973935, 2.882579019330973935, 15.34687500170697838 ) ) ;
#670 = CARTESIAN_POINT ( 'NONE',  ( -2.589243156246063382, -2.203634944652498984, 22.44084164137900572 ) ) ;
#671 = CARTESIAN_POINT ( 'NONE',  ( 14.99999999999999822, 9.666393406790074749, 25.98653347947320924 ) ) ;
#672 = ORIENTED_EDGE ( 'NONE', *, *, #3673, .T. ) ;
#673 = EDGE_CURVE ( 'NONE', #1562, #112, #3975, .T. ) ;
#674 = CARTESIAN_POINT ( 'NONE',  ( 4.076582343749999282, 4.992373518734052056E-16, 25.03437500170698016 ) ) ;
#675 = CARTESIAN_POINT ( 'NONE',  ( 2.882579019330973491, 2.882579019330973935, 20.03437500170698016 ) ) ;
#676 = CARTESIAN_POINT ( 'NONE',  ( -2.810124517708980640, -1.914878291428107948, 17.41981704043051238 ) ) ;
#677 = CARTESIAN_POINT ( 'NONE',  ( 2.882579019330956172, 2.882579019330956616, 23.94062500170699082 ) ) ;
#678 = VERTEX_POINT ( 'NONE', #3696 ) ;
#679 = CARTESIAN_POINT ( 'NONE',  ( -2.600316520701185130, -2.190525414605771548, 19.93990959378956873 ) ) ;
#681 = CARTESIAN_POINT ( 'NONE',  ( -3.399999999999999911, 0.000000000000000000, 17.29999999999998295 ) ) ;
#680 = AXIS2_PLACEMENT_3D ( 'NONE', #4556, #1260, #4510 ) ;
#682 = CARTESIAN_POINT ( 'NONE',  ( -1.688575694911948810, 4.076582343749999282, 20.42500000170698016 ) ) ;
#683 = CARTESIAN_POINT ( 'NONE',  ( 3.399999999994925304, -5.874275080600232160E-06, 19.48749968820671796 ) ) ;
#684 = CARTESIAN_POINT ( 'NONE',  ( 1.408326112068522873, 3.400000000000000355, 23.15937499999997939 ) ) ;
#685 = CARTESIAN_POINT ( 'NONE',  ( 1.314590906560911820, -3.135798479122213323, 16.44148006738981138 ) ) ;
#686 = CARTESIAN_POINT ( 'NONE',  ( 0.5114665119177620456, 3.361310444563397670, 15.70823750748795078 ) ) ;
#687 = EDGE_CURVE ( 'NONE', #2517, #2173, #1604, .T. ) ;
#688 = CARTESIAN_POINT ( 'NONE',  ( 4.076582343749999282, 4.992373518734052056E-16, 18.62812500170704055 ) ) ;
#689 = MECHANICAL_DESIGN_GEOMETRIC_PRESENTATION_REPRESENTATION (  '', ( #3774 ), #3084 ) ;
#690 = CARTESIAN_POINT ( 'NONE',  ( -2.404163056034260837, -2.404163056034261725, 25.26875000341396671 ) ) ;
#691 = CARTESIAN_POINT ( 'NONE',  ( -15.00000000000000178, 9.767804256853688472, 25.95470053837587443 ) ) ;
#692 = CARTESIAN_POINT ( 'NONE',  ( 2.751383884803811686, 1.997623975018173459, 18.05071211990638957 ) ) ;
#693 = B_SPLINE_CURVE_WITH_KNOTS ( 'NONE', 3,
 ( #4019, #2209, #4040, #1135, #1864, #2642, #762, #2964, #738, #4424, #2550, #4469, #392, #1113, #714, #2595, #2263, #2282, #4065, #2236, #3712, #28, #71, #1499, #2988, #3732, #1523, #3013, #1160, #806, #3753, #434, #1907, #1546, #481, #3105, #4554, #3868, #1932, #3410, #1258, #1592, #191, #926, #3800, #899, #1957, #2735, #2032, #2662, #852, #2304, #4200, #506, #1282, #4178, #2327, #3054, #3435, #4489, #3128, #4530, #1980, #1643, #92, #2758, #2711, #3079, #2405, #4128, #1569, #3505, #115, #4508, #1186, #1619, #1234, #3458, #141, #874, #1207, #4228, #557, #1664, #825, #2378, #2353, #3824, #3846, #533, #2006, #3776, #3484, #167, #4578, #457, #2683, #4152, #4605, #318, #4627, #3198, #2452, #603, #1308, #2786, #2479, #3531, #4652, #4254, #3892, #1690, #4330, #578, #3941, #1766, #630, #1046, #2524, #2055, #3174, #215, #949, #1329, #3248, #1408 ),
 .UNSPECIFIED., .F., .F.,
 ( 4, 2, 1, 1, 2, 2, 2, 1, 2, 2, 1, 2, 2, 2, 2, 1, 1, 2, 2, 1, 1, 1, 2, 1, 2, 2, 2, 2, 2, 2, 2, 1, 2, 2, 2, 2, 2, 2, 2, 2, 1, 2, 2, 2, 2, 1, 2, 2, 2, 2, 2, 2, 2, 2, 1, 1, 1, 2, 2, 2, 2, 2, 2, 1, 1, 1, 2, 2, 2, 2, 2, 1, 4 ),
 ( 0.3513712822171889960, 0.3516078449364548608, 0.3518444076557207811, 0.3523175330942525108, 0.3532637839713160255, 0.3551562857254430550, 0.3570487874795701400, 0.3571670688392030724, 0.3572262095190195108, 0.3572853501988360048, 0.3575219129181018696, 0.3579950383566336547, 0.3589412892336972249, 0.3608337909878243099, 0.3627262927419513949, 0.3629628554612173152, 0.3630811368208502476, 0.3631402775006666861, 0.3631994181804831245, 0.3636725436190147431, 0.3646187944960779803, 0.3665112962502044547, 0.3684037980043309846, 0.3688769234428626032, 0.3689952048024954800, 0.3691134861621283569, 0.3693500488813942217, 0.3702962997584575144, 0.3721888015125840998, 0.3740813032667106852, 0.3745544287052423038, 0.3747909914245081131, 0.3749092727841410455, 0.3750275541437739779, 0.3759738050208372151, 0.3778663067749637450, 0.3816513102832168047, 0.3825975611602800974, 0.3827158425199129743, 0.3828341238795459067, 0.3830706865988117160, 0.3835438120373433346, 0.3854363137914698645, 0.3892213172997229242, 0.3901675681767862169, 0.3904041308960520262, 0.3905224122556849031, 0.3906406936153178355, 0.3911138190538494541, 0.3930063208079760395, 0.3939525716850392767, 0.3944256971235708953, 0.3948988225621025694, 0.3967913243162290993, 0.3977375751932923365, 0.3982107006318239550, 0.3983289819914568874, 0.3983881226712733259, 0.3984472633510897643, 0.3986838260703556291, 0.4005763278244824366, 0.4043613313327360514, 0.4053075822097994552, 0.4057807076483311848, 0.4060172703675969941, 0.4061355517272299265, 0.4061946924070464204, 0.4062538330868628589, 0.4081463348409897218, 0.4100388365951165293, 0.4105119620336482589, 0.4109850874721799885, 0.4119313383492433922 ),
 .UNSPECIFIED. ) ;
#694 = AXIS2_PLACEMENT_3D ( 'NONE', #2187, #1842, #1458 ) ;
#695 = CARTESIAN_POINT ( 'NONE',  ( -2.366845367518403354, 2.445208954951919367, 19.64046437512294929 ) ) ;
#696 = CARTESIAN_POINT ( 'NONE',  ( -15.00000000000000355, 12.68008560757521330, 23.91996065738103638 ) ) ;
#697 = CARTESIAN_POINT ( 'NONE',  ( -0.1458489477594123174, 3.396892338181495496, 23.24566222307226582 ) ) ;
#698 = CARTESIAN_POINT ( 'NONE',  ( 1.688575694911948366, 4.076582343749999282, 15.26875000170697660 ) ) ;
#699 = CARTESIAN_POINT ( 'NONE',  ( -1.688575694911948810, 4.076582343749999282, 15.26875000170697660 ) ) ;
#700 = CARTESIAN_POINT ( 'NONE',  ( -2.077006105682734471, -2.691965680330410393, 22.48106423941605669 ) ) ;
#701 = DIRECTION ( 'NONE',  ( -0.000000000000000000, -0.000000000000000000, 1.000000000000000000 ) ) ;
#702 = VERTEX_POINT ( 'NONE', #1509 ) ;
#703 = CARTESIAN_POINT ( 'NONE',  ( 2.323706555228056025, 2.482080281600412608, 16.83750681137096450 ) ) ;
#704 = CARTESIAN_POINT ( 'NONE',  ( -2.882579019330973047, -2.882579019330974379, 23.15937500170697660 ) ) ;
#705 = CARTESIAN_POINT ( 'NONE',  ( -2.847272259662105842, -1.859682981358033338, 17.41588543428238722 ) ) ;
#706 = CARTESIAN_POINT ( 'NONE',  ( 2.882579019330957060, -2.882579019330956172, 24.87812500170699082 ) ) ;
#707 = ORIENTED_EDGE ( 'NONE', *, *, #2910, .T. ) ;
#708 = CARTESIAN_POINT ( 'NONE',  ( -2.404163056034261725, 2.404163056034261725, 19.64374999999998295 ) ) ;
#709 = CARTESIAN_POINT ( 'NONE',  ( -4.076582343749999282, 0.000000000000000000, 20.65937500170697660 ) ) ;
#710 = CARTESIAN_POINT ( 'NONE',  ( 2.948836010610132785, -1.707285193881288965, 17.82033564886759081 ) ) ;
#711 = CARTESIAN_POINT ( 'NONE',  ( -2.588349042565678548, -2.204647661185313634, 16.19096152913315834 ) ) ;
#712 = CARTESIAN_POINT ( 'NONE',  ( 2.391945214891967986, 2.416526722696396234, 15.58220146895743952 ) ) ;
#713 = B_SPLINE_CURVE_WITH_KNOTS ( 'NONE', 3,
 ( #1375, #273, #2134, #3181, #1774, #4660 ),
 .UNSPECIFIED., .F., .F.,
 ( 4, 2, 4 ),
 ( 0.000000000000000000, 0.004881398628614945154, 0.009762797257229890308 ),
 .UNSPECIFIED. ) ;
#714 = CARTESIAN_POINT ( 'NONE',  ( 3.244776686876097660, -1.015599169066336405, 21.61509427601858846 ) ) ;
#715 = CARTESIAN_POINT ( 'NONE',  ( -2.210182119335440731, -2.598143992733082275, 25.28396811795714427 ) ) ;
#716 = CARTESIAN_POINT ( 'NONE',  ( 3.386501961458563414, 0.3833685670851311178, 17.94661505371507815 ) ) ;
#717 = ADVANCED_FACE ( 'NONE', ( #2999 ), #4460, .F. ) ;
#718 = CARTESIAN_POINT ( 'NONE',  ( -3.875480947161674017, -1.086724434452258258E-13, 25.77548094716166105 ) ) ;
#719 = DIRECTION ( 'NONE',  ( 1.000000000000000000, 0.000000000000000000, 0.000000000000000000 ) ) ;
#720 = CARTESIAN_POINT ( 'NONE',  ( 1.688575694911948366, 4.076582343749999282, 26.36250000170698016 ) ) ;
#721 = CARTESIAN_POINT ( 'NONE',  ( -4.076582343749999282, 1.688575694911948588, 15.58125000170698016 ) ) ;
#722 = CARTESIAN_POINT ( 'NONE',  ( -2.882579019330973047, -2.882579019330974379, 16.90937500170698016 ) ) ;
#723 = CARTESIAN_POINT ( 'NONE',  ( -2.920492579471989369, -1.741347035625490314, 22.40762245534846997 ) ) ;
#724 = DIRECTION ( 'NONE',  ( -0.000000000000000000, 0.000000000000000000, -1.000000000000000000 ) ) ;
#725 = ORIENTED_EDGE ( 'NONE', *, *, #355, .F. ) ;
#726 = CARTESIAN_POINT ( 'NONE',  ( 2.667009375735077459, 2.120770876857917653, 16.80926667956682508 ) ) ;
#727 = CARTESIAN_POINT ( 'NONE',  ( -2.882579019330973935, 2.882579019330973935, 22.84687500170697660 ) ) ;
#728 = CARTESIAN_POINT ( 'NONE',  ( -3.399999999999999911, 4.163799117101000559E-16, 0.000000000000000000 ) ) ;
#729 = CARTESIAN_POINT ( 'NONE',  ( 4.076582343749975301, 4.992373518734020502E-16, 22.53437500170699082 ) ) ;
#730 = ORIENTED_EDGE ( 'NONE', *, *, #657, .F. ) ;
#731 = CARTESIAN_POINT ( 'NONE',  ( -2.404163056034261725, 2.404163056034261725, 15.89374999999998472 ) ) ;
#732 = CARTESIAN_POINT ( 'NONE',  ( 1.688575694911950809, -4.076582343749998394, 21.05000000170697660 ) ) ;
#733 = CARTESIAN_POINT ( 'NONE',  ( 3.400000000466590677, -0.01105107066695021692, 17.92438695486560363 ) ) ;
#734 = CARTESIAN_POINT ( 'NONE',  ( -2.404163056034260837, -2.404163056034261725, 22.45624999999998295 ) ) ;
#735 = CARTESIAN_POINT ( 'NONE',  ( -1.733324014229673304, -2.927754007601650610, 16.25550201927428873 ) ) ;
#736 = CARTESIAN_POINT ( 'NONE',  ( 3.351457374759373664, 0.5785301685259591764, 15.45806434961027342 ) ) ;
#737 = EDGE_CURVE ( 'NONE', #3603, #4012, #2299, .T. ) ;
#738 = CARTESIAN_POINT ( 'NONE',  ( 3.365575947379447985, -0.4966645014548933257, 21.64662299084685060 ) ) ;
#739 = CARTESIAN_POINT ( 'NONE',  ( 1.408326112068522873, 3.400000000000000355, 24.72187500341396671 ) ) ;
#740 = CARTESIAN_POINT ( 'NONE',  ( 3.322392748656868289, -0.7547619151070797949, 24.13119832228483119 ) ) ;
#741 = CARTESIAN_POINT ( 'NONE',  ( -2.565797870793334656, 2.230903900446314481, 24.65707799259165611 ) ) ;
#742 = CARTESIAN_POINT ( 'NONE',  ( 0.4629749494876109761, 3.375505101525219320, 19.46093710946008315 ) ) ;
#743 = DIRECTION ( 'NONE',  ( -0.000000000000000000, -0.000000000000000000, 1.000000000000000000 ) ) ;
#744 = CARTESIAN_POINT ( 'NONE',  ( 3.128148010267535195, 1.332688620206310848, 21.75517523181466117 ) ) ;
#745 = CARTESIAN_POINT ( 'NONE',  ( 3.230602795896034607, 1.060381281016446353, 22.98771276966651200 ) ) ;
#746 = CARTESIAN_POINT ( 'NONE',  ( 0.000000000000000000, 0.000000000000000000, 20.00000000000000000 ) ) ;
#747 = CARTESIAN_POINT ( 'NONE',  ( 2.142606410052902977, -2.639933605973170838, 20.24881718725104918 ) ) ;
#748 = CARTESIAN_POINT ( 'NONE',  ( -3.304748053690248266, -0.8533211482755219679, 22.34980803108610203 ) ) ;
#749 = CARTESIAN_POINT ( 'NONE',  ( -1.066583343170565135, -3.397477437957905355, 25.45393752102581786 ) ) ;
#750 = EDGE_CURVE ( 'NONE', #42, #2909, #4590, .T. ) ;
#751 = CARTESIAN_POINT ( 'NONE',  ( -1.732077692174686767, -2.928506563755915337, 18.75558775379144194 ) ) ;
#752 = CARTESIAN_POINT ( 'NONE',  ( 1.829355126846139434, 2.873665665440456429, 16.87408870648794590 ) ) ;
#753 = CARTESIAN_POINT ( 'NONE',  ( -4.076582343749998394, -1.688575694911951253, 23.08125000170698371 ) ) ;
#754 = CARTESIAN_POINT ( 'NONE',  ( -3.399999999995818367, -3.669941171264034739E-06, 18.86256836408450255 ) ) ;
#755 = CARTESIAN_POINT ( 'NONE',  ( -2.882579019330955727, -2.882579019330957060, 22.06562500170699082 ) ) ;
#756 = ORIENTED_EDGE ( 'NONE', *, *, #3611, .F. ) ;
#757 = CARTESIAN_POINT ( 'NONE',  ( 2.404163056034261281, 2.404163056034261725, 16.83124999999998650 ) ) ;
#758 = CARTESIAN_POINT ( 'NONE',  ( -2.882579019330973935, 2.882579019330973935, 24.25312500170698016 ) ) ;
#759 = CARTESIAN_POINT ( 'NONE',  ( 0.6032987352580827523, -3.346517852315197938, 17.64736146342876921 ) ) ;
#760 = CARTESIAN_POINT ( 'NONE',  ( -3.382850423652189242, -0.3413356909230331748, 16.06932921344975895 ) ) ;
#761 = CARTESIAN_POINT ( 'NONE',  ( 2.294637502645965554, 2.509128870687323154, 15.58973070033454178 ) ) ;
#762 = CARTESIAN_POINT ( 'NONE',  ( 3.392318940212531331, -0.2341001181794777342, 21.66181864246003741 ) ) ;
#763 = CARTESIAN_POINT ( 'NONE',  ( 2.308639257459930150, -2.496036953195106989, 24.01133981694628972 ) ) ;
#764 = CARTESIAN_POINT ( 'NONE',  ( -1.527566651287439514, 3.038585462916667090, 24.58054383406920707 ) ) ;
#765 = VECTOR ( 'NONE', #1491, 1000.000000000000000 ) ;
#766 = CARTESIAN_POINT ( 'NONE',  ( 2.662640127880448127, 2.126267066276273265, 19.30969077338314577 ) ) ;
#767 = CARTESIAN_POINT ( 'NONE',  ( 3.338641411199458897, 0.6431723497229154818, 20.46207798584248039 ) ) ;
#768 = CARTESIAN_POINT ( 'NONE',  ( 2.256074534190928293, 2.544009604679578818, 21.84271224615329743 ) ) ;
#769 = FACE_OUTER_BOUND ( 'NONE', #1975, .T. ) ;
#770 = DIRECTION ( 'NONE',  ( 0.000000000000000000, 0.000000000000000000, 1.000000000000000000 ) ) ;
#771 = CARTESIAN_POINT ( 'NONE',  ( 1.238922261524838531, -3.169785408468082100, 20.18664515709700780 ) ) ;
#772 = CARTESIAN_POINT ( 'NONE',  ( -0.2106384911121642056, -3.393469238501061191, 22.60068046671152331 ) ) ;
#773 = FACE_OUTER_BOUND ( 'NONE', #3263, .T. ) ;
#774 = AXIS2_PLACEMENT_3D ( 'NONE', #4738, #4044, #719 ) ;
#775 = CARTESIAN_POINT ( 'NONE',  ( -3.510750297645205187, -1.797710962168672211, 25.83546645977754963 ) ) ;
#776 = CARTESIAN_POINT ( 'NONE',  ( 2.882579019330956172, 2.882579019330956616, 21.44062500170699082 ) ) ;
#777 = VERTEX_POINT ( 'NONE', #3974 ) ;
#778 = CARTESIAN_POINT ( 'NONE',  ( 2.882579019330973491, 2.882579019330973935, 25.19062500170697660 ) ) ;
#779 = CARTESIAN_POINT ( 'NONE',  ( 1.800779609151783589, -2.884500632534812592, 17.72423759121022968 ) ) ;
#780 = CARTESIAN_POINT ( 'NONE',  ( -3.399999999999999911, 4.163799117101000559E-16, 25.29999999999998650 ) ) ;
#781 = CARTESIAN_POINT ( 'NONE',  ( 1.856334819679942960, 2.848600932320540569, 15.62177792748345695 ) ) ;
#782 = CARTESIAN_POINT ( 'NONE',  ( 1.688575694911950809, -4.076582343749998394, 14.64375000170704055 ) ) ;
#783 = CARTESIAN_POINT ( 'NONE',  ( -2.882579019330956616, 2.882579019330956616, 20.50312500170699437 ) ) ;
#784 = CARTESIAN_POINT ( 'NONE',  ( 2.159072086336357721, -2.627607379968316614, 23.99995640455384560 ) ) ;
#785 = CARTESIAN_POINT ( 'NONE',  ( -0.2152538200956869985, 3.393398972231957078, 24.49961021302092945 ) ) ;
#786 = CARTESIAN_POINT ( 'NONE',  ( 3.006994731860647807, 1.588002494000976039, 19.27207439130607725 ) ) ;
#787 = CARTESIAN_POINT ( 'NONE',  ( -2.081899558550500280E-16, 3.399999999999999911, 26.98749999999998295 ) ) ;
#788 = CARTESIAN_POINT ( 'NONE',  ( -2.882579019330973935, 2.882579019330973935, 22.84687500170697660 ) ) ;
#789 = CARTESIAN_POINT ( 'NONE',  ( -2.882579019330973935, 2.882579019330973935, 14.25312500170697660 ) ) ;
#790 = CARTESIAN_POINT ( 'NONE',  ( 3.182475270942824341, -1.198623091623723047, 20.35351183552251797 ) ) ;
#791 = FACE_OUTER_BOUND ( 'NONE', #4371, .T. ) ;
#792 = CARTESIAN_POINT ( 'NONE',  ( -2.074694101114095801, 2.693630750698241982, 17.11882144814308049 ) ) ;
#793 = CARTESIAN_POINT ( 'NONE',  ( -3.131120472392355136, -1.328217954434460557, 18.62977717766874974 ) ) ;
#794 = CARTESIAN_POINT ( 'NONE',  ( 0.4748807529335625777, 3.373746540421107554, 16.96022550160238040 ) ) ;
#795 = CARTESIAN_POINT ( 'NONE',  ( -4.924999999999999822, 0.000000000000000000, 13.98000000000000043 ) ) ;
#796 = CARTESIAN_POINT ( 'NONE',  ( 2.404163056034261725, -2.404163056034261281, 16.83125000341397026 ) ) ;
#797 = ORIENTED_EDGE ( 'NONE', *, *, #302, .T. ) ;
#798 = CARTESIAN_POINT ( 'NONE',  ( -2.404163056034261725, 2.404163056034261725, 14.64374999999998295 ) ) ;
#799 = CARTESIAN_POINT ( 'NONE',  ( -4.076582343749999282, 0.000000000000000000, 19.40937500170697660 ) ) ;
#800 = CARTESIAN_POINT ( 'NONE',  ( 0.2877928584753168817, -3.391436938679070145, 17.62892227081077223 ) ) ;
#801 = CARTESIAN_POINT ( 'NONE',  ( 1.408326112068525537, -3.399999999999999023, 21.44062499999998295 ) ) ;
#802 = CARTESIAN_POINT ( 'NONE',  ( -1.495114007066126183, -3.053643990718358570, 16.27160186341920678 ) ) ;
#803 = CARTESIAN_POINT ( 'NONE',  ( 1.950177971171105140, 2.786558025725804022, 15.61505423657319724 ) ) ;
#804 = ADVANCED_FACE ( 'NONE', ( #3878 ), #2112, .T. ) ;
#805 = CARTESIAN_POINT ( 'NONE',  ( -1.688575694911939484, -4.076582343749974413, 15.89375000170699437 ) ) ;
#806 = CARTESIAN_POINT ( 'NONE',  ( 2.777996109984044004, -1.960290376753005548, 21.55196316312055060 ) ) ;
#807 = CARTESIAN_POINT ( 'NONE',  ( 2.942828205368239747, -1.706579932807533062, 24.06993504890428781 ) ) ;
#808 = CARTESIAN_POINT ( 'NONE',  ( -3.158826729491885477, 1.260359200798618406, 24.72457134532927725 ) ) ;
#809 = CARTESIAN_POINT ( 'NONE',  ( -2.067673628786628637, 2.699024762016806189, 19.61830560995052863 ) ) ;
#810 = CARTESIAN_POINT ( 'NONE',  ( -1.408326112068523317, 3.400000000000000355, 27.06562499999998295 ) ) ;
#811 = CARTESIAN_POINT ( 'NONE',  ( 1.208400256822363739, 3.178071341847295006, 21.91536590166672127 ) ) ;
#812 = CARTESIAN_POINT ( 'NONE',  ( 7.488560278101077592E-16, -4.076582343749999282, 25.81562500170697660 ) ) ;
#813 = CARTESIAN_POINT ( 'NONE',  ( 7.500000000000000000, 9.184850993605147944E-16, 20.00000000000000000 ) ) ;
#814 = CARTESIAN_POINT ( 'NONE',  ( 2.580702291398879300, -2.213649804003122501, 20.28337526314156491 ) ) ;
#815 = CARTESIAN_POINT ( 'NONE',  ( 2.283253273555947871, -2.519290233787419009, 15.25939840053623264 ) ) ;
#816 = CARTESIAN_POINT ( 'NONE',  ( 15.00000000000000000, -8.092438012718492502, 26.47878041750799838 ) ) ;
#817 = FACE_OUTER_BOUND ( 'NONE', #3838, .T. ) ;
#818 = CYLINDRICAL_SURFACE ( 'NONE', #450, 3.399999999999999911 ) ;
#819 = CARTESIAN_POINT ( 'NONE',  ( 2.404163056034261281, 2.404163056034261725, 15.89375000341396849 ) ) ;
#820 = VERTEX_POINT ( 'NONE', #1360 ) ;
#821 = CARTESIAN_POINT ( 'NONE',  ( 4.076582343749999282, 1.688575694911949254, 16.36250000170697660 ) ) ;
#822 = CARTESIAN_POINT ( 'NONE',  ( 6.245698675651500839E-16, -3.399999999999999911, 21.36249999999998650 ) ) ;
#823 = CARTESIAN_POINT ( 'NONE',  ( 2.404163056034261281, 2.404163056034261725, 19.64375000341397026 ) ) ;
#824 = CARTESIAN_POINT ( 'NONE',  ( -4.076582343749974413, -1.688575694911941039, 18.23750000170699082 ) ) ;
#825 = CARTESIAN_POINT ( 'NONE',  ( -1.730828769788852695, -2.929259299244022063, 21.25567362933457005 ) ) ;
#826 = CARTESIAN_POINT ( 'NONE',  ( -1.547294366086270134, -3.027531670862751323, 23.76810737560307984 ) ) ;
#827 = DIRECTION ( 'NONE',  ( -1.000000000000000000, 0.000000000000000000, 0.000000000000000000 ) ) ;
#828 = EDGE_CURVE ( 'NONE', #22, #2374, #3777, .T. ) ;
#829 = EDGE_CURVE ( 'NONE', #3655, #3528, #199, .T. ) ;
#830 = CARTESIAN_POINT ( 'NONE',  ( 1.196615508679214068, 3.182471096986327463, 19.41612096177408375 ) ) ;
#831 = CARTESIAN_POINT ( 'NONE',  ( -15.00000000000000178, -9.666393406790067644, 25.98653347947320924 ) ) ;
#832 = CARTESIAN_POINT ( 'NONE',  ( 2.655275692692759204, 2.135393999964968259, 21.81037822215344946 ) ) ;
#833 = CARTESIAN_POINT ( 'NONE',  ( -4.076582343749999282, 1.688575694911948588, 20.42500000170698016 ) ) ;
#834 = CARTESIAN_POINT ( 'NONE',  ( -0.2601229102793340964, 3.390432849813461935, 18.25215181622443694 ) ) ;
#835 = CARTESIAN_POINT ( 'NONE',  ( 3.399999999999996803, 1.435516605562834070E-07, 17.92500000796255932 ) ) ;
#836 = CARTESIAN_POINT ( 'NONE',  ( 1.209407709159756594, -3.186537000062167113, 15.18463012561354830 ) ) ;
#837 = AXIS2_PLACEMENT_3D ( 'NONE', #473, #1974, #452 ) ;
#838 = CARTESIAN_POINT ( 'NONE',  ( -2.004089146238230423, -2.746983899798454587, 18.73632437037490561 ) ) ;
#839 = CARTESIAN_POINT ( 'NONE',  ( -3.400000002936603760, 0.1094213690170038333, 21.04364387212484289 ) ) ;
#840 = CARTESIAN_POINT ( 'NONE',  ( -0.9676950063953420056, 3.260262649156589365, 23.29442002499227016 ) ) ;
#841 = AXIS2_PLACEMENT_3D ( 'NONE', #331, #353, #724 ) ;
#842 = CARTESIAN_POINT ( 'NONE',  ( -4.076582343749998394, -1.688575694911951253, 18.08125000170697305 ) ) ;
#843 = CARTESIAN_POINT ( 'NONE',  ( 3.400000000000000355, 1.408326112068523539, 15.81562500341396671 ) ) ;
#844 = CARTESIAN_POINT ( 'NONE',  ( -15.00000000000000178, 9.767804256853688472, 25.95470053837587443 ) ) ;
#845 = ORIENTED_EDGE ( 'NONE', *, *, #4457, .F. ) ;
#846 = CARTESIAN_POINT ( 'NONE',  ( -2.404163056034260837, -2.404163056034261725, 14.95624999999998295 ) ) ;
#847 = CARTESIAN_POINT ( 'NONE',  ( 7.488560278101077592E-16, -4.076582343749999282, 19.72187500170697660 ) ) ;
#848 = CARTESIAN_POINT ( 'NONE',  ( -3.400000000000000355, 1.408326112068523095, 20.03437500341396671 ) ) ;
#849 = ORIENTED_EDGE ( 'NONE', *, *, #1378, .F. ) ;
#850 = CARTESIAN_POINT ( 'NONE',  ( -3.399999999998726707, 2.055228117049937317E-06, 23.86246227082015992 ) ) ;
#851 = CARTESIAN_POINT ( 'NONE',  ( -0.3957515859265195446, 3.677002550416951010, 25.59038358212940167 ) ) ;
#852 = CARTESIAN_POINT ( 'NONE',  ( 1.318365702741257861, -3.134338194211791606, 21.44172491362396471 ) ) ;
#853 = CARTESIAN_POINT ( 'NONE',  ( -2.120192635660903768, -2.658001202227148863, 23.72783569537493875 ) ) ;
#854 = CARTESIAN_POINT ( 'NONE',  ( -3.399999999999999911, 4.163799117101000559E-16, 0.000000000000000000 ) ) ;
#855 = CARTESIAN_POINT ( 'NONE',  ( 0.000000000000000000, 0.000000000000000000, 13.98000000000000043 ) ) ;
#856 = CARTESIAN_POINT ( 'NONE',  ( 2.918372195026424976, -2.846785843635522451, 25.97421699003655959 ) ) ;
#857 = CARTESIAN_POINT ( 'NONE',  ( 2.284381210187334865, -2.518547249915745745, 19.00947158339044663 ) ) ;
#858 = CARTESIAN_POINT ( 'NONE',  ( 4.076582343749999282, 1.688575694911949254, 18.70625000170697660 ) ) ;
#859 = CARTESIAN_POINT ( 'NONE',  ( -3.394714115130912813, 0.2188335856610862384, 18.53750033556714527 ) ) ;
#860 = CARTESIAN_POINT ( 'NONE',  ( 2.610609000045568617, -2.181969632414134885, 15.28606591174865059 ) ) ;
#861 = EDGE_CURVE ( 'NONE', #3655, #1948, #3052, .T. ) ;
#862 = CARTESIAN_POINT ( 'NONE',  ( 1.601364767562527325, -2.999609317917727225, 25.21056800815508581 ) ) ;
#863 = CARTESIAN_POINT ( 'NONE',  ( 0.000000000000000000, 0.000000000000000000, 13.98000000000000043 ) ) ;
#864 = CARTESIAN_POINT ( 'NONE',  ( -0.8301775079299495985, 3.297147786009737125, 23.28591718563861690 ) ) ;
#865 = CARTESIAN_POINT ( 'NONE',  ( 1.688575694911950809, -4.076582343749998394, 23.55000000170697660 ) ) ;
#866 = CARTESIAN_POINT ( 'NONE',  ( -3.400000000000000355, 1.408326112068523095, 16.28437500341396671 ) ) ;
#867 = ORIENTED_EDGE ( 'NONE', *, *, #3080, .T. ) ;
#868 = EDGE_LOOP ( 'NONE', ( #500, #4439, #3843, #3240, #3476, #964, #4774, #707 ) ) ;
#869 = CARTESIAN_POINT ( 'NONE',  ( 7.488560278101077592E-16, -4.076582343749999282, 15.97187500170697838 ) ) ;
#870 = CARTESIAN_POINT ( 'NONE',  ( 2.404163056034261725, -2.404163056034261281, 21.51874999999998295 ) ) ;
#871 = ORIENTED_EDGE ( 'NONE', *, *, #4582, .F. ) ;
#872 = CARTESIAN_POINT ( 'NONE',  ( 0.000000000000000000, 0.000000000000000000, 0.000000000000000000 ) ) ;
#873 = CARTESIAN_POINT ( 'NONE',  ( 2.882579019330957060, -2.882579019330956172, 14.87812500170699259 ) ) ;
#874 = CARTESIAN_POINT ( 'NONE',  ( -1.494755697635983038, -3.053819967179559836, 21.27162478266393464 ) ) ;
#875 = CARTESIAN_POINT ( 'NONE',  ( 0.2641018601117652298, -3.389794047797346721, 23.87738532651530932 ) ) ;
#876 = CARTESIAN_POINT ( 'NONE',  ( 3.394304432825387963, 0.2020289578335549008, 24.18638041711519548 ) ) ;
#877 = CARTESIAN_POINT ( 'NONE',  ( -2.115175626474707027, -3.381238392357104328, 14.39864463282678209 ) ) ;
#878 = CARTESIAN_POINT ( 'NONE',  ( 4.076582343749999282, 4.992373518734052056E-16, 22.37812500170704411 ) ) ;
#879 = CARTESIAN_POINT ( 'NONE',  ( 6.245698675651500839E-16, -3.399999999999999911, 26.36249999999998295 ) ) ;
#880 = CARTESIAN_POINT ( 'NONE',  ( 2.877283724969656120, -1.814875226844614664, 19.06246906782047290 ) ) ;
#881 = CARTESIAN_POINT ( 'NONE',  ( 7.488560278101077592E-16, -4.076582343749999282, 20.81562500170698016 ) ) ;
#882 = CARTESIAN_POINT ( 'NONE',  ( -2.035155906266926884, 2.723737481882629208, 18.36600764854558321 ) ) ;
#883 = CARTESIAN_POINT ( 'NONE',  ( -0.8764135497722939094, -3.285130882792273166, 20.06124247853491838 ) ) ;
#884 = CARTESIAN_POINT ( 'NONE',  ( 0.2719777198149538333, -3.391270059509396972, 15.12789527591484173 ) ) ;
#885 = CARTESIAN_POINT ( 'NONE',  ( 0.8930718843311336030, -3.285547971386443500, 25.16504535941695764 ) ) ;
#886 = CARTESIAN_POINT ( 'NONE',  ( -2.702759466147407252, 2.074560138749736105, 20.91891637616136990 ) ) ;
#887 = CARTESIAN_POINT ( 'NONE',  ( 3.399999999999999467, -5.132664445147163730E-08, 16.67499999715161252 ) ) ;
#888 = CARTESIAN_POINT ( 'NONE',  ( -2.882579019330973935, 2.882579019330973935, 23.00312500170697660 ) ) ;
#889 = CARTESIAN_POINT ( 'NONE',  ( 1.408326112068525537, -3.399999999999999023, 19.25312500341396671 ) ) ;
#890 = DIRECTION ( 'NONE',  ( -0.000000000000000000, -0.000000000000000000, -1.000000000000000000 ) ) ;
#891 = ORIENTED_EDGE ( 'NONE', *, *, #750, .T. ) ;
#892 = EDGE_CURVE ( 'NONE', #4367, #2517, #3691, .T. ) ;
#893 = CARTESIAN_POINT ( 'NONE',  ( 1.688575694911948366, 4.076582343749999282, 17.76875000170698016 ) ) ;
#894 = CARTESIAN_POINT ( 'NONE',  ( 2.404163056034261281, 2.404163056034261725, 20.89375000341396671 ) ) ;
#895 = EDGE_LOOP ( 'NONE', ( #3959, #1018 ) ) ;
#896 = CARTESIAN_POINT ( 'NONE',  ( -2.404163056034260837, -2.404163056034261725, 24.01875000341397026 ) ) ;
#897 = DIRECTION ( 'NONE',  ( 1.000000000000000000, 0.000000000000000000, 0.000000000000000000 ) ) ;
#898 = CARTESIAN_POINT ( 'NONE',  ( -2.496186759367010251E-16, 4.076582343749975301, 17.84687500170699437 ) ) ;
#899 = CARTESIAN_POINT ( 'NONE',  ( 1.952277773379419212, -2.784292318010241907, 21.48498982883080899 ) ) ;
#900 = CARTESIAN_POINT ( 'NONE',  ( -2.605951412810766143, -2.183808788530347655, 23.68939560674957434 ) ) ;
#901 = CARTESIAN_POINT ( 'NONE',  ( 1.036917105598678335, 3.238509715479021889, 24.42623394692519412 ) ) ;
#902 = CARTESIAN_POINT ( 'NONE',  ( -3.400000002815289690, 0.1094132428188723111, 16.04364925067341829 ) ) ;
#903 = CARTESIAN_POINT ( 'NONE',  ( 4.076582343749999282, 4.992373518734052056E-16, 23.62812500170704055 ) ) ;
#904 = CARTESIAN_POINT ( 'NONE',  ( 3.058556252166200196, -1.487038396677742513, 19.08467472146482180 ) ) ;
#905 = CARTESIAN_POINT ( 'NONE',  ( 1.688575694911948366, 4.076582343749999282, 18.86250000170698371 ) ) ;
#906 = CARTESIAN_POINT ( 'NONE',  ( -1.458160038547308357, 3.071538215153031270, 18.32593695326707461 ) ) ;
#907 = CARTESIAN_POINT ( 'NONE',  ( -2.235059921384828119, -2.564794497484173874, 19.96931306642654391 ) ) ;
#908 = CARTESIAN_POINT ( 'NONE',  ( 3.243247282653257457, -1.020468462714673175, 15.36478902806089053 ) ) ;
#909 = AXIS2_PLACEMENT_3D ( 'NONE', #3715, #50, #1818 ) ;
#910 = CARTESIAN_POINT ( 'NONE',  ( -2.106839287491767188, -2.668602551403692402, 24.97883362261415385 ) ) ;
#911 = CARTESIAN_POINT ( 'NONE',  ( -3.379900767584999244, 0.3691487790271145153, 21.02906055978661470 ) ) ;
#912 = CARTESIAN_POINT ( 'NONE',  ( -0.3307490206036198255, 3.384722108108960903, 22.00625992761612437 ) ) ;
#913 = CARTESIAN_POINT ( 'NONE',  ( -3.400000003957453831, 0.1104051525250089733, 23.54353983289716012 ) ) ;
#914 = CARTESIAN_POINT ( 'NONE',  ( -4.076582343749998394, -1.688575694911951253, 20.73750000170697660 ) ) ;
#915 = CARTESIAN_POINT ( 'NONE',  ( -1.408326112068523317, 3.400000000000000355, 13.62812500341396671 ) ) ;
#916 = VERTEX_POINT ( 'NONE', #3157 ) ;
#917 = ORIENTED_EDGE ( 'NONE', *, *, #892, .T. ) ;
#918 = AXIS2_PLACEMENT_3D ( 'NONE', #2060, #3134, #2717 ) ;
#919 = CARTESIAN_POINT ( 'NONE',  ( -4.076582343749998394, -1.688575694911951253, 24.33125000170698371 ) ) ;
#920 = CARTESIAN_POINT ( 'NONE',  ( 3.400000000000000799, -1.408326112068522651, 21.90937500341397026 ) ) ;
#921 = EDGE_LOOP ( 'NONE', ( #2729, #1014, #2075, #2611, #3451 ) ) ;
#922 = CARTESIAN_POINT ( 'NONE',  ( -3.399999999996432543, -3.392293950278446814E-06, 16.36256314814623281 ) ) ;
#923 = CARTESIAN_POINT ( 'NONE',  ( -1.108551465401874880, 3.554059834143799002, 25.61520944200151106 ) ) ;
#924 = AXIS2_PLACEMENT_3D ( 'NONE', #3649, #1823, #1893 ) ;
#925 = CARTESIAN_POINT ( 'NONE',  ( -2.549198259329448657, -2.373115388238241863, 14.90787989047790241 ) ) ;
#926 = CARTESIAN_POINT ( 'NONE',  ( 2.044393727953520479, -2.716748396345989747, 21.49165527036796774 ) ) ;
#927 = CARTESIAN_POINT ( 'NONE',  ( 14.99999999999999645, 11.67522936238177778, 25.01421353417536864 ) ) ;
#928 = LINE ( 'NONE', #854, #1905 ) ;
#929 = CARTESIAN_POINT ( 'NONE',  ( -1.482179482278749516, -3.678083282122544873, 14.42135510344679261 ) ) ;
#930 = CARTESIAN_POINT ( 'NONE',  ( -4.076582343749998394, -1.688575694911951253, 24.33125000170704411 ) ) ;
#931 = CARTESIAN_POINT ( 'NONE',  ( 3.399733517100633318, -0.04350093588205518336, 19.17258002389974791 ) ) ;
#932 = CARTESIAN_POINT ( 'NONE',  ( -2.496186759367026028E-16, 4.076582343749999282, 16.44062500170697660 ) ) ;
#933 = CARTESIAN_POINT ( 'NONE',  ( -0.8277422911518536042, 3.297702743293065897, 18.28576846483558427 ) ) ;
#934 = CARTESIAN_POINT ( 'NONE',  ( 3.400000000000000799, -1.408326112068522651, 18.15937500341397026 ) ) ;
#935 = CARTESIAN_POINT ( 'NONE',  ( 2.189300564510036740, -2.602969684105598258, 25.25225949419233373 ) ) ;
#936 = CARTESIAN_POINT ( 'NONE',  ( -0.6715732205777142916, 3.333146718625132454, 20.77629320695758253 ) ) ;
#937 = CARTESIAN_POINT ( 'NONE',  ( -2.072986540258000776, 2.694979946111111690, 23.36863503711802537 ) ) ;
#938 = CARTESIAN_POINT ( 'NONE',  ( 2.882579019330974379, -2.882579019330973491, 21.12812500170698016 ) ) ;
#939 = SURFACE_STYLE_USAGE ( .BOTH. , #1012 ) ;
#940 = EDGE_LOOP ( 'NONE', ( #3768, #4251, #2448, #3554 ) ) ;
#941 = ORIENTED_EDGE ( 'NONE', *, *, #3141, .F. ) ;
#942 =( BOUNDED_CURVE ( )  B_SPLINE_CURVE ( 2, ( #1632, #3066, #4166 ),
 .UNSPECIFIED., .F., .F. ) 
 B_SPLINE_CURVE_WITH_KNOTS ( ( 3, 3 ),
 ( 0.8653586246354743050, 0.8754654668632216863 ),
 .UNSPECIFIED. ) 
 CURVE ( )  GEOMETRIC_REPRESENTATION_ITEM ( )  RATIONAL_B_SPLINE_CURVE ( ( 1.000000000000000000, 0.9359893514643246037, 0.9796334050379156277 ) ) 
 REPRESENTATION_ITEM ( '' )  );
#943 = CARTESIAN_POINT ( 'NONE',  ( 4.076582343749999282, 1.688575694911949254, 26.20625000170698016 ) ) ;
#944 = CARTESIAN_POINT ( 'NONE',  ( 6.245698675651500839E-16, -3.399999999999999911, 20.42500000341397026 ) ) ;
#945 = DIRECTION ( 'NONE',  ( 0.000000000000000000, 0.000000000000000000, -1.000000000000000000 ) ) ;
#946 = ORIENTED_EDGE ( 'NONE', *, *, #302, .F. ) ;
#947 = CARTESIAN_POINT ( 'NONE',  ( 3.452688505388485041, 1.253073017442670523, 14.71151373314626731 ) ) ;
#948 = CARTESIAN_POINT ( 'NONE',  ( -15.00000000000000000, -8.092986997836501217, 26.47860872506716845 ) ) ;
#949 = CARTESIAN_POINT ( 'NONE',  ( -3.393069985526232291, -0.2186876945061167199, 21.06227969045926329 ) ) ;
#950 = CARTESIAN_POINT ( 'NONE',  ( -3.399999999994355537, 4.334172148360040799E-06, 24.79991971457359412 ) ) ;
#951 = CARTESIAN_POINT ( 'NONE',  ( -0.03356447183201094475, -3.400397207406597122, 16.36071357202664700 ) ) ;
#952 = CARTESIAN_POINT ( 'NONE',  ( -2.139937652417835068, 2.642239239398517903, 15.87345044735107713 ) ) ;
#953 = EDGE_CURVE ( 'NONE', #2226, #1201, #3706, .T. ) ;
#954 = CARTESIAN_POINT ( 'NONE',  ( -4.076582343749999282, 1.688575694911948588, 24.17500000170704411 ) ) ;
#955 = CARTESIAN_POINT ( 'NONE',  ( -0.2025417315803905716, -3.393971252571481578, 18.85112536945116446 ) ) ;
#956 = CARTESIAN_POINT ( 'NONE',  ( 2.882579019330974379, -2.882579019330973491, 17.22187500170698016 ) ) ;
#957 = CARTESIAN_POINT ( 'NONE',  ( 2.293023341285628458, 2.510600650174175108, 18.08985123917197413 ) ) ;
#958 = CARTESIAN_POINT ( 'NONE',  ( -0.8984406446915786937, -3.280017914612562535, 15.05988287975920414 ) ) ;
#959 = CARTESIAN_POINT ( 'NONE',  ( 1.778737782605102957, -2.897706999065257527, 25.22271476109400723 ) ) ;
#960 = CARTESIAN_POINT ( 'NONE',  ( -0.7681879315745916426, 3.312145400903702797, 20.78213323516726163 ) ) ;
#961 = CARTESIAN_POINT ( 'NONE',  ( 1.954487896912164402, 2.783465035560318324, 23.11474776523150254 ) ) ;
#962 = CARTESIAN_POINT ( 'NONE',  ( -1.688575694911949698, -4.076582343749998394, 22.14375000170698016 ) ) ;
#963 = CARTESIAN_POINT ( 'NONE',  ( -3.399999999996432543, -3.392293950278446814E-06, 16.36256314814623281 ) ) ;
#964 = ORIENTED_EDGE ( 'NONE', *, *, #74, .T. ) ;
#965 = CARTESIAN_POINT ( 'NONE',  ( 4.076582343749999282, 4.992373518734052056E-16, 24.87812500170697660 ) ) ;
#966 = CARTESIAN_POINT ( 'NONE',  ( -3.385466234588111689, -0.3141100693250216125, 17.31775874971837581 ) ) ;
#967 = VERTEX_POINT ( 'NONE', #512 ) ;
#968 = CARTESIAN_POINT ( 'NONE',  ( -0.5625878380258927391, 3.453551691465967188, 14.88570173441264366 ) ) ;
#969 =( BOUNDED_CURVE ( )  B_SPLINE_CURVE ( 2, ( #2921, #715, #4447, #2945, #2572, #3366, #1865 ),
 .UNSPECIFIED., .F., .F. ) 
 B_SPLINE_CURVE_WITH_KNOTS ( ( 3, 2, 2, 3 ),
 ( 0.08163804570742283495, 0.08413209091186964195, 0.09615096104213649575, 0.09615105136452983814 ),
 .UNSPECIFIED. ) 
 CURVE ( )  GEOMETRIC_REPRESENTATION_ITEM ( )  RATIONAL_B_SPLINE_CURVE ( ( 0.9749639690300417882, 0.9842041818538013187, 1.000000000000000000, 0.9238795325112867385, 1.000000000000000000, 0.9999994279509861750, 0.9999988559105703612 ) ) 
 REPRESENTATION_ITEM ( '' )  );
#970 = CARTESIAN_POINT ( 'NONE',  ( -3.544633908504625452, -1.062953267756310050, 14.68961970297504038 ) ) ;
#971 = CARTESIAN_POINT ( 'NONE',  ( 14.99999999999999822, 13.07707918458857854, 22.80000000000000071 ) ) ;
#972 = CARTESIAN_POINT ( 'NONE',  ( -3.394714272417936218, 0.2188303320209594727, 17.28750478242207933 ) ) ;
#973 = CARTESIAN_POINT ( 'NONE',  ( 3.391619671036340211, -0.3241532760720510220, 16.65671358247360700 ) ) ;
#974 = CARTESIAN_POINT ( 'NONE',  ( -2.963563960947380505, 1.666533081789130621, 15.94752294070130638 ) ) ;
#975 = CARTESIAN_POINT ( 'NONE',  ( 4.076582343750000170, -1.688575694911947922, 19.80000000170704055 ) ) ;
#976 = CARTESIAN_POINT ( 'NONE',  ( -0.4122811859630120535, -3.376220263496931384, 18.83898875274158868 ) ) ;
#977 = CARTESIAN_POINT ( 'NONE',  ( 3.298041174552866384, 2.396131886255051580, 13.75390659077759992 ) ) ;
#978 = CARTESIAN_POINT ( 'NONE',  ( 2.707242081974023495, 2.057498388356855390, 18.05503226604246692 ) ) ;
#979 = CARTESIAN_POINT ( 'NONE',  ( -1.321755709590633376, -3.133042798302496657, 15.03309521526058035 ) ) ;
#980 = EDGE_CURVE ( 'NONE', #337, #3049, #47, .T. ) ;
#981 = DIRECTION ( 'NONE',  ( 0.000000000000000000, 0.000000000000000000, 1.000000000000000000 ) ) ;
#982 = CARTESIAN_POINT ( 'NONE',  ( 1.800423660414484095, 2.884313243131979565, 20.62582927638839791 ) ) ;
#983 = CARTESIAN_POINT ( 'NONE',  ( 0.7768762883662428953, 3.311904181804880665, 21.94222171904274532 ) ) ;
#984 = CARTESIAN_POINT ( 'NONE',  ( 2.564352730263796509, 2.235180272579167404, 23.06813749668466329 ) ) ;
#985 = CARTESIAN_POINT ( 'NONE',  ( -1.688575694911949698, -4.076582343749998394, 19.64375000170698016 ) ) ;
#986 = CARTESIAN_POINT ( 'NONE',  ( 1.688575694911950809, -4.076582343749998394, 14.64375000170697660 ) ) ;
#987 = CARTESIAN_POINT ( 'NONE',  ( 3.400000000000000799, -1.408326112068522651, 14.40937500341397026 ) ) ;
#988 = CARTESIAN_POINT ( 'NONE',  ( -3.849369363596595317, 0.7014299306184597071, 14.47111062709952556 ) ) ;
#989 = EDGE_LOOP ( 'NONE', ( #1255, #3889, #548, #4125, #599, #3524 ) ) ;
#990 = CARTESIAN_POINT ( 'NONE',  ( 2.882579019330974379, -2.882579019330973491, 14.87812500170697660 ) ) ;
#991 = CARTESIAN_POINT ( 'NONE',  ( -2.558060298480041350, -2.239935290031802140, 17.44352711011105583 ) ) ;
#992 = TOROIDAL_SURFACE ( 'NONE', #4759, 15.89999999999999680, 4.000000000000000000 ) ;
#993 = ORIENTED_EDGE ( 'NONE', *, *, #316, .T. ) ;
#994 = CARTESIAN_POINT ( 'NONE',  ( 1.602393001077539125, 3.214681346436144782, 14.80724041103287192 ) ) ;
#995 = VECTOR ( 'NONE', #2835, 1000.000000000000000 ) ;
#996 = CARTESIAN_POINT ( 'NONE',  ( -2.404163056034260837, -2.404163056034261725, 20.26875000341396671 ) ) ;
#997 = CARTESIAN_POINT ( 'NONE',  ( 2.404163056034261725, -2.404163056034261281, 19.33125000341396671 ) ) ;
#998 = DIRECTION ( 'NONE',  ( 1.000000000000000000, 0.000000000000000000, 0.000000000000000000 ) ) ;
#999 = CARTESIAN_POINT ( 'NONE',  ( 2.251324328573308886, -2.548170890916893860, 16.50693885511147130 ) ) ;
#1000 = AXIS2_PLACEMENT_3D ( 'NONE', #3216, #945, #3553 ) ;
#1001 = CARTESIAN_POINT ( 'NONE',  ( -3.010404924560713180, 1.580539506061365618, 15.95336129856765517 ) ) ;
#1002 = EDGE_CURVE ( 'NONE', #4012, #3528, #628, .T. ) ;
#1003 = CARTESIAN_POINT ( 'NONE',  ( -1.688575694911950142, -4.076582343749998394, 19.48750000170703700 ) ) ;
#1004 = CARTESIAN_POINT ( 'NONE',  ( -4.076582343749999282, 1.688575694911948588, 14.17500000170697660 ) ) ;
#1005 = CARTESIAN_POINT ( 'NONE',  ( -3.399999999999999911, 0.000000000000000000, 23.86250000341397026 ) ) ;
#1006 = CARTESIAN_POINT ( 'NONE',  ( 2.848879897200133016, 1.857840238890999585, 18.04066891769246794 ) ) ;
#1007 = CARTESIAN_POINT ( 'NONE',  ( -3.381445591010630469, 0.3549828204114150454, 22.27984583830925658 ) ) ;
#1008 = CARTESIAN_POINT ( 'NONE',  ( -3.386990035087581674, -0.2971754055175133136, 24.81678446794314041 ) ) ;
#1009 = CARTESIAN_POINT ( 'NONE',  ( 2.353200466398277957, 2.454127140119481965, 20.58522519109403248 ) ) ;
#1010 = CARTESIAN_POINT ( 'NONE',  ( 2.993172519048705738, 1.619703044811206860, 23.02405844362206011 ) ) ;
#1011 = CARTESIAN_POINT ( 'NONE',  ( -2.882579019330973935, 2.882579019330973935, 18.00312500170697660 ) ) ;
#1012 = SURFACE_SIDE_STYLE ('',( #1657 ) ) ;
#1013 = CARTESIAN_POINT ( 'NONE',  ( 3.400000000000000355, 1.408326112068523539, 15.81562500341396671 ) ) ;
#1014 = ORIENTED_EDGE ( 'NONE', *, *, #2784, .T. ) ;
#1015 = EDGE_CURVE ( 'NONE', #3381, #820, #3746, .T. ) ;
#1016 = CARTESIAN_POINT ( 'NONE',  ( -4.076582343749999282, 1.688575694911948588, 24.17500000170697660 ) ) ;
#1017 = CARTESIAN_POINT ( 'NONE',  ( -2.648878434864083253, -2.132511962128340155, 17.43566656920140900 ) ) ;
#1018 = ORIENTED_EDGE ( 'NONE', *, *, #1949, .T. ) ;
#1019 = CARTESIAN_POINT ( 'NONE',  ( -3.386701820219407466, -0.3004954973794066175, 19.81697500388522926 ) ) ;
#1020 = CARTESIAN_POINT ( 'NONE',  ( -3.400000000000000355, 1.408326112068523095, 17.22187499999998295 ) ) ;
#1021 = CARTESIAN_POINT ( 'NONE',  ( -3.399999999999999911, 8.062228024440160336E-06, 20.11249955617269691 ) ) ;
#1022 = CARTESIAN_POINT ( 'NONE',  ( -15.00000000000000178, 1.836970198652850707E-15, 27.35502208301953075 ) ) ;
#1023 = LINE ( 'NONE', #2503, #2774 ) ;
#1024 = CARTESIAN_POINT ( 'NONE',  ( 0.000000000000000000, 0.000000000000000000, 25.29999999999998650 ) ) ;
#1025 = CARTESIAN_POINT ( 'NONE',  ( -0.2109348074269999096, 3.393791021864828839, 15.74934408665933461 ) ) ;
#1026 = CARTESIAN_POINT ( 'NONE',  ( -2.496186759367026028E-16, 4.076582343749999282, 21.44062500170703700 ) ) ;
#1027 = CARTESIAN_POINT ( 'NONE',  ( -3.381428038777162914, 0.3549523672924620454, 17.27988535532971781 ) ) ;
#1028 = CARTESIAN_POINT ( 'NONE',  ( 2.404163056034261281, 2.404163056034261725, 25.89375000341396671 ) ) ;
#1029 = CARTESIAN_POINT ( 'NONE',  ( 3.221811705008161830, 1.086523904968172305, 17.98936262566580524 ) ) ;
#1030 = CARTESIAN_POINT ( 'NONE',  ( -1.408326112068523983, -3.399999999999999467, 17.84687500341397026 ) ) ;
#1031 = CARTESIAN_POINT ( 'NONE',  ( -3.309156413459524604, 0.7976455995853789505, 19.75367305556854092 ) ) ;
#1032 = CARTESIAN_POINT ( 'NONE',  ( 2.483520358978685838, 2.325643913553820497, 20.57498816223795757 ) ) ;
#1033 = CARTESIAN_POINT ( 'NONE',  ( 2.804554038781166270, 1.922112995751682929, 23.04530873276208425 ) ) ;
#1034 = CARTESIAN_POINT ( 'NONE',  ( 4.076582343749999282, 4.992373518734052056E-16, 18.78437500170697660 ) ) ;
#1035 = CARTESIAN_POINT ( 'NONE',  ( -4.076582343749999282, 0.000000000000000000, 14.25312500170697660 ) ) ;
#1036 = CARTESIAN_POINT ( 'NONE',  ( -1.018754711326707252, -3.244168426709717945, 22.55242407062668875 ) ) ;
#1037 = CARTESIAN_POINT ( 'NONE',  ( 14.99999999999999822, 9.734008252458533406, 25.96534806286224040 ) ) ;
#1038 = ORIENTED_EDGE ( 'NONE', *, *, #1067, .T. ) ;
#1039 = CARTESIAN_POINT ( 'NONE',  ( 2.882579019330974379, -2.882579019330973491, 22.22187500170697660 ) ) ;
#1040 = CARTESIAN_POINT ( 'NONE',  ( -3.376433847493712559, -0.4058093800882113800, 17.32310353476736964 ) ) ;
#1041 = CARTESIAN_POINT ( 'NONE',  ( -2.496186759367010251E-16, 4.076582343749975301, 25.34687500170699082 ) ) ;
#1042 = ORIENTED_EDGE ( 'NONE', *, *, #1002, .T. ) ;
#1043 = EDGE_CURVE ( 'NONE', #3425, #2958, #3509, .T. ) ;
#1044 = CARTESIAN_POINT ( 'NONE',  ( -1.408326112068523983, -3.399999999999999467, 17.53437499999998650 ) ) ;
#1045 = CARTESIAN_POINT ( 'NONE',  ( 2.882579019330973491, 2.882579019330973935, 22.69062500170697660 ) ) ;
#1046 = CARTESIAN_POINT ( 'NONE',  ( -3.320205521865213782, -0.7408000616622749668, 21.09293578799137592 ) ) ;
#1047 = CARTESIAN_POINT ( 'NONE',  ( 3.337734716808456792, -0.8799911306735109795, 25.34716267798699008 ) ) ;
#1048 = CARTESIAN_POINT ( 'NONE',  ( -0.08629477035346198865, 3.399032412008299975, 15.74229489320953412 ) ) ;
#1049 = CARTESIAN_POINT ( 'NONE',  ( -2.882579019330973047, -2.882579019330974379, 19.40937500170704411 ) ) ;
#1050 = LINE ( 'NONE', #1336, #3769 ) ;
#1051 = CARTESIAN_POINT ( 'NONE',  ( 0.5161250393708600726, 3.360598788721089303, 18.20796182589121059 ) ) ;
#1052 = CARTESIAN_POINT ( 'NONE',  ( -3.123709310902397451, 1.344624054668833724, 19.71913028360310349 ) ) ;
#1053 = CARTESIAN_POINT ( 'NONE',  ( -15.00000000000000533, 11.13400733848044588, 25.37044920551112526 ) ) ;
#1054 = CARTESIAN_POINT ( 'NONE',  ( -0.7146945956646242326, 3.324281879602017931, 23.27888759743231972 ) ) ;
#1055 = CARTESIAN_POINT ( 'NONE',  ( -2.882579019330973935, 2.882579019330973935, 15.50312500170697838 ) ) ;
#1056 = CARTESIAN_POINT ( 'NONE',  ( 4.862365179306964436, 0.2430246085218464580, 13.62430996604858713 ) ) ;
#1057 = CARTESIAN_POINT ( 'NONE',  ( 0.8789327043023223984, -3.292093461250951592, 22.66416378899857520 ) ) ;
#1058 = DIRECTION ( 'NONE',  ( 1.000000000000000000, 0.000000000000000000, 0.000000000000000000 ) ) ;
#1059 = VERTEX_POINT ( 'NONE', #718 ) ;
#1060 = CARTESIAN_POINT ( 'NONE',  ( 2.882579019330974379, -2.882579019330973491, 19.72187500170697660 ) ) ;
#1061 = CARTESIAN_POINT ( 'NONE',  ( -0.8731159001356989524, -3.285987994001792423, 17.56144537609235456 ) ) ;
#1062 = ORIENTED_EDGE ( 'NONE', *, *, #2804, .T. ) ;
#1064 = AXIS2_PLACEMENT_3D ( 'NONE', #1409, #2480, #4679 ) ;
#1063 = CARTESIAN_POINT ( 'NONE',  ( -2.404163056034260837, -2.404163056034261725, 17.45624999999998650 ) ) ;
#1065 = CARTESIAN_POINT ( 'NONE',  ( 2.882579019330973491, 2.882579019330973935, 23.94062500170698016 ) ) ;
#1066 = CARTESIAN_POINT ( 'NONE',  ( 3.399057240242035594, -0.08666582620279740523, 17.92016958487412737 ) ) ;
#1067 = EDGE_CURVE ( 'NONE', #2173, #2517, #1526, .T. ) ;
#1068 = CARTESIAN_POINT ( 'NONE',  ( -2.078554345849849216, -2.690677333307989638, 16.23089634132297121 ) ) ;
#1069 = CARTESIAN_POINT ( 'NONE',  ( 3.399549943580535416, 0.05964826232693310609, 15.42831511826404345 ) ) ;
#1070 = CARTESIAN_POINT ( 'NONE',  ( 1.688575694911948366, 4.076582343749999282, 16.36250000170704055 ) ) ;
#1071 = AXIS2_PLACEMENT_3D ( 'NONE', #3964, #655, #292 ) ;
#1072 = CARTESIAN_POINT ( 'NONE',  ( -4.028344159609670072, 0.7205205987044316362, 14.30341765624999262 ) ) ;
#1073 = CARTESIAN_POINT ( 'NONE',  ( -3.394712790158413096, 0.2188609902824137921, 24.78748124576205214 ) ) ;
#1074 = CARTESIAN_POINT ( 'NONE',  ( -3.379395507988775638, -0.3746115647150310424, 24.82129183056214572 ) ) ;
#1075 = CARTESIAN_POINT ( 'NONE',  ( 3.399958858677660789, 0.01727309246153097347, 20.42595871290503240 ) ) ;
#1076 = CARTESIAN_POINT ( 'NONE',  ( 2.882579019330974379, -2.882579019330973491, 24.72187500170698016 ) ) ;
#1077 = CARTESIAN_POINT ( 'NONE',  ( 1.688575694911950809, -4.076582343749998394, 19.80000000170697660 ) ) ;
#1078 = CARTESIAN_POINT ( 'NONE',  ( 7.488560278101077592E-16, -4.076582343749999282, 15.81562500170697483 ) ) ;
#1079 = CARTESIAN_POINT ( 'NONE',  ( -0.8271496808976048776, -3.298111322201441986, 22.56427451004523022 ) ) ;
#1080 = CARTESIAN_POINT ( 'NONE',  ( 2.201688605123661269, -3.315718249666311568, 25.87378786953157217 ) ) ;
#1081 = ORIENTED_EDGE ( 'NONE', *, *, #3426, .F. ) ;
#1082 = CARTESIAN_POINT ( 'NONE',  ( 1.195960382690802293, 3.182741381130785641, 16.91616374556492630 ) ) ;
#1083 = CARTESIAN_POINT ( 'NONE',  ( 7.488560278101077592E-16, -4.076582343749999282, 20.81562500170698016 ) ) ;
#1084 = CARTESIAN_POINT ( 'NONE',  ( -3.386702341917667614, -0.3004896145242975658, 17.31697420548909960 ) ) ;
#1085 = CARTESIAN_POINT ( 'NONE',  ( 4.076582343749976189, -1.688575694911937930, 24.95625000170699082 ) ) ;
#1086 = ORIENTED_EDGE ( 'NONE', *, *, #3863, .F. ) ;
#1087 = CARTESIAN_POINT ( 'NONE',  ( -2.404163056034260837, -2.404163056034261725, 16.20624999999998295 ) ) ;
#1088 = CARTESIAN_POINT ( 'NONE',  ( -4.076582343749999282, 1.688575694911948588, 20.58125000170698016 ) ) ;
#1089 = CARTESIAN_POINT ( 'NONE',  ( 2.385256659630849541, -2.423302020549661151, 17.76727488210618588 ) ) ;
#1090 = CARTESIAN_POINT ( 'NONE',  ( -0.2224055260336958439, -3.392778141497052147, 16.34999131771771630 ) ) ;
#1091 = CARTESIAN_POINT ( 'NONE',  ( 1.838173216771094687, 2.860340849480395242, 15.62307972846960702 ) ) ;
#1092 = CARTESIAN_POINT ( 'NONE',  ( 4.076582343749999282, 1.688575694911949254, 14.95625000170704055 ) ) ;
#1093 = CARTESIAN_POINT ( 'NONE',  ( 0.000000000000000000, 0.000000000000000000, 0.000000000000000000 ) ) ;
#1094 = CARTESIAN_POINT ( 'NONE',  ( -2.554464125021246090, 2.243819168699270339, 24.65609906118583083 ) ) ;
#1095 = EDGE_CURVE ( 'NONE', #360, #2981, #526, .T. ) ;
#1096 = CARTESIAN_POINT ( 'NONE',  ( -1.482849666530904997, 3.059866745384141051, 19.57757342248144994 ) ) ;
#1097 = CARTESIAN_POINT ( 'NONE',  ( 3.399999999978680965, -1.204033202150494318E-05, 20.42499933207762197 ) ) ;
#1098 = CARTESIAN_POINT ( 'NONE',  ( 3.292796097455771953, 0.8576774048519277827, 22.97504275206316748 ) ) ;
#1099 = DIRECTION ( 'NONE',  ( -0.000000000000000000, -0.000000000000000000, -1.000000000000000000 ) ) ;
#1100 = CARTESIAN_POINT ( 'NONE',  ( 1.767921549418025817, -2.904436314469907465, 20.22196813192448062 ) ) ;
#1101 = CARTESIAN_POINT ( 'NONE',  ( -0.4360356131565036319, -3.374551657714051967, 22.58782881846549273 ) ) ;
#1102 = CARTESIAN_POINT ( 'NONE',  ( -0.4311196896862639627, -3.623451373482652560, 25.54219032286376034 ) ) ;
#1103 = CARTESIAN_POINT ( 'NONE',  ( -2.235044435694666376, -2.564808236691786814, 18.71931367256951617 ) ) ;
#1104 = CARTESIAN_POINT ( 'NONE',  ( -1.688575694911949698, -4.076582343749998394, 20.73750000170697660 ) ) ;
#1105 = CARTESIAN_POINT ( 'NONE',  ( -0.9443771607094412213, -3.941430418100945410, 25.94443259169514704 ) ) ;
#1106 = CARTESIAN_POINT ( 'NONE',  ( 7.488560278101032232E-16, -4.076582343749975301, 23.47187500170699082 ) ) ;
#1107 = ORIENTED_EDGE ( 'NONE', *, *, #3611, .T. ) ;
#1108 = CARTESIAN_POINT ( 'NONE',  ( 3.399999999999999911, 4.163799117101000559E-16, 15.42499999999998472 ) ) ;
#1109 = CARTESIAN_POINT ( 'NONE',  ( -4.076582343749998394, -1.688575694911951253, 24.48750000170697660 ) ) ;
#1110 = CARTESIAN_POINT ( 'NONE',  ( 2.777169978787263016, -1.961460891375734983, 17.80188070419077917 ) ) ;
#1111 = CARTESIAN_POINT ( 'NONE',  ( -2.499076182902102428, -2.306482254748683847, 16.19847102153979890 ) ) ;
#1112 = CARTESIAN_POINT ( 'NONE',  ( 3.367392253175897743, 0.4826384904724529967, 15.45236808070757917 ) ) ;
#1113 = CARTESIAN_POINT ( 'NONE',  ( 3.247260328777726190, -1.007629781739921571, 21.61559336982394441 ) ) ;
#1114 = CARTESIAN_POINT ( 'NONE',  ( 4.399999999999994138, 5.388445916248347110E-16, 13.98000000000000043 ) ) ;
#1115 = CARTESIAN_POINT ( 'NONE',  ( -2.489919405978764821, 2.316076021604805302, 24.65060165726047003 ) ) ;
#1116 = CARTESIAN_POINT ( 'NONE',  ( 1.174903278052687572, 3.190585002759103617, 19.41751112534333501 ) ) ;
#1117 = CARTESIAN_POINT ( 'NONE',  ( 3.400000000000000355, 1.408326112068523539, 24.56562500341396671 ) ) ;
#1118 = CARTESIAN_POINT ( 'NONE',  ( 1.171047430545649082, 3.191995454420242684, 21.91775624763070596 ) ) ;
#1119 = CARTESIAN_POINT ( 'NONE',  ( 1.688575694911950809, -4.076582343749998394, 25.89375000170698016 ) ) ;
#1120 = CARTESIAN_POINT ( 'NONE',  ( 0.000000000000000000, 0.000000000000000000, 0.000000000000000000 ) ) ;
#1121 = CARTESIAN_POINT ( 'NONE',  ( 2.137298044823097154, -2.644231441878444944, 20.24843507926182795 ) ) ;
#1122 = CARTESIAN_POINT ( 'NONE',  ( -3.386587258364542663, -0.3017148355491658385, 22.31704536806967809 ) ) ;
#1123 = DIRECTION ( 'NONE',  ( -1.000000000000000000, 0.000000000000000000, 0.000000000000000000 ) ) ;
#1124 = CARTESIAN_POINT ( 'NONE',  ( -3.231485195281749156, -1.057617259094072448, 18.61253887713489164 ) ) ;
#1125 = CARTESIAN_POINT ( 'NONE',  ( 4.076582343749999282, 4.992373518734052056E-16, 22.37812500170697660 ) ) ;
#1126 = CARTESIAN_POINT ( 'NONE',  ( -3.399999999994134381, 4.421135675371884558E-06, 17.29991820916801260 ) ) ;
#1127 = CARTESIAN_POINT ( 'NONE',  ( 1.688575694911940817, -4.076582343749974413, 23.55000000170699082 ) ) ;
#1128 = ORIENTED_EDGE ( 'NONE', *, *, #2221, .F. ) ;
#1129 = CARTESIAN_POINT ( 'NONE',  ( -3.399999999999999023, -1.408326112068525537, 14.87812499999998472 ) ) ;
#1130 = CARTESIAN_POINT ( 'NONE',  ( 2.882579019330974379, -2.882579019330973491, 23.62812500170697660 ) ) ;
#1131 = CARTESIAN_POINT ( 'NONE',  ( 3.312906723563237232, -0.7666828388544126849, 17.88047116073168041 ) ) ;
#1132 = LINE ( 'NONE', #780, #4603 ) ;
#1133 = CARTESIAN_POINT ( 'NONE',  ( 3.312545149229224162, 0.7667027740678838965, 15.46968501667969598 ) ) ;
#1134 = AXIS2_PLACEMENT_3D ( 'NONE', #1093, #1161, #4041 ) ;
#1135 = CARTESIAN_POINT ( 'NONE',  ( 3.399727655203798271, -0.04446801103719444370, 21.67252585000364107 ) ) ;
#1136 = CARTESIAN_POINT ( 'NONE',  ( 6.245698675651500839E-16, -3.399999999999999911, 24.17500000341396671 ) ) ;
#1137 = CARTESIAN_POINT ( 'NONE',  ( 3.400000000000000355, -2.607082242146360920E-09, 15.73750000327004273 ) ) ;
#1138 = CARTESIAN_POINT ( 'NONE',  ( -2.316337314424355753, 2.489676330757138345, 24.63679453206191283 ) ) ;
#1139 = AXIS2_PLACEMENT_3D ( 'NONE', #2418, #3140, #4500 ) ;
#1140 = CARTESIAN_POINT ( 'NONE',  ( -0.9549046401463355815, 3.276716674614006841, 19.54343291613912115 ) ) ;
#1141 = CARTESIAN_POINT ( 'NONE',  ( 3.399545143245012557, 0.05995944659433682933, 20.42833195271915159 ) ) ;
#1142 = CARTESIAN_POINT ( 'NONE',  ( 2.522368152594820501, 2.286665498074877956, 21.82189186740228948 ) ) ;
#1143 = CARTESIAN_POINT ( 'NONE',  ( -1.688575694911948810, 4.076582343749999282, 26.51875000170698016 ) ) ;
#1144 = CARTESIAN_POINT ( 'NONE',  ( 1.688575694911940817, -4.076582343749974413, 19.80000000170699082 ) ) ;
#1145 = DIRECTION ( 'NONE',  ( 0.000000000000000000, 0.000000000000000000, -1.000000000000000000 ) ) ;
#1146 = CARTESIAN_POINT ( 'NONE',  ( -0.1768992064545898135, -3.395422536657208834, 20.10255453000794290 ) ) ;
#1147 = AXIS2_PLACEMENT_3D ( 'NONE', #2401, #2857, #3865 ) ;
#1148 = CARTESIAN_POINT ( 'NONE',  ( -3.151529000672686376, 1.278537814991643984, 17.22341315004483064 ) ) ;
#1149 = CARTESIAN_POINT ( 'NONE',  ( -3.393070367198103288, -0.2186816783333171144, 18.56227731599705777 ) ) ;
#1150 = CARTESIAN_POINT ( 'NONE',  ( 3.400000000000000799, -1.408326112068522651, 19.40937500341396671 ) ) ;
#1151 = ORIENTED_EDGE ( 'NONE', *, *, #517, .T. ) ;
#1152 = CARTESIAN_POINT ( 'NONE',  ( -2.081899558550500280E-16, 3.399999999999999911, 23.55000000341397026 ) ) ;
#1153 = EDGE_CURVE ( 'NONE', #528, #337, #2890, .T. ) ;
#1154 = CARTESIAN_POINT ( 'NONE',  ( -2.882579019330973935, 2.882579019330973935, 26.75312500170697660 ) ) ;
#1155 = CARTESIAN_POINT ( 'NONE',  ( -4.076582343749999282, 0.000000000000000000, 18.15937500170697660 ) ) ;
#1156 = CARTESIAN_POINT ( 'NONE',  ( 2.313344886748344820, -2.491725436603103638, 17.76169990711299107 ) ) ;
#1157 = CARTESIAN_POINT ( 'NONE',  ( 3.400000000000000355, 1.408326112068523539, 20.50312499999998295 ) ) ;
#1158 = CARTESIAN_POINT ( 'NONE',  ( -2.592171441661079268, -2.200151213341840606, 16.19062998625778960 ) ) ;
#1159 = CARTESIAN_POINT ( 'NONE',  ( 3.399999999999924860, 7.140189135521133977E-07, 21.67500003961031041 ) ) ;
#1160 = CARTESIAN_POINT ( 'NONE',  ( 2.778993226759364887, -1.958876564233308581, 21.55206461007566077 ) ) ;
#1161 = DIRECTION ( 'NONE',  ( -0.000000000000000000, -0.000000000000000000, 1.000000000000000000 ) ) ;
#1162 = CARTESIAN_POINT ( 'NONE',  ( -3.336130528407496687, 0.6633743312961908334, 24.76178532142219524 ) ) ;
#1163 = B_SPLINE_CURVE_WITH_KNOTS ( 'NONE', 3,
 ( #1636, #1322, #3522, #3122, #4570, #2468, #3497, #182, #3143, #4595, #2069, #206, #3907, #592, #4642, #1345, #619, #2826, #4293, #2093, #3574, #255, #1421, #1802, #1057, #2902, #281, #1443, #2194, #3670, #4344, #3284, #352, #1754, #772, #309, #2974, #2928, #4742, #1101, #3695, #4387, #1079, #3305, #3237, #1036, #2143, #4766, #2515, #4365, #700, #4432, #2559, #2581, #4049, #3596, #3981, #2604, #1782, #330, #4719, #3625, #4695, #670, #1397, #16, #4411, #2877, #2536, #3261, #4004, #4028, #2171, #723, #3650, #1824, #1465, #2952, #748, #2219, #378, #1487, #1849, #3330, #1122, #4074, #4609, #403, #3438, #2761, #1667 ),
 .UNSPECIFIED., .F., .F.,
 ( 4, 2, 1, 2, 2, 2, 2, 1, 2, 2, 2, 2, 2, 2, 2, 2, 1, 2, 2, 1, 1, 2, 2, 2, 2, 2, 2, 2, 2, 1, 2, 2, 1, 2, 1, 1, 2, 2, 2, 2, 2, 2, 2, 2, 2, 2, 2, 2, 1, 1, 4 ),
 ( 0.2302479743416442626, 0.2307210983487610612, 0.2311942223558778597, 0.2321404703701114569, 0.2340329663985786235, 0.2349792144128122207, 0.2359254624270458178, 0.2378179584555130122, 0.2397104544839801787, 0.2416029505124473731, 0.2453879425693817617, 0.2491729346263161227, 0.2529579266832505113, 0.2567429187401848445, 0.2586354147686520388, 0.2605279107971192332, 0.2614741588113528303, 0.2617107208149112019, 0.2617698613158008225, 0.2618290018166903876, 0.2619472828184695734, 0.2624204068255863720, 0.2643129028540535108, 0.2652591508682870525, 0.2657322748754038511, 0.2662053988825205941, 0.2680978949109877330, 0.2718828869679219551, 0.2728291349821555523, 0.2733022589892722953, 0.2734205399910515366, 0.2735388209928307224, 0.2737753829963890939, 0.2756678790248563438, 0.2766141270390899409, 0.2770872510462067395, 0.2773238130497651110, 0.2774420940515443523, 0.2775603750533235381, 0.2794528710817907324, 0.2803991190960243296, 0.2808722431031411282, 0.2813453671102579268, 0.2832378631387251211, 0.2870228551956594543, 0.2889153512241266486, 0.2890336322259058344, 0.2891519132276850756, 0.2893884752312434472, 0.2898615992383602458, 0.2908078472525938429 ),
 .UNSPECIFIED. ) ;
#1164 = PRODUCT ( '\X2\0414043504420430043b044c\X0\ \X2\041a04400435043f04410441\X0\ \X2\043c\X0\8 \X2\0433043b044304450430044f\X0\', '\X2\0414043504420430043b044c\X0\ \X2\041a04400435043f04410441\X0\ \X2\043c\X0\8 \X2\0433043b044304450430044f\X0\', '', ( #3656 ) ) ;
#1165 = CARTESIAN_POINT ( 'NONE',  ( 2.527780313209040841, 2.281276457838315785, 19.32144158696543812 ) ) ;
#1166 = CARTESIAN_POINT ( 'NONE',  ( -1.408326112068523317, 3.400000000000000355, 24.56562499999998295 ) ) ;
#1167 = EDGE_CURVE ( 'NONE', #112, #3678, #2137, .T. ) ;
#1168 = CARTESIAN_POINT ( 'NONE',  ( 3.386389134377503218, 0.3845115355848396921, 22.94667953863818965 ) ) ;
#1169 = CARTESIAN_POINT ( 'NONE',  ( 2.882579019330957060, -2.882579019330956172, 19.87812500170699082 ) ) ;
#1170 = CARTESIAN_POINT ( 'NONE',  ( 0.000000000000000000, 0.000000000000000000, 0.000000000000000000 ) ) ;
#1171 = CARTESIAN_POINT ( 'NONE',  ( 2.139923145665420190, -2.642107450742419594, 20.24862413197412536 ) ) ;
#1172 = CARTESIAN_POINT ( 'NONE',  ( 0.1800305946187428785, -3.395809707834159141, 15.12258690635030334 ) ) ;
#1173 = CARTESIAN_POINT ( 'NONE',  ( -2.366843823579320549, 2.445209207617265790, 17.14045719593652706 ) ) ;
#1174 = CARTESIAN_POINT ( 'NONE',  ( -2.593635200717386624, -2.198424393766120755, 18.69049192079555155 ) ) ;
#1175 = DIRECTION ( 'NONE',  ( -0.000000000000000000, -0.000000000000000000, 1.000000000000000000 ) ) ;
#1176 = CARTESIAN_POINT ( 'NONE',  ( -2.081899558550500280E-16, 3.399999999999999911, 18.55000000341396671 ) ) ;
#1177 = CARTESIAN_POINT ( 'NONE',  ( -4.076582343749999282, 0.000000000000000000, 18.00312500170697660 ) ) ;
#1178 = CARTESIAN_POINT ( 'NONE',  ( 3.400000000000000799, -1.408326112068522651, 16.90937500341396671 ) ) ;
#1179 = VERTEX_POINT ( 'NONE', #2619 ) ;
#1180 = CARTESIAN_POINT ( 'NONE',  ( 1.408326112068522873, 3.400000000000000355, 23.47187500341396671 ) ) ;
#1181 = CARTESIAN_POINT ( 'NONE',  ( 2.404163056034261725, -2.404163056034261281, 15.26874999999998295 ) ) ;
#1182 = CARTESIAN_POINT ( 'NONE',  ( -4.076582343749999282, 0.000000000000000000, 16.90937500170698016 ) ) ;
#1183 = CARTESIAN_POINT ( 'NONE',  ( -1.408326112068523983, -3.399999999999999467, 24.09687500341396671 ) ) ;
#1184 = EDGE_CURVE ( 'NONE', #1948, #1977, #693, .T. ) ;
#1185 = CARTESIAN_POINT ( 'NONE',  ( 7.488560278101032232E-16, -4.076582343749975301, 18.47187500170699082 ) ) ;
#1186 = CARTESIAN_POINT ( 'NONE',  ( -0.9248428648964071019, -3.285370783860875665, 21.30838387303088055 ) ) ;
#1187 = CARTESIAN_POINT ( 'NONE',  ( -1.488403593873071529, -3.057260074299906982, 23.77205656232618125 ) ) ;
#1188 = CARTESIAN_POINT ( 'NONE',  ( 2.081970981930286069, 2.690163388335145456, 24.35580961448250648 ) ) ;
#1189 = CARTESIAN_POINT ( 'NONE',  ( -0.4171049295023545045, 3.375773837791526066, 19.51129875091744736 ) ) ;
#1190 = CARTESIAN_POINT ( 'NONE',  ( 3.400000000000000799, -1.408326112068522651, 26.59687499999998295 ) ) ;
#1191 = CARTESIAN_POINT ( 'NONE',  ( 4.076582343749999282, 1.688575694911949254, 22.45625000170698016 ) ) ;
#1192 = CARTESIAN_POINT ( 'NONE',  ( 4.924999999999999822, 6.031385485800714132E-16, 13.98000000000000043 ) ) ;
#1193 = CARTESIAN_POINT ( 'NONE',  ( 3.399999427822986142, -0.1615797915620749148, 20.41603653171085853 ) ) ;
#1194 = CARTESIAN_POINT ( 'NONE',  ( 2.235273267217121163, -2.562038386508750154, 15.25575292875321942 ) ) ;
#1195 = DIRECTION ( 'NONE',  ( 0.000000000000000000, 0.000000000000000000, 1.000000000000000000 ) ) ;
#1196 = CARTESIAN_POINT ( 'NONE',  ( -1.627353013898809486, 2.985491123233445343, 17.08730327954014783 ) ) ;
#1197 = CARTESIAN_POINT ( 'NONE',  ( -2.442421951042982098, -2.365918257960809346, 18.70305907243216836 ) ) ;
#1198 = DIRECTION ( 'NONE',  ( 0.000000000000000000, -1.000000000000000000, 0.000000000000000000 ) ) ;
#1199 = CARTESIAN_POINT ( 'NONE',  ( 14.99999999999999822, 9.666393406790074749, 25.98653347947320924 ) ) ;
#1200 = CARTESIAN_POINT ( 'NONE',  ( -2.081899558550500280E-16, 3.399999999999999911, 17.30000000341396671 ) ) ;
#1201 = VERTEX_POINT ( 'NONE', #3151 ) ;
#1202 = CARTESIAN_POINT ( 'NONE',  ( -2.882579019330973935, 2.882579019330973935, 18.00312500170697660 ) ) ;
#1203 = EDGE_LOOP ( 'NONE', ( #85, #1227, #4572, #236 ) ) ;
#1204 = CARTESIAN_POINT ( 'NONE',  ( 3.400000000000000355, 1.408326112068523539, 19.56562500341396671 ) ) ;
#1205 = CARTESIAN_POINT ( 'NONE',  ( -1.337988979373050391, 3.483303425342322512, 25.62354531514691658 ) ) ;
#1206 = CARTESIAN_POINT ( 'NONE',  ( 1.688575694911938152, 4.076582343749975301, 15.26875000170699082 ) ) ;
#1207 = CARTESIAN_POINT ( 'NONE',  ( -1.513651629690905054, -3.044498272539148509, 21.27036335154501856 ) ) ;
#1208 = EDGE_CURVE ( 'NONE', #3652, #777, #2326, .T. ) ;
#1209 = CARTESIAN_POINT ( 'NONE',  ( -0.6299490990173542970, -3.345571025644006546, 23.82615421008411261 ) ) ;
#1210 = CARTESIAN_POINT ( 'NONE',  ( 1.209334281972581415, 3.177659989327275891, 24.41530470331702674 ) ) ;
#1211 = CARTESIAN_POINT ( 'NONE',  ( 1.492440417755795945, -3.567920579805024417, 14.51961471449491015 ) ) ;
#1212 = CARTESIAN_POINT ( 'NONE',  ( 2.882579019330973491, 2.882579019330973935, 25.03437500170703700 ) ) ;
#1213 = LINE ( 'NONE', #4094, #4451 ) ;
#1214 = CARTESIAN_POINT ( 'NONE',  ( -0.3323993075349274129, -3.384365243326897588, 18.84365697627798752 ) ) ;
#1215 = CARTESIAN_POINT ( 'NONE',  ( 4.076582343749999282, 4.992373518734052056E-16, 22.37812500170697660 ) ) ;
#1216 = CARTESIAN_POINT ( 'NONE',  ( -1.688575694911938818, 4.076582343749975301, 19.17500000170699792 ) ) ;
#1217 = CARTESIAN_POINT ( 'NONE',  ( -1.904850360820924182, 2.817574156284877951, 18.35662845245225583 ) ) ;
#1218 = CARTESIAN_POINT ( 'NONE',  ( -1.829343588439347634, -2.881551246059222748, 19.99950362970606932 ) ) ;
#1219 = CARTESIAN_POINT ( 'NONE',  ( 3.067585951426020419, -1.469395830872330722, 15.33595140701183190 ) ) ;
#1220 = CARTESIAN_POINT ( 'NONE',  ( -2.553483791962666061, 2.244973901140900008, 17.15601135391622378 ) ) ;
#1221 = CARTESIAN_POINT ( 'NONE',  ( -0.03055355874506511180, -3.400146231484799664, 25.11044563406116836 ) ) ;
#1222 = CARTESIAN_POINT ( 'NONE',  ( -3.399999999994134381, 4.421135675371884558E-06, 17.29991820916801260 ) ) ;
#1223 = CARTESIAN_POINT ( 'NONE',  ( -1.363321160119482789, 3.116095874097537965, 23.31965360906864859 ) ) ;
#1224 = CIRCLE ( 'NONE', #3004, 4.924999999999999822 ) ;
#1225 = CARTESIAN_POINT ( 'NONE',  ( 1.688575694911948366, 4.076582343749999282, 24.01875000170697660 ) ) ;
#1226 = CARTESIAN_POINT ( 'NONE',  ( 6.245698675651500839E-16, -3.399999999999999911, 16.67500000341396671 ) ) ;
#1227 = ORIENTED_EDGE ( 'NONE', *, *, #4749, .T. ) ;
#1228 = EDGE_LOOP ( 'NONE', ( #2298, #4006, #3885, #1953, #993, #3498, #672, #3912 ) ) ;
#1229 = CARTESIAN_POINT ( 'NONE',  ( 2.404163056034261281, 2.404163056034261725, 14.33124999999998295 ) ) ;
#1230 = CARTESIAN_POINT ( 'NONE',  ( -2.882579019330973935, 2.882579019330973935, 19.25312500170697660 ) ) ;
#1231 = VERTEX_POINT ( 'NONE', #1022 ) ;
#1232 = DIRECTION ( 'NONE',  ( -0.000000000000000000, -0.000000000000000000, -1.000000000000000000 ) ) ;
#1233 = CARTESIAN_POINT ( 'NONE',  ( -4.076582343749974413, -1.688575694911941039, 15.73750000170699082 ) ) ;
#1234 = CARTESIAN_POINT ( 'NONE',  ( -1.345775517135730404, -3.123387988953395311, 21.28146271436330750 ) ) ;
#1235 = CARTESIAN_POINT ( 'NONE',  ( -1.540575090913089751, -3.030967653327611089, 23.76855917185243072 ) ) ;
#1236 = CARTESIAN_POINT ( 'NONE',  ( 2.910257765647978001, 1.762416489337860881, 24.28391893419831860 ) ) ;
#1237 = CARTESIAN_POINT ( 'NONE',  ( 0.000000000000000000, 0.000000000000000000, 13.98000000000000043 ) ) ;
#1238 = CARTESIAN_POINT ( 'NONE',  ( 7.488560278101077592E-16, -4.076582343749999282, 25.81562500170704411 ) ) ;
#1239 = CARTESIAN_POINT ( 'NONE',  ( -3.400000000000000355, 1.408326112068523095, 27.22187499999998650 ) ) ;
#1240 = CARTESIAN_POINT ( 'NONE',  ( 3.400000005829121541, -0.004544486545562761125, 19.17474789975717187 ) ) ;
#1241 = CARTESIAN_POINT ( 'NONE',  ( -2.882579019330973047, -2.882579019330974379, 20.65937500170697660 ) ) ;
#1242 = EDGE_CURVE ( 'NONE', #1231, #257, #4231, .T. ) ;
#1243 = CARTESIAN_POINT ( 'NONE',  ( -3.379199140905368104, 0.3755933111152793824, 18.52869010364173619 ) ) ;
#1244 = CARTESIAN_POINT ( 'NONE',  ( -3.399999999998726707, 2.055228117049937317E-06, 23.86246227082015992 ) ) ;
#1245 = CARTESIAN_POINT ( 'NONE',  ( -2.965169551256153113, 1.690263188693388985, 17.19645808534977505 ) ) ;
#1246 = CARTESIAN_POINT ( 'NONE',  ( 0.7176245973104967701, -3.328275499443000385, 25.15430938774045089 ) ) ;
#1247 = CARTESIAN_POINT ( 'NONE',  ( -2.953255228874277716, 1.684734116617171207, 20.94627639294112953 ) ) ;
#1248 = CARTESIAN_POINT ( 'NONE',  ( -1.600423676137381346, 3.000052322187754417, 22.08547367947821627 ) ) ;
#1249 = CARTESIAN_POINT ( 'NONE',  ( 0.3697127154341350308, -4.068656710738683735, 25.97658234374999253 ) ) ;
#1250 = CARTESIAN_POINT ( 'NONE',  ( 7.488560278101077592E-16, -4.076582343749999282, 24.72187500170698016 ) ) ;
#1251 = CARTESIAN_POINT ( 'NONE',  ( -2.404163056034260837, -2.404163056034261725, 16.51875000341397026 ) ) ;
#1252 = CARTESIAN_POINT ( 'NONE',  ( -15.00000000000000178, 9.666393406790067644, 25.98653347947320924 ) ) ;
#1253 = CARTESIAN_POINT ( 'NONE',  ( 1.688575694911950809, -4.076582343749998394, 16.05000000170697660 ) ) ;
#1254 = CARTESIAN_POINT ( 'NONE',  ( 6.245698675651500839E-16, -3.399999999999999911, 21.67500000341396671 ) ) ;
#1255 = ORIENTED_EDGE ( 'NONE', *, *, #1242, .F. ) ;
#1256 = CARTESIAN_POINT ( 'NONE',  ( -3.399999999997888267, -2.624093929733201777E-06, 15.11254858469343532 ) ) ;
#1257 = CARTESIAN_POINT ( 'NONE',  ( 2.882579019330956172, 2.882579019330956616, 16.44062500170699082 ) ) ;
#1258 = CARTESIAN_POINT ( 'NONE',  ( 2.067409867102725674, -2.699225635295642078, 21.49328729700975060 ) ) ;
#1259 = CARTESIAN_POINT ( 'NONE',  ( -2.623159472299916750, -2.163236907884936944, 23.68789254361560026 ) ) ;
#1260 = DIRECTION ( 'NONE',  ( -0.000000000000000000, -0.000000000000000000, 1.000000000000000000 ) ) ;
#1261 = FACE_OUTER_BOUND ( 'NONE', #2475, .T. ) ;
#1262 = CARTESIAN_POINT ( 'NONE',  ( 4.076582343750000170, -1.688575694911947922, 24.80000000170704766 ) ) ;
#1263 = CARTESIAN_POINT ( 'NONE',  ( 3.018965994363224326, -1.564987556746319619, 19.07946811733059889 ) ) ;
#1264 = CARTESIAN_POINT ( 'NONE',  ( -2.882579019330973935, 2.882579019330973935, 20.34687500170697660 ) ) ;
#1265 = CARTESIAN_POINT ( 'NONE',  ( -0.8754910055486643250, 3.285389971592193259, 18.28870922897694129 ) ) ;
#1266 = CARTESIAN_POINT ( 'NONE',  ( -2.134225293060977524, -2.646773481635198433, 19.97679857983322194 ) ) ;
#1267 = CARTESIAN_POINT ( 'NONE',  ( 3.247691683399998475, -1.006300077959947803, 15.36567712084266368 ) ) ;
#1268 = CARTESIAN_POINT ( 'NONE',  ( -0.09642011065348624066, -3.399128940902145679, 25.10682088304709936 ) ) ;
#1269 = CARTESIAN_POINT ( 'NONE',  ( -3.381446458220600526, 0.3549745472383113443, 21.02985536190767135 ) ) ;
#1270 = CARTESIAN_POINT ( 'NONE',  ( -1.996476391419230056, 2.752432930656548038, 22.11319275099860704 ) ) ;
#1271 = CARTESIAN_POINT ( 'NONE',  ( -2.891596787781461675, 1.789597945440214666, 23.43904531016785953 ) ) ;
#1272 = EDGE_CURVE ( 'NONE', #4350, #1470, #3222, .T. ) ;
#1273 = CARTESIAN_POINT ( 'NONE',  ( 1.688575694911950809, -4.076582343749998394, 21.05000000170697660 ) ) ;
#1274 = CARTESIAN_POINT ( 'NONE',  ( -3.399999999999999911, 0.000000000000000000, 13.86250000341396671 ) ) ;
#1275 = ORIENTED_EDGE ( 'NONE', *, *, #2526, .F. ) ;
#1276 = ORIENTED_EDGE ( 'NONE', *, *, #1579, .T. ) ;
#1277 =( BOUNDED_CURVE ( )  B_SPLINE_CURVE ( 2, ( #3481, #455, #1589, #2659, #3386, #1183, #896, #3407, #850 ),
 .UNSPECIFIED., .F., .F. ) 
 B_SPLINE_CURVE_WITH_KNOTS ( ( 3, 2, 2, 2, 3 ),
 ( 0.1442264647638006880, 0.1562453116934723052, 0.1682641818237393949, 0.1802830519540064846, 0.1923019413019219637 ),
 .UNSPECIFIED. ) 
 CURVE ( )  GEOMETRIC_REPRESENTATION_ITEM ( )  RATIONAL_B_SPLINE_CURVE ( ( 1.000000000000000000, 0.9238795325112867385, 1.000000000000000000, 0.9238795325112867385, 1.000000000000000000, 0.9238795325112867385, 1.000000000000000000, 0.9238795325112867385, 1.000000000000000000 ) ) 
 REPRESENTATION_ITEM ( '' )  );
#1278 = CARTESIAN_POINT ( 'NONE',  ( -4.076582343749999282, 0.000000000000000000, 14.40937500170697660 ) ) ;
#1279 = CARTESIAN_POINT ( 'NONE',  ( -2.081899558550500280E-16, 3.399999999999999911, 22.30000000341396671 ) ) ;
#1280 = ORIENTED_EDGE ( 'NONE', *, *, #737, .F. ) ;
#1281 = CARTESIAN_POINT ( 'NONE',  ( -2.496186759367010251E-16, 4.076582343749975301, 16.59687500170699437 ) ) ;
#1282 = CARTESIAN_POINT ( 'NONE',  ( 1.163340499326771749, -3.194806686369596083, 21.43174960323819178 ) ) ;
#1283 = CARTESIAN_POINT ( 'NONE',  ( 0.4970390002947392971, -3.365252782483543204, 23.89089272286656396 ) ) ;
#1284 = CARTESIAN_POINT ( 'NONE',  ( 1.293415546871233612, 3.144590883592104813, 24.40988400364760125 ) ) ;
#1285 = CARTESIAN_POINT ( 'NONE',  ( 0.6004863518491772023, -3.851956394294607122, 14.48858994851466520 ) ) ;
#1286 = CARTESIAN_POINT ( 'NONE',  ( -2.882579019330973047, -2.882579019330974379, 24.40937500170704411 ) ) ;
#1287 = CARTESIAN_POINT ( 'NONE',  ( 1.174814333340339578, -3.190597089199892267, 18.93248272413888600 ) ) ;
#1288 = CARTESIAN_POINT ( 'NONE',  ( -4.076582343749998394, -1.688575694911951253, 18.08125000170697305 ) ) ;
#1289 = CARTESIAN_POINT ( 'NONE',  ( -0.8385991225476251421, 3.294963100204317819, 18.28643455070570667 ) ) ;
#1290 = EDGE_CURVE ( 'NONE', #967, #1399, #2819, .T. ) ;
#1291 = CARTESIAN_POINT ( 'NONE',  ( -2.554542061010948828, 2.243728475519895849, 22.15610529420105834 ) ) ;
#1292 = TOROIDAL_SURFACE ( 'NONE', #3614, 7.344863728670905090, 21.00000000000000000 ) ;
#1293 = CARTESIAN_POINT ( 'NONE',  ( -0.1951020183260250285, -3.394402057229493952, 25.10148328259758443 ) ) ;
#1294 = CARTESIAN_POINT ( 'NONE',  ( -2.054855694008813405, 2.708795826574200927, 20.86739327010772982 ) ) ;
#1295 = CARTESIAN_POINT ( 'NONE',  ( -3.378310729087803832, 0.3834361010509254597, 23.52823447670438028 ) ) ;
#1296 = CARTESIAN_POINT ( 'NONE',  ( 1.688575694911950809, -4.076582343749998394, 24.80000000170698016 ) ) ;
#1297 = CARTESIAN_POINT ( 'NONE',  ( -2.404163056034261725, 2.404163056034261725, 14.95625000341396849 ) ) ;
#1298 = VERTEX_POINT ( 'NONE', #2502 ) ;
#1299 = EDGE_LOOP ( 'NONE', ( #4550, #1368, #3502, #3313 ) ) ;
#1300 = CARTESIAN_POINT ( 'NONE',  ( -2.496186759367026028E-16, 4.076582343749999282, 26.44062500170697660 ) ) ;
#1301 = CARTESIAN_POINT ( 'NONE',  ( -1.408326112068523983, -3.399999999999999467, 21.59687500341396671 ) ) ;
#1302 = CARTESIAN_POINT ( 'NONE',  ( 0.1012227821306089792, -4.075325453721699631, 25.97658234374998543 ) ) ;
#1303 = ORIENTED_EDGE ( 'NONE', *, *, #1424, .F. ) ;
#1304 = ADVANCED_FACE ( 'NONE', ( #2128 ), #3606, .F. ) ;
#1305 = CARTESIAN_POINT ( 'NONE',  ( 3.712232486472518467, -2.237298555768429365E-11, 14.66776751352748676 ) ) ;
#1306 = AXIS2_PLACEMENT_3D ( 'NONE', #1120, #442, #1892 ) ;
#1307 = CARTESIAN_POINT ( 'NONE',  ( -3.399999999980881871, 8.065722886475122728E-06, 20.11235377467050611 ) ) ;
#1308 = CARTESIAN_POINT ( 'NONE',  ( -2.653802650769038873, -2.126608970199098003, 21.18512104249426642 ) ) ;
#1309 = B_SPLINE_CURVE_WITH_KNOTS ( 'NONE', 3,
 ( #1417, #3347, #4361, #1053, #3280, #2190, #4383, #1439, #2532, #1820, #696, #2167, #3646, #326, #3301, #2924 ),
 .UNSPECIFIED., .F., .F.,
 ( 4, 2, 2, 2, 2, 2, 2, 4 ),
 ( 8.053452569530080166E-16, 0.001272217041147198462, 0.001908325561720399357, 0.002544434082293600685, 0.003180542602866801363, 0.003816651123440002475, 0.004452759644013203587, 0.005088868164586404265 ),
 .UNSPECIFIED. ) ;
#1310 = CARTESIAN_POINT ( 'NONE',  ( 1.408326112068522873, 3.400000000000000355, 17.22187500341396671 ) ) ;
#1311 = CARTESIAN_POINT ( 'NONE',  ( 1.836954179882415827, -2.868525391770692323, 16.47644161914928418 ) ) ;
#1312 = FACE_OUTER_BOUND ( 'NONE', #64, .T. ) ;
#1313 = CARTESIAN_POINT ( 'NONE',  ( -1.688575694911950142, -4.076582343749998394, 24.48750000170704055 ) ) ;
#1314 = CARTESIAN_POINT ( 'NONE',  ( -0.1865357092356850210, -3.394881654414798611, 18.85203455962489727 ) ) ;
#1315 = CARTESIAN_POINT ( 'NONE',  ( 4.076582343750000170, -1.688575694911947922, 14.80000000170697660 ) ) ;
#1316 = CARTESIAN_POINT ( 'NONE',  ( -0.5254966039925137444, 3.361223579643635162, 18.26754854897166780 ) ) ;
#1317 = CARTESIAN_POINT ( 'NONE',  ( -2.553521154620230771, 2.244892297150081095, 22.15601730310687500 ) ) ;
#1318 = CARTESIAN_POINT ( 'NONE',  ( -2.592774649030568757, -2.199463548938838553, 24.94052076293685971 ) ) ;
#1319 = CARTESIAN_POINT ( 'NONE',  ( -0.7157498270172191202, 3.324054364664535299, 20.77895159383110979 ) ) ;
#1320 = CARTESIAN_POINT ( 'NONE',  ( 1.406525086384265766, 3.097465391434780724, 23.15287744075000376 ) ) ;
#1321 = CARTESIAN_POINT ( 'NONE',  ( 4.076582343749999282, 1.688575694911949254, 22.61250000170697660 ) ) ;
#1322 = CARTESIAN_POINT ( 'NONE',  ( 3.400000000049705928, -0.02219461254211010579, 22.92376877811489777 ) ) ;
#1323 = EDGE_LOOP ( 'NONE', ( #1086, #2347, #4271, #3576 ) ) ;
#1324 = CARTESIAN_POINT ( 'NONE',  ( 2.882579019330973491, 2.882579019330973935, 26.28437500170697660 ) ) ;
#1325 = CARTESIAN_POINT ( 'NONE',  ( -3.399999999999999911, 0.000000000000000000, 20.11250000341397026 ) ) ;
#1326 = CARTESIAN_POINT ( 'NONE',  ( 3.147290928885758898, 1.638462952380506099, 25.44010691497903309 ) ) ;
#1327 = ORIENTED_EDGE ( 'NONE', *, *, #2432, .F. ) ;
#1328 = CARTESIAN_POINT ( 'NONE',  ( 3.110485343736451025, 1.904293332423454110, 14.73750365791005379 ) ) ;
#1329 = CARTESIAN_POINT ( 'NONE',  ( -3.398018991333555228, -0.1367694524007862789, 21.05759524767473323 ) ) ;
#1330 = CARTESIAN_POINT ( 'NONE',  ( 3.400000000000000355, 1.408326112068523539, 17.06562500341396671 ) ) ;
#1331 = CARTESIAN_POINT ( 'NONE',  ( 3.119180644544169212, -1.353059485901226378, 16.59348813828280456 ) ) ;
#1332 = CARTESIAN_POINT ( 'NONE',  ( -1.047812297050118691, 3.237999734930228968, 15.79939307755353539 ) ) ;
#1333 = CARTESIAN_POINT ( 'NONE',  ( 4.076582343749999282, 4.992373518734052056E-16, 19.87812500170704055 ) ) ;
#1334 = CARTESIAN_POINT ( 'NONE',  ( -1.351187940770535167, -3.121045510186890137, 18.78111338485269854 ) ) ;
#1335 = CARTESIAN_POINT ( 'NONE',  ( -4.076582343749999282, 0.000000000000000000, 14.25312500170697660 ) ) ;
#1336 = CARTESIAN_POINT ( 'NONE',  ( -3.399999999999999911, 4.163799117101000559E-16, 0.000000000000000000 ) ) ;
#1337 = CARTESIAN_POINT ( 'NONE',  ( 1.094313413562399973, 3.226905645974752712, 18.17308736748023179 ) ) ;
#1338 = CARTESIAN_POINT ( 'NONE',  ( 3.399999999999964828, 4.856269629730839759E-07, 18.23749975949984758 ) ) ;
#1339 = CARTESIAN_POINT ( 'NONE',  ( -3.012987074078163463, -1.575848310791436724, 24.89631115304574394 ) ) ;
#1340 = CARTESIAN_POINT ( 'NONE',  ( -1.905999021855467435, 2.816719659948345278, 20.85671422130046793 ) ) ;
#1341 = CARTESIAN_POINT ( 'NONE',  ( -0.02386026904204639060, 3.400031970519100888, 21.98877256662009216 ) ) ;
#1342 = CARTESIAN_POINT ( 'NONE',  ( 2.218705775674166158, 2.577110544449579876, 23.09546308641493084 ) ) ;
#1343 = CARTESIAN_POINT ( 'NONE',  ( -2.882579019330973047, -2.882579019330974379, 19.56562500170697660 ) ) ;
#1344 = CARTESIAN_POINT ( 'NONE',  ( -1.688575694911949698, -4.076582343749998394, 16.98750000170697660 ) ) ;
#1345 = CARTESIAN_POINT ( 'NONE',  ( 2.943509129367871680, -1.705409745264056642, 22.81989520937688098 ) ) ;
#1346 = DIRECTION ( 'NONE',  ( -0.000000000000000000, -0.000000000000000000, -1.000000000000000000 ) ) ;
#1347 = ORIENTED_EDGE ( 'NONE', *, *, #1919, .F. ) ;
#1348 = CARTESIAN_POINT ( 'NONE',  ( -4.076582343749999282, 0.000000000000000000, 26.75312500170697660 ) ) ;
#1349 = CARTESIAN_POINT ( 'NONE',  ( -0.2109045145067479643, -3.393480418051606051, 17.60065043881631297 ) ) ;
#1350 = CARTESIAN_POINT ( 'NONE',  ( 1.032470539388213204, 3.500361079443887302, 25.54156125396969301 ) ) ;
#1351 = VERTEX_POINT ( 'NONE', #4354 ) ;
#1352 = CARTESIAN_POINT ( 'NONE',  ( 2.892800844185801079, 2.200041825431145348, 14.75028813948056516 ) ) ;
#1353 = CARTESIAN_POINT ( 'NONE',  ( -4.076582343749998394, -1.688575694911951253, 25.73750000170698016 ) ) ;
#1354 = CARTESIAN_POINT ( 'NONE',  ( 3.399999999999967493, -4.708061388948499010E-07, 20.73749997729563788 ) ) ;
#1355 = CARTESIAN_POINT ( 'NONE',  ( 2.932205443756843444, -1.725099508133754123, 16.56865881057346357 ) ) ;
#1356 = CARTESIAN_POINT ( 'NONE',  ( -0.8373177241442089080, 3.295284598828641442, 15.78635519861463088 ) ) ;
#1357 = CARTESIAN_POINT ( 'NONE',  ( 2.882579019330974379, -2.882579019330973491, 20.97187500170704055 ) ) ;
#1358 = CARTESIAN_POINT ( 'NONE',  ( 1.688575694911950809, -4.076582343749998394, 15.89375000170697660 ) ) ;
#1359 = CARTESIAN_POINT ( 'NONE',  ( 2.797200355543531636, 1.932788497192363453, 18.04606998006319074 ) ) ;
#1360 = CARTESIAN_POINT ( 'NONE',  ( 14.99999999999999822, -9.666393406790074749, 25.98653347947320924 ) ) ;
#1361 = CARTESIAN_POINT ( 'NONE',  ( -3.154066018374208191, 1.272252291281438463, 19.72381367164508603 ) ) ;
#1362 = CARTESIAN_POINT ( 'NONE',  ( 2.171792735585499567, 2.616617150172280137, 20.59894796254158322 ) ) ;
#1363 = CARTESIAN_POINT ( 'NONE',  ( 0.6316579917375575448, 3.340927412162012722, 23.20110962379694897 ) ) ;
#1364 = CARTESIAN_POINT ( 'NONE',  ( 1.688575694911948366, 4.076582343749999282, 19.01875000170697660 ) ) ;
#1365 = CARTESIAN_POINT ( 'NONE',  ( -1.688575694911948810, 4.076582343749999282, 17.76875000170697660 ) ) ;
#1366 = CARTESIAN_POINT ( 'NONE',  ( 2.750671775506127847, 1.998450595695066001, 13.36328159248459002 ) ) ;
#1367 = CARTESIAN_POINT ( 'NONE',  ( -3.399999999974034903, 9.403108435116637302E-06, 22.61232958585673813 ) ) ;
#1368 = ORIENTED_EDGE ( 'NONE', *, *, #74, .F. ) ;
#1369 = CARTESIAN_POINT ( 'NONE',  ( 2.882579019330974379, -2.882579019330973491, 25.97187500170697660 ) ) ;
#1370 = CARTESIAN_POINT ( 'NONE',  ( -2.589244868387909460, -2.203601098226071198, 17.44087746297071462 ) ) ;
#1371 = PRODUCT_DEFINITION_FORMATION_WITH_SPECIFIED_SOURCE ( 'ANY', '', #1164, .NOT_KNOWN. ) ;
#1372 = LINE ( 'NONE', #186, #2612 ) ;
#1373 = ORIENTED_EDGE ( 'NONE', *, *, #1043, .F. ) ;
#1374 = CARTESIAN_POINT ( 'NONE',  ( -3.399999999999999911, 4.163799117101000559E-16, 0.000000000000000000 ) ) ;
#1375 = CARTESIAN_POINT ( 'NONE',  ( 14.99999999999999822, 9.666393406790074749, 25.98653347947320924 ) ) ;
#1376 = CARTESIAN_POINT ( 'NONE',  ( 4.076582343749975301, 4.992373518734020502E-16, 18.78437500170699082 ) ) ;
#1377 = CARTESIAN_POINT ( 'NONE',  ( 1.408326112068525537, -3.399999999999999023, 20.19062499999997939 ) ) ;
#1378 = EDGE_CURVE ( 'NONE', #1562, #3425, #3702, .T. ) ;
#1379 = CARTESIAN_POINT ( 'NONE',  ( -2.882579019330973935, 2.882579019330973935, 25.50312500170697660 ) ) ;
#1380 = CARTESIAN_POINT ( 'NONE',  ( -3.399999999999999023, -1.408326112068525537, 18.94062500341397026 ) ) ;
#1381 = CARTESIAN_POINT ( 'NONE',  ( -3.400000000000000355, 1.408326112068523095, 17.53437500341396671 ) ) ;
#1382 = CARTESIAN_POINT ( 'NONE',  ( 4.924999999999999822, 6.031385485800714132E-16, 0.000000000000000000 ) ) ;
#1383 = VECTOR ( 'NONE', #3328, 1000.000000000000000 ) ;
#1384 = CARTESIAN_POINT ( 'NONE',  ( -2.038027786347599957, 2.721603635320564152, 15.86621979704077745 ) ) ;
#1385 = CARTESIAN_POINT ( 'NONE',  ( 1.688575694911950809, -4.076582343749998394, 17.14375000170704411 ) ) ;
#1386 = CARTESIAN_POINT ( 'NONE',  ( -3.377845289872849932, 0.3879893140688845388, 17.27801868937344310 ) ) ;
#1387 = CARTESIAN_POINT ( 'NONE',  ( -2.882579019330973935, 2.882579019330973935, 15.34687500170697838 ) ) ;
#1388 = CARTESIAN_POINT ( 'NONE',  ( 7.344863728670905090, 0.000000000000000000, 7.799999999999998046 ) ) ;
#1389 = CARTESIAN_POINT ( 'NONE',  ( 1.840336116016737522, 2.858948407699613004, 18.12293802464383319 ) ) ;
#1390 = CARTESIAN_POINT ( 'NONE',  ( -1.067818088037628677, -3.227975913264430563, 15.04931192985243626 ) ) ;
#1391 = CARTESIAN_POINT ( 'NONE',  ( -3.379574353251232566, 0.3721779584783576622, 19.77890000380554270 ) ) ;
#1392 = EDGE_CURVE ( 'NONE', #2421, #3244, #4769, .T. ) ;
#1393 = CARTESIAN_POINT ( 'NONE',  ( 2.218854458659753170, 2.576995061766219841, 20.59545686064529235 ) ) ;
#1394 = CARTESIAN_POINT ( 'NONE',  ( 1.729718241170768112, 2.928069466189408221, 23.13088876724519238 ) ) ;
#1395 = CARTESIAN_POINT ( 'NONE',  ( 4.076582343749999282, 1.688575694911949254, 17.61250000170698016 ) ) ;
#1396 = CARTESIAN_POINT ( 'NONE',  ( -4.076582343749999282, 0.000000000000000000, 15.50312500170697838 ) ) ;
#1397 = CARTESIAN_POINT ( 'NONE',  ( -2.602477858951038225, -2.187956984617110301, 22.43970555784004617 ) ) ;
#1398 = CARTESIAN_POINT ( 'NONE',  ( 3.399999999999996803, -1.452967340119835792E-07, 24.17499992325868163 ) ) ;
#1399 = VERTEX_POINT ( 'NONE', #754 ) ;
#1400 = CARTESIAN_POINT ( 'NONE',  ( 1.688575694911948366, 4.076582343749999282, 20.11250000170698371 ) ) ;
#1401 = CARTESIAN_POINT ( 'NONE',  ( -3.309616789853883745, -0.8342763028329009956, 17.34866329162060694 ) ) ;
#1402 = CARTESIAN_POINT ( 'NONE',  ( 2.771926079566265244, 2.256310572248032997, 25.46595511863077732 ) ) ;
#1403 = ORIENTED_EDGE ( 'NONE', *, *, #2910, .F. ) ;
#1404 = CARTESIAN_POINT ( 'NONE',  ( -2.681169974946655099, 2.090772002262454077, 14.97999999999610310 ) ) ;
#1405 = CARTESIAN_POINT ( 'NONE',  ( -3.385465664437064426, -0.3141162172515788997, 19.81775920754942177 ) ) ;
#1406 = CARTESIAN_POINT ( 'NONE',  ( 2.404163056034261725, -2.404163056034261281, 19.01874999999998295 ) ) ;
#1407 = CARTESIAN_POINT ( 'NONE',  ( 1.688575694911950809, -4.076582343749998394, 22.30000000170698016 ) ) ;
#1408 = CARTESIAN_POINT ( 'NONE',  ( -3.399999999994193445, 4.397413762319018206E-06, 21.04991859195522963 ) ) ;
#1409 = CARTESIAN_POINT ( 'NONE',  ( 0.000000000000000000, 0.000000000000000000, 7.799999999999998046 ) ) ;
#1410 = CARTESIAN_POINT ( 'NONE',  ( 3.399999997846899547, -0.1426266878143085948, 16.66708795042287505 ) ) ;
#1411 = CARTESIAN_POINT ( 'NONE',  ( -1.630720669239241083, 2.983671605258093162, 15.83753286992605958 ) ) ;
#1412 = CARTESIAN_POINT ( 'NONE',  ( 1.688575694911950809, -4.076582343749998394, 19.64375000170704055 ) ) ;
#1413 = CARTESIAN_POINT ( 'NONE',  ( 7.488560278101077592E-16, -4.076582343749999282, 15.81562500170697483 ) ) ;
#1414 = CARTESIAN_POINT ( 'NONE',  ( 14.99999999999999289, -13.07707918458858742, 24.79999999999999716 ) ) ;
#1415 = CARTESIAN_POINT ( 'NONE',  ( 0.8782920943121685919, 3.292270476780095212, 18.18638236504449779 ) ) ;
#1416 = CARTESIAN_POINT ( 'NONE',  ( -2.573799556423547852, 2.221647879747721710, 19.65777408000385762 ) ) ;
#1417 = CARTESIAN_POINT ( 'NONE',  ( -15.00000000000000178, 9.767804256853688472, 25.95470053837587443 ) ) ;
#1418 = CARTESIAN_POINT ( 'NONE',  ( 2.793568547917024691, 1.938076796108402888, 23.04644624432900457 ) ) ;
#1419 = CARTESIAN_POINT ( 'NONE',  ( 1.688575694911948366, 4.076582343749999282, 16.51875000170697660 ) ) ;
#1420 = CARTESIAN_POINT ( 'NONE',  ( 3.109442908209362866, 2.655715130452584560, 13.76953103858212479 ) ) ;
#1421 = CARTESIAN_POINT ( 'NONE',  ( 1.509624223602380244, -3.054740047832541716, 22.70426177477836305 ) ) ;
#1422 = CARTESIAN_POINT ( 'NONE',  ( -3.399992216226866759, 1.408333895841656913, 22.53437439276452281 ) ) ;
#1423 = ORIENTED_EDGE ( 'NONE', *, *, #1805, .F. ) ;
#1424 = EDGE_CURVE ( 'NONE', #337, #967, #1898, .T. ) ;
#1425 = CARTESIAN_POINT ( 'NONE',  ( 4.076582343750000170, -1.688575694911947922, 19.80000000170697660 ) ) ;
#1426 = CARTESIAN_POINT ( 'NONE',  ( -0.1959031562530548776, -3.394352801546717924, 17.60150275058651914 ) ) ;
#1427 = CARTESIAN_POINT ( 'NONE',  ( -2.882579019330955727, -2.882579019330957060, 25.81562500170699082 ) ) ;
#1428 = ORIENTED_EDGE ( 'NONE', *, *, #3745, .T. ) ;
#1429 = CARTESIAN_POINT ( 'NONE',  ( -3.399999999999999023, -1.408326112068525537, 18.62812499999997939 ) ) ;
#1430 = CARTESIAN_POINT ( 'NONE',  ( -2.882579019330973047, -2.882579019330974379, 24.56562500170698016 ) ) ;
#1431 = CARTESIAN_POINT ( 'NONE',  ( 2.762383180390135973, -1.982288086646019298, 17.80035381450663934 ) ) ;
#1432 = CARTESIAN_POINT ( 'NONE',  ( 2.882579019330974379, -2.882579019330973491, 18.47187500170697660 ) ) ;
#1433 = CARTESIAN_POINT ( 'NONE',  ( -2.790375154479781905, -1.948521012011448894, 16.17195058061839319 ) ) ;
#1434 = CARTESIAN_POINT ( 'NONE',  ( -2.010092097308448622, 2.742523402776498198, 15.86419817839831659 ) ) ;
#1435 = CARTESIAN_POINT ( 'NONE',  ( 4.076582343749999282, 1.688575694911949254, 18.70625000170704411 ) ) ;
#1436 = DIRECTION ( 'NONE',  ( -0.000000000000000000, -0.000000000000000000, 1.000000000000000000 ) ) ;
#1437 = CARTESIAN_POINT ( 'NONE',  ( 1.405530927416304143, 3.097917572476362569, 18.15294426928537419 ) ) ;
#1438 = CARTESIAN_POINT ( 'NONE',  ( -3.380585721441125013, 0.3628360379993102458, 19.77942443933861227 ) ) ;
#1439 = CARTESIAN_POINT ( 'NONE',  ( -15.00000000000000000, 12.15361048925513465, 24.59636743296130490 ) ) ;
#1440 = CARTESIAN_POINT ( 'NONE',  ( 2.882579019330973491, 2.882579019330973935, 25.03437500170697660 ) ) ;
#1441 = CARTESIAN_POINT ( 'NONE',  ( 2.882579019330974379, -2.882579019330973491, 19.87812500170697660 ) ) ;
#1442 = CARTESIAN_POINT ( 'NONE',  ( -1.688575694911948810, 4.076582343749999282, 16.51875000170697660 ) ) ;
#1443 = CARTESIAN_POINT ( 'NONE',  ( 0.2201287891936933305, -3.394634126149355779, 22.62453025332292000 ) ) ;
#1444 = CARTESIAN_POINT ( 'NONE',  ( -1.987610128458429548, -2.758515176186178586, 25.29999999990642223 ) ) ;
#1445 = ORIENTED_EDGE ( 'NONE', *, *, #1683, .T. ) ;
#1446 = CARTESIAN_POINT ( 'NONE',  ( -2.882579019330973047, -2.882579019330974379, 19.40937500170697660 ) ) ;
#1447 = CARTESIAN_POINT ( 'NONE',  ( -1.973845589747277085, -2.770032013212870403, 17.48874959398724371 ) ) ;
#1448 = CARTESIAN_POINT ( 'NONE',  ( -1.688575694911939484, -4.076582343749974413, 23.39375000170699082 ) ) ;
#1449 = ORIENTED_EDGE ( 'NONE', *, *, #3457, .T. ) ;
#1450 = CARTESIAN_POINT ( 'NONE',  ( 1.408326112068522873, 3.400000000000000355, 19.40937499999998295 ) ) ;
#1451 = CARTESIAN_POINT ( 'NONE',  ( -2.882579019330973047, -2.882579019330974379, 23.31562500170697660 ) ) ;
#1452 = CARTESIAN_POINT ( 'NONE',  ( 2.735874699080551586, -2.018885139371513926, 17.79769831447135786 ) ) ;
#1453 = CARTESIAN_POINT ( 'NONE',  ( 2.404163056034261725, -2.404163056034261281, 22.76874999999998295 ) ) ;
#1454 = EDGE_CURVE ( 'NONE', #2754, #4623, #2563, .T. ) ;
#1455 = CARTESIAN_POINT ( 'NONE',  ( -0.2467101987732201462, -3.391080346610237939, 16.34859582453725935 ) ) ;
#1456 = CARTESIAN_POINT ( 'NONE',  ( 0.000000000000000000, 0.000000000000000000, 0.000000000000000000 ) ) ;
#1457 = CARTESIAN_POINT ( 'NONE',  ( 4.076582343749999282, 4.992373518734052056E-16, 16.12812500170703700 ) ) ;
#1458 = DIRECTION ( 'NONE',  ( 1.000000000000000000, 0.000000000000000000, -0.000000000000000000 ) ) ;
#1459 = CARTESIAN_POINT ( 'NONE',  ( 3.399999992534203486, 0.1768263136762187882, 17.93480923154001871 ) ) ;
#1460 = CARTESIAN_POINT ( 'NONE',  ( 2.325838941010118344, 2.480084741434675610, 19.33734383139217883 ) ) ;
#1461 = CARTESIAN_POINT ( 'NONE',  ( 2.671674340879504506, 2.103590921209449682, 20.55839391606309974 ) ) ;
#1462 = CARTESIAN_POINT ( 'NONE',  ( 1.688575694911950809, -4.076582343749998394, 24.64375000170698016 ) ) ;
#1463 = DIRECTION ( 'NONE',  ( -0.7071067811865441310, 0.000000000000000000, -0.7071067811865510144 ) ) ;
#1464 = CARTESIAN_POINT ( 'NONE',  ( 1.912733440767302229, -2.811510122440681769, 20.23216858583656474 ) ) ;
#1465 = CARTESIAN_POINT ( 'NONE',  ( -3.089484530541534379, -1.431754817537469471, 22.38657090976235153 ) ) ;
#1466 = CARTESIAN_POINT ( 'NONE',  ( 1.577504203864851684, -3.565292343055135316, 25.79233754105939624 ) ) ;
#1467 = CARTESIAN_POINT ( 'NONE',  ( 4.076582343749999282, 1.688575694911949254, 18.70625000170697660 ) ) ;
#1468 = CARTESIAN_POINT ( 'NONE',  ( -3.399999998574069426, -0.05470581051754490332, 17.30293147065766135 ) ) ;
#1469 = CARTESIAN_POINT ( 'NONE',  ( -2.882579019330955727, -2.882579019330957060, 23.31562500170699082 ) ) ;
#1470 = VERTEX_POINT ( 'NONE', #3701 ) ;
#1471 = CARTESIAN_POINT ( 'NONE',  ( -1.408326112068523317, 3.400000000000000355, 19.56562499999998295 ) ) ;
#1472 = CARTESIAN_POINT ( 'NONE',  ( -4.076582343749998394, -1.688575694911951253, 21.98750000170698016 ) ) ;
#1473 = CARTESIAN_POINT ( 'NONE',  ( 2.350421212088916523, -2.456735416614621137, 17.76456309736425254 ) ) ;
#1474 = CARTESIAN_POINT ( 'NONE',  ( -0.4132952878624573945, -3.376130837929572248, 16.33892803762944723 ) ) ;
#1475 = CARTESIAN_POINT ( 'NONE',  ( 2.369864385511441185, 2.438226878191420699, 15.58393606075652826 ) ) ;
#1476 = CARTESIAN_POINT ( 'NONE',  ( 1.688575694911948366, 4.076582343749999282, 15.11250000170704233 ) ) ;
#1477 = CARTESIAN_POINT ( 'NONE',  ( 1.688575694911938152, 4.076582343749975301, 20.26875000170698726 ) ) ;
#1478 = CARTESIAN_POINT ( 'NONE',  ( 3.400000000000000355, 1.408326112068523539, 24.56562500341396671 ) ) ;
#1479 = CARTESIAN_POINT ( 'NONE',  ( 2.325392570379771318, -2.480470460341615446, 24.01262740777224991 ) ) ;
#1480 = CARTESIAN_POINT ( 'NONE',  ( -3.379218921593249103, 0.3754014618074226206, 24.77868089244901739 ) ) ;
#1481 = CARTESIAN_POINT ( 'NONE',  ( 2.084158674655259169, 2.688412935541339976, 19.35564696475041302 ) ) ;
#1482 = CARTESIAN_POINT ( 'NONE',  ( -2.081899558550500280E-16, 3.399999999999999911, 24.80000000341396671 ) ) ;
#1483 = CARTESIAN_POINT ( 'NONE',  ( 2.083073531368784703, 2.689282231361559639, 21.85572773438436656 ) ) ;
#1484 = CARTESIAN_POINT ( 'NONE',  ( 2.882579019330974379, -2.882579019330973491, 23.47187500170697660 ) ) ;
#1485 = CARTESIAN_POINT ( 'NONE',  ( -4.076582343749998394, -1.688575694911951253, 14.48750000170697660 ) ) ;
#1486 = CARTESIAN_POINT ( 'NONE',  ( 2.649861481657321161, -2.131533153723411012, 20.28953916357330911 ) ) ;
#1487 = CARTESIAN_POINT ( 'NONE',  ( -3.382236795228898085, -0.3492172629467842904, 22.31978818369702466 ) ) ;
#1488 = DIRECTION ( 'NONE',  ( -1.000000000000000000, 0.000000000000000000, -0.000000000000000000 ) ) ;
#1489 = CARTESIAN_POINT ( 'NONE',  ( -1.963081204028922500, -2.776533698044536980, 18.73928076875048987 ) ) ;
#1490 = CARTESIAN_POINT ( 'NONE',  ( 2.882579019330973491, 2.882579019330973935, 21.28437500170697660 ) ) ;
#1491 = DIRECTION ( 'NONE',  ( -0.000000000000000000, -0.000000000000000000, 1.000000000000000000 ) ) ;
#1492 = CARTESIAN_POINT ( 'NONE',  ( -4.076582343749975301, 1.688575694911938596, 25.58125000170699792 ) ) ;
#1493 = VERTEX_POINT ( 'NONE', #407 ) ;
#1494 = CARTESIAN_POINT ( 'NONE',  ( 3.403024839097591236, 1.100544642748892077, 14.23598173169629710 ) ) ;
#1495 = CARTESIAN_POINT ( 'NONE',  ( -2.882579019330973935, 2.882579019330973935, 21.75312500170697660 ) ) ;
#1496 = CARTESIAN_POINT ( 'NONE',  ( 3.375819018618670952, -0.4193445110597402992, 17.90117591500351324 ) ) ;
#1497 = CARTESIAN_POINT ( 'NONE',  ( -3.399999999994138822, 4.420163615395962796E-06, 16.04991824737329864 ) ) ;
#1498 = CARTESIAN_POINT ( 'NONE',  ( 2.580239084736516642, 2.216649403723059741, 15.56671542743155179 ) ) ;
#1499 = CARTESIAN_POINT ( 'NONE',  ( 2.852026543016585869, -1.853358888461363652, 21.55966268427032873 ) ) ;
#1500 = CARTESIAN_POINT ( 'NONE',  ( 2.302816623452323963, -2.501409860768978977, 24.01089290250948238 ) ) ;
#1501 = CARTESIAN_POINT ( 'NONE',  ( -0.4195158848811458285, 3.375533429952572995, 24.51144134574287747 ) ) ;
#1502 = CARTESIAN_POINT ( 'NONE',  ( -0.06333250265881769370, 3.399624772378018189, 19.49100029455647132 ) ) ;
#1503 = DIRECTION ( 'NONE',  ( 1.000000000000000000, 0.000000000000000000, 0.000000000000000000 ) ) ;
#1504 = CARTESIAN_POINT ( 'NONE',  ( 1.262122810498015557, 3.157296398733935305, 21.91190960734657267 ) ) ;
#1505 = CARTESIAN_POINT ( 'NONE',  ( -4.076582343749998394, -1.688575694911951253, 23.08125000170698371 ) ) ;
#1506 = EDGE_CURVE ( 'NONE', #2958, #2120, #4393, .T. ) ;
#1507 = CYLINDRICAL_SURFACE ( 'NONE', #3841, 7.500000000000000000 ) ;
#1508 = CARTESIAN_POINT ( 'NONE',  ( -0.05372976318310326849, -3.400016708707260360, 20.10939445472042308 ) ) ;
#1509 = CARTESIAN_POINT ( 'NONE',  ( -7.500000000000000000, 0.000000000000000000, 20.00000000000000000 ) ) ;
#1510 = CARTESIAN_POINT ( 'NONE',  ( -2.326323745247476982, -2.481973930856938182, 18.71230497948686988 ) ) ;
#1511 = CARTESIAN_POINT ( 'NONE',  ( 2.336534833445776727, 2.469998427575845312, 16.83651499719483624 ) ) ;
#1512 = CARTESIAN_POINT ( 'NONE',  ( -1.987610128458429548, -2.758515176186178586, 25.29999999990642223 ) ) ;
#1513 = CARTESIAN_POINT ( 'NONE',  ( -2.404163056034260837, -2.404163056034261725, 19.01875000341396671 ) ) ;
#1514 = EDGE_LOOP ( 'NONE', ( #1275, #2680, #941 ) ) ;
#1515 = CARTESIAN_POINT ( 'NONE',  ( -4.076582343749999282, 1.688575694911948588, 26.83125000170698726 ) ) ;
#1516 = CARTESIAN_POINT ( 'NONE',  ( -4.076582343749999282, 1.688575694911948588, 16.83125000170697660 ) ) ;
#1517 = CARTESIAN_POINT ( 'NONE',  ( 2.790059828851538803, -1.943103800943255299, 17.80323157113293675 ) ) ;
#1518 = CARTESIAN_POINT ( 'NONE',  ( -3.400000000000000355, 1.408326112068523095, 20.97187499999997939 ) ) ;
#1519 = CARTESIAN_POINT ( 'NONE',  ( -2.555797374822330603, -2.242488299189105749, 16.19372446004856769 ) ) ;
#1520 = LINE ( 'NONE', #3387, #1763 ) ;
#1521 = AXIS2_PLACEMENT_3D ( 'NONE', #3022, #770, #2247 ) ;
#1522 = ADVANCED_FACE ( 'NONE', ( #3403 ), #818, .F. ) ;
#1523 = CARTESIAN_POINT ( 'NONE',  ( 2.784450079382869259, -1.951119202386317308, 21.55262189630960634 ) ) ;
#1524 = CARTESIAN_POINT ( 'NONE',  ( -3.518421581380425600, 2.058939819676792737, 14.30341765624937622 ) ) ;
#1525 = CARTESIAN_POINT ( 'NONE',  ( -0.1309911807214408919, 3.397478065868085206, 24.49482461572715764 ) ) ;
#1526 = CIRCLE ( 'NONE', #2852, 4.300000000000014921 ) ;
#1527 = CARTESIAN_POINT ( 'NONE',  ( -1.522986432993475248, 3.040102131617844705, 19.58025525421351887 ) ) ;
#1528 = CARTESIAN_POINT ( 'NONE',  ( 3.399999999999999911, 4.163799117101000559E-16, 25.42499999999998295 ) ) ;
#1529 = CARTESIAN_POINT ( 'NONE',  ( -2.882579019330973047, -2.882579019330974379, 25.65937500170697660 ) ) ;
#1530 = LINE ( 'NONE', #4476, #1383 ) ;
#1531 = CARTESIAN_POINT ( 'NONE',  ( 3.303638694091841632, -0.8143100349445486774, 20.37756964650424152 ) ) ;
#1532 = CARTESIAN_POINT ( 'NONE',  ( 1.357449825297036394, -3.624821903814226864, 25.76417300356019169 ) ) ;
#1533 = AXIS2_PLACEMENT_3D ( 'NONE', #863, #1175, #2654 ) ;
#1534 = EDGE_CURVE ( 'NONE', #678, #1059, #4674, .T. ) ;
#1535 = CARTESIAN_POINT ( 'NONE',  ( -2.077615165866203206, 2.691380115916644833, 17.11902883691026034 ) ) ;
#1536 = CARTESIAN_POINT ( 'NONE',  ( 14.99999999999999467, -6.496531178408898377, 26.81476796104034932 ) ) ;
#1537 = DIRECTION ( 'NONE',  ( 1.000000000000000000, 0.000000000000000000, -0.000000000000000000 ) ) ;
#1538 = CARTESIAN_POINT ( 'NONE',  ( -0.1658225738752924505, -4.074048140267835016, 25.96867460653228576 ) ) ;
#1539 = CARTESIAN_POINT ( 'NONE',  ( 1.408326112068522873, 3.400000000000000355, 17.22187500341397026 ) ) ;
#1540 = ORIENTED_EDGE ( 'NONE', *, *, #3114, .F. ) ;
#1541 = CARTESIAN_POINT ( 'NONE',  ( -1.688575694911948810, 4.076582343749999282, 25.42500000170698016 ) ) ;
#1542 = CARTESIAN_POINT ( 'NONE',  ( -2.882579019330973047, -2.882579019330974379, 18.31562500170697660 ) ) ;
#1543 = CARTESIAN_POINT ( 'NONE',  ( 3.479246824526981197, 1.171165692939797073E-12, 25.37924682452697667 ) ) ;
#1544 = CARTESIAN_POINT ( 'NONE',  ( 3.399886362015253738, 0.03000183685623422983, 15.42666620181896064 ) ) ;
#1545 = CARTESIAN_POINT ( 'NONE',  ( -2.882579019330955727, -2.882579019330957060, 15.81562500170699259 ) ) ;
#1546 = CARTESIAN_POINT ( 'NONE',  ( 2.593219411864243096, -2.203714450286824000, 21.53417227585656235 ) ) ;
#1547 = CARTESIAN_POINT ( 'NONE',  ( 0.3980058880471114557, -3.377824240244404752, 23.88509724389125566 ) ) ;
#1548 = FACE_OUTER_BOUND ( 'NONE', #4321, .T. ) ;
#1549 = CARTESIAN_POINT ( 'NONE',  ( 1.109455345158886441, 3.214469148335009852, 19.42168405651325003 ) ) ;
#1550 = CARTESIAN_POINT ( 'NONE',  ( -2.404163056034261725, 2.404163056034261725, 25.89374999999998295 ) ) ;
#1551 = CARTESIAN_POINT ( 'NONE',  ( 2.158267102082576994, 2.628556981724979202, 21.85012705487279305 ) ) ;
#1552 = CARTESIAN_POINT ( 'NONE',  ( -1.688575694911948810, 4.076582343749999282, 19.01875000170697660 ) ) ;
#1553 = CARTESIAN_POINT ( 'NONE',  ( 4.862369726315283636, 0.2429728111995109463, 13.78055748241164835 ) ) ;
#1554 = CARTESIAN_POINT ( 'NONE',  ( 1.402812754273158324, -3.103718227663453177, 20.19715327215595124 ) ) ;
#1555 = CARTESIAN_POINT ( 'NONE',  ( 3.114512326636359241, -1.369432135561227559, 15.34254241113977280 ) ) ;
#1556 = CARTESIAN_POINT ( 'NONE',  ( -3.367724669003982374, 0.4688656963618018647, 17.27333288415417556 ) ) ;
#1557 = CARTESIAN_POINT ( 'NONE',  ( -3.320433584791751880, -0.7396970409073030384, 18.59286977517583850 ) ) ;
#1558 = CARTESIAN_POINT ( 'NONE',  ( -2.943975806551359931, 1.700908490436173759, 20.94516605627072536 ) ) ;
#1559 = CARTESIAN_POINT ( 'NONE',  ( -1.076099230789629546, 3.228683375906198805, 23.30116730967828076 ) ) ;
#1560 = CARTESIAN_POINT ( 'NONE',  ( -2.882579019330973047, -2.882579019330974379, 18.15937500170697660 ) ) ;
#1561 = CARTESIAN_POINT ( 'NONE',  ( -1.408326112068523983, -3.399999999999999467, 16.59687500341396671 ) ) ;
#1562 = VERTEX_POINT ( 'NONE', #1512 ) ;
#1563 = ADVANCED_FACE ( 'NONE', ( #3676 ), #1829, .F. ) ;
#1564 = CARTESIAN_POINT ( 'NONE',  ( 2.882579019330974379, -2.882579019330973491, 26.12812500170697660 ) ) ;
#1565 = CARTESIAN_POINT ( 'NONE',  ( -2.882579019330973047, -2.882579019330974379, 15.81562500170697838 ) ) ;
#1566 = CARTESIAN_POINT ( 'NONE',  ( -3.399999999999999911, 4.163799117101000559E-16, 0.000000000000000000 ) ) ;
#1567 = CARTESIAN_POINT ( 'NONE',  ( -2.395520206553516829, 2.914007545309898806, 25.66465970775888650 ) ) ;
#1568 = CARTESIAN_POINT ( 'NONE',  ( 2.882579019330957060, -2.882579019330956172, 16.12812500170698726 ) ) ;
#1569 = CARTESIAN_POINT ( 'NONE',  ( -0.2526792039821161850, -3.390636115659690475, 21.34825837262453163 ) ) ;
#1570 = CARTESIAN_POINT ( 'NONE',  ( 0.2166351515143120909, -3.393118818710967322, 23.87467528777939663 ) ) ;
#1571 = DIRECTION ( 'NONE',  ( -0.000000000000000000, -0.000000000000000000, 1.000000000000000000 ) ) ;
#1572 = CARTESIAN_POINT ( 'NONE',  ( 2.639400131606352229, -2.763284831280467646, 14.56586837763577336 ) ) ;
#1573 = CARTESIAN_POINT ( 'NONE',  ( -2.882579019330973935, 2.882579019330973935, 24.09687500170704055 ) ) ;
#1574 = CARTESIAN_POINT ( 'NONE',  ( -3.399999999999999911, 0.000000000000000000, 24.79999999999998650 ) ) ;
#1575 = CARTESIAN_POINT ( 'NONE',  ( 3.318657339070258061, 0.7718950182334792798, 21.71980591950596562 ) ) ;
#1576 = CARTESIAN_POINT ( 'NONE',  ( 2.882579019330973491, 2.882579019330973935, 18.78437500170697660 ) ) ;
#1577 = CARTESIAN_POINT ( 'NONE',  ( -0.7591116463225080491, 3.314766568187412776, 18.28156935610634548 ) ) ;
#1578 = CARTESIAN_POINT ( 'NONE',  ( 3.208986010242972586, -1.126039712677280757, 15.35815116844790751 ) ) ;
#1579 = EDGE_CURVE ( 'NONE', #3030, #3652, #2636, .T. ) ;
#1580 = CARTESIAN_POINT ( 'NONE',  ( -0.1518859223093304567, 3.396614009443549076, 16.99600330200012976 ) ) ;
#1581 = CARTESIAN_POINT ( 'NONE',  ( -3.399999999999999023, -1.408326112068525537, 22.69062500341396671 ) ) ;
#1582 = CARTESIAN_POINT ( 'NONE',  ( -2.049239257137801307, 2.713051409726320085, 23.36697817282837519 ) ) ;
#1583 = CARTESIAN_POINT ( 'NONE',  ( 2.882579019330973491, 2.882579019330973935, 22.69062500170697660 ) ) ;
#1584 = CARTESIAN_POINT ( 'NONE',  ( 3.400000000000000799, -1.408326112068522651, 18.15937500341396671 ) ) ;
#1585 = CARTESIAN_POINT ( 'NONE',  ( 2.953265579523790763, -2.810114948213704444, 25.97658234374997832 ) ) ;
#1586 = CARTESIAN_POINT ( 'NONE',  ( -4.076582343749998394, -1.688575694911951253, 16.98750000170697660 ) ) ;
#1587 = CARTESIAN_POINT ( 'NONE',  ( 1.408326112068525537, -3.399999999999999023, 21.75312500341397026 ) ) ;
#1588 = EDGE_LOOP ( 'NONE', ( #2422, #137 ) ) ;
#1589 = CARTESIAN_POINT ( 'NONE',  ( 2.404163056034261725, -2.404163056034261281, 24.33125000341397026 ) ) ;
#1590 = EDGE_CURVE ( 'NONE', #1399, #22, #3132, .T. ) ;
#1591 = CARTESIAN_POINT ( 'NONE',  ( 1.688575694911940817, -4.076582343749974413, 17.30000000170699082 ) ) ;
#1592 = CARTESIAN_POINT ( 'NONE',  ( 2.063576409579167326, -2.702158906717335718, 21.49301900279596822 ) ) ;
#1593 = CARTESIAN_POINT ( 'NONE',  ( -2.590997111761272009, -2.201572431285648168, 23.69068256090233149 ) ) ;
#1594 = CARTESIAN_POINT ( 'NONE',  ( 2.157872366107955742, 2.628916111397646471, 24.35015904739508130 ) ) ;
#1595 = CARTESIAN_POINT ( 'NONE',  ( -3.601868154974185110, -1.904187409215956750, 14.33318932095406595 ) ) ;
#1596 = CARTESIAN_POINT ( 'NONE',  ( 1.688575694911950809, -4.076582343749998394, 23.39375000170704055 ) ) ;
#1597 = VECTOR ( 'NONE', #4326, 1000.000000000000000 ) ;
#1598 = CARTESIAN_POINT ( 'NONE',  ( 1.408326112068525537, -3.399999999999999023, 23.94062499999997939 ) ) ;
#1599 = CARTESIAN_POINT ( 'NONE',  ( 3.095497422046459057, -1.406688059734505725, 19.08997040000004830 ) ) ;
#1600 = CARTESIAN_POINT ( 'NONE',  ( 1.688575694911950809, -4.076582343749998394, 19.64375000170698016 ) ) ;
#1601 = CARTESIAN_POINT ( 'NONE',  ( -3.382488136110369581, 0.3447547674177513510, 18.53044657772566950 ) ) ;
#1602 = CARTESIAN_POINT ( 'NONE',  ( -0.8371608994441915863, -3.295383616561259110, 20.06365608552298241 ) ) ;
#1603 = CARTESIAN_POINT ( 'NONE',  ( 2.277050983080511237, -2.524897991018006493, 15.25892463453883074 ) ) ;
#1604 = CIRCLE ( 'NONE', #4608, 4.300000000000014921 ) ;
#1605 = CARTESIAN_POINT ( 'NONE',  ( 0.2484970203935529254, 3.399037199071586635, 16.97328176007825107 ) ) ;
#1606 = CARTESIAN_POINT ( 'NONE',  ( -2.115211468682445695, -2.661940552121417891, 24.97820592406150197 ) ) ;
#1607 = CARTESIAN_POINT ( 'NONE',  ( -3.187621725930626315, 1.192665487806730651, 20.97875229722207280 ) ) ;
#1608 = CARTESIAN_POINT ( 'NONE',  ( -3.356986734166135911, 0.5482015962671379361, 23.51841872504148157 ) ) ;
#1609 = VECTOR ( 'NONE', #1198, 1000.000000000000000 ) ;
#1610 = CARTESIAN_POINT ( 'NONE',  ( -4.076582343749999282, 1.688575694911948588, 21.83125000170698016 ) ) ;
#1611 = CARTESIAN_POINT ( 'NONE',  ( 3.399999999999999911, 4.163799117101000559E-16, 15.73750000341396493 ) ) ;
#1612 = DIRECTION ( 'NONE',  ( 1.000000000000000000, 0.000000000000000000, 0.000000000000000000 ) ) ;
#1613 = PRODUCT_DEFINITION ( 'UNKNOWN', '', #1371, #3759 ) ;
#1614 = CARTESIAN_POINT ( 'NONE',  ( -1.688575694911948810, 4.076582343749999282, 15.42500000170697660 ) ) ;
#1615 = CARTESIAN_POINT ( 'NONE',  ( 3.399999999999999911, 4.163799117101000559E-16, 23.23750000341396671 ) ) ;
#1616 = ORIENTED_EDGE ( 'NONE', *, *, #4051, .T. ) ;
#1617 = CARTESIAN_POINT ( 'NONE',  ( -1.408326112068523983, -3.399999999999999467, 15.34687500341396849 ) ) ;
#1618 = CARTESIAN_POINT ( 'NONE',  ( -1.688575694911938818, 4.076582343749975301, 17.92500000170699792 ) ) ;
#1619 = CARTESIAN_POINT ( 'NONE',  ( -1.273587334758642164, -3.153337520826886564, 21.28612985307600169 ) ) ;
#1620 = CARTESIAN_POINT ( 'NONE',  ( -2.141516196210106582, -2.640851299244524775, 23.72625811416630626 ) ) ;
#1621 = DIRECTION ( 'NONE',  ( -0.000000000000000000, -0.000000000000000000, 1.000000000000000000 ) ) ;
#1622 = CARTESIAN_POINT ( 'NONE',  ( -3.382829127964685600, 0.3413412570931336765, 16.03065647648924141 ) ) ;
#1623 = CARTESIAN_POINT ( 'NONE',  ( 2.882579019330973491, 2.882579019330973935, 22.53437500170704055 ) ) ;
#1624 = CARTESIAN_POINT ( 'NONE',  ( -2.404163056034260837, -2.404163056034261725, 24.95624999999998650 ) ) ;
#1625 = CARTESIAN_POINT ( 'NONE',  ( 2.088752800537883925, -2.684705673026957840, 18.99469744149666184 ) ) ;
#1626 = CARTESIAN_POINT ( 'NONE',  ( 7.488560278101077592E-16, -4.076582343749999282, 18.31562500170697660 ) ) ;
#1627 = CARTESIAN_POINT ( 'NONE',  ( -1.599455129209131021, 3.000604139905588497, 18.33540755464126093 ) ) ;
#1628 = CARTESIAN_POINT ( 'NONE',  ( -1.030037458624764257, -3.240612180252429919, 20.05172356545340406 ) ) ;
#1629 = CARTESIAN_POINT ( 'NONE',  ( -0.2875934215956958417, -3.388752515587888592, 15.09607291868578294 ) ) ;
#1630 = CARTESIAN_POINT ( 'NONE',  ( -0.1343421717066601295, 3.397377455768696208, 16.99501195318342894 ) ) ;
#1631 = CARTESIAN_POINT ( 'NONE',  ( -1.001129606780698511, -3.250343905216733109, 25.05353094137982239 ) ) ;
#1632 = CARTESIAN_POINT ( 'NONE',  ( -3.399999999997888267, -2.624093929733201777E-06, 15.11254858469343532 ) ) ;
#1633 = CARTESIAN_POINT ( 'NONE',  ( -2.489670642684223889, 2.316349751483184782, 22.15057258142137897 ) ) ;
#1634 = CARTESIAN_POINT ( 'NONE',  ( 1.155402180085101982, -3.918431062738676030, 25.97658234374999253 ) ) ;
#1635 = CARTESIAN_POINT ( 'NONE',  ( -2.496186759367026028E-16, 4.076582343749999282, 22.84687500170697660 ) ) ;
#1636 = CARTESIAN_POINT ( 'NONE',  ( 3.399999999999999911, 7.614758780588827093E-09, 22.92500000042342734 ) ) ;
#1637 = FACE_OUTER_BOUND ( 'NONE', #3794, .T. ) ;
#1638 = VERTEX_POINT ( 'NONE', #2020 ) ;
#1639 = CARTESIAN_POINT ( 'NONE',  ( 4.076582343749999282, 4.992373518734052056E-16, 15.03437500170697660 ) ) ;
#1640 = ORIENTED_EDGE ( 'NONE', *, *, #1653, .F. ) ;
#1641 = DIRECTION ( 'NONE',  ( 1.000000000000000000, 0.000000000000000000, 0.000000000000000000 ) ) ;
#1642 = CARTESIAN_POINT ( 'NONE',  ( -2.882579019330955727, -2.882579019330957060, 17.06562500170699082 ) ) ;
#1643 = CARTESIAN_POINT ( 'NONE',  ( -0.08712602444973985283, -3.399550548531922178, 21.35768610486049468 ) ) ;
#1644 = CARTESIAN_POINT ( 'NONE',  ( -2.918916322487620896, -1.771955088560644542, 23.65907688522611352 ) ) ;
#1645 = DIRECTION ( 'NONE',  ( 1.000000000000000000, 0.000000000000000000, 0.000000000000000000 ) ) ;
#1646 = CARTESIAN_POINT ( 'NONE',  ( -3.381709607690428943, 0.3521994433280943859, 16.03004735854225160 ) ) ;
#1647 = CARTESIAN_POINT ( 'NONE',  ( 2.882579019330974379, -2.882579019330973491, 23.47187500170704055 ) ) ;
#1648 = CARTESIAN_POINT ( 'NONE',  ( 1.840155164678723976, -2.866349633254494655, 18.97666553209985096 ) ) ;
#1649 = CARTESIAN_POINT ( 'NONE',  ( 4.076582343749999282, 4.992373518734052056E-16, 21.12812500170698016 ) ) ;
#1650 = CARTESIAN_POINT ( 'NONE',  ( -3.381000341299198464, 0.3589383254136262469, 18.52965235402752953 ) ) ;
#1651 = CARTESIAN_POINT ( 'NONE',  ( 0.1021226743018042865, -3.398469998174975526, 15.11819977442318930 ) ) ;
#1652 = CARTESIAN_POINT ( 'NONE',  ( -0.2141165490005549898, -3.393251958716762662, 25.10046160715632979 ) ) ;
#1653 = EDGE_CURVE ( 'NONE', #112, #678, #68, .T. ) ;
#1654 = CARTESIAN_POINT ( 'NONE',  ( 0.5388755367349108427, 3.357025919026737082, 20.70661922307837344 ) ) ;
#1655 = CARTESIAN_POINT ( 'NONE',  ( -2.027548697245970200, 2.729380522627574024, 23.36544789382094933 ) ) ;
#1656 = CARTESIAN_POINT ( 'NONE',  ( -1.688575694911948810, 4.076582343749999282, 20.42500000170698016 ) ) ;
#1657 = SURFACE_STYLE_FILL_AREA ( #1728 ) ;
#1658 = ORIENTED_EDGE ( 'NONE', *, *, #3232, .T. ) ;
#1659 = ORIENTED_EDGE ( 'NONE', *, *, #3960, .T. ) ;
#1660 = CARTESIAN_POINT ( 'NONE',  ( 4.076582343749999282, 4.992373518734052056E-16, 23.62812500170697660 ) ) ;
#1661 = VERTEX_POINT ( 'NONE', #1199 ) ;
#1662 = FACE_OUTER_BOUND ( 'NONE', #1879, .T. ) ;
#1663 = CARTESIAN_POINT ( 'NONE',  ( 1.408326112068525537, -3.399999999999999023, 20.50312500341396671 ) ) ;
#1664 = CARTESIAN_POINT ( 'NONE',  ( -1.590358365465706303, -3.005292129964534542, 21.26520824472612148 ) ) ;
#1665 = CARTESIAN_POINT ( 'NONE',  ( -3.399999999997444622, -2.884600149732287823E-06, 17.61255345252320481 ) ) ;
#1666 = CARTESIAN_POINT ( 'NONE',  ( 3.473077728366175787, -0.1795019653331131060, 25.37307772836609487 ) ) ;
#1667 = CARTESIAN_POINT ( 'NONE',  ( -3.399999999994236077, 4.380685654423669037E-06, 22.29991888456654436 ) ) ;
#1668 = CARTESIAN_POINT ( 'NONE',  ( 2.882579019330974379, -2.882579019330973491, 24.72187500170704055 ) ) ;
#1669 = CARTESIAN_POINT ( 'NONE',  ( 2.314911290472362548, -2.490231335933093870, 19.01182054260657850 ) ) ;
#1670 = CARTESIAN_POINT ( 'NONE',  ( -1.688575694911948810, 4.076582343749999282, 17.76875000170697660 ) ) ;
#1671 = CARTESIAN_POINT ( 'NONE',  ( -3.943790067812500411, -1.032009450730812405, 14.30341765624999795 ) ) ;
#1672 = CARTESIAN_POINT ( 'NONE',  ( -1.349233553804250585, 3.122308777151450609, 18.31873358908735483 ) ) ;
#1673 = CARTESIAN_POINT ( 'NONE',  ( -3.367147320934816612, 0.4728286838901765710, 22.27309619826385756 ) ) ;
#1674 = VECTOR ( 'NONE', #3298, 999.9999999999998863 ) ;
#1675 = CARTESIAN_POINT ( 'NONE',  ( -2.122731477839940428, -2.655938856407780158, 24.97764735416494375 ) ) ;
#1676 = CARTESIAN_POINT ( 'NONE',  ( 0.5611395349817209777, 3.353382126655652495, 20.70530096628160521 ) ) ;
#1677 = CARTESIAN_POINT ( 'NONE',  ( -1.795606973256744343, 2.890956323877305056, 22.09882722654693410 ) ) ;
#1678 = CARTESIAN_POINT ( 'NONE',  ( 1.095421598293453647, 3.226526026712040363, 23.17300444471777254 ) ) ;
#1679 = CARTESIAN_POINT ( 'NONE',  ( -1.688575694911948810, 4.076582343749999282, 24.17500000170697660 ) ) ;
#1680 = CARTESIAN_POINT ( 'NONE',  ( -3.400000000000000355, 1.408326112068523095, 15.03437500341397026 ) ) ;
#1681 = FACE_OUTER_BOUND ( 'NONE', #4505, .T. ) ;
#1682 = ORIENTED_EDGE ( 'NONE', *, *, #1919, .T. ) ;
#1683 = EDGE_CURVE ( 'NONE', #525, #2543, #606, .T. ) ;
#1684 = AXIS2_PLACEMENT_3D ( 'NONE', #4099, #1850, #3331 ) ;
#1685 = CARTESIAN_POINT ( 'NONE',  ( -1.688575694911948810, 4.076582343749999282, 26.51875000170698016 ) ) ;
#1686 = CARTESIAN_POINT ( 'NONE',  ( 3.479246824526981197, 1.171165692939797073E-12, 25.37924682452697667 ) ) ;
#1687 = VERTEX_POINT ( 'NONE', #887 ) ;
#1688 = CARTESIAN_POINT ( 'NONE',  ( 3.380135368038009958, 1.420870308359296397, 14.71796355460043770 ) ) ;
#1689 = CARTESIAN_POINT ( 'NONE',  ( -3.731369221925822988, -0.5417866955734167433, 14.61951377668377638 ) ) ;
#1690 = CARTESIAN_POINT ( 'NONE',  ( -3.228841176972873761, -1.065663165097193277, 21.11304332100409908 ) ) ;
#1691 = CARTESIAN_POINT ( 'NONE',  ( -3.399999992080334543, -0.2209432069770615459, 23.56232620736010830 ) ) ;
#1692 = CARTESIAN_POINT ( 'NONE',  ( 0.2757685476492799381, -3.397822181729723834, 16.37833119912540880 ) ) ;
#1693 = CARTESIAN_POINT ( 'NONE',  ( -1.515901451239815678, 3.043446911958470835, 15.82978548039205435 ) ) ;
#1694 = CARTESIAN_POINT ( 'NONE',  ( -1.688575694911950142, -4.076582343749998394, 20.73750000170704055 ) ) ;
#1695 = CARTESIAN_POINT ( 'NONE',  ( 1.060341296257121702, -3.230779119812857925, 18.92522427457368295 ) ) ;
#1696 = CARTESIAN_POINT ( 'NONE',  ( -2.882579019330973047, -2.882579019330974379, 14.40937500170697660 ) ) ;
#1697 = CARTESIAN_POINT ( 'NONE',  ( 2.172442241047312539, 2.616088527442527401, 18.09890499672908248 ) ) ;
#1698 = CARTESIAN_POINT ( 'NONE',  ( 1.408326112068525537, -3.399999999999999023, 18.00312500341396671 ) ) ;
#1699 = DIRECTION ( 'NONE',  ( 1.000000000000000000, 0.000000000000000000, 0.000000000000000000 ) ) ;
#1700 = CARTESIAN_POINT ( 'NONE',  ( 1.507057347616492349, 3.049818029783362139, 20.64620438209816555 ) ) ;
#1701 = CARTESIAN_POINT ( 'NONE',  ( -0.06596939324410953931, 3.399563194844643643, 21.99115530063218671 ) ) ;
#1702 = CARTESIAN_POINT ( 'NONE',  ( 1.656500564427948907, 2.969706559155059544, 23.13597937543066863 ) ) ;
#1703 = CARTESIAN_POINT ( 'NONE',  ( 1.688575694911948366, 4.076582343749999282, 17.76875000170698016 ) ) ;
#1704 = CARTESIAN_POINT ( 'NONE',  ( -4.076582343749999282, 1.688575694911948588, 15.42500000170697660 ) ) ;
#1705 = CARTESIAN_POINT ( 'NONE',  ( 0.000000000000000000, 0.000000000000000000, 0.000000000000000000 ) ) ;
#1706 = ORIENTED_EDGE ( 'NONE', *, *, #2526, .T. ) ;
#1707 = CARTESIAN_POINT ( 'NONE',  ( 1.688575694911948366, 4.076582343749999282, 15.26875000170697660 ) ) ;
#1708 = CARTESIAN_POINT ( 'NONE',  ( -2.326318825383264954, -2.481978766665091207, 17.46230589524052235 ) ) ;
#1709 = ORIENTED_EDGE ( 'NONE', *, *, #2709, .F. ) ;
#1710 = CARTESIAN_POINT ( 'NONE',  ( -1.265181883534667318, 3.233265427034474282, 14.91284545857223698 ) ) ;
#1711 = EDGE_CURVE ( 'NONE', #1638, #3797, #2506, .T. ) ;
#1712 = CARTESIAN_POINT ( 'NONE',  ( -3.345627708242004061, -0.6230337832796309927, 19.83603045073262194 ) ) ;
#1713 = CARTESIAN_POINT ( 'NONE',  ( 7.488560278101077592E-16, -4.076582343749999282, 25.97187500170697660 ) ) ;
#1714 = DIRECTION ( 'NONE',  ( 1.224646799147353207E-16, 1.000000000000000000, -0.000000000000000000 ) ) ;
#1715 = CARTESIAN_POINT ( 'NONE',  ( 15.00000000000000000, 10.57255202858561205, 25.66732585483139673 ) ) ;
#1716 = CARTESIAN_POINT ( 'NONE',  ( 2.869382101975002097, -1.845174388267167842, 25.30668276126261418 ) ) ;
#1717 = CARTESIAN_POINT ( 'NONE',  ( -0.8495639130246495085, 3.292151651811044744, 15.78710809767599699 ) ) ;
#1718 = CARTESIAN_POINT ( 'NONE',  ( -4.076582343749999282, 0.000000000000000000, 18.00312500170704411 ) ) ;
#1719 = CARTESIAN_POINT ( 'NONE',  ( -1.471532570998852485, -3.065183630775965451, 18.77317353106193210 ) ) ;
#1720 = CARTESIAN_POINT ( 'NONE',  ( 2.882579019330973491, 2.882579019330973935, 17.53437500170698016 ) ) ;
#1721 = CARTESIAN_POINT ( 'NONE',  ( 1.655603628371085323, 2.970206936253315444, 18.13602461955738221 ) ) ;
#1722 = CARTESIAN_POINT ( 'NONE',  ( -1.142401869157750660, -3.202595218306309555, 15.04459787654889169 ) ) ;
#1723 = CARTESIAN_POINT ( 'NONE',  ( -3.361279180807351441, 0.5142544126936533511, 19.77066169125652095 ) ) ;
#1724 = CARTESIAN_POINT ( 'NONE',  ( -2.058994091030584173, 2.705651508669841832, 20.86768443873085133 ) ) ;
#1725 = CARTESIAN_POINT ( 'NONE',  ( 2.809887343135529569, 1.914297148147577454, 23.04475255218074281 ) ) ;
#1726 = CARTESIAN_POINT ( 'NONE',  ( -2.882579019330973935, 2.882579019330973935, 16.75312500170697660 ) ) ;
#1727 = CARTESIAN_POINT ( 'NONE',  ( -2.882579019330973047, -2.882579019330974379, 14.40937500170697660 ) ) ;
#1728 = FILL_AREA_STYLE ('',( #3931 ) ) ;
#1729 = FACE_OUTER_BOUND ( 'NONE', #3704, .T. ) ;
#1730 = EDGE_LOOP ( 'NONE', ( #3071, #4390, #549, #3726 ) ) ;
#1731 = CARTESIAN_POINT ( 'NONE',  ( -1.688575694911948810, 4.076582343749999282, 25.26875000170697660 ) ) ;
#1732 = CARTESIAN_POINT ( 'NONE',  ( -0.2503687823757618225, -3.390924067258107133, 17.59840186568156284 ) ) ;
#1733 = CYLINDRICAL_SURFACE ( 'NONE', #1147, 3.399999999999999911 ) ;
#1734 = ORIENTED_EDGE ( 'NONE', *, *, #4582, .T. ) ;
#1735 = CARTESIAN_POINT ( 'NONE',  ( 3.572473896496404677, 0.9071689284768706951, 14.69868681123815968 ) ) ;
#1736 = CARTESIAN_POINT ( 'NONE',  ( -3.399999998543689284, -0.05470688586539611958, 19.80293327779321189 ) ) ;
#1737 = CARTESIAN_POINT ( 'NONE',  ( -1.408326112068523317, 3.400000000000000355, 18.31562499999998295 ) ) ;
#1738 = CARTESIAN_POINT ( 'NONE',  ( -3.399999999997444622, -2.884600149732287823E-06, 17.61255345252320481 ) ) ;
#1739 = CARTESIAN_POINT ( 'NONE',  ( -2.404163056034260837, -2.404163056034261725, 19.01875000341396671 ) ) ;
#1740 = CARTESIAN_POINT ( 'NONE',  ( 15.00000000000000178, 12.87279600121093814, 23.53592778350182257 ) ) ;
#1741 = CARTESIAN_POINT ( 'NONE',  ( 2.967983673256854527, -1.695428299046557674, 25.31340487499464231 ) ) ;
#1742 = CARTESIAN_POINT ( 'NONE',  ( -3.325779506574630506, 0.7710713308154037993, 16.00518439990789332 ) ) ;
#1743 = ADVANCED_FACE ( 'NONE', ( #769 ), #3630, .T. ) ;
#1744 = CARTESIAN_POINT ( 'NONE',  ( -2.882579019330973047, -2.882579019330974379, 16.90937500170704055 ) ) ;
#1745 = CARTESIAN_POINT ( 'NONE',  ( 7.488560278101077592E-16, -4.076582343749999282, 14.56562500170697660 ) ) ;
#1746 = CARTESIAN_POINT ( 'NONE',  ( -4.076582343749999282, 0.000000000000000000, 14.30341765624999795 ) ) ;
#1747 = CARTESIAN_POINT ( 'NONE',  ( 0.2210499577816007755, 3.396010647396925819, 18.22492334307943906 ) ) ;
#1748 = CARTESIAN_POINT ( 'NONE',  ( -2.090771955692082074, -2.681170011262155484, 14.98000000000000931 ) ) ;
#1749 = CARTESIAN_POINT ( 'NONE',  ( -3.394713928141178449, 0.2188374535608658411, 19.78749609935922749 ) ) ;
#1750 = CARTESIAN_POINT ( 'NONE',  ( 0.5957469931091600168, 3.347554349812463581, 20.70324948496731210 ) ) ;
#1751 = CARTESIAN_POINT ( 'NONE',  ( 2.933982261067196173, 1.720046065650975287, 23.03100474853427926 ) ) ;
#1752 = CARTESIAN_POINT ( 'NONE',  ( 4.076582343749999282, 4.992373518734052056E-16, 16.28437500170698016 ) ) ;
#1753 = CARTESIAN_POINT ( 'NONE',  ( 1.688575694911950809, -4.076582343749998394, 17.14375000170698371 ) ) ;
#1754 = CARTESIAN_POINT ( 'NONE',  ( -0.2077827305684265269, -3.393645294291744996, 22.60083451482472583 ) ) ;
#1755 = DIRECTION ( 'NONE',  ( -0.000000000000000000, -0.000000000000000000, 1.000000000000000000 ) ) ;
#1756 = EDGE_LOOP ( 'NONE', ( #4346, #2879, #1734, #1809 ) ) ;
#1757 = AXIS2_PLACEMENT_3D ( 'NONE', #3446, #3422, #4499 ) ;
#1758 = CARTESIAN_POINT ( 'NONE',  ( 4.076582343749999282, 1.688575694911949254, 22.45625000170698016 ) ) ;
#1759 = CARTESIAN_POINT ( 'NONE',  ( -0.7550699612665373595, -3.315682422615966907, 17.56867479821771738 ) ) ;
#1760 = AXIS2_PLACEMENT_3D ( 'NONE', #2034, #3507, #580 ) ;
#1761 = ORIENTED_EDGE ( 'NONE', *, *, #3928, .T. ) ;
#1762 = CARTESIAN_POINT ( 'NONE',  ( -15.00000000000000178, -9.666393406790067644, 25.98653347947320924 ) ) ;
#1763 = VECTOR ( 'NONE', #4468, 1000.000000000000000 ) ;
#1764 = CARTESIAN_POINT ( 'NONE',  ( -3.400000000000000355, 1.408326112068523095, 19.72187499999998295 ) ) ;
#1765 = CARTESIAN_POINT ( 'NONE',  ( -15.00000000000000533, -6.497316205402555056, 26.81462299377376013 ) ) ;
#1766 = CARTESIAN_POINT ( 'NONE',  ( -3.253567991158452521, -0.9870723531619564062, 21.10812121857340884 ) ) ;
#1767 = CARTESIAN_POINT ( 'NONE',  ( 14.99999999999999822, 13.05060478618170627, 22.91829429555151521 ) ) ;
#1768 = CARTESIAN_POINT ( 'NONE',  ( 3.384966666339746855, -0.7085106488194401475, 25.35374283381704430 ) ) ;
#1769 = CIRCLE ( 'NONE', #774, 7.500000000000000000 ) ;
#1770 = CARTESIAN_POINT ( 'NONE',  ( -0.8438806003893568608, 3.293612263410576890, 15.78675811359167547 ) ) ;
#1771 = CARTESIAN_POINT ( 'NONE',  ( -1.688575694911948810, 4.076582343749999282, 20.26875000170704055 ) ) ;
#1772 = CARTESIAN_POINT ( 'NONE',  ( -3.381178786467604613, 0.3572684609452949633, 17.27975567271554880 ) ) ;
#1773 = CARTESIAN_POINT ( 'NONE',  ( 1.688575694911948366, 4.076582343749999282, 16.36250000170697660 ) ) ;
#1774 = CARTESIAN_POINT ( 'NONE',  ( 15.00000000000000000, 1.642702875346891966, 27.35502208301953431 ) ) ;
#1775 = CARTESIAN_POINT ( 'NONE',  ( -0.1587223091334976077, 3.396294505809442921, 18.24639007229763266 ) ) ;
#1776 = CARTESIAN_POINT ( 'NONE',  ( -2.557740770125858543, 2.240083169475545422, 22.15638117417790909 ) ) ;
#1777 = CARTESIAN_POINT ( 'NONE',  ( -3.382827396849500179, 0.3413584196177902319, 19.78062780486773065 ) ) ;
#1778 = CARTESIAN_POINT ( 'NONE',  ( 3.385561223243907847, 0.3177926367869043922, 20.44285961296919396 ) ) ;
#1779 = CARTESIAN_POINT ( 'NONE',  ( -0.03730384805946976995, 3.400185542579414744, 23.23954506489592120 ) ) ;
#1780 = CARTESIAN_POINT ( 'NONE',  ( -2.496186759367026028E-16, 4.076582343749999282, 19.09687500170697660 ) ) ;
#1781 = CARTESIAN_POINT ( 'NONE',  ( -2.496186759367026028E-16, 4.076582343749999282, 13.94062500170697660 ) ) ;
#1782 = CARTESIAN_POINT ( 'NONE',  ( -2.235078373053079215, -2.564778015414928891, 22.46931304503454285 ) ) ;
#1783 = CARTESIAN_POINT ( 'NONE',  ( -2.404163056034261725, 2.404163056034261725, 16.20625000341397026 ) ) ;
#1784 = ORIENTED_EDGE ( 'NONE', *, *, #1889, .T. ) ;
#1785 = CARTESIAN_POINT ( 'NONE',  ( -1.688575694911949698, -4.076582343749998394, 23.23750000170697660 ) ) ;
#1786 = CARTESIAN_POINT ( 'NONE',  ( -1.445386668230283389, -3.081123431504142918, 17.52526120083586392 ) ) ;
#1787 = CARTESIAN_POINT ( 'NONE',  ( -2.882579019330956616, 2.882579019330956616, 23.00312500170699437 ) ) ;
#1788 = EDGE_LOOP ( 'NONE', ( #730, #159, #2444, #4083, #4483, #2071 ) ) ;
#1789 = CARTESIAN_POINT ( 'NONE',  ( 1.408326112068525537, -3.399999999999999023, 16.44062499999998295 ) ) ;
#1790 = CARTESIAN_POINT ( 'NONE',  ( -4.076582343749999282, 1.688575694911948588, 23.08125000170698371 ) ) ;
#1791 = CARTESIAN_POINT ( 'NONE',  ( -0.1559294948079592846, -3.396447425831956579, 17.60377040924699088 ) ) ;
#1792 = CARTESIAN_POINT ( 'NONE',  ( -1.467134400414002560, -3.067237636021134417, 16.27346495505194923 ) ) ;
#1793 = CARTESIAN_POINT ( 'NONE',  ( -2.113044856708337971, 2.663839474614802416, 15.87152995563099012 ) ) ;
#1794 = CARTESIAN_POINT ( 'NONE',  ( 4.076582343749999282, 1.688575694911949254, 17.45625000170704411 ) ) ;
#1795 = CARTESIAN_POINT ( 'NONE',  ( 2.035471950662974372, 2.725903856425709648, 18.10895342379807360 ) ) ;
#1796 = MANIFOLD_SOLID_BREP ( '\X2\0411043e0431044b0448043a0430\X0\-\X2\0412044b0442044f043d04430442044c\X0\9', #2470 ) ;
#1797 = CARTESIAN_POINT ( 'NONE',  ( -2.139379920582473282, 2.642688582172337153, 19.62344670176857520 ) ) ;
#1798 = CARTESIAN_POINT ( 'NONE',  ( 3.399885083166657829, 0.03016879231345190662, 20.42667500709881168 ) ) ;
#1799 = CARTESIAN_POINT ( 'NONE',  ( 3.399999999602449030, 0.1775089248484451598, 22.93484711371129947 ) ) ;
#1800 = B_SPLINE_CURVE_WITH_KNOTS ( 'NONE', 3,
 ( #2302, #3103, #4552, #4149, #4488, #3482, #4226, #1930, #1955, #3773, #1567, #3408, #90, #1205, #923, #554, #851, #3433, #2708, #3527, #1350, #2831, #552, #3193, #2027, #3501, #1402, #3602, #1326, #4700, #649, #211, #624, #1686 ),
 .UNSPECIFIED., .F., .F.,
 ( 4, 2, 2, 2, 2, 2, 2, 2, 2, 2, 2, 2, 2, 2, 2, 2, 4 ),
 ( 0.006321054901520871405, 0.007039951915280088721, 0.007758848929039306036, 0.008477745942798523351, 0.009196642956557740667, 0.009915539970316957982, 0.01063443698407617530, 0.01135333399783539435, 0.01207223101159461166, 0.01279112802535382898, 0.01351002503911304976, 0.01422892205287226708, 0.01494781906663148613, 0.01566671608039070518, 0.01638561309414992423, 0.01710451010790914328, 0.01782340712166836233 ),
 .UNSPECIFIED. ) ;
#1801 = CARTESIAN_POINT ( 'NONE',  ( -1.688575694911948810, 4.076582343749999282, 19.17500000170698016 ) ) ;
#1802 = CARTESIAN_POINT ( 'NONE',  ( 1.094855981338842321, -3.226715425389355296, 22.67754658628090070 ) ) ;
#1803 = CARTESIAN_POINT ( 'NONE',  ( -15.00000000000000000, 1.643106623519407616, 27.35502208301952720 ) ) ;
#1804 = ORIENTED_EDGE ( 'NONE', *, *, #1043, .T. ) ;
#1805 = EDGE_CURVE ( 'NONE', #3797, #3655, #1163, .T. ) ;
#1806 = CARTESIAN_POINT ( 'NONE',  ( -1.688575694911948810, 4.076582343749999282, 20.26875000170697660 ) ) ;
#1807 = CARTESIAN_POINT ( 'NONE',  ( -1.283838877485963037, -3.154905734914212889, 17.53579137387560749 ) ) ;
#1808 = CARTESIAN_POINT ( 'NONE',  ( -4.076582343749974413, -1.688575694911941039, 25.73750000170698726 ) ) ;
#1809 = ORIENTED_EDGE ( 'NONE', *, *, #1590, .F. ) ;
#1810 = CARTESIAN_POINT ( 'NONE',  ( 3.400000000000000355, 1.408326112068523539, 19.25312499999998295 ) ) ;
#1811 = CARTESIAN_POINT ( 'NONE',  ( -2.496186759367026028E-16, 4.076582343749999282, 24.09687500170698016 ) ) ;
#1812 = CARTESIAN_POINT ( 'NONE',  ( 3.399665919742417053, -0.04924368459754822208, 17.92226018243981400 ) ) ;
#1813 = CARTESIAN_POINT ( 'NONE',  ( -2.616942628591235387, -2.170892104358040697, 16.18846372470409989 ) ) ;
#1814 = CARTESIAN_POINT ( 'NONE',  ( 2.785554424624435033, 1.949567354894736537, 15.54726833184441226 ) ) ;
#1815 = CARTESIAN_POINT ( 'NONE',  ( -1.688575694911948810, 4.076582343749999282, 15.26875000170704233 ) ) ;
#1816 = CARTESIAN_POINT ( 'NONE',  ( -3.400000000000000355, 1.408326112068523095, 25.03437500341396671 ) ) ;
#1817 = LINE ( 'NONE', #1114, #1674 ) ;
#1818 = DIRECTION ( 'NONE',  ( 1.000000000000000000, 0.000000000000000000, 0.000000000000000000 ) ) ;
#1819 = CARTESIAN_POINT ( 'NONE',  ( 2.284860841505986784, 2.518094388980930187, 19.34050343555109563 ) ) ;
#1820 = CARTESIAN_POINT ( 'NONE',  ( -15.00000000000000178, 12.56431257825629721, 24.10060542299581954 ) ) ;
#1821 = CARTESIAN_POINT ( 'NONE',  ( 2.882579019330973491, 2.882579019330973935, 23.78437500170697660 ) ) ;
#1822 = CARTESIAN_POINT ( 'NONE',  ( 3.109457493588888788, 2.655700545073059970, 13.92578008424410108 ) ) ;
#1823 = DIRECTION ( 'NONE',  ( 0.000000000000000000, 0.000000000000000000, 1.000000000000000000 ) ) ;
#1824 = CARTESIAN_POINT ( 'NONE',  ( -2.979930307504583986, -1.637740103020154603, 22.40050196621502465 ) ) ;
#1825 = CARTESIAN_POINT ( 'NONE',  ( -15.00000000000000178, 1.836970198652850707E-15, 27.35502208301953075 ) ) ;
#1826 = ORIENTED_EDGE ( 'NONE', *, *, #1880, .F. ) ;
#1827 = CARTESIAN_POINT ( 'NONE',  ( 2.921175035817542565, 1.743989460872912955, 16.78263776487743897 ) ) ;
#1828 = CARTESIAN_POINT ( 'NONE',  ( -4.076582343749998394, -1.688575694911951253, 19.33125000170697660 ) ) ;
#1829 = CYLINDRICAL_SURFACE ( 'NONE', #3163, 3.399999999999999911 ) ;
#1830 = CARTESIAN_POINT ( 'NONE',  ( 4.076582343749976189, -1.688575694911937930, 22.45625000170699792 ) ) ;
#1831 = ORIENTED_EDGE ( 'NONE', *, *, #2260, .F. ) ;
#1832 = ADVANCED_FACE ( 'NONE', ( #1261 ), #3057, .F. ) ;
#1834 = CARTESIAN_POINT ( 'NONE',  ( 2.404163056034261281, 2.404163056034261725, 15.58124999999998472 ) ) ;
#1833 = AXIS2_PLACEMENT_3D ( 'NONE', #2005, #3844, #3102 ) ;
#1835 = CARTESIAN_POINT ( 'NONE',  ( -2.882579019330973047, -2.882579019330974379, 22.06562500170697660 ) ) ;
#1836 = CARTESIAN_POINT ( 'NONE',  ( 2.002934505734408344, -2.750007840651192303, 17.73854076967990423 ) ) ;
#1837 = CARTESIAN_POINT ( 'NONE',  ( 3.400000000000000355, 1.408326112068523539, 21.75312499999998650 ) ) ;
#1838 = CARTESIAN_POINT ( 'NONE',  ( -0.1962364751890866565, -3.394345764915225327, 16.35148343617331790 ) ) ;
#1839 = CARTESIAN_POINT ( 'NONE',  ( 0.5267622181703924822, 3.358953828023662158, 15.70733547468030089 ) ) ;
#1840 = CARTESIAN_POINT ( 'NONE',  ( 4.076582343750000170, -1.688575694911947922, 14.80000000170704055 ) ) ;
#1841 = AXIS2_PLACEMENT_3D ( 'NONE', #4360, #2113, #1699 ) ;
#1842 = DIRECTION ( 'NONE',  ( 0.000000000000000000, 0.000000000000000000, 1.000000000000000000 ) ) ;
#1843 = CARTESIAN_POINT ( 'NONE',  ( -2.202428448515351800, 2.590289905410225746, 24.62831842159680917 ) ) ;
#1844 = CARTESIAN_POINT ( 'NONE',  ( -2.112695525824824561, 2.664113589858914999, 19.62151648830111128 ) ) ;
#1845 = CARTESIAN_POINT ( 'NONE',  ( -3.399991899638264314, 1.408334212430258914, 25.03437436792764359 ) ) ;
#1846 = CARTESIAN_POINT ( 'NONE',  ( -2.882579019330973935, 2.882579019330973935, 26.59687500170697660 ) ) ;
#1847 = CARTESIAN_POINT ( 'NONE',  ( 3.399999999999999911, 7.614758780588827093E-09, 22.92500000042342734 ) ) ;
#1848 = CARTESIAN_POINT ( 'NONE',  ( 3.330266849170399723, -0.6945214257096912203, 20.38480782861782714 ) ) ;
#1849 = CARTESIAN_POINT ( 'NONE',  ( -3.385972830860864757, -0.3085348664440772382, 22.31743825239291468 ) ) ;
#1850 = DIRECTION ( 'NONE',  ( -0.000000000000000000, -0.000000000000000000, -1.000000000000000000 ) ) ;
#1851 = ADVANCED_FACE ( 'NONE', ( #1312 ), #170, .F. ) ;
#1852 = CARTESIAN_POINT ( 'NONE',  ( -2.590075340858983388, -2.202614428939007496, 18.69079680593142356 ) ) ;
#1853 = CARTESIAN_POINT ( 'NONE',  ( -2.882579019330973047, -2.882579019330974379, 21.90937500170697660 ) ) ;
#1854 = CARTESIAN_POINT ( 'NONE',  ( -3.702893278637339858, -1.307480124127440080, 25.81812286791553390 ) ) ;
#1855 = CARTESIAN_POINT ( 'NONE',  ( 1.688575694911940817, -4.076582343749974413, 22.30000000170699082 ) ) ;
#1856 = ORIENTED_EDGE ( 'NONE', *, *, #4645, .F. ) ;
#1857 = CARTESIAN_POINT ( 'NONE',  ( 1.408326112068525537, -3.399999999999999023, 15.19062499999998295 ) ) ;
#1858 = CARTESIAN_POINT ( 'NONE',  ( 4.076582343750000170, -1.688575694911947922, 24.95625000170697660 ) ) ;
#1859 = CARTESIAN_POINT ( 'NONE',  ( 1.094621692295931981, -3.226797320568661309, 17.67754147142172272 ) ) ;
#1860 = CARTESIAN_POINT ( 'NONE',  ( -2.081899558550500280E-16, 3.399999999999999911, 21.98749999999998295 ) ) ;
#1861 = CARTESIAN_POINT ( 'NONE',  ( -1.593677928795393273, -3.003531319709972447, 16.26498438221689824 ) ) ;
#1862 = CARTESIAN_POINT ( 'NONE',  ( 2.710315284342206255, 2.053400934672643174, 15.55473414284286804 ) ) ;
#1863 = ADVANCED_FACE ( 'NONE', ( #95 ), #2544, .F. ) ;
#1864 = CARTESIAN_POINT ( 'NONE',  ( 3.399229255291378760, -0.07842404824586132750, 21.67062889448805407 ) ) ;
#1865 = CARTESIAN_POINT ( 'NONE',  ( -3.399999999971879294, 9.770701958635403470E-06, 25.11232265531343444 ) ) ;
#1866 = CARTESIAN_POINT ( 'NONE',  ( -1.311095224669984960, 3.137924000704506167, 24.56626912465796408 ) ) ;
#1867 = CARTESIAN_POINT ( 'NONE',  ( 1.608091483045744008, 3.010351259249218092, 19.38940356279896449 ) ) ;
#1868 = CARTESIAN_POINT ( 'NONE',  ( 3.292520999569691575, 0.8773678461952812979, 20.47651940000602977 ) ) ;
#1869 = CARTESIAN_POINT ( 'NONE',  ( 4.076582343749999282, 1.688575694911949254, 26.20625000170698016 ) ) ;
#1870 = CARTESIAN_POINT ( 'NONE',  ( 1.688575694911938152, 4.076582343749975301, 19.01875000170699082 ) ) ;
#1871 = CARTESIAN_POINT ( 'NONE',  ( 1.688575694911948366, 4.076582343749999282, 14.01875000170697660 ) ) ;
#1872 = CARTESIAN_POINT ( 'NONE',  ( 0.4448367871230285431, -3.370823106957939075, 20.13784712361771767 ) ) ;
#1873 = CARTESIAN_POINT ( 'NONE',  ( 3.081874498213226232, -2.221017357281393156, 14.58843633238170057 ) ) ;
#1874 = DIRECTION ( 'NONE',  ( 0.000000000000000000, 0.000000000000000000, 1.000000000000000000 ) ) ;
#1875 = CARTESIAN_POINT ( 'NONE',  ( -2.139511898555745972, -2.642475349521943073, 18.72640591129274057 ) ) ;
#1876 = CARTESIAN_POINT ( 'NONE',  ( 2.283440221107683410, 2.519372833287161662, 16.84060956444948332 ) ) ;
#1877 = CARTESIAN_POINT ( 'NONE',  ( 1.408326112068525537, -3.399999999999999023, 21.75312500341397026 ) ) ;
#1878 = CARTESIAN_POINT ( 'NONE',  ( 4.076582343749976189, -1.688575694911937930, 21.20625000170698726 ) ) ;
#1879 = EDGE_LOOP ( 'NONE', ( #1081, #2372, #1403, #2853 ) ) ;
#1880 = EDGE_CURVE ( 'NONE', #3678, #1298, #4396, .T. ) ;
#1881 = CARTESIAN_POINT ( 'NONE',  ( 4.076582343749999282, 1.688575694911949254, 21.36250000170698371 ) ) ;
#1882 = CARTESIAN_POINT ( 'NONE',  ( 0.4613714206707489329, -3.368579189599109291, 17.63884669284426110 ) ) ;
#1883 = CARTESIAN_POINT ( 'NONE',  ( -2.584991677487228579, -2.208578892250708581, 16.19124882093317552 ) ) ;
#1884 = CARTESIAN_POINT ( 'NONE',  ( 3.400000010062003586, 0.002735162837508531460, 15.42515219780337610 ) ) ;
#1885 = CARTESIAN_POINT ( 'NONE',  ( 4.076582343750000170, -1.688575694911947922, 16.05000000170704411 ) ) ;
#1886 = CARTESIAN_POINT ( 'NONE',  ( 2.404163056034261725, -2.404163056034261281, 25.58125000341396671 ) ) ;
#1887 = CARTESIAN_POINT ( 'NONE',  ( -2.681169974946655099, 2.090772002262454077, 14.97999999999610310 ) ) ;
#1888 = CARTESIAN_POINT ( 'NONE',  ( -3.375778555975606388, 0.4053875491365788730, 24.77699013650858006 ) ) ;
#1889 = EDGE_CURVE ( 'NONE', #916, #42, #2912, .T. ) ;
#1890 = CARTESIAN_POINT ( 'NONE',  ( 3.257551324297536244, 1.017862943837246847, 19.23475468581114356 ) ) ;
#1891 = CARTESIAN_POINT ( 'NONE',  ( -1.408326112068523983, -3.399999999999999467, 26.28437499999998295 ) ) ;
#1892 = DIRECTION ( 'NONE',  ( 1.000000000000000000, 0.000000000000000000, 0.000000000000000000 ) ) ;
#1893 = DIRECTION ( 'NONE',  ( 1.000000000000000000, 0.000000000000000000, 0.000000000000000000 ) ) ;
#1894 = CARTESIAN_POINT ( 'NONE',  ( 14.99999999999999822, 9.767804256842985922, 25.95470053837924951 ) ) ;
#1895 = CARTESIAN_POINT ( 'NONE',  ( -2.576903335143816864, 2.218043442559129996, 17.15804444393889483 ) ) ;
#1896 = CARTESIAN_POINT ( 'NONE',  ( -3.399999998557809544, -0.05470633048826089445, 18.55293230411639627 ) ) ;
#1897 = CARTESIAN_POINT ( 'NONE',  ( -2.074947969424849603, 2.693470102259001298, 20.86879868217364731 ) ) ;
#1898 = LINE ( 'NONE', #4437, #765 ) ;
#1899 = CARTESIAN_POINT ( 'NONE',  ( 1.408326112068525537, -3.399999999999999023, 18.00312500341396671 ) ) ;
#1900 = ORIENTED_EDGE ( 'NONE', *, *, #4749, .F. ) ;
#1901 = CARTESIAN_POINT ( 'NONE',  ( -3.400000000000000355, 1.408326112068523095, 14.72187499999998117 ) ) ;
#1902 = CARTESIAN_POINT ( 'NONE',  ( 2.882579019330973491, 2.882579019330973935, 20.19062500170698016 ) ) ;
#1903 = DIRECTION ( 'NONE',  ( -0.7071067811865477948, 8.659560562354936556E-17, 0.7071067811865473507 ) ) ;
#1904 = CARTESIAN_POINT ( 'NONE',  ( 0.5891009164966323208, 3.348781762501919168, 15.70364810682720780 ) ) ;
#1905 = VECTOR ( 'NONE', #1571, 1000.000000000000000 ) ;
#1906 = CARTESIAN_POINT ( 'NONE',  ( -2.882579019330955727, -2.882579019330957060, 18.31562500170699082 ) ) ;
#1907 = CARTESIAN_POINT ( 'NONE',  ( 2.711739661003966351, -2.052254880804593284, 21.54533586690937952 ) ) ;
#1908 = CARTESIAN_POINT ( 'NONE',  ( 2.089985296383120250, -2.683681355095219878, 23.99479181530838900 ) ) ;
#1909 = AXIS2_PLACEMENT_3D ( 'NONE', #872, #2351, #1641 ) ;
#1910 = CARTESIAN_POINT ( 'NONE',  ( -2.234893928185957890, 2.562283285021756729, 24.63071260902723836 ) ) ;
#1911 = CONICAL_SURFACE ( 'NONE', #2307, 3.399999999999999911, 0.7853981633974485010 ) ;
#1912 = CARTESIAN_POINT ( 'NONE',  ( 1.046017357220906385, 3.235543024684261137, 19.42566707113309121 ) ) ;
#1913 = CARTESIAN_POINT ( 'NONE',  ( -1.408326112068523317, 3.400000000000000355, 25.81562499999998295 ) ) ;
#1914 = CARTESIAN_POINT ( 'NONE',  ( 2.882579019330973491, 2.882579019330973935, 21.28437500170697660 ) ) ;
#1915 = CARTESIAN_POINT ( 'NONE',  ( -2.882579019330955727, -2.882579019330957060, 19.56562500170699082 ) ) ;
#1916 = CARTESIAN_POINT ( 'NONE',  ( -3.399999999998726707, 2.055228117049937317E-06, 23.86246227082015992 ) ) ;
#1917 = CARTESIAN_POINT ( 'NONE',  ( 0.2475408412268638725, -3.393300009970597664, 20.12638152477874343 ) ) ;
#1918 = CARTESIAN_POINT ( 'NONE',  ( 3.258127781005303980, -0.9724066206048309624, 15.36779665236408654 ) ) ;
#1919 = EDGE_CURVE ( 'NONE', #3672, #4171, #1520, .T. ) ;
#1920 = CARTESIAN_POINT ( 'NONE',  ( -3.209781127486115881, 1.124321617722684019, 17.23326365490542855 ) ) ;
#1921 = CARTESIAN_POINT ( 'NONE',  ( 2.614167073864803736, -2.185544824979338774, 25.28593862470413001 ) ) ;
#1922 = CARTESIAN_POINT ( 'NONE',  ( -3.356638039087123548, 0.5512739487115927428, 21.01824468509558486 ) ) ;
#1923 =( BOUNDED_CURVE ( )  B_SPLINE_CURVE ( 2, ( #113, #4127, #4576, #1954, #3432, #4506, #823, #1204, #2279 ),
 .UNSPECIFIED., .F., .T. ) 
 B_SPLINE_CURVE_WITH_KNOTS ( ( 3, 2, 2, 2, 3 ),
 ( 0.4807548796838704286, 0.4927736753409509562, 0.5047925454712181015, 0.5168114156014852467, 0.5288303128602463987 ),
 .UNSPECIFIED. ) 
 CURVE ( )  GEOMETRIC_REPRESENTATION_ITEM ( )  RATIONAL_B_SPLINE_CURVE ( ( 0.9999990566669592074, 0.9238800041807297969, 1.000000000000000000, 0.9238795325112867385, 1.000000000000000000, 0.9238795325112867385, 1.000000000000000000, 0.9238795325112867385, 1.000000000000000000 ) ) 
 REPRESENTATION_ITEM ( '' )  );
#1924 = DIRECTION ( 'NONE',  ( -0.000000000000000000, -0.000000000000000000, 1.000000000000000000 ) ) ;
#1925 = CARTESIAN_POINT ( 'NONE',  ( -2.404163056034260837, -2.404163056034261725, 15.26875000341396849 ) ) ;
#1926 = ORIENTED_EDGE ( 'NONE', *, *, #1095, .F. ) ;
#1927 = CARTESIAN_POINT ( 'NONE',  ( -2.496186759367026028E-16, 4.076582343749999282, 26.59687500170697660 ) ) ;
#1928 = CARTESIAN_POINT ( 'NONE',  ( 2.882579019330974379, -2.882579019330973491, 19.87812500170697660 ) ) ;
#1929 = DIRECTION ( 'NONE',  ( -1.000000000000000000, 0.000000000000000000, 0.000000000000000000 ) ) ;
#1930 = CARTESIAN_POINT ( 'NONE',  ( -3.078699422697832144, 2.233195553195253424, 25.69579136828992816 ) ) ;
#1931 = CARTESIAN_POINT ( 'NONE',  ( 4.076582343749975301, 1.688575694911939040, 16.36250000170699082 ) ) ;
#1932 = CARTESIAN_POINT ( 'NONE',  ( 2.085698349512775884, -2.685127472661700043, 21.49456861636854299 ) ) ;
#1933 = CARTESIAN_POINT ( 'NONE',  ( -1.965153909060460835, -2.775079595304079216, 23.73913281144706744 ) ) ;
#1934 = CARTESIAN_POINT ( 'NONE',  ( 3.384235915718037280, 0.3397357749335147559, 24.19429167935349412 ) ) ;
#1935 = B_SPLINE_CURVE_WITH_KNOTS ( 'NONE', 3,
 ( #3559, #4278, #1767, #558, #1740, #3249, #4707, #3869, #927, #2836, #4628, #1715, #4653, #242 ),
 .UNSPECIFIED., .F., .F.,
 ( 4, 2, 2, 2, 2, 2, 4 ),
 ( 0.000000000000000000, 0.0006376448107826993700, 0.001275289621565398740, 0.002550579243130797480, 0.003188224053913494681, 0.003825868864696192750, 0.005101158486261588021 ),
 .UNSPECIFIED. ) ;
#1936 = CARTESIAN_POINT ( 'NONE',  ( 3.399999999997205702, 4.359021681925006865E-06, 19.17500024181115137 ) ) ;
#1937 = CARTESIAN_POINT ( 'NONE',  ( -2.404163056034261725, 2.404163056034261725, 27.14374999999998295 ) ) ;
#1938 = CARTESIAN_POINT ( 'NONE',  ( 2.360262081971327142, 2.447292557070376517, 21.83467649843874270 ) ) ;
#1939 = CARTESIAN_POINT ( 'NONE',  ( -1.688575694911949698, -4.076582343749998394, 19.48750000170697660 ) ) ;
#1940 = CARTESIAN_POINT ( 'NONE',  ( -2.072112661326587002, 2.695621363429696160, 18.36862827850526614 ) ) ;
#1941 = CARTESIAN_POINT ( 'NONE',  ( 3.183436614680823507, -1.195664740627114142, 15.35371839656001391 ) ) ;
#1942 = CARTESIAN_POINT ( 'NONE',  ( -0.9497780311122163699, 3.278214457640237001, 17.04312278809340242 ) ) ;
#1943 = CARTESIAN_POINT ( 'NONE',  ( -3.180471384622979070, -1.202755735123943293, 18.62172854619359441 ) ) ;
#1944 = CARTESIAN_POINT ( 'NONE',  ( 0.000000000000000000, 0.000000000000000000, 26.20000000000000284 ) ) ;
#1945 = CARTESIAN_POINT ( 'NONE',  ( -2.701014443765442419, 2.076821638590772512, 23.41874546173922766 ) ) ;
#1946 = CARTESIAN_POINT ( 'NONE',  ( 1.408326112068525537, -3.399999999999999023, 16.75312500341397026 ) ) ;
#1947 = CYLINDRICAL_SURFACE ( 'NONE', #2150, 3.399999999999999911 ) ;
#1948 = VERTEX_POINT ( 'NONE', #1159 ) ;
#1949 = EDGE_CURVE ( 'NONE', #3213, #702, #3314, .T. ) ;
#1950 = CARTESIAN_POINT ( 'NONE',  ( -3.399999999999999911, 0.000000000000000000, 14.79999999999998295 ) ) ;
#1951 = CARTESIAN_POINT ( 'NONE',  ( 2.882579019330973491, 2.882579019330973935, 17.69062500170697660 ) ) ;
#1952 = CARTESIAN_POINT ( 'NONE',  ( 1.408326112068522873, 3.400000000000000355, 22.22187500341396671 ) ) ;
#1953 = ORIENTED_EDGE ( 'NONE', *, *, #4457, .T. ) ;
#1954 = CARTESIAN_POINT ( 'NONE',  ( -1.408326112068523317, 3.400000000000000355, 19.87812500341396671 ) ) ;
#1955 = CARTESIAN_POINT ( 'NONE',  ( -2.925723454951997926, 2.418013848971497737, 25.68789273968814868 ) ) ;
#1956 = CARTESIAN_POINT ( 'NONE',  ( 1.688575694911940817, -4.076582343749974413, 16.05000000170699437 ) ) ;
#1957 = CARTESIAN_POINT ( 'NONE',  ( 1.879923922464663333, -2.835388387191046800, 21.47975528976716930 ) ) ;
#1958 = CARTESIAN_POINT ( 'NONE',  ( -2.500878675216513969, -2.304527902945250784, 23.69829214167312514 ) ) ;
#1959 = CARTESIAN_POINT ( 'NONE',  ( 1.176371012352833700, 3.190062438272116552, 24.41741632494039749 ) ) ;
#1960 = CARTESIAN_POINT ( 'NONE',  ( 3.705468380919172855, -0.4688191667468197266, 14.65241767823074071 ) ) ;
#1961 = CARTESIAN_POINT ( 'NONE',  ( 4.076582343750000170, -1.688575694911947922, 23.55000000170704055 ) ) ;
#1962 = CARTESIAN_POINT ( 'NONE',  ( 2.404163056034261725, -2.404163056034261281, 25.26874999999998650 ) ) ;
#1963 = CARTESIAN_POINT ( 'NONE',  ( 2.549079020371914694, -2.259643167657834795, 19.03037122268823111 ) ) ;
#1964 = CARTESIAN_POINT ( 'NONE',  ( -4.076582343749999282, 1.688575694911948588, 19.17500000170698016 ) ) ;
#1965 = CARTESIAN_POINT ( 'NONE',  ( -2.900618986113574493, 1.775313870769124058, 18.44004581396826836 ) ) ;
#1966 = CARTESIAN_POINT ( 'NONE',  ( 1.534635767465497569, -3.034614329431875923, 15.20603482509291382 ) ) ;
#1967 = CARTESIAN_POINT ( 'NONE',  ( -0.01582716789517073230, 3.400090009604129104, 16.98829959796290012 ) ) ;
#1968 = CARTESIAN_POINT ( 'NONE',  ( -2.121867206199977041, -2.656629462911585637, 24.97771133721029102 ) ) ;
#1969 = CARTESIAN_POINT ( 'NONE',  ( 7.500000000000000000, 9.184850993605147944E-16, 20.00000000000000000 ) ) ;
#1970 = CARTESIAN_POINT ( 'NONE',  ( -0.1826610191265079786, 3.395238596188602020, 21.99774626692927981 ) ) ;
#1971 = CARTESIAN_POINT ( 'NONE',  ( -3.394618115936291591, 0.2208102615106988242, 23.53733638278066564 ) ) ;
#1972 = CARTESIAN_POINT ( 'NONE',  ( -4.076582343749998394, -1.688575694911951253, 21.98750000170698016 ) ) ;
#1973 = CARTESIAN_POINT ( 'NONE',  ( 2.404163056034261725, -2.404163056034261281, 15.58125000341396671 ) ) ;
#1974 = DIRECTION ( 'NONE',  ( 0.000000000000000000, 0.000000000000000000, -1.000000000000000000 ) ) ;
#1975 = EDGE_LOOP ( 'NONE', ( #625, #3070, #2346, #1449, #4143, #3987, #1042, #4575, #1276, #2001, #4596, #2402, #4057, #4524, #2202, #4672, #3579, #797, #2806, #4417, #3821, #1826 ) ) ;
#1976 = CARTESIAN_POINT ( 'NONE',  ( -1.688575694911949698, -4.076582343749998394, 18.39375000170697660 ) ) ;
#1977 = VERTEX_POINT ( 'NONE', #2184 ) ;
#1978 = CARTESIAN_POINT ( 'NONE',  ( 1.408326112068525537, -3.399999999999999023, 15.50312500341397026 ) ) ;
#1979 = CARTESIAN_POINT ( 'NONE',  ( 7.488560278101032232E-16, -4.076582343749975301, 14.72187500170699082 ) ) ;
#1980 = CARTESIAN_POINT ( 'NONE',  ( -0.02129719644414393778, -3.400540804964704122, 21.36143172978630389 ) ) ;
#1981 = CARTESIAN_POINT ( 'NONE',  ( -1.561948119109508593, -3.019997673278835837, 23.76712148821224346 ) ) ;
#1982 = DIRECTION ( 'NONE',  ( 0.000000000000000000, 0.000000000000000000, 1.000000000000000000 ) ) ;
#1983 = CARTESIAN_POINT ( 'NONE',  ( 3.712232486472518467, -2.237298555768429365E-11, 14.66776751352748676 ) ) ;
#1984 = VECTOR ( 'NONE', #1099, 1000.000000000000000 ) ;
#1985 = CARTESIAN_POINT ( 'NONE',  ( -1.688575694911948810, 4.076582343749999282, 22.76875000170704055 ) ) ;
#1986 = DIRECTION ( 'NONE',  ( -0.000000000000000000, -0.000000000000000000, 1.000000000000000000 ) ) ;
#1987 = AXIS2_PLACEMENT_3D ( 'NONE', #4668, #3884, #4366 ) ;
#1988 = CARTESIAN_POINT ( 'NONE',  ( 3.399898178495511569, -0.02718100757413081936, 19.17348983134181140 ) ) ;
#1989 = CARTESIAN_POINT ( 'NONE',  ( 7.488560278101077592E-16, -4.076582343749999282, 19.56562500170697660 ) ) ;
#1990 = CARTESIAN_POINT ( 'NONE',  ( -3.014903827701766570, 1.571941189336681477, 18.45393739395238697 ) ) ;
#1991 = CARTESIAN_POINT ( 'NONE',  ( 1.868464889918260319, -2.841729384577363682, 15.22896878947238797 ) ) ;
#1992 = PRESENTATION_LAYER_ASSIGNMENT (  '', '', ( #3774 ) ) ;
#1993 = CARTESIAN_POINT ( 'NONE',  ( -2.832740693027792744, 1.888409929406422272, 17.18242205719961646 ) ) ;
#1994 = CARTESIAN_POINT ( 'NONE',  ( -0.2253231942778471664, -3.392529243245004267, 25.09985723726946460 ) ) ;
#1995 = CARTESIAN_POINT ( 'NONE',  ( -2.139944370061064749, 2.642233745030379666, 20.87340390552247982 ) ) ;
#1996 = CARTESIAN_POINT ( 'NONE',  ( -2.985415223959873909, 1.627956252467044784, 23.45016257340781607 ) ) ;
#1997 = CIRCLE ( 'NONE', #2382, 4.924999999999999822 ) ;
#1998 = CARTESIAN_POINT ( 'NONE',  ( -4.076582343749999282, 0.000000000000000000, 23.15937500170697660 ) ) ;
#1999 = CARTESIAN_POINT ( 'NONE',  ( 6.245698675651500839E-16, -3.399999999999999911, 15.42500000341396671 ) ) ;
#2000 = CARTESIAN_POINT ( 'NONE',  ( 14.99999999999999822, 13.07707918458857854, 20.00000000000000000 ) ) ;
#2001 = ORIENTED_EDGE ( 'NONE', *, *, #1208, .T. ) ;
#2002 = CARTESIAN_POINT ( 'NONE',  ( -4.076582343749998394, -1.688575694911951253, 18.23750000170698016 ) ) ;
#2003 = CARTESIAN_POINT ( 'NONE',  ( 3.400000000000000355, 1.408326112068523539, 20.81562500341396671 ) ) ;
#2004 = ORIENTED_EDGE ( 'NONE', *, *, #1889, .F. ) ;
#2005 = CARTESIAN_POINT ( 'NONE',  ( 0.000000000000000000, 0.000000000000000000, 13.98000000000000043 ) ) ;
#2006 = CARTESIAN_POINT ( 'NONE',  ( -2.117160756719071113, -2.660480003052324793, 21.22806053984229280 ) ) ;
#2007 = CARTESIAN_POINT ( 'NONE',  ( -1.605175412412945368, -2.997276746091230848, 23.76420232336933225 ) ) ;
#2008 = DIRECTION ( 'NONE',  ( -0.000000000000000000, -0.000000000000000000, 1.000000000000000000 ) ) ;
#2009 = CARTESIAN_POINT ( 'NONE',  ( -3.382027424819254779, 0.3491282544367486640, 16.03022094530934538 ) ) ;
#2010 = ADVANCED_FACE ( 'NONE', ( #69 ), #3661, .F. ) ;
#2011 = CARTESIAN_POINT ( 'NONE',  ( 1.688575694911950809, -4.076582343749998394, 22.14375000170704411 ) ) ;
#2012 = CARTESIAN_POINT ( 'NONE',  ( 0.2876626555478272729, -3.397193855150976383, 18.87903438645367871 ) ) ;
#2013 = CARTESIAN_POINT ( 'NONE',  ( 2.882579019330974379, -2.882579019330973491, 22.22187500170697660 ) ) ;
#2014 = CARTESIAN_POINT ( 'NONE',  ( -3.380180282562962102, 0.3666195281926810101, 18.52921412018337222 ) ) ;
#2015 = CARTESIAN_POINT ( 'NONE',  ( -1.430088704193009708, -3.088252772231727672, 20.02625219065195594 ) ) ;
#2016 = CARTESIAN_POINT ( 'NONE',  ( 3.373577215879466351, -0.5613475689516207456, 15.39322803555642594 ) ) ;
#2017 = CARTESIAN_POINT ( 'NONE',  ( -2.121318267741327812, -2.657069123053124482, 24.97775169725948530 ) ) ;
#2018 = CARTESIAN_POINT ( 'NONE',  ( -0.2596107285383003060, 3.390475901870733111, 20.75212267487463791 ) ) ;
#2019 = CARTESIAN_POINT ( 'NONE',  ( 0.2285751792651948833, 3.399721020735783750, 21.97446085759981571 ) ) ;
#2020 = CARTESIAN_POINT ( 'NONE',  ( -3.399999999991150545, 5.423796563790169066E-06, 23.54989942220438337 ) ) ;
#2021 = CARTESIAN_POINT ( 'NONE',  ( -2.882579019330973935, 2.882579019330973935, 20.50312500170698016 ) ) ;
#2022 =( NAMED_UNIT ( * ) SI_UNIT ( $, .STERADIAN. ) SOLID_ANGLE_UNIT ( ) );
#2023 = ORIENTED_EDGE ( 'NONE', *, *, #389, .F. ) ;
#2024 = EDGE_LOOP ( 'NONE', ( #3357, #4246, #1038, #3405, #3454, #849, #3145, #2587 ) ) ;
#2025 = CARTESIAN_POINT ( 'NONE',  ( -2.882579019330973935, 2.882579019330973935, 26.59687500170697660 ) ) ;
#2026 = CARTESIAN_POINT ( 'NONE',  ( -2.404163056034261725, 2.404163056034261725, 21.20625000341396671 ) ) ;
#2027 = CARTESIAN_POINT ( 'NONE',  ( 2.279581196266504239, 2.784143982485718372, 25.49034042855346627 ) ) ;
#2028 = ORIENTED_EDGE ( 'NONE', *, *, #2099, .F. ) ;
#2029 = FACE_OUTER_BOUND ( 'NONE', #1730, .T. ) ;
#2030 = CARTESIAN_POINT ( 'NONE',  ( 4.076582343749975301, 1.688575694911939040, 18.86250000170699792 ) ) ;
#2031 = CARTESIAN_POINT ( 'NONE',  ( -4.076582343749999282, 1.688575694911948588, 26.83125000170698726 ) ) ;
#2032 = CARTESIAN_POINT ( 'NONE',  ( 1.555631733978933395, -3.028141406166676486, 21.45728965197160676 ) ) ;
#2033 = CARTESIAN_POINT ( 'NONE',  ( -3.306863639431044444, -0.7937212749988145077, 23.59618606190608503 ) ) ;
#2034 = CARTESIAN_POINT ( 'NONE',  ( 0.000000000000000000, 0.000000000000000000, 13.98000000000000043 ) ) ;
#2035 = DIRECTION ( 'NONE',  ( -1.000000000000000000, 0.000000000000000000, 0.000000000000000000 ) ) ;
#2036 = CARTESIAN_POINT ( 'NONE',  ( -4.076582343749999282, 1.688575694911948588, 21.67500000170704411 ) ) ;
#2037 = CARTESIAN_POINT ( 'NONE',  ( 3.399349358362532936, -0.07084761317416343740, 19.17105153234594184 ) ) ;
#2038 = CARTESIAN_POINT ( 'NONE',  ( -1.688575694911949698, -4.076582343749998394, 15.73750000170697660 ) ) ;
#2039 = EDGE_CURVE ( 'NONE', #1059, #4367, #1800, .T. ) ;
#2040 = CARTESIAN_POINT ( 'NONE',  ( -2.702801182297583704, 2.074507985402417543, 18.41892574035791341 ) ) ;
#2041 = CARTESIAN_POINT ( 'NONE',  ( -0.4668998490038929750, -3.370245271929320108, 20.08597390091333779 ) ) ;
#2042 = CARTESIAN_POINT ( 'NONE',  ( -3.376338621712854593, 0.4007207434091941689, 22.27726842613549962 ) ) ;
#2043 = CARTESIAN_POINT ( 'NONE',  ( 2.306457365300011997, -2.498063655106474101, 25.26117208107662648 ) ) ;
#2044 = CARTESIAN_POINT ( 'NONE',  ( -0.03133602938859840481, 3.400270063684187161, 20.73920220848813045 ) ) ;
#2045 = CARTESIAN_POINT ( 'NONE',  ( -1.532094351274749133, 3.036673341172743790, 23.33083798710429946 ) ) ;
#2046 = CARTESIAN_POINT ( 'NONE',  ( 4.076582343749999282, 4.992373518734052056E-16, 20.03437500170698016 ) ) ;
#2047 = CARTESIAN_POINT ( 'NONE',  ( 2.404163056034261281, 2.404163056034261725, 13.39375000341396671 ) ) ;
#2048 = FACE_OUTER_BOUND ( 'NONE', #3148, .T. ) ;
#2049 = CARTESIAN_POINT ( 'NONE',  ( 4.076582343750000170, -1.688575694911947922, 26.05000000170698016 ) ) ;
#2050 = CARTESIAN_POINT ( 'NONE',  ( -1.688575694911939484, -4.076582343749974413, 25.89375000170699792 ) ) ;
#2051 = EDGE_LOOP ( 'NONE', ( #287, #4697, #2023, #1445 ) ) ;
#2052 = CARTESIAN_POINT ( 'NONE',  ( 2.404163056034261725, -2.404163056034261281, 16.83125000341397026 ) ) ;
#2053 = CARTESIAN_POINT ( 'NONE',  ( -2.808537521193368747, -1.917180543892929245, 19.91998405361228208 ) ) ;
#2054 = CARTESIAN_POINT ( 'NONE',  ( -3.793890159626672975, -0.2742968950323248500, 14.58610984037330915 ) ) ;
#2055 = CARTESIAN_POINT ( 'NONE',  ( -3.375467509186705239, -0.4184071583956989193, 21.07377535004665603 ) ) ;
#2056 = CARTESIAN_POINT ( 'NONE',  ( 3.399999999978680965, -1.204033202150494318E-05, 20.42499933207762197 ) ) ;
#2057 = CARTESIAN_POINT ( 'NONE',  ( 3.097784137556636619, -1.401764598358572478, 16.59029617397100864 ) ) ;
#2058 = CARTESIAN_POINT ( 'NONE',  ( -2.992337861903870078, 1.614655466692836994, 15.95105994488715417 ) ) ;
#2059 = CARTESIAN_POINT ( 'NONE',  ( 2.882579019330973491, 2.882579019330973935, 18.78437500170704411 ) ) ;
#2060 = CARTESIAN_POINT ( 'NONE',  ( 0.000000000000000000, 0.000000000000000000, 20.00000000000000000 ) ) ;
#2061 = CARTESIAN_POINT ( 'NONE',  ( -4.076582343749999282, 0.000000000000000000, 15.50312500170697838 ) ) ;
#2062 = CARTESIAN_POINT ( 'NONE',  ( 0.5266420906985193051, 3.358972665558324966, 18.20734245592919720 ) ) ;
#2063 = CARTESIAN_POINT ( 'NONE',  ( -3.379221425821101743, 0.3753789115143779664, 22.27870127751088702 ) ) ;
#2064 = CARTESIAN_POINT ( 'NONE',  ( -2.610336074284783425, -2.178566680379740106, 24.93900757769520382 ) ) ;
#2065 = CARTESIAN_POINT ( 'NONE',  ( 0.2070304264841380248, 3.396788010430987992, 20.72573295313833697 ) ) ;
#2066 = CARTESIAN_POINT ( 'NONE',  ( -0.7671826449169334428, 3.312378493632623933, 23.28207198545911538 ) ) ;
#2067 = ADVANCED_FACE ( 'NONE', ( #2447, #2097 ), #598, .F. ) ;
#2068 = CARTESIAN_POINT ( 'NONE',  ( -2.882579019330973047, -2.882579019330974379, 23.31562500170697660 ) ) ;
#2069 = CARTESIAN_POINT ( 'NONE',  ( 3.285479916336817130, -0.8772782190411361203, 22.87370347337403587 ) ) ;
#2070 = CARTESIAN_POINT ( 'NONE',  ( -3.855044975035153865, 0.3512256959020210179, 14.51289527765067788 ) ) ;
#2071 = ORIENTED_EDGE ( 'NONE', *, *, #237, .F. ) ;
#2072 = CARTESIAN_POINT ( 'NONE',  ( 4.076582343749999282, 1.688575694911949254, 15.11250000170697838 ) ) ;
#2073 = CARTESIAN_POINT ( 'NONE',  ( -2.028614497878530987, -2.728815551684962593, 17.48467512428753068 ) ) ;
#2074 = DIRECTION ( 'NONE',  ( 1.000000000000000000, 0.000000000000000000, -0.000000000000000000 ) ) ;
#2075 = ORIENTED_EDGE ( 'NONE', *, *, #3232, .F. ) ;
#2076 = CARTESIAN_POINT ( 'NONE',  ( -2.404163056034260837, -2.404163056034261725, 16.51875000341397026 ) ) ;
#2077 = CARTESIAN_POINT ( 'NONE',  ( 2.882579019330974379, -2.882579019330973491, 26.12812500170697660 ) ) ;
#2078 = CARTESIAN_POINT ( 'NONE',  ( -3.399999999995049205, -3.989330897351478677E-06, 21.36257438201332448 ) ) ;
#2079 = CARTESIAN_POINT ( 'NONE',  ( -3.269312672132528963, -0.9337710421824276796, 23.60480348151462593 ) ) ;
#2080 = CARTESIAN_POINT ( 'NONE',  ( 3.452626787535483022, -0.3589712057107322107, 25.36667635509255447 ) ) ;
#2081 = CARTESIAN_POINT ( 'NONE',  ( -1.339004163904635725, 3.126758606849445954, 15.81806692917132118 ) ) ;
#2082 = CARTESIAN_POINT ( 'NONE',  ( -1.688575694911950142, -4.076582343749998394, 18.23750000170704411 ) ) ;
#2083 = CARTESIAN_POINT ( 'NONE',  ( -1.526185390551990428, -3.038227603294887835, 18.76952412791383296 ) ) ;
#2084 = CARTESIAN_POINT ( 'NONE',  ( -2.882579019330973935, 2.882579019330973935, 16.59687500170698016 ) ) ;
#2085 = CARTESIAN_POINT ( 'NONE',  ( 2.792836909523297440, 1.939096859808243423, 18.04652010458572065 ) ) ;
#2086 = ADVANCED_FACE ( 'NONE', ( #260 ), #3924, .T. ) ;
#2087 = CARTESIAN_POINT ( 'NONE',  ( -1.572140562152872123, -3.022631198496246618, 15.01674726418542427 ) ) ;
#2088 = CARTESIAN_POINT ( 'NONE',  ( -2.741055806361031522, -2.012933949081403107, 24.92688652632370250 ) ) ;
#2089 = CARTESIAN_POINT ( 'NONE',  ( 0.8781690614705478515, 3.292304140686645564, 20.68638313638638593 ) ) ;
#2090 = CARTESIAN_POINT ( 'NONE',  ( 2.771326020758027475, 1.970009336040770220, 23.04872656904320394 ) ) ;
#2091 = CARTESIAN_POINT ( 'NONE',  ( -1.688575694911949698, -4.076582343749998394, 17.14375000170698371 ) ) ;
#2092 = CARTESIAN_POINT ( 'NONE',  ( 2.882579019330974379, -2.882579019330973491, 15.97187500170697838 ) ) ;
#2093 = CARTESIAN_POINT ( 'NONE',  ( 2.242887627028593123, -2.565228008126896775, 22.75595496591503064 ) ) ;
#2094 = CARTESIAN_POINT ( 'NONE',  ( -3.660067617042377375, 1.735353946781749590, 14.34459758488590353 ) ) ;
#2095 = ORIENTED_EDGE ( 'NONE', *, *, #4160, .F. ) ;
#2096 = CARTESIAN_POINT ( 'NONE',  ( -2.882579019330973047, -2.882579019330974379, 24.40937500170698016 ) ) ;
#2097 = FACE_OUTER_BOUND ( 'NONE', #1588, .T. ) ;
#2098 = ORIENTED_EDGE ( 'NONE', *, *, #4051, .F. ) ;
#2099 = EDGE_CURVE ( 'NONE', #4171, #4623, #1224, .T. ) ;
#2100 = LINE ( 'NONE', #3555, #3307 ) ;
#2101 = CARTESIAN_POINT ( 'NONE',  ( -2.649838803906039875, -2.131247478083952096, 19.93557366820063237 ) ) ;
#2102 = CARTESIAN_POINT ( 'NONE',  ( -4.076582343749999282, 1.688575694911948588, 25.58125000170698371 ) ) ;
#2103 = CARTESIAN_POINT ( 'NONE',  ( 1.408326112068525537, -3.399999999999999023, 19.25312500341396671 ) ) ;
#2104 = CARTESIAN_POINT ( 'NONE',  ( -3.126369765935626432, -1.345654643671165163, 23.63082686683075551 ) ) ;
#2105 = CARTESIAN_POINT ( 'NONE',  ( 3.399999999999999467, -5.132664445147163730E-08, 16.67499999715161252 ) ) ;
#2106 = CARTESIAN_POINT ( 'NONE',  ( -2.328225054080106826, 2.480231797389601756, 15.88736442400370130 ) ) ;
#2107 = APPLICATION_CONTEXT ( 'automotive_design' ) ;
#2108 = CARTESIAN_POINT ( 'NONE',  ( 2.882579019330974379, -2.882579019330973491, 17.22187500170704055 ) ) ;
#2109 = CARTESIAN_POINT ( 'NONE',  ( 4.076582343749999282, 4.992373518734052056E-16, 16.12812500170697660 ) ) ;
#2110 = CARTESIAN_POINT ( 'NONE',  ( 3.131639020548107943, 1.327042794393498149, 18.00471911794112501 ) ) ;
#2111 = B_SPLINE_CURVE_WITH_KNOTS ( 'NONE', 3,
 ( #2163, #2869, #4336, #1671 ),
 .UNSPECIFIED., .F., .F.,
 ( 4, 4 ),
 ( 0.002171771639394327706, 0.003220501172627368309 ),
 .UNSPECIFIED. ) ;
#2112 = CYLINDRICAL_SURFACE ( 'NONE', #135, 19.89999999999999858 ) ;
#2113 = DIRECTION ( 'NONE',  ( 0.000000000000000000, 0.000000000000000000, -1.000000000000000000 ) ) ;
#2114 = CARTESIAN_POINT ( 'NONE',  ( -0.2092803545278228150, 3.393901975141074168, 20.74925022747807901 ) ) ;
#2115 = CARTESIAN_POINT ( 'NONE',  ( 1.508093502929118257, 3.049304618462668426, 23.14613704892419932 ) ) ;
#2116 = CARTESIAN_POINT ( 'NONE',  ( -2.882579019330973047, -2.882579019330974379, 17.06562500170697660 ) ) ;
#2117 = CARTESIAN_POINT ( 'NONE',  ( 4.076582343749999282, 4.992373518734052056E-16, 16.12812500170697660 ) ) ;
#2118 = CARTESIAN_POINT ( 'NONE',  ( -2.081899558550500280E-16, 3.399999999999999911, 13.55000000341396671 ) ) ;
#2119 = PLANE ( 'NONE',  #601 ) ;
#2120 = VERTEX_POINT ( 'NONE', #235 ) ;
#2121 = CARTESIAN_POINT ( 'NONE',  ( 1.688575694911948366, 4.076582343749999282, 25.26875000170697660 ) ) ;
#2122 = CARTESIAN_POINT ( 'NONE',  ( 1.688575694911950809, -4.076582343749998394, 20.89375000170698016 ) ) ;
#2123 = CARTESIAN_POINT ( 'NONE',  ( -2.985585403717935460, -1.626873325806097226, 17.39977094696319782 ) ) ;
#2124 = EDGE_LOOP ( 'NONE', ( #1347, #3817, #2521, #4274 ) ) ;
#2125 = CARTESIAN_POINT ( 'NONE',  ( 3.619939072261600721, 0.7276442888641609930, 14.69226118638781031 ) ) ;
#2126 = CARTESIAN_POINT ( 'NONE',  ( 6.245698675651500839E-16, -3.399999999999999911, 18.86249999999998295 ) ) ;
#2127 = CARTESIAN_POINT ( 'NONE',  ( 3.400000000000000799, -1.408326112068522651, 20.65937500341396671 ) ) ;
#2128 = FACE_OUTER_BOUND ( 'NONE', #594, .T. ) ;
#2129 = CARTESIAN_POINT ( 'NONE',  ( -3.195522775644087599, -1.178757583058886116, 23.62008360538944274 ) ) ;
#2130 = CARTESIAN_POINT ( 'NONE',  ( 2.329718683639645960, -2.476373870460392812, 16.51296093570236323 ) ) ;
#2131 = CARTESIAN_POINT ( 'NONE',  ( -2.075263126267000047, 2.693193339280791854, 15.86887339090750260 ) ) ;
#2132 = CARTESIAN_POINT ( 'NONE',  ( -4.076582343749999282, 0.000000000000000000, 20.50312500170704055 ) ) ;
#2133 = CARTESIAN_POINT ( 'NONE',  ( 1.688575694911950809, -4.076582343749998394, 14.64375000170697660 ) ) ;
#2134 = CARTESIAN_POINT ( 'NONE',  ( 15.00000000000000000, 6.497316205402560385, 26.81462299377376013 ) ) ;
#2135 = CARTESIAN_POINT ( 'NONE',  ( -0.1496959826965291451, 3.396704310083674017, 18.24587990974221796 ) ) ;
#2136 = CARTESIAN_POINT ( 'NONE',  ( -3.378235448387425510, 0.3841037129683266826, 22.27820954702695033 ) ) ;
#2137 =( BOUNDED_CURVE ( )  B_SPLINE_CURVE ( 2, ( #2409, #856, #3828, #3085, #1238, #460, #3413, #3110, #4156, #510, #96, #4512, #2331, #171, #1212, #4558, #3873, #1262, #1668, #3156, #2688, #1313, #1286, #930, #3805, #954, #1573, #2715, #147, #3058, #3780, #4610, #903, #1961, #1647, #1596, #2791, #4205, #4259, #3439, #2740, #119, #3462, #1985, #3133, #4535, #1623, #4182, #878, #2357, #3851, #2011, #3488, #4583, #2762, #4234, #562, #2036, #3510, #194, #1026, #3562, #661, #2507, #3969, #582, #1357, #4710, #2457, #1694, #3202, #3919, #2132, #3252, #220, #1771, #4282, #245, #3945, #3536, #1333, #975, #4657, #1412, #3612, #1003, #1049, #4683, #2919, #297, #321, #3996, #2483, #3178, #2059, #1435, #688, #2814, #4631, #608, #2529, #2082, #2839, #3587, #1718, #4378, #3275, #4334, #4306, #2894, #634, #1794, #2866, #4733, #2108, #1385, #4357, #271, #1744, #3226, #2161, #3641, #2433, #3896, #3390, #1070, #3297, #3662, #1457, #1885, #367, #7, #4110, #4090, #3685, #4445, #2185, #3342, #343, #1815, #3035, #1476, #3364, #1092, #4757, #1840, #2571, #782, #48, #2943, #414, #4402, #3322 ),
 .UNSPECIFIED., .F., .F. ) 
 B_SPLINE_CURVE_WITH_KNOTS ( ( 3, 2, 2, 2, 2, 2, 2, 2, 2, 2, 2, 2, 2, 2, 2, 2, 2, 2, 2, 2, 2, 2, 2, 2, 2, 2, 2, 2, 2, 2, 2, 2, 2, 2, 2, 2, 2, 2, 2, 2, 2, 2, 2, 2, 2, 2, 2, 2, 2, 2, 2, 2, 2, 2, 2, 2, 2, 2, 2, 2, 2, 2, 2, 2, 2, 2, 2, 2, 2, 2, 2, 2, 2, 2, 2, 2, 3 ),
 ( 0.05970533730784233217, 0.06009435709722631830, 0.07211322851667158196, 0.08413209993611685256, 0.09615097135556213703, 0.1081698427750074076, 0.1201887141944526505, 0.1322075856138979488, 0.1442264570333431917, 0.1562453284527884900, 0.1682641998722337329, 0.1802830712916789757, 0.1923019427111243018, 0.2043208141305695447, 0.2163396855500148153, 0.2283585569694600581, 0.2403774283889053009, 0.2523962998083506548, 0.2644151712277958977, 0.2764340426472411405, 0.2884529140666863833, 0.3004717854861317372, 0.3124906569055769801, 0.3245095283250222229, 0.3365283997444675212, 0.3485472711639127641, 0.3605661425833580624, 0.3725850140028033608, 0.3846038854222485481, 0.3966227568416938465, 0.4086416282611390893, 0.4206604996805843322, 0.4326793711000296860, 0.4446982425194749289, 0.4567171139389201717, 0.4687359853583654701, 0.4807548567778107129, 0.4927737281972559558, 0.5047925996167013096, 0.5168114710361465525, 0.5288303424555917953, 0.5408492138750371492, 0.5528680852944822810, 0.5648869567139275238, 0.5769058281333728777, 0.5889246995528181206, 0.6009435709722634744, 0.6129624423917087173, 0.6249813138111539601, 0.6370001852305992029, 0.6490190566500445568, 0.6610379280694897997, 0.6730567994889349315, 0.6850756709083802853, 0.6970945423278255282, 0.7091134137472707710, 0.7211322851667160139, 0.7331511565861614788, 0.7451700280056066106, 0.7571888994250519644, 0.7692077708444972073, 0.7812266422639424501, 0.7932455136833876930, 0.8052643851028330468, 0.8172832565222781787, 0.8293021279417234215, 0.8413209993611687754, 0.8533398707806139072, 0.8653587422000593721, 0.8773776136195046149, 0.8893964850389498578, 0.9014153564583951006, 0.9134342278778404545, 0.9254530992972855863, 0.9374719707167309402, 0.9494908421361761830, 0.9575693401568066143 ),
 .UNSPECIFIED. ) 
 CURVE ( )  GEOMETRIC_REPRESENTATION_ITEM ( )  RATIONAL_B_SPLINE_CURVE ( ( 0.9952318497398814356, 0.9975361773001115706, 1.000000000000000000, 0.9238795325112867385, 1.000000000000000000, 0.9238795325112867385, 1.000000000000000000, 0.9238795325112867385, 1.000000000000000000, 0.9238795325112867385, 1.000000000000000000, 0.9238795325112867385, 1.000000000000000000, 0.9238795325112867385, 1.000000000000000000, 0.9238795325112867385, 1.000000000000000000, 0.9238795325112867385, 1.000000000000000000, 0.9238795325112867385, 1.000000000000000000, 0.9238795325112867385, 1.000000000000000000, 0.9238795325112867385, 1.000000000000000000, 0.9238795325112867385, 1.000000000000000000, 0.9238795325112867385, 1.000000000000000000, 0.9238795325112867385, 1.000000000000000000, 0.9238795325112867385, 1.000000000000000000, 0.9238795325112867385, 1.000000000000000000, 0.9238795325112867385, 1.000000000000000000, 0.9238795325112867385, 1.000000000000000000, 0.9238795325112867385, 1.000000000000000000, 0.9238795325112867385, 1.000000000000000000, 0.9238795325112867385, 1.000000000000000000, 0.9238795325112867385, 1.000000000000000000, 0.9238795325112867385, 1.000000000000000000, 0.9238795325112867385, 1.000000000000000000, 0.9238795325112867385, 1.000000000000000000, 0.9238795325112867385, 1.000000000000000000, 0.9238795325112867385, 1.000000000000000000, 0.9238795325112867385, 1.000000000000000000, 0.9238795325112867385, 1.000000000000000000, 0.9238795325112867385, 1.000000000000000000, 0.9238795325112867385, 1.000000000000000000, 0.9238795325112867385, 1.000000000000000000, 0.9238795325112867385, 1.000000000000000000, 0.9238795325112867385, 1.000000000000000000, 0.9238795325112867385, 1.000000000000000000, 0.9238795325112867385, 1.000000000000000000, 0.9238795325112867385, 1.000000000000000000, 0.9238795325112867385, 1.000000000000000000, 0.9238795325112867385, 1.000000000000000000, 0.9238795325112867385, 1.000000000000000000, 0.9238795325112867385, 1.000000000000000000, 0.9238795325112867385, 1.000000000000000000, 0.9238795325112867385, 1.000000000000000000, 0.9238795325112867385, 1.000000000000000000, 0.9238795325112867385, 1.000000000000000000, 0.9238795325112867385, 1.000000000000000000, 0.9238795325112867385, 1.000000000000000000, 0.9238795325112867385, 1.000000000000000000, 0.9238795325112867385, 1.000000000000000000, 0.9238795325112867385, 1.000000000000000000, 0.9238795325112867385, 1.000000000000000000, 0.9238795325112867385, 1.000000000000000000, 0.9238795325112867385, 1.000000000000000000, 0.9238795325112867385, 1.000000000000000000, 0.9238795325112867385, 1.000000000000000000, 0.9238795325112867385, 1.000000000000000000, 0.9238795325112867385, 1.000000000000000000, 0.9238795325112867385, 1.000000000000000000, 0.9238795325112867385, 1.000000000000000000, 0.9238795325112867385, 1.000000000000000000, 0.9238795325112867385, 1.000000000000000000, 0.9238795325112867385, 1.000000000000000000, 0.9238795325112867385, 1.000000000000000000, 0.9238795325112867385, 1.000000000000000000, 0.9238795325112867385, 1.000000000000000000, 0.9238795325112867385, 1.000000000000000000, 0.9238795325112867385, 1.000000000000000000, 0.9238795325112867385, 1.000000000000000000, 0.9238795325112867385, 1.000000000000000000, 0.9238795325112867385, 1.000000000000000000, 0.9238795325112867385, 1.000000000000000000, 0.9238795325112867385, 1.000000000000000000, 0.9238795325112867385, 1.000000000000000000, 0.9238795325112867385, 1.000000000000000000, 0.9488355416680697152, 0.9664515804288034140 ) ) 
 REPRESENTATION_ITEM ( '' )  );
#2138 = CARTESIAN_POINT ( 'NONE',  ( -2.676917183681461143, 2.098098552438342868, 19.66707991232804531 ) ) ;
#2139 = CARTESIAN_POINT ( 'NONE',  ( 0.000000000000000000, 0.000000000000000000, 0.000000000000000000 ) ) ;
#2140 = CARTESIAN_POINT ( 'NONE',  ( 0.5339500853261186508, 3.357819418669795386, 23.20690968648681363 ) ) ;
#2141 = CARTESIAN_POINT ( 'NONE',  ( 2.882579019330973491, 2.882579019330973935, 18.94062500170697660 ) ) ;
#2142 = CARTESIAN_POINT ( 'NONE',  ( -2.882579019330973935, 2.882579019330973935, 14.09687500170697660 ) ) ;
#2143 = CARTESIAN_POINT ( 'NONE',  ( -1.255668014628128937, -3.165933814912897049, 22.53757092452068989 ) ) ;
#2144 = LINE ( 'NONE', #3626, #133 ) ;
#2145 = EDGE_LOOP ( 'NONE', ( #1128, #1640, #2803, #386, #4462 ) ) ;
#2146 = AXIS2_PLACEMENT_3D ( 'NONE', #3870, #827, #1982 ) ;
#2147 = CARTESIAN_POINT ( 'NONE',  ( 4.076582343749999282, 1.688575694911949254, 19.95625000170697660 ) ) ;
#2148 = CARTESIAN_POINT ( 'NONE',  ( -0.1899168172830567047, -3.394693003868103354, 17.60184267337054465 ) ) ;
#2149 = AXIS2_PLACEMENT_3D ( 'NONE', #1024, #4279, #3916 ) ;
#2150 = AXIS2_PLACEMENT_3D ( 'NONE', #110, #2777, #1612 ) ;
#2151 = CARTESIAN_POINT ( 'NONE',  ( -4.076582343749974413, -1.688575694911941039, 23.23750000170699082 ) ) ;
#2152 = ORIENTED_EDGE ( 'NONE', *, *, #3960, .F. ) ;
#2153 = CARTESIAN_POINT ( 'NONE',  ( -2.404163056034261725, 2.404163056034261725, 17.14374999999998650 ) ) ;
#2154 = CARTESIAN_POINT ( 'NONE',  ( -2.496186759367026028E-16, 4.076582343749999282, 20.34687500170698016 ) ) ;
#2155 = CARTESIAN_POINT ( 'NONE',  ( 3.400000000000000799, -1.408326112068522651, 19.40937500341396671 ) ) ;
#2156 = CARTESIAN_POINT ( 'NONE',  ( -1.408326112068523983, -3.399999999999999467, 22.53437499999999005 ) ) ;
#2157 = CARTESIAN_POINT ( 'NONE',  ( -4.076582343749999282, 1.688575694911948588, 17.92500000170698016 ) ) ;
#2158 = CARTESIAN_POINT ( 'NONE',  ( 1.262079854030613291, -3.157494615849698594, 16.43807888000694462 ) ) ;
#2159 = AXIS2_PLACEMENT_3D ( 'NONE', #3504, #2785, #3940 ) ;
#2160 = CARTESIAN_POINT ( 'NONE',  ( 0.5137243781943405807, 3.360965908898158272, 15.70810475089680303 ) ) ;
#2161 = CARTESIAN_POINT ( 'NONE',  ( -4.076582343749999282, 0.000000000000000000, 16.75312500170703700 ) ) ;
#2162 = CARTESIAN_POINT ( 'NONE',  ( -2.404163056034261725, 2.404163056034261725, 24.95625000341396671 ) ) ;
#2163 = CARTESIAN_POINT ( 'NONE',  ( -4.076582343749999282, 0.000000000000000000, 14.30341765624999795 ) ) ;
#2164 = CARTESIAN_POINT ( 'NONE',  ( 0.4890295461843844893, 3.364735309677216346, 18.20955164235977009 ) ) ;
#2165 = ADVANCED_FACE ( 'NONE', ( #3936 ), #1733, .F. ) ;
#2166 = CARTESIAN_POINT ( 'NONE',  ( -2.245067018690966698, 2.555712087179283110, 19.63117209775854377 ) ) ;
#2167 = CARTESIAN_POINT ( 'NONE',  ( -15.00000000000000178, 12.87146934503643791, 23.53899461434588503 ) ) ;
#2168 = CARTESIAN_POINT ( 'NONE',  ( 0.4860461057135153640, 3.365237121202897086, 23.20972360932372780 ) ) ;
#2169 = CARTESIAN_POINT ( 'NONE',  ( -4.076582343749999282, 0.000000000000000000, 16.90937500170698016 ) ) ;
#2170 = CARTESIAN_POINT ( 'NONE',  ( -2.496186759367026028E-16, 4.076582343749999282, 15.19062500170697838 ) ) ;
#2171 = CARTESIAN_POINT ( 'NONE',  ( -2.900908549944650527, -1.773705084842489343, 22.40987168191917434 ) ) ;
#2172 = FACE_BOUND ( 'NONE', #4644, .T. ) ;
#2173 = VERTEX_POINT ( 'NONE', #3147 ) ;
#2174 = CARTESIAN_POINT ( 'NONE',  ( 1.688575694911948366, 4.076582343749999282, 22.61250000170697660 ) ) ;
#2175 = CARTESIAN_POINT ( 'NONE',  ( -0.8649879278447678566, -3.288131917033953577, 17.56194546029917092 ) ) ;
#2176 = CARTESIAN_POINT ( 'NONE',  ( 4.076582343749976189, -1.688575694911937930, 23.70625000170699437 ) ) ;
#2177 = ORIENTED_EDGE ( 'NONE', *, *, #980, .F. ) ;
#2178 = CARTESIAN_POINT ( 'NONE',  ( -2.553517252508739954, -2.245060827692434646, 19.94389225190091963 ) ) ;
#2179 = B_SPLINE_CURVE_WITH_KNOTS ( 'NONE', 3,
 ( #2454, #1666, #2080, #1768, #1047, #3250, #3153, #1741, #1716, #2811 ),
 .UNSPECIFIED., .F., .F.,
 ( 4, 2, 2, 2, 4 ),
 ( 0.01782340712166836233, 0.01835671319768561113, 0.01889001927370286341, 0.01942332534972011221, 0.01995663142573736448 ),
 .UNSPECIFIED. ) ;
#2180 = CARTESIAN_POINT ( 'NONE',  ( -3.399999999999999023, -1.408326112068525537, 17.37812499999998295 ) ) ;
#2181 = CARTESIAN_POINT ( 'NONE',  ( -1.688575694911949698, -4.076582343749998394, 22.14375000170698016 ) ) ;
#2182 = CARTESIAN_POINT ( 'NONE',  ( 2.092852074604460544, -2.681645777600017322, 17.74509808993400028 ) ) ;
#2183 = CARTESIAN_POINT ( 'NONE',  ( -2.085887232416582471, -2.685006820635403635, 16.23035916534564294 ) ) ;
#2184 = CARTESIAN_POINT ( 'NONE',  ( -3.399999999994193445, 4.397413762319018206E-06, 21.04991859195522963 ) ) ;
#2185 = CARTESIAN_POINT ( 'NONE',  ( -4.076582343749999282, 0.000000000000000000, 15.50312500170704055 ) ) ;
#2186 = CARTESIAN_POINT ( 'NONE',  ( -2.496186759367010251E-16, 4.076582343749975301, 20.34687500170699082 ) ) ;
#2187 = CARTESIAN_POINT ( 'NONE',  ( 0.000000000000000000, 0.000000000000000000, 20.00000000000000000 ) ) ;
#2188 = CARTESIAN_POINT ( 'NONE',  ( -3.381443354588050010, 0.3550041549563674459, 24.77982732582738379 ) ) ;
#2189 = CARTESIAN_POINT ( 'NONE',  ( -3.384656497738467884, -0.3227959006222916316, 24.81826635932513980 ) ) ;
#2190 = CARTESIAN_POINT ( 'NONE',  ( -15.00000000000000000, 11.67013804634703256, 25.01808428512299898 ) ) ;
#2191 = CARTESIAN_POINT ( 'NONE',  ( -4.076582343749999282, 1.688575694911948588, 24.17500000170697660 ) ) ;
#2192 = DIRECTION ( 'NONE',  ( 1.000000000000000000, 0.000000000000000000, 0.000000000000000000 ) ) ;
#2193 = CARTESIAN_POINT ( 'NONE',  ( 4.076582343749999282, 1.688575694911949254, 17.45625000170698016 ) ) ;
#2194 = CARTESIAN_POINT ( 'NONE',  ( 0.1105973551474789540, -3.399965552668388735, 22.61829179160571712 ) ) ;
#2195 = CARTESIAN_POINT ( 'NONE',  ( 2.779248933293323898, -2.956722151352097150, 25.95157750638225735 ) ) ;
#2196 = EDGE_CURVE ( 'NONE', #3049, #1399, #1372, .T. ) ;
#2197 = ORIENTED_EDGE ( 'NONE', *, *, #3928, .F. ) ;
#2198 = CARTESIAN_POINT ( 'NONE',  ( 1.215957078269078284, 3.175187946394322669, 16.91488091062280930 ) ) ;
#2199 = CARTESIAN_POINT ( 'NONE',  ( -4.076582343749999282, 1.688575694911948588, 19.17500000170698016 ) ) ;
#2200 = CARTESIAN_POINT ( 'NONE',  ( -3.774930233191918560, -1.050385000744924691, 25.80933089616361542 ) ) ;
#2201 = CARTESIAN_POINT ( 'NONE',  ( -2.882579019330956616, 2.882579019330956616, 25.50312500170699082 ) ) ;
#2202 = ORIENTED_EDGE ( 'NONE', *, *, #828, .T. ) ;
#2203 = CARTESIAN_POINT ( 'NONE',  ( -1.408326112068523317, 3.400000000000000355, 15.81562499999998472 ) ) ;
#2204 = CARTESIAN_POINT ( 'NONE',  ( -4.076582343749998394, -1.688575694911951253, 23.23750000170697660 ) ) ;
#2205 = CARTESIAN_POINT ( 'NONE',  ( 2.815897271343268393, -1.905497219400428266, 17.80597795958309959 ) ) ;
#2206 = CARTESIAN_POINT ( 'NONE',  ( -1.408326112068523317, 3.400000000000000355, 22.06562499999998295 ) ) ;
#2207 = CARTESIAN_POINT ( 'NONE',  ( -3.100278920220113310, -1.398066089474848672, 16.13433549754294916 ) ) ;
#2208 = CARTESIAN_POINT ( 'NONE',  ( 0.8783872158147241205, 3.292244107681153498, 15.68638334424505842 ) ) ;
#2209 = CARTESIAN_POINT ( 'NONE',  ( 3.400000001943908945, -0.009256108672781425059, 21.67448652781771656 ) ) ;
#2210 = CARTESIAN_POINT ( 'NONE',  ( -4.076582343749975301, 0.000000000000000000, 20.65937500170699082 ) ) ;
#2211 = CARTESIAN_POINT ( 'NONE',  ( 3.119148074704376494, -1.353409861465700414, 24.09346724174328003 ) ) ;
#2212 = CARTESIAN_POINT ( 'NONE',  ( 3.322680630544851077, 0.7305033714501122377, 17.96731868487289319 ) ) ;
#2213 = CARTESIAN_POINT ( 'NONE',  ( -2.027712949670759546, 2.729313534929187934, 19.61545131996198776 ) ) ;
#2214 = CARTESIAN_POINT ( 'NONE',  ( -3.399999999971879294, 9.770701958635403470E-06, 25.11232265531343444 ) ) ;
#2215 = CARTESIAN_POINT ( 'NONE',  ( 3.399999999999924860, 7.140189135521133977E-07, 21.67500003961031041 ) ) ;
#2216 = CARTESIAN_POINT ( 'NONE',  ( 4.076582343750000170, -1.688575694911947922, 26.05000000170698016 ) ) ;
#2217 = DIRECTION ( 'NONE',  ( -0.000000000000000000, -0.000000000000000000, -1.000000000000000000 ) ) ;
#2218 = CARTESIAN_POINT ( 'NONE',  ( 1.735359250075544590, -2.924060424074892861, 20.21970689435930524 ) ) ;
#2219 = CARTESIAN_POINT ( 'NONE',  ( -3.344504022246866715, -0.6301534361760476877, 22.33645148587304163 ) ) ;
#2220 = CARTESIAN_POINT ( 'NONE',  ( -2.596526441843818755, -2.195009278691389287, 18.69024108761173864 ) ) ;
#2221 = EDGE_CURVE ( 'NONE', #678, #1179, #4594, .T. ) ;
#2222 = CARTESIAN_POINT ( 'NONE',  ( 2.254221294938770104, 2.545633098047058063, 16.84284781390203989 ) ) ;
#2223 = CARTESIAN_POINT ( 'NONE',  ( -1.688575694911949698, -4.076582343749998394, 21.98750000170698016 ) ) ;
#2224 = CARTESIAN_POINT ( 'NONE',  ( -3.099409325424113515, -2.480953848985195442, 25.86116596577117122 ) ) ;
#2225 = CARTESIAN_POINT ( 'NONE',  ( -1.688575694911939484, -4.076582343749974413, 22.14375000170699792 ) ) ;
#2226 = VERTEX_POINT ( 'NONE', #2757 ) ;
#2227 = SHAPE_DEFINITION_REPRESENTATION ( #432, #488 ) ;
#2228 = CARTESIAN_POINT ( 'NONE',  ( 3.400000000000000799, -1.408326112068522651, 15.34687499999998295 ) ) ;
#2229 = AXIS2_PLACEMENT_3D ( 'NONE', #4643, #1346, #3523 ) ;
#2230 = CARTESIAN_POINT ( 'NONE',  ( -4.076582343749999282, 0.000000000000000000, 24.40937500170698016 ) ) ;
#2231 = CARTESIAN_POINT ( 'NONE',  ( 0.5479572968646021502, -3.356023525042821198, 17.64400233458865586 ) ) ;
#2232 = CARTESIAN_POINT ( 'NONE',  ( -2.404163056034261725, 2.404163056034261725, 23.39374999999998295 ) ) ;
#2233 = CARTESIAN_POINT ( 'NONE',  ( -0.6958423259001119687, -3.333480639907680843, 16.32217043598170392 ) ) ;
#2234 = CARTESIAN_POINT ( 'NONE',  ( 2.319535297188976664, 2.486154363740322726, 15.58782777860580637 ) ) ;
#2235 = AXIS2_PLACEMENT_3D ( 'NONE', #3637, #3271, #3008 ) ;
#2236 = CARTESIAN_POINT ( 'NONE',  ( 3.140238767315226109, -1.306436660862333232, 21.59660808070909965 ) ) ;
#2237 = CARTESIAN_POINT ( 'NONE',  ( -4.076582343749974413, -1.688575694911941039, 20.73750000170699082 ) ) ;
#2238 = CIRCLE ( 'NONE', #1757, 4.399999999999994138 ) ;
#2239 = CARTESIAN_POINT ( 'NONE',  ( 3.400000000000000799, -1.408326112068522651, 24.40937500341397381 ) ) ;
#2240 = FACE_BOUND ( 'NONE', #895, .T. ) ;
#2241 = CARTESIAN_POINT ( 'NONE',  ( -1.382262663585277940, 3.107380153510694409, 24.57090342279023076 ) ) ;
#2242 = CARTESIAN_POINT ( 'NONE',  ( 0.7862719889572986620, 3.309663348884611000, 19.44164978569070357 ) ) ;
#2243 = CARTESIAN_POINT ( 'NONE',  ( 3.366594419452542120, 0.4778216697625777831, 20.45213586887133417 ) ) ;
#2244 = EDGE_CURVE ( 'NONE', #777, #4217, #4269, .T. ) ;
#2245 = CARTESIAN_POINT ( 'NONE',  ( 3.255320916006096965, 1.024937763073725971, 21.73518614149524097 ) ) ;
#2246 = CARTESIAN_POINT ( 'NONE',  ( -1.688575694911949698, -4.076582343749998394, 25.73750000170698016 ) ) ;
#2247 = DIRECTION ( 'NONE',  ( 1.000000000000000000, 0.000000000000000000, 0.000000000000000000 ) ) ;
#2248 = CARTESIAN_POINT ( 'NONE',  ( 0.4923593616062023615, -3.364174470506658299, 20.14063770761512373 ) ) ;
#2249 = CARTESIAN_POINT ( 'NONE',  ( 1.273062368841268555, -3.660309628734889298, 14.51165019211202711 ) ) ;
#2250 = CARTESIAN_POINT ( 'NONE',  ( -1.823386879647034720, -2.915157321452759298, 25.33108468901241395 ) ) ;
#2251 = CARTESIAN_POINT ( 'NONE',  ( 3.399999999999633538, 1.578160079567679695E-06, 23.23750009095975955 ) ) ;
#2252 = CARTESIAN_POINT ( 'NONE',  ( 3.037327961209098870, 1.529251016750181824, 16.76813544407471213 ) ) ;
#2253 = CARTESIAN_POINT ( 'NONE',  ( -0.4283106790548922294, -4.046749861699501238, 25.96083088878647871 ) ) ;
#2254 = CARTESIAN_POINT ( 'NONE',  ( 4.076582343749975301, 1.688575694911939040, 21.36250000170699437 ) ) ;
#2255 = ORIENTED_EDGE ( 'NONE', *, *, #3804, .F. ) ;
#2256 = CARTESIAN_POINT ( 'NONE',  ( 4.076582343749999282, 1.688575694911949254, 26.36250000170698016 ) ) ;
#2257 = CARTESIAN_POINT ( 'NONE',  ( 4.076582343749999282, 4.992373518734052056E-16, 22.53437500170697660 ) ) ;
#2258 = CARTESIAN_POINT ( 'NONE',  ( 0.4900463588988603347, -3.364499248311772828, 17.64049993824045615 ) ) ;
#2259 = CARTESIAN_POINT ( 'NONE',  ( -3.399999999999999023, -1.408326112068525537, 21.12812499999998295 ) ) ;
#2260 = EDGE_CURVE ( 'NONE', #3286, #283, #4227, .T. ) ;
#2261 = CARTESIAN_POINT ( 'NONE',  ( -2.442422761391485508, -2.365917544234626302, 16.20306599991306840 ) ) ;
#2262 = CARTESIAN_POINT ( 'NONE',  ( 3.396101803002666397, 0.1657114461630228575, 15.43424782809687912 ) ) ;
#2263 = CARTESIAN_POINT ( 'NONE',  ( 3.234591312447601563, -1.047870507152209418, 21.61307013248502074 ) ) ;
#2264 = CARTESIAN_POINT ( 'NONE',  ( -0.1796788445293143466, 3.395405880747857541, 24.49757861998950403 ) ) ;
#2265 = CARTESIAN_POINT ( 'NONE',  ( 3.035803571933870515, 1.532314248712913551, 19.26834144120164183 ) ) ;
#2266 = CARTESIAN_POINT ( 'NONE',  ( 3.399999999999999911, 4.163799117101000559E-16, 26.67499999999998295 ) ) ;
#2267 = CARTESIAN_POINT ( 'NONE',  ( 2.882579019330974379, -2.882579019330973491, 25.97187500170697660 ) ) ;
#2268 = CARTESIAN_POINT ( 'NONE',  ( -1.688575694911948810, 4.076582343749999282, 14.17500000170697660 ) ) ;
#2269 = CARTESIAN_POINT ( 'NONE',  ( 3.388904748684811175, -0.3570347240174677195, 20.40486830580030286 ) ) ;
#2270 = CARTESIAN_POINT ( 'NONE',  ( -2.072324870696643728, 2.695453925519213367, 17.11865310127547701 ) ) ;
#2271 = CARTESIAN_POINT ( 'NONE',  ( -3.399999999999999911, 0.000000000000000000, 22.61250000341396671 ) ) ;
#2272 = CARTESIAN_POINT ( 'NONE',  ( -1.920234864317617918, -3.530725636503938336, 25.91043792493144693 ) ) ;
#2273 = CARTESIAN_POINT ( 'NONE',  ( -2.404163056034261725, 2.404163056034261725, 16.20625000341397026 ) ) ;
#2274 = ORIENTED_EDGE ( 'NONE', *, *, #2880, .T. ) ;
#2275 = CARTESIAN_POINT ( 'NONE',  ( -4.076582343749999282, 0.000000000000000000, 25.65937500170697660 ) ) ;
#2276 = CARTESIAN_POINT ( 'NONE',  ( -1.688575694911948810, 4.076582343749999282, 19.17500000170698016 ) ) ;
#2277 = CARTESIAN_POINT ( 'NONE',  ( 0.05237072183091181360, -3.400503582868495300, 17.61557186501620365 ) ) ;
#2278 = CARTESIAN_POINT ( 'NONE',  ( -1.408326112068523983, -3.399999999999999467, 21.28437499999998650 ) ) ;
#2279 = CARTESIAN_POINT ( 'NONE',  ( 3.399999999994925304, -5.874275080600232160E-06, 19.48749968820671796 ) ) ;
#2280 = DIRECTION ( 'NONE',  ( 1.000000000000000000, 0.000000000000000000, 0.000000000000000000 ) ) ;
#2281 = CARTESIAN_POINT ( 'NONE',  ( 7.488560278101032232E-16, -4.076582343749975301, 15.97187500170699259 ) ) ;
#2282 = CARTESIAN_POINT ( 'NONE',  ( 3.211819731740589656, -1.117252726203654234, 21.60870274768594257 ) ) ;
#2283 = EDGE_CURVE ( 'NONE', #257, #1351, #139, .T. ) ;
#2284 = CARTESIAN_POINT ( 'NONE',  ( -0.2136778193380119428, -3.393279746551962628, 23.85049604476236951 ) ) ;
#2285 = CARTESIAN_POINT ( 'NONE',  ( -3.378321487043144167, 0.3833450704358690730, 24.77823465727903951 ) ) ;
#2286 = CARTESIAN_POINT ( 'NONE',  ( -2.055425034871831258, 2.708371500950390587, 19.61743423280329068 ) ) ;
#2287 = CARTESIAN_POINT ( 'NONE',  ( -1.408326112068523983, -3.399999999999999467, 25.03437499999998295 ) ) ;
#2288 = CARTESIAN_POINT ( 'NONE',  ( 1.823412768640901183, 2.877655799984116580, 21.87450219401479856 ) ) ;
#2289 = CARTESIAN_POINT ( 'NONE',  ( 1.688575694911950809, -4.076582343749998394, 20.89375000170698016 ) ) ;
#2290 = CARTESIAN_POINT ( 'NONE',  ( 0.000000000000000000, 0.000000000000000000, 0.000000000000000000 ) ) ;
#2291 = CARTESIAN_POINT ( 'NONE',  ( 0.4825152966414885114, -3.365587516427037240, 20.14005767102734978 ) ) ;
#2292 = CARTESIAN_POINT ( 'NONE',  ( 2.063649225578854107, -2.703087543295591644, 15.24298158785526525 ) ) ;
#2293 = CARTESIAN_POINT ( 'NONE',  ( -1.478457130847717904, 3.061992583170053184, 17.07728097670142731 ) ) ;
#2294 = CARTESIAN_POINT ( 'NONE',  ( -3.291840011511129926, -0.8609509727117734545, 18.60024585565562916 ) ) ;
#2295 = CARTESIAN_POINT ( 'NONE',  ( 3.116774058178125362, 1.360587799934766196, 16.75698198069857625 ) ) ;
#2296 = DIRECTION ( 'NONE',  ( -0.000000000000000000, -0.000000000000000000, 1.000000000000000000 ) ) ;
#2297 = CARTESIAN_POINT ( 'NONE',  ( -3.399999999999999911, 0.000000000000000000, 18.86250000341396671 ) ) ;
#2298 = ORIENTED_EDGE ( 'NONE', *, *, #2784, .F. ) ;
#2299 =( BOUNDED_CURVE ( )  B_SPLINE_CURVE ( 2, ( #1244, #3419, #4163, #4119, #3444, #3398, #466, #3762, #4496 ),
 .UNSPECIFIED., .F., .F. ) 
 B_SPLINE_CURVE_WITH_KNOTS ( ( 3, 2, 2, 2, 3 ),
 ( 0.1923019413019219637, 0.2043207922145406918, 0.2163396623448078093, 0.2283585324750748990, 0.2403773953163731436 ),
 .UNSPECIFIED. ) 
 CURVE ( )  GEOMETRIC_REPRESENTATION_ITEM ( )  RATIONAL_B_SPLINE_CURVE ( ( 1.000000000000000000, 0.9238795325112867385, 1.000000000000000000, 0.9238795325112867385, 1.000000000000000000, 0.9238795325112867385, 1.000000000000000000, 0.9238795325112867385, 1.000000000000000000 ) ) 
 REPRESENTATION_ITEM ( '' )  );
#2300 = CARTESIAN_POINT ( 'NONE',  ( -4.076582343749999282, 1.688575694911948588, 18.08125000170697305 ) ) ;
#2301 = DIRECTION ( 'NONE',  ( -1.000000000000000000, 0.000000000000000000, 0.000000000000000000 ) ) ;
#2302 = CARTESIAN_POINT ( 'NONE',  ( -3.875480947161674017, -1.086724434452258258E-13, 25.77548094716166105 ) ) ;
#2303 = CARTESIAN_POINT ( 'NONE',  ( 1.688575694911938152, 4.076582343749975301, 17.76875000170699082 ) ) ;
#2304 = CARTESIAN_POINT ( 'NONE',  ( 1.253680949577489434, -3.160510257400110046, 21.43754317346419214 ) ) ;
#2305 = CARTESIAN_POINT ( 'NONE',  ( -1.831925172736560192, -2.866293206873433252, 23.74862282249888068 ) ) ;
#2306 = CYLINDRICAL_SURFACE ( 'NONE', #680, 3.399999999999999911 ) ;
#2307 = AXIS2_PLACEMENT_3D ( 'NONE', #3024, #4075, #421 ) ;
#2308 = CARTESIAN_POINT ( 'NONE',  ( -0.1464634332667488492, 3.396845829245488613, 19.49569737588272744 ) ) ;
#2309 = CARTESIAN_POINT ( 'NONE',  ( -3.400000000000000355, 1.408326112068523095, 25.97187499999998650 ) ) ;
#2310 = CARTESIAN_POINT ( 'NONE',  ( 4.076582343749999282, 4.992373518734052056E-16, 19.87812500170697660 ) ) ;
#2311 = EDGE_CURVE ( 'NONE', #3480, #1231, #4449, .T. ) ;
#2312 = CARTESIAN_POINT ( 'NONE',  ( -4.076582343749974413, -1.688575694911941039, 19.48750000170699437 ) ) ;
#2313 = CARTESIAN_POINT ( 'NONE',  ( -1.635640727177561260, 2.980972297019671036, 18.33786881951859016 ) ) ;
#2314 = CARTESIAN_POINT ( 'NONE',  ( 3.399999999978680965, -1.204033202150494318E-05, 20.42499933207762197 ) ) ;
#2315 = CARTESIAN_POINT ( 'NONE',  ( 1.009908699101714324, -3.251515401632425473, 15.17221186110287512 ) ) ;
#2316 = CARTESIAN_POINT ( 'NONE',  ( -2.061524413682102264, -2.703828869353258391, 18.73214393833871938 ) ) ;
#2317 = CARTESIAN_POINT ( 'NONE',  ( -3.376169040779708475, 0.4020771746082251741, 21.02713365977998450 ) ) ;
#2318 = CARTESIAN_POINT ( 'NONE',  ( 0.6372407505017251284, -4.035217517938872511, 25.97658234374998898 ) ) ;
#2319 = CARTESIAN_POINT ( 'NONE',  ( -2.404163056034261725, 2.404163056034261725, 19.95625000341396671 ) ) ;
#2320 = LINE ( 'NONE', #2000, #372 ) ;
#2321 = CARTESIAN_POINT ( 'NONE',  ( -4.076582343749999282, 0.000000000000000000, 26.90937500170697660 ) ) ;
#2322 = CARTESIAN_POINT ( 'NONE',  ( -1.688575694911949698, -4.076582343749998394, 19.64375000170698016 ) ) ;
#2323 = CARTESIAN_POINT ( 'NONE',  ( 1.408326112068525537, -3.399999999999999023, 23.00312500341396671 ) ) ;
#2324 = EDGE_LOOP ( 'NONE', ( #2935, #2471, #4527, #2255 ) ) ;
#2325 = CARTESIAN_POINT ( 'NONE',  ( 3.399999999996288658, -5.023242269576613813E-06, 24.48749972475582126 ) ) ;
#2326 =( BOUNDED_CURVE ( )  B_SPLINE_CURVE ( 2, ( #2078, #2428, #241, #4706, #3991, #2889, #2809, #4678, #1354 ),
 .UNSPECIFIED., .F., .F. ) 
 B_SPLINE_CURVE_WITH_KNOTS ( ( 3, 2, 2, 2, 3 ),
 ( 0.3846038062848236017, 0.3966227142988143495, 0.4086415844290814392, 0.4206604545593485289, 0.4326793268641046519 ),
 .UNSPECIFIED. ) 
 CURVE ( )  GEOMETRIC_REPRESENTATION_ITEM ( )  RATIONAL_B_SPLINE_CURVE ( ( 1.000000000000000000, 0.9238795325112867385, 1.000000000000000000, 0.9238795325112867385, 1.000000000000000000, 0.9238795325112867385, 1.000000000000000000, 0.9238795325112867385, 1.000000000000000000 ) ) 
 REPRESENTATION_ITEM ( '' )  );
#2327 = CARTESIAN_POINT ( 'NONE',  ( 1.104289622202099697, -3.215956687534774261, 21.42798858678084883 ) ) ;
#2328 = CARTESIAN_POINT ( 'NONE',  ( -2.328238541608885548, -2.480178684670865774, 23.71215522654805952 ) ) ;
#2329 = CARTESIAN_POINT ( 'NONE',  ( 3.319429813996507495, 0.7683855939882505703, 24.21959975236028129 ) ) ;
#2330 = CARTESIAN_POINT ( 'NONE',  ( 2.945977476520243776, -2.410387379654974183, 14.58076658635258838 ) ) ;
#2331 = CARTESIAN_POINT ( 'NONE',  ( -2.496186759367026028E-16, 4.076582343749999282, 25.19062500170704055 ) ) ;
#2332 = CARTESIAN_POINT ( 'NONE',  ( -3.399999999974034903, 9.403108435116637302E-06, 22.61232958585673813 ) ) ;
#2333 = CARTESIAN_POINT ( 'NONE',  ( 1.625778700787103404, -3.000884902928925957, 18.96176131296732592 ) ) ;
#2334 = CARTESIAN_POINT ( 'NONE',  ( -2.882579019330973047, -2.882579019330974379, 21.90937500170697660 ) ) ;
#2335 = CARTESIAN_POINT ( 'NONE',  ( -3.381422356050416411, 0.3549570980681183152, 18.52987528976471410 ) ) ;
#2336 = CARTESIAN_POINT ( 'NONE',  ( -2.499072421357708684, -2.306486005523306293, 19.94845554279372024 ) ) ;
#2337 = CARTESIAN_POINT ( 'NONE',  ( 2.485612188555916369, -2.334989581770320566, 15.27490760940136205 ) ) ;
#2338 = CARTESIAN_POINT ( 'NONE',  ( -0.1046017817662367039, 3.398423143652886225, 16.99332957340043748 ) ) ;
#2339 = CARTESIAN_POINT ( 'NONE',  ( -0.4952968539567555450, -3.364741062078812295, 25.08430447091890159 ) ) ;
#2340 = CARTESIAN_POINT ( 'NONE',  ( -3.373838647888105058, 0.4217764766614945926, 21.02596532935542228 ) ) ;
#2341 = CARTESIAN_POINT ( 'NONE',  ( 7.488560278101032232E-16, -4.076582343749975301, 20.97187500170699082 ) ) ;
#2342 = CARTESIAN_POINT ( 'NONE',  ( -2.244496223104087029, 2.556247932127570621, 23.38094518348653139 ) ) ;
#2343 = EDGE_CURVE ( 'NONE', #2909, #2885, #3361, .T. ) ;
#2344 = CARTESIAN_POINT ( 'NONE',  ( 4.076582343749999282, 4.992373518734052056E-16, 22.53437500170697660 ) ) ;
#2345 = CARTESIAN_POINT ( 'NONE',  ( 2.404163056034261725, -2.404163056034261281, 19.33125000341396671 ) ) ;
#2346 = ORIENTED_EDGE ( 'NONE', *, *, #2709, .T. ) ;
#2347 = ORIENTED_EDGE ( 'NONE', *, *, #3388, .F. ) ;
#2348 = CARTESIAN_POINT ( 'NONE',  ( 7.488560278101077592E-16, -4.076582343749999282, 18.47187500170697660 ) ) ;
#2349 = CARTESIAN_POINT ( 'NONE',  ( -2.404163056034260837, -2.404163056034261725, 21.51875000341396671 ) ) ;
#2350 = ORIENTED_EDGE ( 'NONE', *, *, #1949, .F. ) ;
#2351 = DIRECTION ( 'NONE',  ( -0.000000000000000000, -0.000000000000000000, 1.000000000000000000 ) ) ;
#2352 = CARTESIAN_POINT ( 'NONE',  ( 4.076582343749975301, 1.688575694911939040, 17.61250000170699437 ) ) ;
#2353 = CARTESIAN_POINT ( 'NONE',  ( -1.963204815851423923, -2.776453208623502089, 21.23927233431983908 ) ) ;
#2354 = CARTESIAN_POINT ( 'NONE',  ( -1.447256723132916312, -3.076917854296848276, 23.77478467658036720 ) ) ;
#2355 = CARTESIAN_POINT ( 'NONE',  ( 2.256872809996186113, 2.543310517179240726, 24.34265414326625532 ) ) ;
#2356 = CARTESIAN_POINT ( 'NONE',  ( -0.5686451625603624604, -3.893719637171705550, 14.45189321413045924 ) ) ;
#2357 = CARTESIAN_POINT ( 'NONE',  ( 4.076582343750000170, -1.688575694911947922, 22.30000000170703700 ) ) ;
#2358 = CARTESIAN_POINT ( 'NONE',  ( 3.399999999999999911, 4.163799117101000559E-16, 24.17499999999998295 ) ) ;
#2359 = DIRECTION ( 'NONE',  ( 0.7071067811865477948, 0.000000000000000000, 0.7071067811865473507 ) ) ;
#2360 = CARTESIAN_POINT ( 'NONE',  ( 1.688575694911948366, 4.076582343749999282, 20.11250000170698371 ) ) ;
#2361 = CARTESIAN_POINT ( 'NONE',  ( -1.805255825633423683, 2.885362054929551778, 18.34949679371276332 ) ) ;
#2362 = CARTESIAN_POINT ( 'NONE',  ( -2.110149795898392355, -2.665948149130572542, 19.97857527018431156 ) ) ;
#2363 = CARTESIAN_POINT ( 'NONE',  ( 0.1125805550111946690, -3.398139636291503063, 15.11878811371924947 ) ) ;
#2364 = CARTESIAN_POINT ( 'NONE',  ( -3.361422343903908594, 0.5134150254740166286, 17.27071170915223419 ) ) ;
#2365 = CARTESIAN_POINT ( 'NONE',  ( 0.3621766872094920875, -3.385443975330202804, 25.13281028802943950 ) ) ;
#2366 = CARTESIAN_POINT ( 'NONE',  ( -2.328197107063334492, 2.480257114893284154, 20.88732826393805553 ) ) ;
#2367 = CARTESIAN_POINT ( 'NONE',  ( -0.1291904519087893333, 3.397551949380041236, 21.99472302458880435 ) ) ;
#2368 = CARTESIAN_POINT ( 'NONE',  ( -3.381111638408765607, 0.3581543617131889845, 23.52965316017978736 ) ) ;
#2369 = CARTESIAN_POINT ( 'NONE',  ( 4.076582343749999282, 4.992373518734052056E-16, 21.28437500170697660 ) ) ;
#2370 = CARTESIAN_POINT ( 'NONE',  ( 6.245698675651500839E-16, -3.399999999999999911, 19.17500000341396671 ) ) ;
#2371 = DIRECTION ( 'NONE',  ( -1.000000000000000000, 0.000000000000000000, 0.000000000000000000 ) ) ;
#2372 = ORIENTED_EDGE ( 'NONE', *, *, #1683, .F. ) ;
#2373 = CARTESIAN_POINT ( 'NONE',  ( 1.688575694911950809, -4.076582343749998394, 18.55000000170698016 ) ) ;
#2374 = VERTEX_POINT ( 'NONE', #1738 ) ;
#2375 = ADVANCED_FACE ( 'NONE', ( #2427 ), #4756, .T. ) ;
#2376 = CARTESIAN_POINT ( 'NONE',  ( -2.404163056034260837, -2.404163056034261725, 15.26875000341396849 ) ) ;
#2377 = CARTESIAN_POINT ( 'NONE',  ( -4.076582343749974413, -1.688575694911941039, 16.98750000170699082 ) ) ;
#2378 = CARTESIAN_POINT ( 'NONE',  ( -1.830636837760265090, -2.867094529810088499, 21.24871292096342756 ) ) ;
#2379 = CARTESIAN_POINT ( 'NONE',  ( -2.783426817797817865, -1.957575919092571670, 23.67260387625154294 ) ) ;
#2380 = FACE_OUTER_BOUND ( 'NONE', #868, .T. ) ;
#2381 = CARTESIAN_POINT ( 'NONE',  ( -3.382068616431050945, 0.3487289979737391299, 16.03024336617949430 ) ) ;
#2382 = AXIS2_PLACEMENT_3D ( 'NONE', #1170, #1145, #2627 ) ;
#2383 = CARTESIAN_POINT ( 'NONE',  ( 3.399999813367866164, 0.1455736639884087635, 19.18307553408128641 ) ) ;
#2384 = CARTESIAN_POINT ( 'NONE',  ( 1.151721747477684632, -3.198994926468590183, 18.93100892576222094 ) ) ;
#2385 = CARTESIAN_POINT ( 'NONE',  ( -2.882579019330973047, -2.882579019330974379, 18.15937500170697660 ) ) ;
#2386 = CARTESIAN_POINT ( 'NONE',  ( -0.9550343880819077702, 3.263779645953994724, 18.29363669918053148 ) ) ;
#2387 = CARTESIAN_POINT ( 'NONE',  ( -1.269241383275461876, -3.160654649674683458, 20.03671407880307243 ) ) ;
#2388 = CARTESIAN_POINT ( 'NONE',  ( 2.807431561243791229, -1.917993978385830856, 15.30500141165841121 ) ) ;
#2389 = CIRCLE ( 'NONE', #298, 3.399999999999999911 ) ;
#2390 = EDGE_CURVE ( 'NONE', #3170, #1493, #3155, .T. ) ;
#2391 = CARTESIAN_POINT ( 'NONE',  ( -2.121244013695089858, -2.657127127120479049, 24.97775757326941815 ) ) ;
#2392 = CARTESIAN_POINT ( 'NONE',  ( -2.562090094578688859, 2.245974810306014646, 20.90614967825246495 ) ) ;
#2393 = CARTESIAN_POINT ( 'NONE',  ( -0.2174386304796326885, 3.393251406529303349, 21.99973262072857594 ) ) ;
#2394 = CARTESIAN_POINT ( 'NONE',  ( -2.105722234646930868, 2.669693745947086860, 23.37093378331034899 ) ) ;
#2395 = CARTESIAN_POINT ( 'NONE',  ( -4.076582343749998394, -1.688575694911951253, 24.48750000170697660 ) ) ;
#2396 = CARTESIAN_POINT ( 'NONE',  ( 2.404163056034261281, 2.404163056034261725, 14.64375000341396671 ) ) ;
#2397 = EDGE_LOOP ( 'NONE', ( #1804, #574, #1709, #3123 ) ) ;
#2398 = ORIENTED_EDGE ( 'NONE', *, *, #829, .F. ) ;
#2399 = CARTESIAN_POINT ( 'NONE',  ( 2.882579019330973491, 2.882579019330973935, 13.94062500170697660 ) ) ;
#2400 = CARTESIAN_POINT ( 'NONE',  ( 2.404163056034261725, -2.404163056034261281, 21.83125000341396671 ) ) ;
#2401 = CARTESIAN_POINT ( 'NONE',  ( 0.000000000000000000, 0.000000000000000000, 0.000000000000000000 ) ) ;
#2402 = ORIENTED_EDGE ( 'NONE', *, *, #4375, .T. ) ;
#2403 = CYLINDRICAL_SURFACE ( 'NONE', #3697, 3.399999999999999911 ) ;
#2404 = CARTESIAN_POINT ( 'NONE',  ( -3.825884572681233831, 0.000000000000000000, 14.55411542731876651 ) ) ;
#2405 = CARTESIAN_POINT ( 'NONE',  ( -0.2090294581331695045, -3.393575123189587206, 21.35075661429787530 ) ) ;
#2406 = FACE_OUTER_BOUND ( 'NONE', #940, .T. ) ;
#2407 = CARTESIAN_POINT ( 'NONE',  ( 3.399999999999996803, -1.452967340119835792E-07, 24.17499992325868163 ) ) ;
#2408 = CARTESIAN_POINT ( 'NONE',  ( -3.379852744505671414, 0.3696818362061834451, 16.02903506013594281 ) ) ;
#2409 = CARTESIAN_POINT ( 'NONE',  ( 2.953265579523790763, -2.810114948213704444, 25.97658234374997832 ) ) ;
#2410 = CARTESIAN_POINT ( 'NONE',  ( 0.5184974522507301842, -3.366838599249748043, 18.89238510788614178 ) ) ;
#2411 = CARTESIAN_POINT ( 'NONE',  ( -4.076582343749999282, 1.688575694911948588, 15.42500000170697660 ) ) ;
#2412 = CARTESIAN_POINT ( 'NONE',  ( -0.8237362755914611201, 3.298707912441982248, 18.28552314737138573 ) ) ;
#2413 = CARTESIAN_POINT ( 'NONE',  ( -2.107080234116395889, -2.668372709437230927, 19.97880124989382011 ) ) ;
#2414 = B_SPLINE_CURVE_WITH_KNOTS ( 'NONE', 3,
 ( #3323, #2621, #415, #740, #2643, #3344, #2211, #3687, #4111, #2596, #807, #29, #3642, #4735, #369, #8, #1479, #2965, #763, #1500, #2990, #4091, #784, #1908, #4509, #3436, #435, #4229, #3129, #4179, #72, #2663, #4579, #3391, #2712, #1283, #1547, #4531, #875, #3778, #1570, #3847, #458, #3801, #3411, #168, #2759, #2284, #4490, #3036, #4130, #3107, #3055, #1209, #534, #507, #93, #2354, #1187, #1235, #826, #1981, #3754, #2007, #482, #2305, #1933, #2684, #4153, #3459, #4555, #853, #1620, #142, #2328, #4201, #1958, #116, #1593, #3825, #3485, #3081, #900, #1259, #2736, #2379, #1644, #2104, #2129, #4255, #3915, #3532, #604, #2079, #3175, #2033, #2810, #3608, #1691, #293 ),
 .UNSPECIFIED., .F., .F.,
 ( 4, 2, 2, 2, 1, 2, 2, 2, 1, 2, 2, 1, 2, 2, 2, 2, 2, 1, 2, 2, 2, 2, 2, 1, 1, 1, 2, 2, 1, 2, 2, 2, 2, 2, 2, 1, 2, 2, 2, 2, 2, 1, 2, 1, 1, 2, 2, 1, 1, 2, 2, 2, 2, 1, 1, 1, 1, 2, 4 ),
 ( 0.1091246617536253682, 0.1129109008906235972, 0.1166971400276218263, 0.1171704199197465962, 0.1176436998118713800, 0.1185902595961209338, 0.1204833791646200275, 0.1242696183016182288, 0.1247428981937430126, 0.1249795381398053906, 0.1250978581128365796, 0.1252161780858677687, 0.1261627378701173363, 0.1280558574386164439, 0.1318420965756146590, 0.1327886563598642267, 0.1330252963059266047, 0.1332619362519890105, 0.1337352161441137666, 0.1356283357126128464, 0.1375214552811119262, 0.1379947351732366823, 0.1382313751192990603, 0.1384680150653614661, 0.1394145748496110060, 0.1403611346338605737, 0.1405977745799229517, 0.1407160945529541407, 0.1408344145259853575, 0.1413076944181101413, 0.1432008139866093321, 0.1469870531236077138, 0.1479336129078573092, 0.1484068927999821208, 0.1485252127730133098, 0.1486435327460444988, 0.1488801726921069046, 0.1507732922606060122, 0.1517198520448555799, 0.1521931319369803637, 0.1524297718830427417, 0.1526664118291051475, 0.1545595313976043106, 0.1555060911818538782, 0.1559793710739786621, 0.1562160110200410679, 0.1562751710065566624, 0.1563343309930722569, 0.1564526509661034182, 0.1583457705346022482, 0.1621320096715999637, 0.1640251292400988214, 0.1640842892266143882, 0.1641434492131299827, 0.1642617691861611440, 0.1644984091322235220, 0.1649716890243481948, 0.1659182488085975682, 0.1697044879455950617 ),
 .UNSPECIFIED. ) ;
#2415 = CARTESIAN_POINT ( 'NONE',  ( -0.9701520543442206934, -3.259480115435628544, 15.05545255102241420 ) ) ;
#2416 = CARTESIAN_POINT ( 'NONE',  ( -2.163972916738374330, -2.622606191515787444, 24.97459208595310187 ) ) ;
#2417 = CARTESIAN_POINT ( 'NONE',  ( 0.4516667339171733797, 3.370144873398479124, 20.71172110657856535 ) ) ;
#2418 = CARTESIAN_POINT ( 'NONE',  ( 0.000000000000000000, 0.000000000000000000, 25.95470053837924596 ) ) ;
#2419 = CARTESIAN_POINT ( 'NONE',  ( 2.882579019330973491, 2.882579019330973935, 20.19062500170698016 ) ) ;
#2420 =( LENGTH_UNIT ( ) NAMED_UNIT ( * ) SI_UNIT ( .MILLI., .METRE. ) );
#2421 = VERTEX_POINT ( 'NONE', #835 ) ;
#2422 = ORIENTED_EDGE ( 'NONE', *, *, #2390, .F. ) ;
#2423 = CARTESIAN_POINT ( 'NONE',  ( 4.076582343750000170, -1.688575694911947922, 14.95625000170698016 ) ) ;
#2424 = CARTESIAN_POINT ( 'NONE',  ( -2.404163056034260837, -2.404163056034261725, 20.26875000341396671 ) ) ;
#2425 = ORIENTED_EDGE ( 'NONE', *, *, #2880, .F. ) ;
#2426 = CARTESIAN_POINT ( 'NONE',  ( 2.773645023390785003, 2.338754376678247038, 14.75655235398349241 ) ) ;
#2427 = FACE_OUTER_BOUND ( 'NONE', #2145, .T. ) ;
#2428 = CARTESIAN_POINT ( 'NONE',  ( -3.400000000000000355, 1.408326112068523095, 21.28437500341396671 ) ) ;
#2429 = DIRECTION ( 'NONE',  ( 1.000000000000000000, 0.000000000000000000, 0.000000000000000000 ) ) ;
#2430 = CARTESIAN_POINT ( 'NONE',  ( 2.320690402163833710, -2.484857585959777904, 16.51226454077978190 ) ) ;
#2431 = CARTESIAN_POINT ( 'NONE',  ( -1.594195655225626229, 3.003406322105228732, 15.83505072507933598 ) ) ;
#2432 = EDGE_CURVE ( 'NONE', #3098, #528, #4219, .T. ) ;
#2433 = CARTESIAN_POINT ( 'NONE',  ( -2.882579019330973935, 2.882579019330973935, 16.59687500170704411 ) ) ;
#2434 = CARTESIAN_POINT ( 'NONE',  ( 2.323842900419855084, -2.481888549365807606, 19.01250833810852114 ) ) ;
#2435 = CARTESIAN_POINT ( 'NONE',  ( 4.076582343749999282, 1.688575694911949254, 16.20625000170697660 ) ) ;
#2436 = CARTESIAN_POINT ( 'NONE',  ( 1.776561614074295692, 2.898969794608130979, 18.12751412183062172 ) ) ;
#2437 = CARTESIAN_POINT ( 'NONE',  ( 2.324470523087117879, -2.481310583788940871, 25.26255774381077757 ) ) ;
#2438 = CARTESIAN_POINT ( 'NONE',  ( -0.7908485713456012700, 3.306753581881757054, 20.78351397930781275 ) ) ;
#2439 = CARTESIAN_POINT ( 'NONE',  ( -1.377853721122069164, 3.109341528873395433, 22.07061598564947502 ) ) ;
#2440 = CARTESIAN_POINT ( 'NONE',  ( 0.3121728395121811106, 3.386856215224671285, 23.21976170926035010 ) ) ;
#2441 = CARTESIAN_POINT ( 'NONE',  ( -4.076582343749999282, 0.000000000000000000, 21.90937500170697660 ) ) ;
#2442 = CARTESIAN_POINT ( 'NONE',  ( -3.400000000000000355, 1.408326112068523095, 13.78437500341397026 ) ) ;
#2443 = CARTESIAN_POINT ( 'NONE',  ( 3.400000000000000355, -2.607082242146360920E-09, 15.73750000327004273 ) ) ;
#2444 = ORIENTED_EDGE ( 'NONE', *, *, #3080, .F. ) ;
#2445 = CARTESIAN_POINT ( 'NONE',  ( 4.076582343750000170, -1.688575694911947922, 24.80000000170698016 ) ) ;
#2446 = CARTESIAN_POINT ( 'NONE',  ( -2.580357408817344211, -2.214001452424480210, 17.44163413087209236 ) ) ;
#2447 = FACE_BOUND ( 'NONE', #621, .T. ) ;
#2448 = ORIENTED_EDGE ( 'NONE', *, *, #1424, .T. ) ;
#2449 = CARTESIAN_POINT ( 'NONE',  ( -0.7409418545501693654, 3.413012972905508757, 14.89233464086259850 ) ) ;
#2450 = EDGE_CURVE ( 'NONE', #1661, #3381, #713, .T. ) ;
#2451 = CARTESIAN_POINT ( 'NONE',  ( 2.882579019330973491, 2.882579019330973935, 26.44062500170697660 ) ) ;
#2452 = CARTESIAN_POINT ( 'NONE',  ( -2.601137330673393144, -2.189542697661267745, 21.18982827103085853 ) ) ;
#2453 = CARTESIAN_POINT ( 'NONE',  ( -3.383508228132994677, 0.3345427246723643999, 17.28102749690132711 ) ) ;
#2454 = CARTESIAN_POINT ( 'NONE',  ( 3.479246824526981197, 1.171165692939797073E-12, 25.37924682452697667 ) ) ;
#2455 = CARTESIAN_POINT ( 'NONE',  ( -2.074916119853840168, 2.693468150957794904, 15.86884926257764761 ) ) ;
#2456 =( BOUNDED_CURVE ( )  B_SPLINE_CURVE ( 2, ( #1367, #1422, #2516, #2903, #2851, #645, #3597, #282, #2878 ),
 .UNSPECIFIED., .F., .F. ) 
 B_SPLINE_CURVE_WITH_KNOTS ( ( 3, 2, 2, 2, 3 ),
 ( 0.2884529699187071139, 0.3004717532566772986, 0.3124906233869444994, 0.3245094935172116446, 0.3365283542118431837 ),
 .UNSPECIFIED. ) 
 CURVE ( )  GEOMETRIC_REPRESENTATION_ITEM ( )  RATIONAL_B_SPLINE_CURVE ( ( 0.9999989006250268320, 0.9238800822027428694, 1.000000000000000000, 0.9238795325112867385, 1.000000000000000000, 0.9238795325112867385, 1.000000000000000000, 0.9238795325112867385, 1.000000000000000000 ) ) 
 REPRESENTATION_ITEM ( '' )  );
#2457 = CARTESIAN_POINT ( 'NONE',  ( 7.488560278101077592E-16, -4.076582343749999282, 20.81562500170704055 ) ) ;
#2458 = CARTESIAN_POINT ( 'NONE',  ( -1.443623657585989095, -3.078370568296544985, 18.77502106788507774 ) ) ;
#2459 = CARTESIAN_POINT ( 'NONE',  ( -3.399999999999999911, 0.000000000000000000, 26.36250000341396671 ) ) ;
#2460 = CARTESIAN_POINT ( 'NONE',  ( 2.786107333714144207, 1.948753591385553818, 18.04720998051459091 ) ) ;
#2461 = CARTESIAN_POINT ( 'NONE',  ( -2.404163056034260837, -2.404163056034261725, 17.76875000341396671 ) ) ;
#2462 = CARTESIAN_POINT ( 'NONE',  ( -3.399999999994161470, 4.409746192131686685E-06, 19.79991838163661910 ) ) ;
#2463 = EDGE_CURVE ( 'NONE', #820, #360, #3995, .T. ) ;
#2464 = CARTESIAN_POINT ( 'NONE',  ( 1.835963090276359511, 2.861719167129189945, 20.62326946959590046 ) ) ;
#2465 = CARTESIAN_POINT ( 'NONE',  ( 0.5971549422121553707, 3.347303390725005823, 23.20316449619817689 ) ) ;
#2466 = CARTESIAN_POINT ( 'NONE',  ( -1.688575694911948810, 4.076582343749999282, 16.67500000170697660 ) ) ;
#2467 = CARTESIAN_POINT ( 'NONE',  ( -2.882579019330973935, 2.882579019330973935, 16.59687500170698016 ) ) ;
#2468 = CARTESIAN_POINT ( 'NONE',  ( 3.391483770808672027, -0.2463250764916227464, 22.91112938067419691 ) ) ;
#2469 = FACE_OUTER_BOUND ( 'NONE', #2324, .T. ) ;
#2470 = CLOSED_SHELL ( 'NONE', ( #1832, #2940, #146, #717, #4403, #4315, #4084, #1304, #4022, #4625, #163, #174, #1522, #2165, #3399, #1851, #3599, #2913, #3731, #2010, #1563, #86, #4224, #561, #2813, #1863, #332, #3786, #2067, #4534, #588, #804, #3948, #2605, #268, #2086, #4598, #3644, #531, #4444, #2375, #3570, #1743, #3160 ) ) ;
#2471 = ORIENTED_EDGE ( 'NONE', *, *, #829, .T. ) ;
#2472 = CARTESIAN_POINT ( 'NONE',  ( 7.488560278101077592E-16, -4.076582343749999282, 24.56562500170697660 ) ) ;
#2473 = CARTESIAN_POINT ( 'NONE',  ( -2.597364086012373452, -2.194026388901635816, 17.44017955057228875 ) ) ;
#2474 = DIRECTION ( 'NONE',  ( 0.000000000000000000, 0.000000000000000000, -1.000000000000000000 ) ) ;
#2475 = EDGE_LOOP ( 'NONE', ( #2930, #1682, #499, #2561 ) ) ;
#2476 = CARTESIAN_POINT ( 'NONE',  ( -1.593058178090643873, 3.069545586010861804, 14.92653586127745236 ) ) ;
#2477 = CARTESIAN_POINT ( 'NONE',  ( -3.093255127245517322, -1.423750948585590148, 19.88604825538755705 ) ) ;
#2478 = CARTESIAN_POINT ( 'NONE',  ( -2.945215911217771154, -1.990660869543396050, 14.83563022458041480 ) ) ;
#2479 = CARTESIAN_POINT ( 'NONE',  ( -2.920853728231838087, -1.768776850716688775, 21.15886702473207848 ) ) ;
#2480 = DIRECTION ( 'NONE',  ( 0.000000000000000000, 0.000000000000000000, 1.000000000000000000 ) ) ;
#2481 = CARTESIAN_POINT ( 'NONE',  ( 2.159436451045960936, -2.627428153320852555, 16.49997343628314539 ) ) ;
#2482 = CARTESIAN_POINT ( 'NONE',  ( -1.449876754187505057, 3.075460025540165621, 15.82538808757973747 ) ) ;
#2483 = CARTESIAN_POINT ( 'NONE',  ( -2.496186759367026028E-16, 4.076582343749999282, 18.94062500170704055 ) ) ;
#2484 = CARTESIAN_POINT ( 'NONE',  ( 2.882579019330973491, 2.882579019330973935, 13.78437500170697660 ) ) ;
#2485 = CARTESIAN_POINT ( 'NONE',  ( -0.2100637737162222574, 3.393849357682268586, 18.24929465501458736 ) ) ;
#2486 = CARTESIAN_POINT ( 'NONE',  ( -3.335881723854812186, 0.6649195894212581726, 22.26169183061292856 ) ) ;
#2487 = CARTESIAN_POINT ( 'NONE',  ( -2.654803925588022917, -2.124324804062665439, 24.93504577076220841 ) ) ;
#2488 = CARTESIAN_POINT ( 'NONE',  ( 2.365593768771476313, 2.442170231445362827, 20.58426400628645681 ) ) ;
#2489 = CARTESIAN_POINT ( 'NONE',  ( -0.2069123815891433793, 3.394050504998995965, 23.24911565809088643 ) ) ;
#2490 = CARTESIAN_POINT ( 'NONE',  ( -2.882579019330973935, 2.882579019330973935, 19.25312500170697660 ) ) ;
#2491 = CARTESIAN_POINT ( 'NONE',  ( 2.882579019330973491, 2.882579019330973935, 16.28437500170698016 ) ) ;
#2492 = CARTESIAN_POINT ( 'NONE',  ( -2.081899558550500280E-16, 3.399999999999999911, 14.80000000341396849 ) ) ;
#2493 = DIRECTION ( 'NONE',  ( 0.000000000000000000, 0.000000000000000000, 1.000000000000000000 ) ) ;
#2494 = VERTEX_POINT ( 'NONE', #1746 ) ;
#2495 = CARTESIAN_POINT ( 'NONE',  ( 1.688575694911948366, 4.076582343749999282, 23.86250000170698016 ) ) ;
#2496 = CARTESIAN_POINT ( 'NONE',  ( -2.905436745362799833, -1.766290561216962818, 17.40935327473190952 ) ) ;
#2497 = CARTESIAN_POINT ( 'NONE',  ( 0.000000000000000000, 0.000000000000000000, 0.000000000000000000 ) ) ;
#2498 = ORIENTED_EDGE ( 'NONE', *, *, #4750, .T. ) ;
#2499 = CARTESIAN_POINT ( 'NONE',  ( -15.00000000000000178, -13.07707918458858032, 24.79999999999999361 ) ) ;
#2500 = CARTESIAN_POINT ( 'NONE',  ( 2.404163056034261725, -2.404163056034261281, 16.51874999999998650 ) ) ;
#2501 = CARTESIAN_POINT ( 'NONE',  ( -2.496186759367026028E-16, 4.076582343749999282, 26.59687500170697660 ) ) ;
#2502 = CARTESIAN_POINT ( 'NONE',  ( 3.712232486472518467, -2.237298555768429365E-11, 14.66776751352748676 ) ) ;
#2503 = CARTESIAN_POINT ( 'NONE',  ( -7.500000000000000000, 0.000000000000000000, 20.00000000000000000 ) ) ;
#2504 = CARTESIAN_POINT ( 'NONE',  ( 1.621646798920607813, -3.003109766447370266, 16.46148883184483225 ) ) ;
#2505 = CARTESIAN_POINT ( 'NONE',  ( 0.2362280496374495886, 3.395090937079267679, 15.72404699040139064 ) ) ;
#2506 = B_SPLINE_CURVE_WITH_KNOTS ( 'NONE', 3,
 ( #4141, #913, #1971, #496, #2368, #3881, #471, #3447, #3473, #1295, #2725, #3835, #2675, #1608, #521, #180, #3791, #4592, #1996, #128, #4243, #4568, #1271, #2748, #1945, #545, #3067, #2342, #4214, #2394, #937, #107, #1582, #1655, #2773, #570, #4520, #3094, #2045, #1223, #3519, #1559, #840, #2698, #864, #4362, #4317, #3209, #2513, #306, #2066, #1054, #3235, #4639, #3571, #3622, #2489, #697, #3593, #2899, #1779, #2533, #4002, #2440, #228, #2168, #3978, #2140, #3546, #203, #4617, #2465, #1363, #3166, #1678, #1320, #2115, #1702, #1394, #2823, #2800, #4267, #961, #3952, #641, #1342, #3905, #667, #278, #590, #4290, #3186, #984, #3927, #616, #2090, #1418, #1033, #252, #1725, #4665, #4692, #2847, #1751, #1010, #2874, #4341, #3257, #4716, #3021, #745, #4115, #55, #2949, #35, #1098, #399, #1168, #1799, #4763 ),
 .UNSPECIFIED., .F., .F.,
 ( 4, 2, 2, 2, 1, 1, 2, 2, 2, 2, 2, 2, 1, 2, 2, 2, 1, 2, 2, 2, 2, 2, 2, 2, 2, 2, 2, 1, 1, 2, 2, 2, 2, 1, 2, 2, 2, 2, 2, 1, 2, 2, 2, 1, 2, 2, 2, 2, 2, 2, 1, 2, 1, 1, 2, 2, 2, 2, 2, 2, 2, 1, 2, 2, 1, 2, 4 ),
 ( 0.1697044879455950617, 0.1715964718954706703, 0.1718329698892051283, 0.1718920943876387497, 0.1719512188860723712, 0.1720694678829396418, 0.1725424638704088076, 0.1734884558453471670, 0.1772724237451005769, 0.1791644076949772679, 0.1796374036824464615, 0.1798739016761810305, 0.1801103996699156273, 0.1810563916448539867, 0.1848403595446074799, 0.1867323434944841987, 0.1872053394819533922, 0.1874418374756879890, 0.1876783354694225858, 0.1886243274443609730, 0.1905163113942377195, 0.1914623033691761067, 0.1924082953441144661, 0.1943002792939912404, 0.1952462712689296276, 0.1953053957673632768, 0.1953645202657968982, 0.1954827692626641966, 0.1957192672563987657, 0.1961922632438679037, 0.1980842471937444282, 0.1990302391686826766, 0.1992667371624172457, 0.1995032351561518147, 0.1999762311436209250, 0.2018682150934974495, 0.2028142070684357257, 0.2030507050621702669, 0.2031689540590375653, 0.2032872030559048360, 0.2037601990433739463, 0.2075441669431269398, 0.2094361508930034088, 0.2103821428679416572, 0.2108551388554107953, 0.2113281348428799056, 0.2132201187927564023, 0.2141661107676946507, 0.2146391067551637888, 0.2148756047488983301, 0.2151121027426328991, 0.2170040866925093681, 0.2179500786674475887, 0.2184230746549167268, 0.2186595726486512681, 0.2187778216455185665, 0.2188960706423858649, 0.2207880545922623061, 0.2226800385421387474, 0.2236260305170769680, 0.2240990265045461061, 0.2243355244982806473, 0.2244537734951479457, 0.2245128979935815672, 0.2245720224920152164, 0.2264640064418915744, 0.2302479743416442626 ),
 .UNSPECIFIED. ) ;
#2507 = CARTESIAN_POINT ( 'NONE',  ( 4.076582343749999282, 1.688575694911949254, 21.20625000170703700 ) ) ;
#2508 = CARTESIAN_POINT ( 'NONE',  ( 3.400000000000000355, 1.408326112068523539, 25.81562500341396671 ) ) ;
#2509 = CARTESIAN_POINT ( 'NONE',  ( 3.231729642639082911, 1.056780980892952027, 17.98748834071034963 ) ) ;
#2510 = CARTESIAN_POINT ( 'NONE',  ( -3.394713428411515022, 0.2188477898438728475, 22.28748823537661039 ) ) ;
#2511 = CARTESIAN_POINT ( 'NONE',  ( -3.381426830933131455, 0.3549638778313087273, 19.77986532211939874 ) ) ;
#2512 = CARTESIAN_POINT ( 'NONE',  ( -0.8165907048337643914, 3.300482335392326494, 20.78508596201197278 ) ) ;
#2513 = CARTESIAN_POINT ( 'NONE',  ( -0.8012308413970056220, 3.304246409963682130, 23.28414742887707334 ) ) ;
#2514 = CARTESIAN_POINT ( 'NONE',  ( 7.488560278101077592E-16, -4.076582343749999282, 18.47187500170697660 ) ) ;
#2515 = CARTESIAN_POINT ( 'NONE',  ( -1.816022925348059980, -2.889961175783569480, 22.50042295561193484 ) ) ;
#2516 = CARTESIAN_POINT ( 'NONE',  ( -2.404163056034261725, 2.404163056034261725, 22.45625000341396671 ) ) ;
#2517 = VERTEX_POINT ( 'NONE', #4262 ) ;
#2518 = CARTESIAN_POINT ( 'NONE',  ( -2.496186759367026028E-16, 4.076582343749999282, 21.44062500170697660 ) ) ;
#2519 = CARTESIAN_POINT ( 'NONE',  ( -0.4148202559947898327, -3.376142291927763495, 17.58893466498239633 ) ) ;
#2520 = CARTESIAN_POINT ( 'NONE',  ( -2.496186759367010251E-16, 4.076582343749975301, 24.09687500170699082 ) ) ;
#2521 = ORIENTED_EDGE ( 'NONE', *, *, #1454, .T. ) ;
#2522 = CARTESIAN_POINT ( 'NONE',  ( 2.404163056034261281, 2.404163056034261725, 19.33124999999998295 ) ) ;
#2523 = CARTESIAN_POINT ( 'NONE',  ( 2.882579019330974379, -2.882579019330973491, 22.37812500170697660 ) ) ;
#2524 = CARTESIAN_POINT ( 'NONE',  ( -3.361767858222968197, -0.5206402848436223474, 21.07976778410721508 ) ) ;
#2525 = CARTESIAN_POINT ( 'NONE',  ( -1.408326112068523317, 3.400000000000000355, 23.31562499999998650 ) ) ;
#2526 = EDGE_CURVE ( 'NONE', #2635, #4247, #1050, .T. ) ;
#2527 = CARTESIAN_POINT ( 'NONE',  ( 3.134026087626082813, -1.318421245152933574, 16.59575007723102757 ) ) ;
#2528 = CARTESIAN_POINT ( 'NONE',  ( 0.4898565102492290491, 3.364582892752444820, 15.70950525802256337 ) ) ;
#2529 = CARTESIAN_POINT ( 'NONE',  ( 7.488560278101077592E-16, -4.076582343749999282, 18.31562500170704055 ) ) ;
#2530 = CARTESIAN_POINT ( 'NONE',  ( 0.5889851840743405287, 3.348802146170272831, 18.20365338832634450 ) ) ;
#2531 = CARTESIAN_POINT ( 'NONE',  ( -2.535414404438394165, 2.265485198517400711, 19.65445729661068697 ) ) ;
#2532 = CARTESIAN_POINT ( 'NONE',  ( -15.00000000000000355, 12.29959077219675834, 24.44055791417789791 ) ) ;
#2533 = CARTESIAN_POINT ( 'NONE',  ( 0.01839632469187439320, 3.400135827537130062, 23.23640313547312175 ) ) ;
#2534 = CARTESIAN_POINT ( 'NONE',  ( -1.688575694911948810, 4.076582343749999282, 15.42500000170697660 ) ) ;
#2535 = CARTESIAN_POINT ( 'NONE',  ( -4.076582343749999282, 1.688575694911948588, 14.17500000170697660 ) ) ;
#2536 = CARTESIAN_POINT ( 'NONE',  ( -2.650986286836306771, -2.129751345440230814, 22.43546302750516475 ) ) ;
#2537 = CARTESIAN_POINT ( 'NONE',  ( -15.00000000000000533, 3.271794529412582087, 27.25238371117023561 ) ) ;
#2538 = ORIENTED_EDGE ( 'NONE', *, *, #861, .F. ) ;
#2539 = VECTOR ( 'NONE', #1463, 999.9999999999998863 ) ;
#2540 = CARTESIAN_POINT ( 'NONE',  ( -2.882579019330973935, 2.882579019330973935, 21.59687500170697660 ) ) ;
#2541 = CARTESIAN_POINT ( 'NONE',  ( -2.107429219201733428, -2.668099282860142640, 17.47877556494545104 ) ) ;
#2542 = CARTESIAN_POINT ( 'NONE',  ( -1.688575694911938818, 4.076582343749975301, 25.42500000170698726 ) ) ;
#2543 = VERTEX_POINT ( 'NONE', #691 ) ;
#2544 = CONICAL_SURFACE ( 'NONE', #4389, 4.399999999999994138, 0.7853981633974433940 ) ;
#2545 = CARTESIAN_POINT ( 'NONE',  ( 6.245698675651500839E-16, -3.399999999999999911, 20.11249999999998295 ) ) ;
#2546 = CARTESIAN_POINT ( 'NONE',  ( 4.076582343750000170, -1.688575694911947922, 21.20625000170698016 ) ) ;
#2547 = CARTESIAN_POINT ( 'NONE',  ( 2.333261488716644738, -2.473034569565873753, 17.76323430520401203 ) ) ;
#2548 = CARTESIAN_POINT ( 'NONE',  ( -2.224881277290790216, -2.574030804606612044, 16.22009289087638706 ) ) ;
#2549 = CARTESIAN_POINT ( 'NONE',  ( 1.803125117721436466, 2.882563158007620974, 15.62559745605010875 ) ) ;
#2550 = CARTESIAN_POINT ( 'NONE',  ( 3.294876921071624665, -0.8492675991390895573, 21.62546755058931325 ) ) ;
#2551 = EDGE_CURVE ( 'NONE', #2494, #3678, #2111, .T. ) ;
#2552 = CARTESIAN_POINT ( 'NONE',  ( -3.701370587459763328, 1.746307208886239026, 14.30341765624999972 ) ) ;
#2553 = CARTESIAN_POINT ( 'NONE',  ( -3.366801532473151504, 0.4752059746539431528, 24.77295399186544600 ) ) ;
#2554 = CARTESIAN_POINT ( 'NONE',  ( -2.962931350060214353, -1.667726416208371809, 24.90255886826649956 ) ) ;
#2555 = CARTESIAN_POINT ( 'NONE',  ( 2.765051145237916952, 1.979174583315538971, 20.54937882645053548 ) ) ;
#2556 = CARTESIAN_POINT ( 'NONE',  ( 1.688575694911948366, 4.076582343749999282, 25.11250000170698016 ) ) ;
#2557 = CARTESIAN_POINT ( 'NONE',  ( -2.496186759367026028E-16, 4.076582343749999282, 17.84687500170698016 ) ) ;
#2558 = CARTESIAN_POINT ( 'NONE',  ( -1.688575694911949698, -4.076582343749998394, 15.73750000170697660 ) ) ;
#2559 = CARTESIAN_POINT ( 'NONE',  ( -2.106949603461310438, -2.668483446141041604, 22.47881792736129469 ) ) ;
#2560 = CARTESIAN_POINT ( 'NONE',  ( 2.592726172546812702, -3.088623808460800202, 25.92633777059684164 ) ) ;
#2561 = ORIENTED_EDGE ( 'NONE', *, *, #1454, .F. ) ;
#2562 = CARTESIAN_POINT ( 'NONE',  ( -2.882579019330973935, 2.882579019330973935, 19.09687500170697660 ) ) ;
#2563 = LINE ( 'NONE', #795, #3239 ) ;
#2564 = CARTESIAN_POINT ( 'NONE',  ( 1.688575694911940817, -4.076582343749974413, 24.80000000170699437 ) ) ;
#2565 = ORIENTED_EDGE ( 'NONE', *, *, #4645, .T. ) ;
#2566 = CARTESIAN_POINT ( 'NONE',  ( -3.399999999999999911, 0.000000000000000000, 16.04999999999998295 ) ) ;
#2567 = CARTESIAN_POINT ( 'NONE',  ( 1.688575694911950809, -4.076582343749998394, 23.55000000170697660 ) ) ;
#2568 = CARTESIAN_POINT ( 'NONE',  ( 3.396130560239930762, -0.1759218839757427655, 17.91514861266114877 ) ) ;
#2569 = CARTESIAN_POINT ( 'NONE',  ( -3.251046441685347510, -0.9953711600023962269, 16.10863952720938030 ) ) ;
#2570 = CARTESIAN_POINT ( 'NONE',  ( 1.776636109158111321, 2.899026075808673664, 15.62749732336332364 ) ) ;
#2571 = CARTESIAN_POINT ( 'NONE',  ( 2.882579019330974379, -2.882579019330973491, 14.72187500170704055 ) ) ;
#2572 = CARTESIAN_POINT ( 'NONE',  ( -3.399999999999999911, 0.000000000000000000, 25.11250000341396671 ) ) ;
#2573 = CARTESIAN_POINT ( 'NONE',  ( -2.535456631986019893, 2.265313593985446072, 24.65446917922429648 ) ) ;
#2574 = EDGE_CURVE ( 'NONE', #3381, #1351, #4233, .T. ) ;
#2575 = CARTESIAN_POINT ( 'NONE',  ( -0.3308214906409338019, 3.384681107151235047, 19.50626205543979808 ) ) ;
#2576 = CARTESIAN_POINT ( 'NONE',  ( 3.227197326072163364, 1.093465266388053747, 20.49001496516283893 ) ) ;
#2577 = CARTESIAN_POINT ( 'NONE',  ( 1.196690021390609315, 3.182470747443125081, 21.91611674179700842 ) ) ;
#2578 = CARTESIAN_POINT ( 'NONE',  ( -2.496186759367026028E-16, 4.076582343749999282, 23.94062500170698016 ) ) ;
#2579 = CYLINDRICAL_SURFACE ( 'NONE', #530, 3.399999999999999911 ) ;
#2580 = CARTESIAN_POINT ( 'NONE',  ( 2.553458264171562409, -2.245002817520367788, 20.28100914171240632 ) ) ;
#2581 = CARTESIAN_POINT ( 'NONE',  ( -2.111664301890107787, -2.664748438334230141, 22.47846491829330162 ) ) ;
#2582 = CARTESIAN_POINT ( 'NONE',  ( 0.2391099699070442786, -3.723677847286560816, 25.62465618321600047 ) ) ;
#2583 = CARTESIAN_POINT ( 'NONE',  ( -3.096860184402981719, -1.405610707059653741, 18.63482271527475120 ) ) ;
#2584 = CARTESIAN_POINT ( 'NONE',  ( -2.882579019330973047, -2.882579019330974379, 20.65937500170697660 ) ) ;
#2585 = CARTESIAN_POINT ( 'NONE',  ( -1.688901977928107589, -3.656401299398148286, 25.91889869196375429 ) ) ;
#2586 = CARTESIAN_POINT ( 'NONE',  ( 2.882579019330957060, -2.882579019330956172, 22.37812500170699082 ) ) ;
#2587 = ORIENTED_EDGE ( 'NONE', *, *, #1653, .T. ) ;
#2588 = APPLICATION_PROTOCOL_DEFINITION ( 'draft international standard', 'automotive_design', 1998, #2790 ) ;
#2589 = CARTESIAN_POINT ( 'NONE',  ( 3.399999999999999911, 4.163799117101000559E-16, 19.17499999999998295 ) ) ;
#2590 = CARTESIAN_POINT ( 'NONE',  ( -1.688575694911948810, 4.076582343749999282, 24.17500000170697660 ) ) ;
#2591 = CARTESIAN_POINT ( 'NONE',  ( 1.558122895327908264, -3.025612985994945436, 17.70759214352579036 ) ) ;
#2592 = CARTESIAN_POINT ( 'NONE',  ( 2.404163056034261281, 2.404163056034261725, 23.08124999999998295 ) ) ;
#2593 = CARTESIAN_POINT ( 'NONE',  ( -3.351472970521191197, -0.5750704876586231196, 16.08302366261422023 ) ) ;
#2594 = CARTESIAN_POINT ( 'NONE',  ( 2.173133913492188540, 2.615524778553184770, 15.59885887421515172 ) ) ;
#2595 = CARTESIAN_POINT ( 'NONE',  ( 3.243918816712062725, -1.018346236786126902, 21.61492216741478956 ) ) ;
#2596 = CARTESIAN_POINT ( 'NONE',  ( 3.022599727100616196, -1.557900548197585833, 24.07994697054668265 ) ) ;
#2597 = CARTESIAN_POINT ( 'NONE',  ( -2.214515742966710832, 2.579948860863555016, 24.62921187595788197 ) ) ;
#2598 = CARTESIAN_POINT ( 'NONE',  ( -1.999095863509116056, 2.750546361954335328, 19.61338467259532692 ) ) ;
#2599 = CARTESIAN_POINT ( 'NONE',  ( 2.792226696770870653, 1.940779322393851647, 20.54662437314573253 ) ) ;
#2600 = CARTESIAN_POINT ( 'NONE',  ( 2.911899821388121978, 1.759622412816339132, 21.78371540040372523 ) ) ;
#2601 = CARTESIAN_POINT ( 'NONE',  ( 4.076582343749999282, 1.688575694911949254, 23.70625000170697660 ) ) ;
#2602 = FACE_OUTER_BOUND ( 'NONE', #989, .T. ) ;
#2603 = CARTESIAN_POINT ( 'NONE',  ( 2.042784556429715348, -2.718203936459224757, 20.24155879421999416 ) ) ;
#2604 = CARTESIAN_POINT ( 'NONE',  ( -2.139558793060545749, -2.642437371537390334, 22.47640305765726865 ) ) ;
#2605 = ADVANCED_FACE ( 'NONE', ( #2240, #3714 ), #49, .F. ) ;
#2606 = CARTESIAN_POINT ( 'NONE',  ( -3.248183965390749162, -1.004658815335236932, 18.60922043716534446 ) ) ;
#2607 = CARTESIAN_POINT ( 'NONE',  ( 0.7956185153896774276, 3.307402385573407599, 16.94108051002096715 ) ) ;
#2608 = CARTESIAN_POINT ( 'NONE',  ( -4.076582343749999282, 1.688575694911948588, 22.92500000170697660 ) ) ;
#2609 = CARTESIAN_POINT ( 'NONE',  ( -2.934126284090464942, -2.686072387218405133, 25.86921078978487643 ) ) ;
#2610 = CARTESIAN_POINT ( 'NONE',  ( 1.688575694911938152, 4.076582343749975301, 21.51875000170698726 ) ) ;
#2611 = ORIENTED_EDGE ( 'NONE', *, *, #3673, .F. ) ;
#2612 = VECTOR ( 'NONE', #4324, 1000.000000000000000 ) ;
#2613 = AXIS2_PLACEMENT_3D ( 'NONE', #4351, #1195, #3679 ) ;
#2614 = CARTESIAN_POINT ( 'NONE',  ( -4.076582343749998394, -1.688575694911951253, 20.73750000170697660 ) ) ;
#2615 = CARTESIAN_POINT ( 'NONE',  ( 3.360007032172080521, -0.5339779885485442801, 17.89445769835087674 ) ) ;
#2616 = CARTESIAN_POINT ( 'NONE',  ( -2.404163056034260837, -2.404163056034261725, 21.20624999999998295 ) ) ;
#2617 = CARTESIAN_POINT ( 'NONE',  ( -3.359982356322563035, -0.5225915919780513841, 16.07991534810524570 ) ) ;
#2618 = CARTESIAN_POINT ( 'NONE',  ( 3.324756728698348152, 0.7118856680819708460, 15.46628807594182220 ) ) ;
#2619 = CARTESIAN_POINT ( 'NONE',  ( -3.518421581380425600, 2.058939819676792737, 14.30341765624937622 ) ) ;
#2620 = CARTESIAN_POINT ( 'NONE',  ( -1.408326112068523983, -3.399999999999999467, 24.09687500341396671 ) ) ;
#2621 = CARTESIAN_POINT ( 'NONE',  ( 3.399999994109374590, -0.1415431804007509786, 24.16714794217686446 ) ) ;
#2622 = CARTESIAN_POINT ( 'NONE',  ( -2.245154138833840296, 2.553297749151406393, 24.63147179812727217 ) ) ;
#2623 = CARTESIAN_POINT ( 'NONE',  ( 1.198478361661378777, 3.181772006343163817, 19.41600158743179705 ) ) ;
#2624 = CARTESIAN_POINT ( 'NONE',  ( -3.399999999999999911, 0.000000000000000000, 27.29999999999998295 ) ) ;
#2625 = CARTESIAN_POINT ( 'NONE',  ( 2.848559728168053251, 1.859652281982304256, 21.79068406677882308 ) ) ;
#2626 = CARTESIAN_POINT ( 'NONE',  ( 4.076582343749999282, 4.992373518734052056E-16, 23.62812500170697660 ) ) ;
#2627 = DIRECTION ( 'NONE',  ( -1.000000000000000000, 0.000000000000000000, 0.000000000000000000 ) ) ;
#2628 = CARTESIAN_POINT ( 'NONE',  ( 2.874052553223456208, -1.827028984446819937, 20.31168398487340809 ) ) ;
#2629 = CARTESIAN_POINT ( 'NONE',  ( 0.9129155037892703328, -3.703736224967681512, 25.70800549895475484 ) ) ;
#2630 = CARTESIAN_POINT ( 'NONE',  ( -0.3309807816516728840, 3.384630851841515575, 17.00626911670596186 ) ) ;
#2631 = CARTESIAN_POINT ( 'NONE',  ( 2.404163056034261725, -2.404163056034261281, 23.08125000341396671 ) ) ;
#2632 = CARTESIAN_POINT ( 'NONE',  ( -3.399999999995818367, -3.669941171264034739E-06, 18.86256836408450255 ) ) ;
#2633 = CARTESIAN_POINT ( 'NONE',  ( 1.688575694911950809, -4.076582343749998394, 18.39375000170697660 ) ) ;
#2634 = CARTESIAN_POINT ( 'NONE',  ( 2.404163056034261281, 2.404163056034261725, 17.14375000341397026 ) ) ;
#2635 = VERTEX_POINT ( 'NONE', #345 ) ;
#2636 =( BOUNDED_CURVE ( )  B_SPLINE_CURVE ( 2, ( #3355, #4772, #4055, #1877, #40, #3724, #3001, #3378, #4459 ),
 .UNSPECIFIED., .F., .F. ) 
 B_SPLINE_CURVE_WITH_KNOTS ( ( 3, 2, 2, 2, 3 ),
 ( 0.3365283542118431837, 0.3485472337777458796, 0.3605661039080129693, 0.3725849740382801700, 0.3846038062848236017 ),
 .UNSPECIFIED. ) 
 CURVE ( )  GEOMETRIC_REPRESENTATION_ITEM ( )  RATIONAL_B_SPLINE_CURVE ( ( 1.000000000000000000, 0.9238795325112867385, 1.000000000000000000, 0.9238795325112867385, 1.000000000000000000, 0.9238795325112867385, 1.000000000000000000, 0.9238795325112867385, 1.000000000000000000 ) ) 
 REPRESENTATION_ITEM ( '' )  );
#2637 = CARTESIAN_POINT ( 'NONE',  ( 7.488560278101077592E-16, -4.076582343749999282, 25.97187500170697660 ) ) ;
#2638 = CARTESIAN_POINT ( 'NONE',  ( -1.688575694911949698, -4.076582343749998394, 17.14375000170698371 ) ) ;
#2639 = CARTESIAN_POINT ( 'NONE',  ( 2.215182967284204274, -2.579879433641811826, 17.75422584578838681 ) ) ;
#2640 = CARTESIAN_POINT ( 'NONE',  ( -3.320657493413422312, -0.7386083962950418247, 16.09280463714018339 ) ) ;
#2641 = CARTESIAN_POINT ( 'NONE',  ( 3.385597994571089231, 0.3174804623356440314, 15.44284147210222002 ) ) ;
#2642 = CARTESIAN_POINT ( 'NONE',  ( 3.396806989492913598, -0.1600576136261644966, 21.66603743374274416 ) ) ;
#2643 = CARTESIAN_POINT ( 'NONE',  ( 3.260978859587699397, -1.006925285378370782, 24.11591008043871298 ) ) ;
#2644 = CARTESIAN_POINT ( 'NONE',  ( -2.228407181418382788, 2.567920353142866929, 24.63023465001814927 ) ) ;
#2645 = CARTESIAN_POINT ( 'NONE',  ( -0.1530764659009311301, 3.396552858709884326, 19.49607115928403189 ) ) ;
#2646 = CARTESIAN_POINT ( 'NONE',  ( 2.404163056034261725, -2.404163056034261281, 24.01874999999998295 ) ) ;
#2647 = CARTESIAN_POINT ( 'NONE',  ( 2.882579019330973491, 2.882579019330973935, 26.28437500170697660 ) ) ;
#2648 = UNCERTAINTY_MEASURE_WITH_UNIT (LENGTH_MEASURE( 1.000000000000000082E-05 ), #3705, 'distance_accuracy_value', 'NONE');
#2649 = LINE ( 'NONE', #813, #3241 ) ;
#2650 = CARTESIAN_POINT ( 'NONE',  ( 0.6191251701696460774, -3.344363566838440160, 20.14822900402526429 ) ) ;
#2651 = CARTESIAN_POINT ( 'NONE',  ( 2.190304304461958562, -2.600889733423924710, 15.25236352932987494 ) ) ;
#2652 = CARTESIAN_POINT ( 'NONE',  ( -1.297079737063149718, 3.143744928722230991, 17.06536985688857300 ) ) ;
#2653 = CARTESIAN_POINT ( 'NONE',  ( -2.652902682660928768, -2.127801768494554491, 18.68520865921347607 ) ) ;
#2654 = DIRECTION ( 'NONE',  ( -1.000000000000000000, 0.000000000000000000, 0.000000000000000000 ) ) ;
#2655 = CARTESIAN_POINT ( 'NONE',  ( 1.408326112068522873, 3.400000000000000355, 18.47187500341397026 ) ) ;
#2656 = CARTESIAN_POINT ( 'NONE',  ( -1.408326112068523317, 3.400000000000000355, 16.12812500341396671 ) ) ;
#2657 = ORIENTED_EDGE ( 'NONE', *, *, #1392, .F. ) ;
#2658 = CARTESIAN_POINT ( 'NONE',  ( 4.076582343750000170, -1.688575694911947922, 17.45625000170698016 ) ) ;
#2659 = CARTESIAN_POINT ( 'NONE',  ( 1.408326112068525537, -3.399999999999999023, 24.25312500341396671 ) ) ;
#2660 = EDGE_CURVE ( 'NONE', #528, #4217, #4020, .T. ) ;
#2661 = CARTESIAN_POINT ( 'NONE',  ( 2.882579019330957060, -2.882579019330956172, 18.62812500170699082 ) ) ;
#2662 = CARTESIAN_POINT ( 'NONE',  ( 1.359514460293054672, -3.116660446130289142, 21.44440708382520100 ) ) ;
#2663 = CARTESIAN_POINT ( 'NONE',  ( 1.030382672117178045, -3.240412893266326311, 23.92332948136697368 ) ) ;
#2664 = CARTESIAN_POINT ( 'NONE',  ( 3.088863992568524175, 1.422415064381177707, 24.26104951167100410 ) ) ;
#2665 = CARTESIAN_POINT ( 'NONE',  ( -0.1858590516315613561, 3.395056756111364038, 19.49792633644285900 ) ) ;
#2666 = CARTESIAN_POINT ( 'NONE',  ( 3.400000000000000355, 1.408326112068523539, 24.25312499999998650 ) ) ;
#2667 = CARTESIAN_POINT ( 'NONE',  ( 2.381519894349831912, 2.426619190242527591, 21.83302064099499518 ) ) ;
#2668 = CARTESIAN_POINT ( 'NONE',  ( 1.688575694911948366, 4.076582343749999282, 22.61250000170697660 ) ) ;
#2669 = CARTESIAN_POINT ( 'NONE',  ( -4.399999999999994138, 0.000000000000000000, 13.98000000000000043 ) ) ;
#2670 = CARTESIAN_POINT ( 'NONE',  ( 3.153072855314785539, -1.274237963046518374, 20.34864292345237402 ) ) ;
#2671 = CARTESIAN_POINT ( 'NONE',  ( 1.796722831064997639, -2.887864853885260263, 15.22393336138514996 ) ) ;
#2672 = CARTESIAN_POINT ( 'NONE',  ( -0.4159463743641909073, 3.375886090931009775, 17.01123001714761429 ) ) ;
#2673 = CARTESIAN_POINT ( 'NONE',  ( 3.400000000000000799, -1.408326112068522651, 23.15937500341397026 ) ) ;
#2674 = CARTESIAN_POINT ( 'NONE',  ( -3.379210286940393715, 0.3754347582886935486, 21.02870035326537845 ) ) ;
#2675 = CARTESIAN_POINT ( 'NONE',  ( -3.373422662063013444, 0.4250145301039939261, 23.52577405248948494 ) ) ;
#2676 = CARTESIAN_POINT ( 'NONE',  ( -1.408326112068523317, 3.400000000000000355, 18.62812500341396316 ) ) ;
#2677 = CARTESIAN_POINT ( 'NONE',  ( -15.00000000000000178, 9.700205009549272006, 25.97595906421916112 ) ) ;
#2678 = ORIENTED_EDGE ( 'NONE', *, *, #1290, .F. ) ;
#2679 = CARTESIAN_POINT ( 'NONE',  ( -2.882579019330973935, 2.882579019330973935, 15.50312500170697838 ) ) ;
#2680 = ORIENTED_EDGE ( 'NONE', *, *, #4484, .T. ) ;
#2681 = FACE_OUTER_BOUND ( 'NONE', #1228, .T. ) ;
#2682 = CARTESIAN_POINT ( 'NONE',  ( 4.076582343749976189, -1.688575694911937930, 17.45625000170699792 ) ) ;
#2683 = CARTESIAN_POINT ( 'NONE',  ( -2.558049131584716473, -2.239947985371267158, 21.19350478525915804 ) ) ;
#2684 = CARTESIAN_POINT ( 'NONE',  ( -2.006741111629671614, -2.745061896199653795, 23.73613372970264734 ) ) ;
#2685 = LINE ( 'NONE', #143, #52 ) ;
#2686 = CARTESIAN_POINT ( 'NONE',  ( -2.507973973916839849, -3.120214527540609240, 14.38373653087582404 ) ) ;
#2687 = AXIS2_PLACEMENT_3D ( 'NONE', #118, #3154, #2738 ) ;
#2688 = CARTESIAN_POINT ( 'NONE',  ( 7.488560278101077592E-16, -4.076582343749999282, 24.56562500170703700 ) ) ;
#2689 = CARTESIAN_POINT ( 'NONE',  ( 2.404163056034261281, 2.404163056034261725, 25.58124999999998295 ) ) ;
#2690 = CARTESIAN_POINT ( 'NONE',  ( 2.359069053566742014, -2.448606649293881166, 19.01523195532600141 ) ) ;
#2691 = CARTESIAN_POINT ( 'NONE',  ( -2.882579019330973047, -2.882579019330974379, 19.40937500170697660 ) ) ;
#2692 = CARTESIAN_POINT ( 'NONE',  ( -1.059194173956849561, 3.234294151893965630, 18.30010647751830533 ) ) ;
#2693 = CARTESIAN_POINT ( 'NONE',  ( -2.090558378374189896, -2.681355365687259518, 19.98004033879486840 ) ) ;
#2694 = CARTESIAN_POINT ( 'NONE',  ( 2.784639076425525328, -1.950879971057107864, 15.30263686763177944 ) ) ;
#2695 = CARTESIAN_POINT ( 'NONE',  ( -2.489631683504849757, 2.316391109409887683, 17.15056045871081380 ) ) ;
#2696 = CARTESIAN_POINT ( 'NONE',  ( -0.2206429527105784050, -3.392835936938799257, 25.10011117688275917 ) ) ;
#2697 = CARTESIAN_POINT ( 'NONE',  ( -3.378491209808566431, 0.3818939732587171010, 21.02832245777572595 ) ) ;
#2698 = CARTESIAN_POINT ( 'NONE',  ( -0.8579959943864483574, 3.290179237570320048, 23.28762691797550133 ) ) ;
#2699 = CARTESIAN_POINT ( 'NONE',  ( 2.882579019330973491, 2.882579019330973935, 23.94062500170698016 ) ) ;
#2700 = CARTESIAN_POINT ( 'NONE',  ( -3.399999999999999023, -1.408326112068525537, 16.44062500341396671 ) ) ;
#2701 = ORIENTED_EDGE ( 'NONE', *, *, #204, .T. ) ;
#2702 = VERTEX_POINT ( 'NONE', #1137 ) ;
#2703 = CARTESIAN_POINT ( 'NONE',  ( 2.593386956701828616, 2.214939155366694390, 14.31640508253710919 ) ) ;
#2704 = CARTESIAN_POINT ( 'NONE',  ( 4.076582343749999282, 4.992373518734052056E-16, 17.53437500170698016 ) ) ;
#2705 = CARTESIAN_POINT ( 'NONE',  ( -3.399999999999999023, -1.408326112068525537, 21.44062500341397381 ) ) ;
#2706 = VERTEX_POINT ( 'NONE', #1887 ) ;
#2707 = DIRECTION ( 'NONE',  ( -1.000000000000000000, 0.000000000000000000, 0.000000000000000000 ) ) ;
#2708 = CARTESIAN_POINT ( 'NONE',  ( 0.3249757784422619422, 3.660167387274090967, 25.56669655940135755 ) ) ;
#2709 = EDGE_CURVE ( 'NONE', #1562, #2120, #969, .T. ) ;
#2710 = CARTESIAN_POINT ( 'NONE',  ( -1.688575694911939484, -4.076582343749974413, 17.14375000170699437 ) ) ;
#2711 = CARTESIAN_POINT ( 'NONE',  ( -0.1881460795513105189, -3.394800836427303903, 21.35194365895807422 ) ) ;
#2712 = CARTESIAN_POINT ( 'NONE',  ( 0.7124016981321383835, -3.326327987184316992, 23.90373974620860409 ) ) ;
#2713 = CARTESIAN_POINT ( 'NONE',  ( 1.600720441211448852, 3.014254899780390407, 24.38988812893352431 ) ) ;
#2714 = CARTESIAN_POINT ( 'NONE',  ( -3.028129289175466088, -2.650318790252756518, 14.36260203385366019 ) ) ;
#2715 = CARTESIAN_POINT ( 'NONE',  ( -1.688575694911948810, 4.076582343749999282, 24.01875000170703700 ) ) ;
#2716 = CARTESIAN_POINT ( 'NONE',  ( -2.404163056034261725, 2.404163056034261725, 24.64374999999998650 ) ) ;
#2717 = DIRECTION ( 'NONE',  ( 1.000000000000000000, 0.000000000000000000, 0.000000000000000000 ) ) ;
#2718 = CARTESIAN_POINT ( 'NONE',  ( -4.076582343749998394, -1.688575694911951253, 20.58125000170698016 ) ) ;
#2719 = CARTESIAN_POINT ( 'NONE',  ( 3.399999999999999911, 0.000000000000000000, 0.000000000000000000 ) ) ;
#2720 = CARTESIAN_POINT ( 'NONE',  ( 2.727723280369744874, -2.030663293779402689, 15.29698196953213696 ) ) ;
#2721 = CARTESIAN_POINT ( 'NONE',  ( -2.676411175276136145, 2.098678440045328220, 17.16703299654537673 ) ) ;
#2722 = CARTESIAN_POINT ( 'NONE',  ( -0.7503294848294027597, -3.316320055789108157, 25.06896425949631890 ) ) ;
#2723 = CARTESIAN_POINT ( 'NONE',  ( -2.893173316162800823, 1.787049060774323239, 20.93922378349444458 ) ) ;
#2724 = CARTESIAN_POINT ( 'NONE',  ( -1.487105974423776233, 3.057799409024369641, 22.07785735752081990 ) ) ;
#2725 = CARTESIAN_POINT ( 'NONE',  ( -3.377693088541143140, 0.3888769478438544036, 23.52791524488576513 ) ) ;
#2726 = CARTESIAN_POINT ( 'NONE',  ( -4.076582343749998394, -1.688575694911951253, 23.23750000170697660 ) ) ;
#2727 = CARTESIAN_POINT ( 'NONE',  ( 1.408326112068525537, -3.399999999999999023, 15.50312500341397026 ) ) ;
#2728 = ORIENTED_EDGE ( 'NONE', *, *, #4750, .F. ) ;
#2729 = ORIENTED_EDGE ( 'NONE', *, *, #1880, .T. ) ;
#2730 = CARTESIAN_POINT ( 'NONE',  ( 4.076582343749999282, 1.688575694911949254, 18.86250000170698371 ) ) ;
#2731 = CARTESIAN_POINT ( 'NONE',  ( -3.399999999999999911, 0.000000000000000000, 21.36250000341396671 ) ) ;
#2732 = ORIENTED_EDGE ( 'NONE', *, *, #3171, .T. ) ;
#2733 = LINE ( 'NONE', #2755, #4076 ) ;
#2734 = CARTESIAN_POINT ( 'NONE',  ( 2.882579019330957060, -2.882579019330956172, 17.37812500170699437 ) ) ;
#2735 = CARTESIAN_POINT ( 'NONE',  ( 1.681666373341804244, -2.957285828127573790, 21.46590520133756641 ) ) ;
#2736 = CARTESIAN_POINT ( 'NONE',  ( -2.655764026681605383, -2.124102049536629178, 23.68493483093248031 ) ) ;
#2737 = CARTESIAN_POINT ( 'NONE',  ( 0.2193216683382843146, 3.399975675807410447, 24.47500897967357858 ) ) ;
#2738 = DIRECTION ( 'NONE',  ( 1.000000000000000000, 0.000000000000000000, 0.000000000000000000 ) ) ;
#2739 = PRODUCT_RELATED_PRODUCT_CATEGORY ( 'part', '', ( #1164 ) ) ;
#2740 = CARTESIAN_POINT ( 'NONE',  ( -4.076582343749999282, 0.000000000000000000, 23.00312500170704411 ) ) ;
#2741 = CARTESIAN_POINT ( 'NONE',  ( 2.688850209903999922, -2.092897379389974333, 19.04283030996353077 ) ) ;
#2742 = CARTESIAN_POINT ( 'NONE',  ( -1.688575694911949698, -4.076582343749998394, 18.23750000170698016 ) ) ;
#2743 = CARTESIAN_POINT ( 'NONE',  ( -3.184171606968256629, 1.201943115574339860, 18.47817360802521591 ) ) ;
#2744 = CARTESIAN_POINT ( 'NONE',  ( 3.399999083175185177, -0.2497960277361575554, 15.41114332934296627 ) ) ;
#2745 = CARTESIAN_POINT ( 'NONE',  ( 2.293265965741739354, -2.510184383511625761, 25.26016190418930663 ) ) ;
#2746 = CARTESIAN_POINT ( 'NONE',  ( 3.397695323263961953, 0.1551354151712854568, 16.68368821370659916 ) ) ;
#2747 = CARTESIAN_POINT ( 'NONE',  ( -0.4182936283526092480, 3.375656419680195253, 22.01136912619402608 ) ) ;
#2748 = CARTESIAN_POINT ( 'NONE',  ( -2.854595081027415659, 1.847790199094816233, 23.43497173595978822 ) ) ;
#2749 = CARTESIAN_POINT ( 'NONE',  ( 7.488560278101077592E-16, -4.076582343749999282, 20.97187500170697660 ) ) ;
#2750 = CARTESIAN_POINT ( 'NONE',  ( 3.400000000000000355, 1.408326112068523539, 14.56562500341396849 ) ) ;
#2751 = CARTESIAN_POINT ( 'NONE',  ( -4.399999999999994138, 0.000000000000000000, 13.98000000000000043 ) ) ;
#2752 = EDGE_CURVE ( 'NONE', #1179, #2494, #145, .T. ) ;
#2753 = CARTESIAN_POINT ( 'NONE',  ( 7.488560278101077592E-16, -4.076582343749999282, 14.72187500170697660 ) ) ;
#2754 = VERTEX_POINT ( 'NONE', #3663 ) ;
#2755 = CARTESIAN_POINT ( 'NONE',  ( 3.399999999999999911, 0.000000000000000000, 0.000000000000000000 ) ) ;
#2756 = DIRECTION ( 'NONE',  ( -0.000000000000000000, -0.000000000000000000, 1.000000000000000000 ) ) ;
#2757 = CARTESIAN_POINT ( 'NONE',  ( -15.00000000000000178, -13.07707918458858032, 20.00000000000000000 ) ) ;
#2758 = CARTESIAN_POINT ( 'NONE',  ( -0.1712385569349052505, -3.395695661109355612, 21.35290462133085398 ) ) ;
#2759 = CARTESIAN_POINT ( 'NONE',  ( -0.2128069007675759960, -3.393340500108457114, 23.85054446606008582 ) ) ;
#2760 = CARTESIAN_POINT ( 'NONE',  ( 3.373146335063118784, 0.4406148885644244895, 24.20016747899397913 ) ) ;
#2761 = CARTESIAN_POINT ( 'NONE',  ( -3.399999998522142075, -0.05470888392690485824, 22.30293568259800452 ) ) ;
#2762 = CARTESIAN_POINT ( 'NONE',  ( -2.882579019330973047, -2.882579019330974379, 21.90937500170704055 ) ) ;
#2763 = VECTOR ( 'NONE', #3822, 999.9999999999998863 ) ;
#2764 = AXIS2_PLACEMENT_3D ( 'NONE', #3932, #1755, #620 ) ;
#2765 = CARTESIAN_POINT ( 'NONE',  ( -0.02774634292982118208, -3.400472008965600423, 18.86105421224586465 ) ) ;
#2766 = CARTESIAN_POINT ( 'NONE',  ( -4.076582343749999282, 0.000000000000000000, 18.00312500170697660 ) ) ;
#2767 = CARTESIAN_POINT ( 'NONE',  ( -3.376643247373472878, 0.3981319592391102113, 18.52736527940437838 ) ) ;
#2768 = CARTESIAN_POINT ( 'NONE',  ( -0.6784638350278507923, -3.335047117120229387, 15.07326729209860616 ) ) ;
#2769 = COLOUR_RGB ( '',0.7921568627450980005, 0.8196078431372548767, 0.9333333333333333481 ) ;
#2770 = CARTESIAN_POINT ( 'NONE',  ( -0.7820179066648169641, -3.309016921461525040, 25.06703402010590054 ) ) ;
#2771 = CARTESIAN_POINT ( 'NONE',  ( -0.9626452982702982109, 3.261659087855464545, 20.79410796479056245 ) ) ;
#2772 = CARTESIAN_POINT ( 'NONE',  ( -1.306561503917467393, 3.139815008514209360, 22.06597781956511994 ) ) ;
#2773 = CARTESIAN_POINT ( 'NONE',  ( -2.002800351566022208, 2.747796998153946291, 23.36366659375747190 ) ) ;
#2774 = VECTOR ( 'NONE', #2787, 1000.000000000000000 ) ;
#2775 = CARTESIAN_POINT ( 'NONE',  ( 4.076582343750000170, -1.688575694911947922, 24.95625000170697660 ) ) ;
#2776 = CARTESIAN_POINT ( 'NONE',  ( -2.404163056034260837, -2.404163056034261725, 14.01875000341396671 ) ) ;
#2777 = DIRECTION ( 'NONE',  ( -0.000000000000000000, -0.000000000000000000, 1.000000000000000000 ) ) ;
#2778 = ORIENTED_EDGE ( 'NONE', *, *, #657, .T. ) ;
#2779 = CARTESIAN_POINT ( 'NONE',  ( 4.076582343749999282, 1.688575694911949254, 24.95625000170697660 ) ) ;
#2780 = CARTESIAN_POINT ( 'NONE',  ( -1.408326112068523317, 3.400000000000000355, 21.12812500341396671 ) ) ;
#2781 = DIRECTION ( 'NONE',  ( 0.000000000000000000, 0.000000000000000000, 1.000000000000000000 ) ) ;
#2782 = ORIENTED_EDGE ( 'NONE', *, *, #3899, .F. ) ;
#2783 = CARTESIAN_POINT ( 'NONE',  ( 3.706348809059935245, 0.1826612599666704306, 14.67365119094116821 ) ) ;
#2784 = EDGE_CURVE ( 'NONE', #1298, #503, #1817, .T. ) ;
#2785 = DIRECTION ( 'NONE',  ( 0.000000000000000000, 0.000000000000000000, 1.000000000000000000 ) ) ;
#2786 = CARTESIAN_POINT ( 'NONE',  ( -2.784660579858710072, -1.956068081744887444, 21.17249625802475066 ) ) ;
#2787 = DIRECTION ( 'NONE',  ( -0.000000000000000000, -0.000000000000000000, -1.000000000000000000 ) ) ;
#2788 = CARTESIAN_POINT ( 'NONE',  ( 1.207549525203275964, -3.178397388403151780, 16.43457810266352936 ) ) ;
#2789 = CARTESIAN_POINT ( 'NONE',  ( -0.1026806011685122699, -3.919027547434453140, 14.46657014745364833 ) ) ;
#2790 = APPLICATION_CONTEXT ( 'automotive_design' ) ;
#2791 = CARTESIAN_POINT ( 'NONE',  ( 7.488560278101077592E-16, -4.076582343749999282, 23.31562500170704055 ) ) ;
#2792 = CARTESIAN_POINT ( 'NONE',  ( -0.1904038960941140113, -3.394664834642156404, 18.85181502106323492 ) ) ;
#2793 = CARTESIAN_POINT ( 'NONE',  ( -2.882579019330973047, -2.882579019330974379, 16.90937500170698016 ) ) ;
#2794 = CARTESIAN_POINT ( 'NONE',  ( -0.4153169583554228717, 3.376137908067156523, 18.26109360875331689 ) ) ;
#2795 = CARTESIAN_POINT ( 'NONE',  ( -0.3624660675054046655, -3.381598662823434687, 20.09206683432683249 ) ) ;
#2796 = CARTESIAN_POINT ( 'NONE',  ( -2.548996605784096925, 2.250028447953038579, 22.15562829856400029 ) ) ;
#2797 = CARTESIAN_POINT ( 'NONE',  ( -2.603376300817950906, -2.186884063520744270, 24.93960881260789009 ) ) ;
#2798 = CARTESIAN_POINT ( 'NONE',  ( 0.4873662344957067627, 3.365011436876319095, 20.70964734971716581 ) ) ;
#2799 = CARTESIAN_POINT ( 'NONE',  ( -2.053074154250855710, 2.710179684725015914, 22.11725201343499947 ) ) ;
#2800 = CARTESIAN_POINT ( 'NONE',  ( 1.848685563983728741, 2.853620415783673980, 23.12237106785974561 ) ) ;
#2801 = CARTESIAN_POINT ( 'NONE',  ( -2.882579019330973935, 2.882579019330973935, 24.25312500170698016 ) ) ;
#2802 = CARTESIAN_POINT ( 'NONE',  ( 3.399999999997205702, 4.359021681925006865E-06, 19.17500024181115137 ) ) ;
#2803 = ORIENTED_EDGE ( 'NONE', *, *, #1167, .T. ) ;
#2804 = EDGE_CURVE ( 'NONE', #3286, #4350, #303, .T. ) ;
#2805 = CARTESIAN_POINT ( 'NONE',  ( -4.076582343749999282, 0.000000000000000000, 25.50312500170697660 ) ) ;
#2806 = ORIENTED_EDGE ( 'NONE', *, *, #4566, .T. ) ;
#2807 = CARTESIAN_POINT ( 'NONE',  ( 0.000000000000000000, 0.000000000000000000, 22.49059892324149246 ) ) ;
#2808 = CARTESIAN_POINT ( 'NONE',  ( -4.076582343749999282, 0.000000000000000000, 26.90937500170697660 ) ) ;
#2809 = CARTESIAN_POINT ( 'NONE',  ( 2.404163056034261281, 2.404163056034261725, 20.89375000341396671 ) ) ;
#2810 = CARTESIAN_POINT ( 'NONE',  ( -3.324895008748524727, -0.7128282901367863911, 23.59129872789820936 ) ) ;
#2811 = CARTESIAN_POINT ( 'NONE',  ( 2.758515211273055545, -1.987610079762922366, 25.29999999999998650 ) ) ;
#2812 = CARTESIAN_POINT ( 'NONE',  ( -2.900675236586400363, 1.775222241575550530, 15.94005343957736720 ) ) ;
#2813 = ADVANCED_FACE ( 'NONE', ( #4067 ), #4470, .F. ) ;
#2814 = CARTESIAN_POINT ( 'NONE',  ( 4.076582343750000170, -1.688575694911947922, 18.55000000170704055 ) ) ;
#2815 = CARTESIAN_POINT ( 'NONE',  ( -1.499690600664214557, -3.051399422604586853, 18.77129623163949645 ) ) ;
#2816 = CARTESIAN_POINT ( 'NONE',  ( -2.882579019330973935, 2.882579019330973935, 14.09687500170697660 ) ) ;
#2817 = CARTESIAN_POINT ( 'NONE',  ( 2.498032766617094058, 2.309768516724967746, 18.07375997509009125 ) ) ;
#2818 = CARTESIAN_POINT ( 'NONE',  ( -3.213866865612311940, 1.112557429595003367, 22.23400503862960420 ) ) ;
#2819 =( BOUNDED_CURVE ( )  B_SPLINE_CURVE ( 2, ( #683, #2155, #997, #2103, #266, #3583, #1739, #1380, #2862 ),
 .UNSPECIFIED., .F., .F. ) 
 B_SPLINE_CURVE_WITH_KNOTS ( ( 3, 2, 2, 2, 3 ),
 ( 0.5288303128602463987, 0.5408491558620194262, 0.5528680259922865714, 0.5648868961225537166, 0.5769057314343499776 ),
 .UNSPECIFIED. ) 
 CURVE ( )  GEOMETRIC_REPRESENTATION_ITEM ( )  RATIONAL_B_SPLINE_CURVE ( ( 1.000000000000000000, 0.9238795325112867385, 1.000000000000000000, 0.9238795325112867385, 1.000000000000000000, 0.9238795325112867385, 1.000000000000000000, 0.9238795325112867385, 1.000000000000000000 ) ) 
 REPRESENTATION_ITEM ( '' )  );
#2820 = CARTESIAN_POINT ( 'NONE',  ( -3.399999997610332336, -0.08774305697819592686, 24.80480948617360681 ) ) ;
#2821 = CARTESIAN_POINT ( 'NONE',  ( -0.1238112413174861093, 3.397760964363338410, 20.74441927590731893 ) ) ;
#2822 = CARTESIAN_POINT ( 'NONE',  ( -1.634625489686551747, 2.981503658018533454, 22.08779940247522688 ) ) ;
#2823 = CARTESIAN_POINT ( 'NONE',  ( 1.801322492181270052, 2.883751908715637580, 23.12578050190166579 ) ) ;
#2824 = CARTESIAN_POINT ( 'NONE',  ( 4.076582343750000170, -1.688575694911947922, 18.70625000170697660 ) ) ;
#2825 = CARTESIAN_POINT ( 'NONE',  ( 7.488560278101077592E-16, -4.076582343749999282, 17.06562500170697660 ) ) ;
#2826 = CARTESIAN_POINT ( 'NONE',  ( 2.703057908856892233, -2.074184857516138791, 22.79382732900056041 ) ) ;
#2827 = CARTESIAN_POINT ( 'NONE',  ( 0.000000000000000000, 0.000000000000000000, 28.80000000000000071 ) ) ;
#2828 = ORIENTED_EDGE ( 'NONE', *, *, #3114, .T. ) ;
#2829 = CARTESIAN_POINT ( 'NONE',  ( -4.076582343749999282, 1.688575694911948588, 14.33125000170697838 ) ) ;
#2830 = CARTESIAN_POINT ( 'NONE',  ( -1.815037534396435559, -2.876592170454655761, 17.50012638505667084 ) ) ;
#2831 = CARTESIAN_POINT ( 'NONE',  ( 1.476862457388350647, 3.318629209807342217, 25.52448173059995895 ) ) ;
#2832 = ORIENTED_EDGE ( 'NONE', *, *, #2283, .T. ) ;
#2833 = CARTESIAN_POINT ( 'NONE',  ( -2.048444760105219586, 2.761100309567372957, 14.94691316980051887 ) ) ;
#2834 = CARTESIAN_POINT ( 'NONE',  ( 3.399999999999967493, -4.708061388948499010E-07, 20.73749997729563788 ) ) ;
#2835 = DIRECTION ( 'NONE',  ( -0.000000000000000000, -0.000000000000000000, -1.000000000000000000 ) ) ;
#2836 = CARTESIAN_POINT ( 'NONE',  ( 15.00000000000000178, 11.32313875215887045, 25.25721276145834082 ) ) ;
#2837 = CARTESIAN_POINT ( 'NONE',  ( 3.113094944414512177, -1.367003194124680299, 16.59257500564367049 ) ) ;
#2838 = CARTESIAN_POINT ( 'NONE',  ( -0.6985815422694261478, 3.327981077577272462, 15.77791010705721320 ) ) ;
#2839 = CARTESIAN_POINT ( 'NONE',  ( -2.882579019330973047, -2.882579019330974379, 18.15937500170704055 ) ) ;
#2840 = CARTESIAN_POINT ( 'NONE',  ( -3.399999999999999911, 0.000000000000000000, 23.54999999999998295 ) ) ;
#2841 = CARTESIAN_POINT ( 'NONE',  ( 2.882579019330973491, 2.882579019330973935, 16.28437500170698016 ) ) ;
#2842 = CARTESIAN_POINT ( 'NONE',  ( -0.02166129828673878446, 3.400368759134979157, 18.23864894661990022 ) ) ;
#2843 = CARTESIAN_POINT ( 'NONE',  ( -3.378958257757318950, 0.3776923343027653868, 22.27857137257390008 ) ) ;
#2844 = CONICAL_SURFACE ( 'NONE', #3456, 12.97179676972448448, 1.047197551196597631 ) ;
#2845 = CARTESIAN_POINT ( 'NONE',  ( -3.173056993514621560, -1.254532560519459494, 24.87487626937559781 ) ) ;
#2846 = CARTESIAN_POINT ( 'NONE',  ( 2.291456985015709158, 2.512026980367280338, 20.58996775206627561 ) ) ;
#2847 = CARTESIAN_POINT ( 'NONE',  ( 2.847078325924531139, 1.860364314393591734, 23.04085727338908640 ) ) ;
#2848 = CARTESIAN_POINT ( 'NONE',  ( -4.076582343749999282, 1.688575694911948588, 19.33125000170697660 ) ) ;
#2849 = CARTESIAN_POINT ( 'NONE',  ( 2.882579019330974379, -2.882579019330973491, 14.72187500170697660 ) ) ;
#2850 = CARTESIAN_POINT ( 'NONE',  ( -1.408326112068523317, 3.400000000000000355, 14.87812500341396671 ) ) ;
#2851 = CARTESIAN_POINT ( 'NONE',  ( -2.081899558550500280E-16, 3.399999999999999911, 22.30000000341396671 ) ) ;
#2852 = AXIS2_PLACEMENT_3D ( 'NONE', #614, #981, #2872 ) ;
#2853 = ORIENTED_EDGE ( 'NONE', *, *, #2804, .F. ) ;
#2854 = CIRCLE ( 'NONE', #1533, 4.399999999999994138 ) ;
#2855 = CARTESIAN_POINT ( 'NONE',  ( 7.488560278101077592E-16, -4.076582343749999282, 25.81562500170697660 ) ) ;
#2856 = CARTESIAN_POINT ( 'NONE',  ( -0.5235254677879987995, -3.361491810541968661, 17.58256611490297061 ) ) ;
#2857 = DIRECTION ( 'NONE',  ( -0.000000000000000000, -0.000000000000000000, 1.000000000000000000 ) ) ;
#2858 = ORIENTED_EDGE ( 'NONE', *, *, #517, .F. ) ;
#2859 = DIRECTION ( 'NONE',  ( -0.000000000000000000, -0.000000000000000000, 1.000000000000000000 ) ) ;
#2860 = CARTESIAN_POINT ( 'NONE',  ( -1.408326112068523983, -3.399999999999999467, 20.03437499999998650 ) ) ;
#2861 = CARTESIAN_POINT ( 'NONE',  ( 4.076582343749999282, 4.992373518734052056E-16, 26.28437500170697660 ) ) ;
#2862 = CARTESIAN_POINT ( 'NONE',  ( -3.399999999995818367, -3.669941171264034739E-06, 18.86256836408450255 ) ) ;
#2863 = CARTESIAN_POINT ( 'NONE',  ( -15.00000000000000178, -13.07707918458858032, 24.79999999999999361 ) ) ;
#2864 = CARTESIAN_POINT ( 'NONE',  ( 3.399999999995076294, 5.786419506472063760E-06, 16.98750032440969093 ) ) ;
#2865 = CARTESIAN_POINT ( 'NONE',  ( -2.085828394339643843, 2.685026535068102849, 15.86961486617764372 ) ) ;
#2866 = CARTESIAN_POINT ( 'NONE',  ( 4.076582343749999282, 4.992373518734052056E-16, 17.37812500170704055 ) ) ;
#2867 = CARTESIAN_POINT ( 'NONE',  ( -3.374862163502140078, 0.4131059176801523125, 17.27657216749417302 ) ) ;
#2868 = CARTESIAN_POINT ( 'NONE',  ( -1.688575694911949698, -4.076582343749998394, 16.98750000170697660 ) ) ;
#2869 = CARTESIAN_POINT ( 'NONE',  ( -4.076582343749999282, -0.3456329073198849966, 14.30341765624999795 ) ) ;
#2870 = CARTESIAN_POINT ( 'NONE',  ( 0.4567708929454599165, 3.369425305047452746, 18.21142432452431237 ) ) ;
#2871 = CARTESIAN_POINT ( 'NONE',  ( -3.309913096289005097, 0.7941874647948768962, 22.25388396220004239 ) ) ;
#2872 = DIRECTION ( 'NONE',  ( 1.000000000000000000, 0.000000000000000000, 0.000000000000000000 ) ) ;
#2873 = CARTESIAN_POINT ( 'NONE',  ( 2.387253844038689010, 2.421001528774988643, 20.58257117653305812 ) ) ;
#2874 = CARTESIAN_POINT ( 'NONE',  ( 3.091467773336364022, 1.417200383489387150, 23.01060892252650092 ) ) ;
#2875 = CARTESIAN_POINT ( 'NONE',  ( -4.076582343749999282, 1.688575694911948588, 16.83125000170697660 ) ) ;
#2876 = CARTESIAN_POINT ( 'NONE',  ( 4.076582343750000170, -1.688575694911947922, 14.80000000170697660 ) ) ;
#2877 = CARTESIAN_POINT ( 'NONE',  ( -2.610368180983008379, -2.178529756844096887, 22.43902057807274275 ) ) ;
#2878 = CARTESIAN_POINT ( 'NONE',  ( 3.399999999999386180, 2.042942556961062808E-06, 21.98750011674260207 ) ) ;
#2879 = ORIENTED_EDGE ( 'NONE', *, *, #3899, .T. ) ;
#2880 = EDGE_CURVE ( 'NONE', #426, #1638, #2414, .T. ) ;
#2881 = CARTESIAN_POINT ( 'NONE',  ( 4.076582343749999282, 1.688575694911949254, 25.11250000170698016 ) ) ;
#2882 = CARTESIAN_POINT ( 'NONE',  ( 7.488560278101077592E-16, -4.076582343749999282, 22.06562500170697660 ) ) ;
#2883 = CARTESIAN_POINT ( 'NONE',  ( -0.8458717529505740407, -3.293136936678070281, 17.56312089258133469 ) ) ;
#2884 = CARTESIAN_POINT ( 'NONE',  ( -4.076582343749975301, 0.000000000000000000, 25.65937500170699082 ) ) ;
#2885 = VERTEX_POINT ( 'NONE', #3223 ) ;
#2886 = CARTESIAN_POINT ( 'NONE',  ( 1.408326112068525537, -3.399999999999999023, 16.75312500341396671 ) ) ;
#2887 = CARTESIAN_POINT ( 'NONE',  ( -3.399999999999999911, 0.000000000000000000, 18.54999999999998295 ) ) ;
#2888 = CARTESIAN_POINT ( 'NONE',  ( -2.882579019330973935, 2.882579019330973935, 20.50312500170698016 ) ) ;
#2889 = CARTESIAN_POINT ( 'NONE',  ( 1.408326112068522873, 3.400000000000000355, 20.97187500341396316 ) ) ;
#2890 = B_SPLINE_CURVE_WITH_KNOTS ( 'NONE', 3,
 ( #2462, #3925, #1749, #3568, #1777, #2511, #1438, #1391, #3233, #250, #4339, #1723, #325, #1031, #4663, #3207, #1361, #1052, #3976, #665, #2138, #3620, #304, #1416, #3645, #2531, #4000, #695, #2166, #1797, #1844, #4492, #4407, #809, #3018, #2286, #2213, #2598, #4113, #3368, #3716, #3689, #1527, #1096, #4450, #3756, #1140, #3038, #1189, #2575, #373, #2665, #2645, #437, #3325, #2308, #4761, #4069, #1502, #3300, #347, #742, #2242, #4132, #1912, #1549, #1116, #396, #830, #2623, #3393, #10, #32, #1867, #4472, #1481, #3346, #2968, #1819, #1460, #2947, #4043, #4427, #1165, #766, #2992, #4093, #786, #2265, #3735, #417, #1890, #51, #75, #2383, #1936 ),
 .UNSPECIFIED., .F., .F.,
 ( 4, 2, 2, 2, 1, 2, 2, 2, 2, 2, 2, 2, 2, 2, 1, 2, 1, 2, 2, 2, 2, 2, 2, 2, 2, 2, 2, 2, 2, 2, 1, 1, 2, 2, 2, 1, 1, 2, 2, 1, 2, 2, 2, 2, 2, 2, 2, 2, 2, 2, 2, 4 ),
 ( 0.5330548314598665405, 0.5349474266744023154, 0.5350657138753108777, 0.5351840010762193289, 0.5354205754780363424, 0.5358937242816702584, 0.5368400218889382014, 0.5387326171034739763, 0.5396789147107419193, 0.5406252123180098623, 0.5444104027470815232, 0.5463029979616174092, 0.5467761467652513252, 0.5472492955688853522, 0.5481955931761531842, 0.5500881883906890701, 0.5505613371943229861, 0.5506796243952315484, 0.5507979115961399996, 0.5510344859979570131, 0.5519807836052249561, 0.5538733788197609531, 0.5543465276233948691, 0.5548196764270288961, 0.5557659740342968391, 0.5595511644633687220, 0.5614437596779046080, 0.5623900572851725510, 0.5624492008856267766, 0.5625083444860811133, 0.5626266316869895645, 0.5628632060888065780, 0.5633363548924404940, 0.5671215453215122659, 0.5690141405360481519, 0.5699604381433160949, 0.5701970125451331084, 0.5702561561455873340, 0.5703152997460415596, 0.5704335869469501219, 0.5709067357505840379, 0.5746919261796559208, 0.5765845213941918068, 0.5775308190014597498, 0.5780039678050936658, 0.5784771166087276928, 0.5822623070377994647, 0.5841549022523352397, 0.5851011998596031827, 0.5860474974668711257, 0.5898326878959427866, 0.5936178783250145585 ),
 .UNSPECIFIED. ) ;
#2891 = CARTESIAN_POINT ( 'NONE',  ( -2.404163056034261725, 2.404163056034261725, 17.45625000341396671 ) ) ;
#2892 = CARTESIAN_POINT ( 'NONE',  ( 2.286350269968507209, -2.516773703766194803, 16.50961980193315526 ) ) ;
#2893 = CARTESIAN_POINT ( 'NONE',  ( -2.944188023665778253, 1.700771976805667718, 15.94517880488248096 ) ) ;
#2894 = CARTESIAN_POINT ( 'NONE',  ( 1.688575694911948366, 4.076582343749999282, 17.61250000170704411 ) ) ;
#2895 = CARTESIAN_POINT ( 'NONE',  ( -4.076582343749998394, -1.688575694911951253, 16.83125000170697660 ) ) ;
#2896 = CARTESIAN_POINT ( 'NONE',  ( 0.03673870523135918525, 3.400001430897448440, 18.23534894811913887 ) ) ;
#2897 = CARTESIAN_POINT ( 'NONE',  ( -3.387486568536049347, -0.2914419802372867352, 24.81645485188197497 ) ) ;
#2898 = CARTESIAN_POINT ( 'NONE',  ( 3.373529371922300957, 0.4269854015142540704, 20.44916087308207864 ) ) ;
#2899 = CARTESIAN_POINT ( 'NONE',  ( -0.09658649115027977128, 3.398687652477932364, 23.24288590784787800 ) ) ;
#2900 = CARTESIAN_POINT ( 'NONE',  ( -4.076582343749999282, 0.000000000000000000, 15.65937500170697838 ) ) ;
#2901 = CARTESIAN_POINT ( 'NONE',  ( 3.298024395062944869, 2.396154981411663609, 13.75390798088448108 ) ) ;
#2902 = CARTESIAN_POINT ( 'NONE',  ( 0.5485565505123336516, -3.357333201361741182, 22.64405178852467770 ) ) ;
#2903 = CARTESIAN_POINT ( 'NONE',  ( -1.408326112068523317, 3.400000000000000355, 22.37812500341397026 ) ) ;
#2904 = ORIENTED_EDGE ( 'NONE', *, *, #3319, .T. ) ;
#2905 = CARTESIAN_POINT ( 'NONE',  ( 2.085233396301992226, 2.687550058540167264, 16.85556678776660178 ) ) ;
#2906 = CARTESIAN_POINT ( 'NONE',  ( -1.688575694911948810, 4.076582343749999282, 21.51875000170698016 ) ) ;
#2907 = CARTESIAN_POINT ( 'NONE',  ( -0.6960105714877985461, -3.328512552375018974, 17.57224381209956121 ) ) ;
#2908 = CARTESIAN_POINT ( 'NONE',  ( 4.076582343749975301, 4.992373518734020502E-16, 25.03437500170699437 ) ) ;
#2909 = VERTEX_POINT ( 'NONE', #631 ) ;
#2910 = EDGE_CURVE ( 'NONE', #4350, #525, #1935, .T. ) ;
#2911 =( NAMED_UNIT ( * ) SI_UNIT ( $, .STERADIAN. ) SOLID_ANGLE_UNIT ( ) );
#2912 = B_SPLINE_CURVE_WITH_KNOTS ( 'NONE', 3,
 ( #3461, #902, #536, #144, #1622, #3109, #2381, #2009, #3849, #1646, #4581, #2408, #3871, #270, #4356, #1742, #3640, #320, #1001, #2058, #581, #974, #3274, #3251, #2893, #2812, #2918, #3534, #3201, #2106, #3895, #952, #1793, #2865, #2455, #2131, #3561, #4732, #1384, #1434, #219, #4709, #1411, #2431, #3177, #1693, #3917, #2482, #2081, #4630, #1332, #4280, #607, #244, #1717, #1770, #4655, #1356, #3994, #3968, #2838, #3944, #4305, #660, #1025, #4333, #633, #3586, #1048, #3225, #4681, #2505, #3610, #295, #2528, #686, #2160, #6, #1839, #3711, #1904, #4064, #2208, #2942, #3321, #4377, #3011, #391, #2570, #2549, #1091, #781, #803, #4401, #2594, #3684, #761, #2234, #1475, #712, #2963, #1498, #366, #1862, #3341, #27, #1814, #3363, #4039, #4423, #2987, #4443, #3751, #3296, #4755, #1133, #2618, #4089, #736, #1112, #2641, #342, #2262, #3730, #1069, #1544, #413, #431, #1884, #46 ),
 .UNSPECIFIED., .F., .F.,
 ( 4, 2, 2, 2, 1, 1, 1, 2, 2, 2, 2, 1, 2, 2, 1, 1, 2, 2, 2, 1, 2, 2, 2, 2, 2, 2, 2, 2, 2, 2, 2, 1, 2, 2, 2, 2, 2, 2, 1, 1, 2, 2, 2, 2, 2, 1, 2, 2, 2, 2, 2, 2, 2, 2, 2, 2, 2, 2, 2, 2, 1, 2, 2, 1, 2, 2, 2, 2, 1, 1, 1, 2, 4 ),
 ( 0.8964253195127727114, 0.8983178867317631600, 0.8984361721829500214, 0.8984657435457468200, 0.8984953149085435076, 0.8985544576341369938, 0.8987910285365106056, 0.8992641703412580512, 0.9002104539507529424, 0.9039955883887322852, 0.9058881556077220676, 0.9061247265100957904, 0.9062430119612825408, 0.9063021546868760270, 0.9063612974124694022, 0.9068344392172168478, 0.9077807228267117390, 0.9115658572646911928, 0.9134584244836808642, 0.9139315662884283098, 0.9140498517396151712, 0.9141681371908020326, 0.9144047080931757554, 0.9153509917026705356, 0.9172435589216602070, 0.9177167007264076526, 0.9179532716287813754, 0.9181898425311550982, 0.9191361261406498784, 0.9210286933596395498, 0.9215018351643869954, 0.9217384060667606072, 0.9218566915179474686, 0.9219749769691343300, 0.9229212605786292212, 0.9248138277976187815, 0.9257601114071135617, 0.9258783968583004231, 0.9259966823094872845, 0.9262332532118610073, 0.9267063950166084529, 0.9285989622355980133, 0.9295452458450927935, 0.9296635312962796549, 0.9297818167474665163, 0.9300183876498402391, 0.9304915294545876847, 0.9342766638925671385, 0.9361692311115569209, 0.9371155147210518122, 0.9375886565257992578, 0.9380617983305465923, 0.9399543655495363748, 0.9409006491590312660, 0.9413737909637787116, 0.9418469327685261572, 0.9437394999875158286, 0.9446857835970107198, 0.9451589254017581654, 0.9453954963041318882, 0.9456320672065055000, 0.9494172016444849538, 0.9513097688634747362, 0.9522560524729695164, 0.9527291942777169620, 0.9532023360824644076, 0.9550949033014541900, 0.9560411869109489702, 0.9565143287156964158, 0.9567508996180701386, 0.9568691850692570000, 0.9569283277948504862, 0.9569874705204438614 ),
 .UNSPECIFIED. ) ;
#2913 = ADVANCED_FACE ( 'NONE', ( #2406 ), #3506, .F. ) ;
#2914 = CARTESIAN_POINT ( 'NONE',  ( 1.408326112068525537, -3.399999999999999023, 18.94062499999997939 ) ) ;
#2915 = CARTESIAN_POINT ( 'NONE',  ( -1.688575694911949698, -4.076582343749998394, 24.64375000170698016 ) ) ;
#2916 = CARTESIAN_POINT ( 'NONE',  ( 3.055404086040350631, -1.508297855785364794, 17.83378183402218298 ) ) ;
#2917 = CARTESIAN_POINT ( 'NONE',  ( -3.241427508868967688, -1.026248259445482258, 16.11057295136431833 ) ) ;
#2918 = CARTESIAN_POINT ( 'NONE',  ( -2.856311313279014996, 1.845137149220450468, 15.93516420594094285 ) ) ;
#2919 = CARTESIAN_POINT ( 'NONE',  ( -4.076582343749999282, 0.000000000000000000, 19.25312500170704055 ) ) ;
#2920 = CARTESIAN_POINT ( 'NONE',  ( 2.882579019330956172, 2.882579019330956616, 20.19062500170699082 ) ) ;
#2921 = CARTESIAN_POINT ( 'NONE',  ( -1.987610128458429548, -2.758515176186178586, 25.29999999990642223 ) ) ;
#2922 = CARTESIAN_POINT ( 'NONE',  ( -3.400000002980325675, 0.1094305279877466480, 24.79364200235776750 ) ) ;
#2923 = CARTESIAN_POINT ( 'NONE',  ( -2.674613932592299737, -2.099467269528308755, 24.93321799271877381 ) ) ;
#2924 = CARTESIAN_POINT ( 'NONE',  ( -15.00000000000000178, 13.07707918458858032, 22.49059892324149246 ) ) ;
#2925 = CARTESIAN_POINT ( 'NONE',  ( 4.076582343750000170, -1.688575694911947922, 24.80000000170698016 ) ) ;
#2926 = CARTESIAN_POINT ( 'NONE',  ( 2.882579019330973491, 2.882579019330973935, 16.44062500170697660 ) ) ;
#2927 = CARTESIAN_POINT ( 'NONE',  ( -2.496186759367026028E-16, 4.076582343749999282, 16.44062500170697660 ) ) ;
#2928 = CARTESIAN_POINT ( 'NONE',  ( -0.2508190355087209777, -3.390778655445995327, 22.59846676507469709 ) ) ;
#2929 = DIRECTION ( 'NONE',  ( -0.000000000000000000, -0.000000000000000000, -1.000000000000000000 ) ) ;
#2930 = ORIENTED_EDGE ( 'NONE', *, *, #4129, .F. ) ;
#2931 = B_SPLINE_CURVE_WITH_KNOTS ( 'NONE', 3,
 ( #2499, #3604, #288, #1762 ),
 .UNSPECIFIED., .F., .F.,
 ( 4, 4 ),
 ( 0.000000000000000000, 0.003580980212770530895 ),
 .UNSPECIFIED. ) ;
#2932 = CARTESIAN_POINT ( 'NONE',  ( -4.076582343749999282, 0.000000000000000000, 19.25312500170697660 ) ) ;
#2933 = CARTESIAN_POINT ( 'NONE',  ( 0.1012227821306089792, -4.075325453721699631, 25.97658234374998543 ) ) ;
#2934 = CARTESIAN_POINT ( 'NONE',  ( -2.496186759367010251E-16, 4.076582343749975301, 22.84687500170699082 ) ) ;
#2935 = ORIENTED_EDGE ( 'NONE', *, *, #1805, .T. ) ;
#2936 = CARTESIAN_POINT ( 'NONE',  ( 3.400000000000000799, -1.408326112068522651, 17.84687499999998295 ) ) ;
#2937 = CARTESIAN_POINT ( 'NONE',  ( -2.882579019330973047, -2.882579019330974379, 20.81562500170698016 ) ) ;
#2938 = CARTESIAN_POINT ( 'NONE',  ( 1.704576768973530720, -2.942374744743833759, 17.71758191541171712 ) ) ;
#2939 = CARTESIAN_POINT ( 'NONE',  ( 1.408326112068525537, -3.399999999999999023, 22.69062499999998295 ) ) ;
#2940 = ADVANCED_FACE ( 'NONE', ( #3942 ), #65, .T. ) ;
#2941 = CARTESIAN_POINT ( 'NONE',  ( -2.928476934002285148, -1.756449152758954080, 16.15802987092888898 ) ) ;
#2942 = CARTESIAN_POINT ( 'NONE',  ( 1.094392663800986654, 3.226877757647685918, 15.67308900790521520 ) ) ;
#2943 = CARTESIAN_POINT ( 'NONE',  ( -1.688575694911950142, -4.076582343749998394, 14.48750000170703878 ) ) ;
#2944 = CARTESIAN_POINT ( 'NONE',  ( 4.076582343749975301, 4.992373518734020502E-16, 20.03437500170699082 ) ) ;
#2945 = CARTESIAN_POINT ( 'NONE',  ( -3.399999999999999023, -1.408326112068525537, 25.19062500341396671 ) ) ;
#2946 = CARTESIAN_POINT ( 'NONE',  ( -2.577954328675898577, 2.216844616387929623, 24.65814282600294050 ) ) ;
#2947 = CARTESIAN_POINT ( 'NONE',  ( 2.338910173931886050, 2.467751779100677112, 19.33633238188192749 ) ) ;
#2948 = CARTESIAN_POINT ( 'NONE',  ( 2.948669178813804859, 1.707576921891840405, 20.53011624440950555 ) ) ;
#2949 = CARTESIAN_POINT ( 'NONE',  ( 3.250728710522367670, 0.9963834883279767407, 22.98370297777469418 ) ) ;
#2950 = CARTESIAN_POINT ( 'NONE',  ( -2.496186759367026028E-16, 4.076582343749999282, 14.09687500170697660 ) ) ;
#2951 = CARTESIAN_POINT ( 'NONE',  ( 2.489697473470280364, -2.316317970848626562, 20.27556891347396828 ) ) ;
#2952 = CARTESIAN_POINT ( 'NONE',  ( -3.154886375199090320, -1.276350707955726138, 22.37654270773912657 ) ) ;
#2953 = CARTESIAN_POINT ( 'NONE',  ( 1.998572487166636158, -3.410887782461756501, 25.84701279195897072 ) ) ;
#2954 =( BOUNDED_CURVE ( )  B_SPLINE_CURVE ( 2, ( #963, #310, #1783, #4294, #3262, #4270, #3955, #1013, #2443 ),
 .UNSPECIFIED., .F., .F. ) 
 B_SPLINE_CURVE_WITH_KNOTS ( ( 3, 2, 2, 2, 3 ),
 ( 0.7692076561753551367, 0.7812265584673615537, 0.7932454285976285879, 0.8052642987278957332, 0.8172831688702038022 ),
 .UNSPECIFIED. ) 
 CURVE ( )  GEOMETRIC_REPRESENTATION_ITEM ( )  RATIONAL_B_SPLINE_CURVE ( ( 1.000000000000000000, 0.9238795325112867385, 1.000000000000000000, 0.9238795325112867385, 1.000000000000000000, 0.9238795325112867385, 1.000000000000000000, 0.9238795325112867385, 1.000000000000000000 ) ) 
 REPRESENTATION_ITEM ( '' )  );
#2955 = CARTESIAN_POINT ( 'NONE',  ( 1.688575694911950809, -4.076582343749998394, 19.64375000170698016 ) ) ;
#2956 = CARTESIAN_POINT ( 'NONE',  ( -2.564314192209011356, -3.061951528675651790, 25.88519846603663410 ) ) ;
#2957 = CARTESIAN_POINT ( 'NONE',  ( -4.076582343749974413, -1.688575694911941039, 21.98750000170699082 ) ) ;
#2958 = VERTEX_POINT ( 'NONE', #950 ) ;
#2959 = CARTESIAN_POINT ( 'NONE',  ( 2.404163056034261725, -2.404163056034261281, 17.76874999999998650 ) ) ;
#2960 = CARTESIAN_POINT ( 'NONE',  ( 1.688575694911948366, 4.076582343749999282, 21.51875000170698016 ) ) ;
#2961 = CARTESIAN_POINT ( 'NONE',  ( 2.784020051285730268, -1.951728637012028145, 17.80259750635184091 ) ) ;
#2962 = CARTESIAN_POINT ( 'NONE',  ( -1.557762081318842196, -3.022387332670784410, 16.26740879925146999 ) ) ;
#2963 = CARTESIAN_POINT ( 'NONE',  ( 2.503461866155501703, 2.304068507121938669, 15.57330322236300368 ) ) ;
#2964 = CARTESIAN_POINT ( 'NONE',  ( 3.379411558947723826, -0.3874275997857898890, 21.65300338855988471 ) ) ;
#2965 = CARTESIAN_POINT ( 'NONE',  ( 2.310480505451973698, -2.494338772436011986, 24.01148087536653719 ) ) ;
#2966 = CARTESIAN_POINT ( 'NONE',  ( -2.068548865323904806, 2.700475416894432268, 24.61839645452606362 ) ) ;
#2967 = EDGE_CURVE ( 'NONE', #2374, #4195, #3106, .T. ) ;
#2968 = CARTESIAN_POINT ( 'NONE',  ( 2.255190132363004363, 2.544784353434148994, 19.34277684582794521 ) ) ;
#2969 = CARTESIAN_POINT ( 'NONE',  ( 1.408326112068522873, 3.400000000000000355, 24.72187500341396671 ) ) ;
#2970 = CARTESIAN_POINT ( 'NONE',  ( 2.365985388466849138, 2.441767974890059367, 21.83423262594784831 ) ) ;
#2971 = CARTESIAN_POINT ( 'NONE',  ( -4.076582343749999282, 1.688575694911948588, 26.67500000170698016 ) ) ;
#2972 = CYLINDRICAL_SURFACE ( 'NONE', #1306, 3.399999999999999911 ) ;
#2973 = CARTESIAN_POINT ( 'NONE',  ( 3.249357141676340710, -1.002975836879944183, 20.36588533875469764 ) ) ;
#2974 = CARTESIAN_POINT ( 'NONE',  ( -0.2321149951111637633, -3.392098266804883355, 22.59951036071540997 ) ) ;
#2975 = LINE ( 'NONE', #4412, #4529 ) ;
#2976 = CARTESIAN_POINT ( 'NONE',  ( -2.924669430174375861, -1.762628749584804755, 18.65844931975087206 ) ) ;
#2977 = CARTESIAN_POINT ( 'NONE',  ( 2.388788659695617156, 2.419468556168031359, 16.83244154052918162 ) ) ;
#2978 = CARTESIAN_POINT ( 'NONE',  ( 1.688575694911950809, -4.076582343749998394, 23.39375000170697660 ) ) ;
#2979 = DIRECTION ( 'NONE',  ( 1.000000000000000000, 0.000000000000000000, 0.000000000000000000 ) ) ;
#2980 = CARTESIAN_POINT ( 'NONE',  ( -1.688575694911938818, 4.076582343749975301, 21.67500000170699792 ) ) ;
#2981 = VERTEX_POINT ( 'NONE', #2863 ) ;
#2982 = CARTESIAN_POINT ( 'NONE',  ( -2.580365077139788799, -2.214024206823872465, 19.94161669540950754 ) ) ;
#2983 = CARTESIAN_POINT ( 'NONE',  ( -4.076582343749999282, 1.688575694911948588, 25.58125000170698371 ) ) ;
#2984 = CARTESIAN_POINT ( 'NONE',  ( -2.882579019330973935, 2.882579019330973935, 23.00312500170697660 ) ) ;
#2985 = CARTESIAN_POINT ( 'NONE',  ( 2.713229286503609838, -2.049513807217725692, 17.79549217864372679 ) ) ;
#2986 = CARTESIAN_POINT ( 'NONE',  ( -1.832160923294506416, -2.866066371255727496, 16.24860510554639248 ) ) ;
#2987 = CARTESIAN_POINT ( 'NONE',  ( 3.055330015802355526, 1.508450562366104863, 15.51681933887828535 ) ) ;
#2988 = CARTESIAN_POINT ( 'NONE',  ( 2.813874603817423825, -1.908844831785653229, 21.55566289599687124 ) ) ;
#2989 = CARTESIAN_POINT ( 'NONE',  ( -3.399999999999999911, 0.000000000000000000, 25.11250000341396671 ) ) ;
#2990 = CARTESIAN_POINT ( 'NONE',  ( 2.276262002208983226, -2.525828038550980814, 24.00885549441194655 ) ) ;
#2991 = CARTESIAN_POINT ( 'NONE',  ( -2.260503905215819120, 2.539773143445175574, 24.63261111860077079 ) ) ;
#2992 = CARTESIAN_POINT ( 'NONE',  ( 2.855435547202226587, 1.849095416063350816, 19.28994389511940000 ) ) ;
#2993 = CARTESIAN_POINT ( 'NONE',  ( 3.355557256887641060, 0.5484554485503965182, 20.45633491115438929 ) ) ;
#2994 = CARTESIAN_POINT ( 'NONE',  ( 2.286180428814274190, 2.516906074103681945, 21.84040501167143233 ) ) ;
#2995 = CARTESIAN_POINT ( 'NONE',  ( -4.076582343749999282, 0.000000000000000000, 23.00312500170697660 ) ) ;
#2996 = CARTESIAN_POINT ( 'NONE',  ( 2.882579019330956172, 2.882579019330956616, 18.94062500170699082 ) ) ;
#2997 = CARTESIAN_POINT ( 'NONE',  ( -3.399999999995049205, -3.989330897351478677E-06, 21.36257438201332448 ) ) ;
#2998 = CARTESIAN_POINT ( 'NONE',  ( -0.2083513461865555971, -3.393619380933845520, 20.10081380062688794 ) ) ;
#2999 = FACE_OUTER_BOUND ( 'NONE', #921, .T. ) ;
#3000 = CARTESIAN_POINT ( 'NONE',  ( -3.375369226324031136, -0.4190142503398636697, 18.57381076260080022 ) ) ;
#3001 = CARTESIAN_POINT ( 'NONE',  ( -2.404163056034260837, -2.404163056034261725, 21.51875000341396671 ) ) ;
#3002 = CARTESIAN_POINT ( 'NONE',  ( -3.399999999999999023, -1.408326112068525537, 15.19062500341396849 ) ) ;
#3003 = EDGE_LOOP ( 'NONE', ( #845, #2858, #3937 ) ) ;
#3004 = AXIS2_PLACEMENT_3D ( 'NONE', #4222, #2474, #286 ) ;
#3006 = CARTESIAN_POINT ( 'NONE',  ( 1.688575694911950809, -4.076582343749998394, 26.05000000170698016 ) ) ;
#3005 = AXIS2_PLACEMENT_3D ( 'NONE', #3077, #1232, #2707 ) ;
#3007 = CARTESIAN_POINT ( 'NONE',  ( -1.688575694911948810, 4.076582343749999282, 17.92500000170698016 ) ) ;
#3008 = DIRECTION ( 'NONE',  ( 1.000000000000000000, 0.000000000000000000, 0.000000000000000000 ) ) ;
#3009 = CARTESIAN_POINT ( 'NONE',  ( -2.404163056034261725, 2.404163056034261725, 20.89374999999998295 ) ) ;
#3010 = CARTESIAN_POINT ( 'NONE',  ( -1.520567353075824579, -3.041043387476399573, 16.26990049915969649 ) ) ;
#3011 = CARTESIAN_POINT ( 'NONE',  ( 1.655641960462012729, 2.970185500788001587, 15.63601294054570445 ) ) ;
#3012 = VECTOR ( 'NONE', #2359, 999.9999999999998863 ) ;
#3013 = CARTESIAN_POINT ( 'NONE',  ( 2.780534614404264193, -1.956689309686065581, 21.55222162419784482 ) ) ;
#3014 = CARTESIAN_POINT ( 'NONE',  ( 4.076582343749976189, -1.688575694911937930, 19.95625000170698726 ) ) ;
#3015 = VECTOR ( 'NONE', #214, 1000.000000000000000 ) ;
#3016 = CARTESIAN_POINT ( 'NONE',  ( -4.076582343749999282, 0.000000000000000000, 14.30341765624999795 ) ) ;
#3017 = CARTESIAN_POINT ( 'NONE',  ( -3.382844246790724707, 0.3413970009810165518, 24.78059219531184354 ) ) ;
#3018 = CARTESIAN_POINT ( 'NONE',  ( -2.060563720252837516, 2.704461639479465607, 19.61780079555320100 ) ) ;
#3019 = CARTESIAN_POINT ( 'NONE',  ( 2.404163056034261281, 2.404163056034261725, 26.83124999999998295 ) ) ;
#3020 = CARTESIAN_POINT ( 'NONE',  ( 1.604368100228779515, 3.012326233193744596, 21.88964839522935790 ) ) ;
#3021 = CARTESIAN_POINT ( 'NONE',  ( 3.218332183526474655, 1.096798737721972117, 22.99000944149804226 ) ) ;
#3022 = CARTESIAN_POINT ( 'NONE',  ( 0.000000000000000000, 0.000000000000000000, 20.00000000000000000 ) ) ;
#3023 = CARTESIAN_POINT ( 'NONE',  ( 1.665541869987577472, -2.964188181614429318, 20.21490798575052494 ) ) ;
#3024 = CARTESIAN_POINT ( 'NONE',  ( 0.000000000000000000, 0.000000000000000000, 25.29999999999998650 ) ) ;
#3025 = CARTESIAN_POINT ( 'NONE',  ( -2.112732461242580406, 2.664084245590832900, 17.12153156765576512 ) ) ;
#3026 = CARTESIAN_POINT ( 'NONE',  ( -2.558054561147233841, -2.239941821781390008, 18.69351971631205700 ) ) ;
#3027 = DIRECTION ( 'NONE',  ( 0.000000000000000000, 0.000000000000000000, 1.000000000000000000 ) ) ;
#3028 = CARTESIAN_POINT ( 'NONE',  ( -1.688575694911949698, -4.076582343749998394, 18.23750000170698016 ) ) ;
#3029 = CARTESIAN_POINT ( 'NONE',  ( 2.404163056034261281, 2.404163056034261725, 18.39375000341396671 ) ) ;
#3030 = VERTEX_POINT ( 'NONE', #4331 ) ;
#3031 = EDGE_CURVE ( 'NONE', #702, #3170, #1023, .T. ) ;
#3032 = CARTESIAN_POINT ( 'NONE',  ( -2.496186759367026028E-16, 4.076582343749999282, 25.34687500170697660 ) ) ;
#3033 = CARTESIAN_POINT ( 'NONE',  ( 4.076582343749999282, 1.688575694911949254, 17.61250000170698016 ) ) ;
#3034 = FACE_OUTER_BOUND ( 'NONE', #2124, .T. ) ;
#3035 = CARTESIAN_POINT ( 'NONE',  ( -2.496186759367026028E-16, 4.076582343749999282, 15.19062500170704055 ) ) ;
#3036 = CARTESIAN_POINT ( 'NONE',  ( -0.2306377466758538775, -3.392187251439122253, 23.84954765453324654 ) ) ;
#3037 = CARTESIAN_POINT ( 'NONE',  ( 3.396560611765238491, 0.1583873253775963386, 24.18389373590617097 ) ) ;
#3038 = CARTESIAN_POINT ( 'NONE',  ( -0.7110440302225922160, 3.330723418660936908, 19.52872573329487693 ) ) ;
#3039 = CARTESIAN_POINT ( 'NONE',  ( 2.341148813560649078, 2.465630559248147335, 21.83616037166317270 ) ) ;
#3040 = CARTESIAN_POINT ( 'NONE',  ( -2.496186759367026028E-16, 4.076582343749999282, 18.94062500170697660 ) ) ;
#3041 = CARTESIAN_POINT ( 'NONE',  ( -0.1925313721432015679, -3.394553646187997487, 20.10169079763962330 ) ) ;
#3042 = CARTESIAN_POINT ( 'NONE',  ( 2.149249107709695128, -2.634779093443524012, 15.24930455837242960 ) ) ;
#3043 = CARTESIAN_POINT ( 'NONE',  ( -3.242657802728807770, -1.022410879935984118, 18.61033158720796266 ) ) ;
#3044 = CARTESIAN_POINT ( 'NONE',  ( -2.931857438184558351, 1.721785391887086014, 20.94373001031595294 ) ) ;
#3045 = CARTESIAN_POINT ( 'NONE',  ( -2.882579019330955727, -2.882579019330957060, 20.81562500170699792 ) ) ;
#3046 = CARTESIAN_POINT ( 'NONE',  ( 2.129827962912316242, -3.486092469716072895, 25.97658234374997477 ) ) ;
#3047 = CARTESIAN_POINT ( 'NONE',  ( -2.882579019330973935, 2.882579019330973935, 17.84687500170697660 ) ) ;
#3048 = CARTESIAN_POINT ( 'NONE',  ( -3.399999999999999911, 0.000000000000000000, 15.11250000341396849 ) ) ;
#3049 = VERTEX_POINT ( 'NONE', #3966 ) ;
#3050 = CARTESIAN_POINT ( 'NONE',  ( -4.076582343749998394, -1.688575694911951253, 15.73750000170697660 ) ) ;
#3051 = CYLINDRICAL_SURFACE ( 'NONE', #1909, 3.399999999999999911 ) ;
#3052 = B_SPLINE_CURVE_WITH_KNOTS ( 'NONE', 3,
 ( #3183, #301, #2510, #3901, #1007, #2063, #2843, #2136, #2042, #586, #1673, #4312, #2486, #2871, #4286, #2818, #3162, #3949, #4588, #664, #638, #275, #3617, #4614, #1776, #1291, #1317, #2796, #4264, #1633, #3518, #569, #202, #127, #4213, #2799, #3472, #4543, #1270, #155, #1677, #2822, #1248, #3119, #2724, #2439, #2772, #3545, #179, #2747, #912, #2393, #1970, #227, #4242, #3858, #2367, #544, #1701, #1341, #2019, #4289, #983, #12, #98, #34, #1118, #2577, #811, #1504, #54, #3020, #2288, #1483, #1551, #768, #2994, #77, #3039, #1938, #2970, #2667, #4453, #1142, #832, #2625, #2600, #3781, #3415, #4095, #398, #4045, #744, #2245, #1575, #462, #3059, #2215 ),
 .UNSPECIFIED., .F., .F.,
 ( 4, 2, 2, 2, 1, 2, 2, 2, 2, 2, 2, 2, 1, 2, 2, 1, 1, 1, 2, 1, 2, 2, 2, 2, 2, 2, 2, 2, 2, 2, 2, 2, 1, 2, 2, 2, 1, 2, 2, 2, 2, 2, 2, 2, 2, 2, 2, 2, 2, 2, 2, 2, 4 ),
 ( 0.2908078472525938429, 0.2927004545952374692, 0.2929370305130679086, 0.2930553184719831283, 0.2931736064308984036, 0.2936467582665592824, 0.2945930619378810955, 0.2964856692805247218, 0.2974319729518465349, 0.2983782766231683481, 0.3021634913084556007, 0.3040560986510992270, 0.3045292504867601613, 0.3046475384456753810, 0.3047066824251329908, 0.3047658264045906007, 0.3050024023224210401, 0.3059487059937427977, 0.3078413133363862575, 0.3083144651720470808, 0.3085510410898775202, 0.3087876170077079596, 0.3097339206790297728, 0.3116265280216732880, 0.3120996798573342224, 0.3125728316929951012, 0.3135191353643168588, 0.3173043500496039448, 0.3191969573922475156, 0.3201432610635692733, 0.3202615490224844930, 0.3203798369813997682, 0.3206164128992302076, 0.3210895647348910864, 0.3248747794201782280, 0.3267673867628217987, 0.3277136904341436119, 0.3279502663519740513, 0.3281868422698045462, 0.3286599941054654250, 0.3324452087907526221, 0.3343378161333961929, 0.3352841198047180060, 0.3357572716403788848, 0.3359938475582093798, 0.3362304234760398192, 0.3400156381613271273, 0.3419082455039707535, 0.3428545491752925667, 0.3433277010109535010, 0.3438008528466143798, 0.3475860675319016879, 0.3513712822171889960 ),
 .UNSPECIFIED. ) ;
#3053 = CARTESIAN_POINT ( 'NONE',  ( -1.688575694911938818, 4.076582343749975301, 15.42500000170699082 ) ) ;
#3054 = CARTESIAN_POINT ( 'NONE',  ( 1.062258675485899806, -3.230125605203831185, 21.42534307698661777 ) ) ;
#3055 = CARTESIAN_POINT ( 'NONE',  ( -0.3738931927809025502, -3.380476921846601535, 23.84130245368432455 ) ) ;
#3056 = CARTESIAN_POINT ( 'NONE',  ( -0.02699062597848211897, 3.400003016959321833, 24.48895758649932475 ) ) ;
#3057 = CYLINDRICAL_SURFACE ( 'NONE', #4768, 4.924999999999999822 ) ;
#3058 = CARTESIAN_POINT ( 'NONE',  ( 1.688575694911948366, 4.076582343749999282, 23.86250000170704411 ) ) ;
#3059 = CARTESIAN_POINT ( 'NONE',  ( 3.399999968894443558, 0.1481181405524190919, 21.68321668671671532 ) ) ;
#3060 = CARTESIAN_POINT ( 'NONE',  ( -1.688575694911949698, -4.076582343749998394, 20.73750000170697660 ) ) ;
#3061 = CARTESIAN_POINT ( 'NONE',  ( -2.882579019330956616, 2.882579019330956616, 19.25312500170699082 ) ) ;
#3062 = CARTESIAN_POINT ( 'NONE',  ( -1.269960055210163308, 3.154812070147841929, 18.31360284828730300 ) ) ;
#3063 = CARTESIAN_POINT ( 'NONE',  ( 3.399999999977145304, -1.246637281685397803E-05, 15.42499954238699544 ) ) ;
#3064 = CARTESIAN_POINT ( 'NONE',  ( -1.368630910764352171, 3.113420257317003781, 17.07001616700142321 ) ) ;
#3065 = CARTESIAN_POINT ( 'NONE',  ( 1.719068224005233736, -2.933480992941302379, 25.21858498066978527 ) ) ;
#3066 = CARTESIAN_POINT ( 'NONE',  ( -3.400000000000000355, 1.168956769335279144, 15.04765369628260174 ) ) ;
#3067 = CARTESIAN_POINT ( 'NONE',  ( -2.326287152200674058, 2.482046508735302304, 23.38716360272793082 ) ) ;
#3068 = CARTESIAN_POINT ( 'NONE',  ( -2.882579019330973047, -2.882579019330974379, 22.06562500170697660 ) ) ;
#3069 = CARTESIAN_POINT ( 'NONE',  ( -1.408326112068523983, -3.399999999999999467, 17.84687500341396671 ) ) ;
#3070 = ORIENTED_EDGE ( 'NONE', *, *, #673, .F. ) ;
#3071 = ORIENTED_EDGE ( 'NONE', *, *, #2432, .T. ) ;
#3072 = CARTESIAN_POINT ( 'NONE',  ( -1.408326112068523317, 3.400000000000000355, 14.56562499999998117 ) ) ;
#3073 = CARTESIAN_POINT ( 'NONE',  ( 4.076582343750000170, -1.688575694911947922, 19.95625000170697660 ) ) ;
#3074 = CARTESIAN_POINT ( 'NONE',  ( 3.400000000000000355, 1.408326112068523539, 23.31562500341396671 ) ) ;
#3075 = CARTESIAN_POINT ( 'NONE',  ( 2.404163056034261281, 2.404163056034261725, 20.58124999999998650 ) ) ;
#3076 = ORIENTED_EDGE ( 'NONE', *, *, #3818, .F. ) ;
#3077 = CARTESIAN_POINT ( 'NONE',  ( 0.000000000000000000, 0.000000000000000000, 22.80000000000000071 ) ) ;
#3078 = CARTESIAN_POINT ( 'NONE',  ( 4.076582343749976189, -1.688575694911937930, 14.95625000170699259 ) ) ;
#3079 = CARTESIAN_POINT ( 'NONE',  ( -0.1989369815460422242, -3.394176694744694078, 21.35133047126580763 ) ) ;
#3080 = EDGE_CURVE ( 'NONE', #1351, #257, #3997, .T. ) ;
#3081 = CARTESIAN_POINT ( 'NONE',  ( -2.604598257626940860, -2.185421785188106369, 23.68951278126198545 ) ) ;
#3082 = CARTESIAN_POINT ( 'NONE',  ( 3.115517724538798383, 1.363461977120307367, 24.25717090981903823 ) ) ;
#3083 = CARTESIAN_POINT ( 'NONE',  ( -2.691550245508009365, -2.972793490601487232, 14.37654229467521283 ) ) ;
#3084 =( GEOMETRIC_REPRESENTATION_CONTEXT ( 3 ) GLOBAL_UNCERTAINTY_ASSIGNED_CONTEXT ( ( #4475 ) ) GLOBAL_UNIT_ASSIGNED_CONTEXT ( ( #2420, #230, #2022 ) ) REPRESENTATION_CONTEXT ( 'NONE', 'WORKASPACE' ) );
#3085 = CARTESIAN_POINT ( 'NONE',  ( 1.688575694911950809, -4.076582343749998394, 25.89375000170704411 ) ) ;
#3086 = CARTESIAN_POINT ( 'NONE',  ( 3.384728167921027264, -0.3339653285063336474, 19.15603797321212554 ) ) ;
#3087 = CARTESIAN_POINT ( 'NONE',  ( -4.076582343749998394, -1.688575694911951253, 21.83125000170698016 ) ) ;
#3088 = CARTESIAN_POINT ( 'NONE',  ( -2.085846723963752147, 2.685038872587216741, 18.36958967327114323 ) ) ;
#3089 = CARTESIAN_POINT ( 'NONE',  ( -0.9027133938959361892, -3.278001549081528410, 20.05962077196605264 ) ) ;
#3090 = CARTESIAN_POINT ( 'NONE',  ( 1.479592874921697998, -3.061755663130993899, 15.20237479842257144 ) ) ;
#3091 = CARTESIAN_POINT ( 'NONE',  ( -2.066277636417687358, 2.700101157496961779, 17.11822286643439739 ) ) ;
#3092 = CARTESIAN_POINT ( 'NONE',  ( -0.3315797801970690739, -3.384797813421530854, 25.09389438993963495 ) ) ;
#3093 = CARTESIAN_POINT ( 'NONE',  ( -3.123087041731031466, 1.359277951191854683, 20.96814807097004874 ) ) ;
#3094 = CARTESIAN_POINT ( 'NONE',  ( -1.609108108790655134, 2.996100584066880845, 23.33604634866932770 ) ) ;
#3095 = CARTESIAN_POINT ( 'NONE',  ( 2.882579019330973491, 2.882579019330973935, 21.44062500170697660 ) ) ;
#3096 = CARTESIAN_POINT ( 'NONE',  ( 1.408326112068522873, 3.400000000000000355, 19.72187500341396671 ) ) ;
#3097 = FACE_OUTER_BOUND ( 'NONE', #3477, .T. ) ;
#3098 = VERTEX_POINT ( 'NONE', #2056 ) ;
#3099 = CARTESIAN_POINT ( 'NONE',  ( -2.496186759367026028E-16, 4.076582343749999282, 15.34687500170697838 ) ) ;
#3100 = CARTESIAN_POINT ( 'NONE',  ( -1.408326112068523317, 3.400000000000000355, 22.37812500341396671 ) ) ;
#3101 = ORIENTED_EDGE ( 'NONE', *, *, #2260, .T. ) ;
#3102 = DIRECTION ( 'NONE',  ( -1.000000000000000000, 0.000000000000000000, 0.000000000000000000 ) ) ;
#3103 = CARTESIAN_POINT ( 'NONE',  ( -3.868074886417031788, 0.2400354050152765650, 25.76807488641698285 ) ) ;
#3104 = CARTESIAN_POINT ( 'NONE',  ( 1.688575694911938152, 4.076582343749975301, 16.51875000170699082 ) ) ;
#3105 = CARTESIAN_POINT ( 'NONE',  ( 2.245594601900720910, -2.555264209873344239, 21.50605406928598384 ) ) ;
#3106 =( BOUNDED_CURVE ( )  B_SPLINE_CURVE ( 2, ( #1665, #1381, #2891, #3152, #4606, #1310, #3584, #1330, #267 ),
 .UNSPECIFIED., .F., .F. ) 
 B_SPLINE_CURVE_WITH_KNOTS ( ( 3, 2, 2, 2, 3 ),
 ( 0.6730567000719196447, 0.6850755974252246139, 0.6970944675554917591, 0.7091133376857587933, 0.7211321810905846341 ),
 .UNSPECIFIED. ) 
 CURVE ( )  GEOMETRIC_REPRESENTATION_ITEM ( )  RATIONAL_B_SPLINE_CURVE ( ( 1.000000000000000000, 0.9238795325112867385, 1.000000000000000000, 0.9238795325112867385, 1.000000000000000000, 0.9238795325112867385, 1.000000000000000000, 0.9238795325112867385, 1.000000000000000000 ) ) 
 REPRESENTATION_ITEM ( '' )  );
#3107 = CARTESIAN_POINT ( 'NONE',  ( -0.3063126533658724338, -3.386535273050216510, 23.84523509822090048 ) ) ;
#3108 = CARTESIAN_POINT ( 'NONE',  ( 0.7674323303355010673, 3.314124341192897116, 24.44279624806298656 ) ) ;
#3109 = CARTESIAN_POINT ( 'NONE',  ( -3.381953862435731040, 0.3498442439587284847, 16.03018102730781891 ) ) ;
#3110 = CARTESIAN_POINT ( 'NONE',  ( -4.076582343749998394, -1.688575694911951253, 25.58125000170704055 ) ) ;
#3111 = CARTESIAN_POINT ( 'NONE',  ( -2.081899558550500280E-16, 3.399999999999999911, 24.48749999999998650 ) ) ;
#3112 = CARTESIAN_POINT ( 'NONE',  ( 3.322369784196389730, -0.7544215181076406873, 19.13122074770231862 ) ) ;
#3113 = CARTESIAN_POINT ( 'NONE',  ( 2.882579019330973491, 2.882579019330973935, 22.53437500170697660 ) ) ;
#3114 = EDGE_CURVE ( 'NONE', #3244, #1687, #3842, .T. ) ;
#3115 = CARTESIAN_POINT ( 'NONE',  ( -3.002909210728326617, 1.594747697996109492, 18.45240183193104855 ) ) ;
#3116 = CARTESIAN_POINT ( 'NONE',  ( -0.5253256961257425361, -3.362952165164327933, 15.08231480183025219 ) ) ;
#3117 = CARTESIAN_POINT ( 'NONE',  ( 2.271559597425491184, -2.529959370630105120, 25.25850306025940739 ) ) ;
#3118 = PLANE ( 'NONE',  #4676 ) ;
#3119 = CARTESIAN_POINT ( 'NONE',  ( -1.527857316946092503, 3.037650720221058975, 22.08058191711880980 ) ) ;
#3120 = CARTESIAN_POINT ( 'NONE',  ( 0.1012227821306089792, -4.075325453721699631, 25.97658234374998543 ) ) ;
#3121 = CARTESIAN_POINT ( 'NONE',  ( 4.076582343750000170, -1.688575694911947922, 22.45625000170698016 ) ) ;
#3122 = CARTESIAN_POINT ( 'NONE',  ( 3.398748183270095868, -0.09536351339902156277, 22.91967861382369520 ) ) ;
#3123 = ORIENTED_EDGE ( 'NONE', *, *, #1378, .T. ) ;
#3124 = CARTESIAN_POINT ( 'NONE',  ( -2.496186759367026028E-16, 4.076582343749999282, 25.19062500170697660 ) ) ;
#3125 = CARTESIAN_POINT ( 'NONE',  ( 2.404163056034261281, 2.404163056034261725, 23.39375000341396671 ) ) ;
#3126 = ORIENTED_EDGE ( 'NONE', *, *, #861, .T. ) ;
#3127 = CARTESIAN_POINT ( 'NONE',  ( 0.000000000000000000, 0.000000000000000000, 13.98000000000000043 ) ) ;
#3128 = CARTESIAN_POINT ( 'NONE',  ( 0.5317224183256651360, -3.364603138552455519, 21.39317786281217693 ) ) ;
#3129 = CARTESIAN_POINT ( 'NONE',  ( 1.124984414408654265, -3.208553402474707550, 23.92930621422941329 ) ) ;
#3130 = CARTESIAN_POINT ( 'NONE',  ( 2.367452899380698028, 2.440703407984691875, 24.33413750390678132 ) ) ;
#3131 = CARTESIAN_POINT ( 'NONE',  ( 3.632739499202913613, -0.9342600086372451207, 14.63644277921738812 ) ) ;
#3132 =( BOUNDED_CURVE ( )  B_SPLINE_CURVE ( 2, ( #2632, #424, #62, #4481, #1176, #2655, #3859, #3495, #3423 ),
 .UNSPECIFIED., .F., .F. ) 
 B_SPLINE_CURVE_WITH_KNOTS ( ( 3, 2, 2, 2, 3 ),
 ( 0.5769057314343499776, 0.5889246363830878961, 0.6009435065133550413, 0.6129623766436221866, 0.6249812446001318245 ),
 .UNSPECIFIED. ) 
 CURVE ( )  GEOMETRIC_REPRESENTATION_ITEM ( )  RATIONAL_B_SPLINE_CURVE ( ( 1.000000000000000000, 0.9238795325112867385, 1.000000000000000000, 0.9238795325112867385, 1.000000000000000000, 0.9238795325112867385, 1.000000000000000000, 0.9238795325112867385, 1.000000000000000000 ) ) 
 REPRESENTATION_ITEM ( '' )  );
#3133 = CARTESIAN_POINT ( 'NONE',  ( -2.496186759367026028E-16, 4.076582343749999282, 22.69062500170704055 ) ) ;
#3134 = DIRECTION ( 'NONE',  ( 0.000000000000000000, 0.000000000000000000, 1.000000000000000000 ) ) ;
#3135 = CARTESIAN_POINT ( 'NONE',  ( 4.076582343750000170, -1.688575694911947922, 21.05000000170697660 ) ) ;
#3136 = CARTESIAN_POINT ( 'NONE',  ( -2.856257090932575959, 1.845220930208727461, 18.43515606800204409 ) ) ;
#3137 = CARTESIAN_POINT ( 'NONE',  ( 3.241484738993951176, -1.026058614543216008, 15.36443846857808460 ) ) ;
#3138 = CARTESIAN_POINT ( 'NONE',  ( -0.2060599082838873441, -3.393754475190676523, 25.10089402439362161 ) ) ;
#3139 = CARTESIAN_POINT ( 'NONE',  ( -1.069325213297025901, 3.230958543991594656, 20.80074207870772440 ) ) ;
#3140 = DIRECTION ( 'NONE',  ( -0.000000000000000000, -0.000000000000000000, 1.000000000000000000 ) ) ;
#3141 = EDGE_CURVE ( 'NONE', #4247, #2706, #942, .T. ) ;
#3142 = CARTESIAN_POINT ( 'NONE',  ( -2.882579019330973047, -2.882579019330974379, 20.81562500170698016 ) ) ;
#3143 = CARTESIAN_POINT ( 'NONE',  ( 3.328877365228895879, -0.6943797213681647262, 22.88484125197133778 ) ) ;
#3144 = ORIENTED_EDGE ( 'NONE', *, *, #1579, .F. ) ;
#3145 = ORIENTED_EDGE ( 'NONE', *, *, #673, .T. ) ;
#3146 = CARTESIAN_POINT ( 'NONE',  ( 1.688575694911948366, 4.076582343749999282, 14.01875000170697660 ) ) ;
#3147 = CARTESIAN_POINT ( 'NONE',  ( -4.300000000000015810, 5.265981236333638192E-16, 26.20000000000000284 ) ) ;
#3148 = EDGE_LOOP ( 'NONE', ( #475, #4030, #3144, #3862 ) ) ;
#3149 = DIRECTION ( 'NONE',  ( 1.000000000000000000, 0.000000000000000000, 0.000000000000000000 ) ) ;
#3150 = CARTESIAN_POINT ( 'NONE',  ( -15.00000000000000178, -9.666393406790067644, 25.98653347947320924 ) ) ;
#3151 = CARTESIAN_POINT ( 'NONE',  ( 14.99999999999999289, -13.07707918458858742, 20.00000000000000000 ) ) ;
#3152 = CARTESIAN_POINT ( 'NONE',  ( -1.408326112068523317, 3.400000000000000355, 17.37812500341396316 ) ) ;
#3153 = CARTESIAN_POINT ( 'NONE',  ( 3.141174752607061471, -1.381624216646546888, 25.32692178801183047 ) ) ;
#3154 = DIRECTION ( 'NONE',  ( -0.000000000000000000, -0.000000000000000000, 1.000000000000000000 ) ) ;
#3155 = CIRCLE ( 'NONE', #924, 7.500000000000000000 ) ;
#3156 = CARTESIAN_POINT ( 'NONE',  ( 1.688575694911950809, -4.076582343749998394, 24.64375000170704411 ) ) ;
#3157 = CARTESIAN_POINT ( 'NONE',  ( -3.399999999994138822, 4.420163615395962796E-06, 16.04991824737329864 ) ) ;
#3158 = CARTESIAN_POINT ( 'NONE',  ( 4.076582343750000170, -1.688575694911947922, 17.30000000170697660 ) ) ;
#3159 = CARTESIAN_POINT ( 'NONE',  ( -0.8318713568557414284, 3.296664321337335224, 18.28602152075975695 ) ) ;
#3160 = ADVANCED_FACE ( 'NONE', ( #817 ), #3118, .F. ) ;
#3161 = CARTESIAN_POINT ( 'NONE',  ( -2.106656110523188463, -2.668707567614622356, 19.97883259288906288 ) ) ;
#3162 = CARTESIAN_POINT ( 'NONE',  ( -3.156495740832483410, 1.266198602958535480, 22.22419935326708895 ) ) ;
#3163 = AXIS2_PLACEMENT_3D ( 'NONE', #84, #1924, #2979 ) ;
#3164 = CARTESIAN_POINT ( 'NONE',  ( -2.585666303153117518, -2.207815674485687829, 24.94112933686434275 ) ) ;
#3165 = CARTESIAN_POINT ( 'NONE',  ( -0.8059966399972161577, 3.303094023851032901, 20.78443829397218323 ) ) ;
#3166 = CARTESIAN_POINT ( 'NONE',  ( 0.8794734618297693762, 3.291951565420250692, 23.18629688535007816 ) ) ;
#3167 = CARTESIAN_POINT ( 'NONE',  ( 4.076582343749999282, 4.992373518734052056E-16, 23.78437500170697660 ) ) ;
#3168 = DIRECTION ( 'NONE',  ( 1.000000000000000000, 0.000000000000000000, -0.000000000000000000 ) ) ;
#3169 = CARTESIAN_POINT ( 'NONE',  ( 1.688575694911948366, 4.076582343749999282, 26.36250000170698016 ) ) ;
#3170 = VERTEX_POINT ( 'NONE', #4480 ) ;
#3171 = EDGE_CURVE ( 'NONE', #283, #2226, #495, .T. ) ;
#3172 = CARTESIAN_POINT ( 'NONE',  ( -1.408326112068523983, -3.399999999999999467, 16.59687500341396671 ) ) ;
#3173 = CARTESIAN_POINT ( 'NONE',  ( -2.882579019330973935, 2.882579019330973935, 26.75312500170697660 ) ) ;
#3174 = CARTESIAN_POINT ( 'NONE',  ( -3.386697768913752959, -0.3013819221856980368, 21.06702426732288558 ) ) ;
#3175 = CARTESIAN_POINT ( 'NONE',  ( -3.282397509324517682, -0.8872437568203498381, 23.60192485735037948 ) ) ;
#3176 = CARTESIAN_POINT ( 'NONE',  ( 2.335663236599004655, -2.470767883958041811, 16.51341966620850954 ) ) ;
#3177 = CARTESIAN_POINT ( 'NONE',  ( -1.535911980564493406, 3.033389476915044902, 15.83112687114669725 ) ) ;
#3178 = CARTESIAN_POINT ( 'NONE',  ( 1.688575694911948366, 4.076582343749999282, 18.86250000170704411 ) ) ;
#3179 = CARTESIAN_POINT ( 'NONE',  ( -0.2495748166256823442, -3.390868398861758948, 18.84843402994603423 ) ) ;
#3180 = CARTESIAN_POINT ( 'NONE',  ( -4.076582343749999282, 1.688575694911948588, 16.67500000170697660 ) ) ;
#3181 = CARTESIAN_POINT ( 'NONE',  ( 14.99999999999999467, 3.272543859024163115, 27.25232043892863842 ) ) ;
#3182 = CARTESIAN_POINT ( 'NONE',  ( 2.317738992985766355, 2.487825249079996137, 18.08796397997310734 ) ) ;
#3183 = CARTESIAN_POINT ( 'NONE',  ( -3.399999999994236077, 4.380685654423669037E-06, 22.29991888456654436 ) ) ;
#3184 = CARTESIAN_POINT ( 'NONE',  ( -2.883987571084304591, -1.801557098591909156, 24.91181071025333793 ) ) ;
#3185 = CARTESIAN_POINT ( 'NONE',  ( 1.655533061976272924, 2.970246327605269521, 20.63603810690242213 ) ) ;
#3186 = CARTESIAN_POINT ( 'NONE',  ( 2.479612645814942784, 2.329582238197301702, 23.07531247039162636 ) ) ;
#3187 = CARTESIAN_POINT ( 'NONE',  ( -4.076582343749998394, -1.688575694911951253, 16.98750000170697660 ) ) ;
#3188 = CARTESIAN_POINT ( 'NONE',  ( 1.688575694911948366, 4.076582343749999282, 15.11250000170697838 ) ) ;
#3189 = CARTESIAN_POINT ( 'NONE',  ( -1.408326112068523983, -3.399999999999999467, 14.09687500341396671 ) ) ;
#3190 = CYLINDRICAL_SURFACE ( 'NONE', #371, 3.399999999999999911 ) ;
#3191 = ORIENTED_EDGE ( 'NONE', *, *, #3371, .F. ) ;
#3192 = CARTESIAN_POINT ( 'NONE',  ( -2.882579019330973047, -2.882579019330974379, 14.56562500170697660 ) ) ;
#3193 = CARTESIAN_POINT ( 'NONE',  ( 2.092123393807422627, 2.938161339219896639, 25.49877877498233758 ) ) ;
#3194 = EDGE_LOOP ( 'NONE', ( #134, #2904, #4170, #478 ) ) ;
#3195 = DIRECTION ( 'NONE',  ( -0.000000000000000000, -0.000000000000000000, 1.000000000000000000 ) ) ;
#3196 = CARTESIAN_POINT ( 'NONE',  ( -3.376488001323727062, -0.4058050532373794761, 19.82310628302024824 ) ) ;
#3197 = CARTESIAN_POINT ( 'NONE',  ( -1.688575694911949698, -4.076582343749998394, 25.89375000170698016 ) ) ;
#3198 = CARTESIAN_POINT ( 'NONE',  ( -2.599063740317646420, -2.192002729661384208, 21.19000814717287184 ) ) ;
#3199 = CARTESIAN_POINT ( 'NONE',  ( 0.000000000000000000, 0.000000000000000000, 0.000000000000000000 ) ) ;
#3200 = CARTESIAN_POINT ( 'NONE',  ( 2.543520132543328760, -2.265376802768655828, 16.52989714907050356 ) ) ;
#3201 = CARTESIAN_POINT ( 'NONE',  ( -2.562157680347298960, 2.245901757858611347, 15.90617454919419593 ) ) ;
#3202 = CARTESIAN_POINT ( 'NONE',  ( -2.882579019330973047, -2.882579019330974379, 20.65937500170703700 ) ) ;
#3203 = CARTESIAN_POINT ( 'NONE',  ( -2.404163056034260837, -2.404163056034261725, 23.70624999999998295 ) ) ;
#3204 = CARTESIAN_POINT ( 'NONE',  ( -2.882579019330973047, -2.882579019330974379, 15.65937500170697838 ) ) ;
#3205 = CARTESIAN_POINT ( 'NONE',  ( 3.000730831414991417, 1.605651208374746952, 18.02311136681016990 ) ) ;
#3206 = CARTESIAN_POINT ( 'NONE',  ( 6.245698675651500839E-16, -3.399999999999999911, 17.92500000341396671 ) ) ;
#3207 = CARTESIAN_POINT ( 'NONE',  ( -3.211868264620163949, 1.118329375300338269, 19.73364121859877329 ) ) ;
#3208 = CARTESIAN_POINT ( 'NONE',  ( 1.952504000358286085, 2.784879201848404762, 20.61488873761555851 ) ) ;
#3209 = CARTESIAN_POINT ( 'NONE',  ( -0.8067442338392623036, 3.302902518776006158, 23.28448414880083206 ) ) ;
#3210 = CARTESIAN_POINT ( 'NONE',  ( -2.496186759367026028E-16, 4.076582343749999282, 16.59687500170698016 ) ) ;
#3211 = CARTESIAN_POINT ( 'NONE',  ( 4.076582343749999282, 4.992373518734052056E-16, 14.87812500170697660 ) ) ;
#3212 = CARTESIAN_POINT ( 'NONE',  ( 6.245698675651500839E-16, -3.399999999999999911, 14.17500000341396671 ) ) ;
#3213 = VERTEX_POINT ( 'NONE', #1969 ) ;
#3214 = CARTESIAN_POINT ( 'NONE',  ( 4.080194787184955096, 1.319589794966754770, 13.84535897346654032 ) ) ;
#3215 = CARTESIAN_POINT ( 'NONE',  ( -2.077956141117888400, -2.691194167952328353, 17.48098430849047702 ) ) ;
#3216 = CARTESIAN_POINT ( 'NONE',  ( 0.000000000000000000, 0.000000000000000000, 28.80000000000000071 ) ) ;
#3217 = EDGE_LOOP ( 'NONE', ( #3336, #3933, #917, #4726 ) ) ;
#3218 = CARTESIAN_POINT ( 'NONE',  ( -2.572494342418454316, 2.241201300121184126, 14.97319543490365845 ) ) ;
#3219 = CARTESIAN_POINT ( 'NONE',  ( -3.399999999994161470, 4.409746192131686685E-06, 19.79991838163661910 ) ) ;
#3220 = CARTESIAN_POINT ( 'NONE',  ( 3.400000000000000799, -1.408326112068522651, 19.09687499999998650 ) ) ;
#3221 = CARTESIAN_POINT ( 'NONE',  ( -2.496186759367026028E-16, 4.076582343749999282, 25.34687500170697660 ) ) ;
#3222 = LINE ( 'NONE', #971, #995 ) ;
#3223 = CARTESIAN_POINT ( 'NONE',  ( -3.825884572681233831, 0.000000000000000000, 14.55411542731876651 ) ) ;
#3224 = CARTESIAN_POINT ( 'NONE',  ( 3.141216123023482520, -1.301193360664923970, 16.59686977889917614 ) ) ;
#3225 = CARTESIAN_POINT ( 'NONE',  ( -0.01064361055725823214, 3.400445207835489647, 15.73801840579211841 ) ) ;
#3226 = CARTESIAN_POINT ( 'NONE',  ( -4.076582343749998394, -1.688575694911951253, 16.83125000170704055 ) ) ;
#3227 = CARTESIAN_POINT ( 'NONE',  ( 7.488560278101077592E-16, -4.076582343749999282, 17.06562500170697660 ) ) ;
#3228 = CARTESIAN_POINT ( 'NONE',  ( 14.99999999999999822, -9.666393406790074749, 25.98653347947320924 ) ) ;
#3229 = CIRCLE ( 'NONE', #909, 7.500000000000000000 ) ;
#3230 = CARTESIAN_POINT ( 'NONE',  ( 2.367708563390984899, 2.440316509883835305, 18.08410445303373137 ) ) ;
#3231 = CARTESIAN_POINT ( 'NONE',  ( 0.000000000000000000, 0.000000000000000000, 22.80000000000000071 ) ) ;
#3232 = EDGE_CURVE ( 'NONE', #160, #503, #2854, .T. ) ;
#3233 = CARTESIAN_POINT ( 'NONE',  ( -3.377347053454504255, 0.3922660528880418940, 19.77776395690872846 ) ) ;
#3234 = CARTESIAN_POINT ( 'NONE',  ( -1.808225399120159116, 2.883415841745394115, 20.84970861581720669 ) ) ;
#3235 = CARTESIAN_POINT ( 'NONE',  ( -0.6704616292468470462, 3.333370870652678786, 23.27622613037117461 ) ) ;
#3236 = CARTESIAN_POINT ( 'NONE',  ( 2.882579019330974379, -2.882579019330973491, 17.37812500170697660 ) ) ;
#3237 = CARTESIAN_POINT ( 'NONE',  ( -0.9695500126032752242, -3.259261067548569368, 22.55548739715708706 ) ) ;
#3238 = CARTESIAN_POINT ( 'NONE',  ( 14.99999999999999289, -13.07707918458858742, 24.79999999999999716 ) ) ;
#3239 = VECTOR ( 'NONE', #358, 1000.000000000000000 ) ;
#3240 = ORIENTED_EDGE ( 'NONE', *, *, #2463, .T. ) ;
#3241 = VECTOR ( 'NONE', #79, 1000.000000000000000 ) ;
#3242 = CARTESIAN_POINT ( 'NONE',  ( 2.882579019330973491, 2.882579019330973935, 22.53437500170697660 ) ) ;
#3243 = CARTESIAN_POINT ( 'NONE',  ( -2.442422493802899552, -2.365917756525542259, 17.45306245662816380 ) ) ;
#3244 = VERTEX_POINT ( 'NONE', #1222 ) ;
#3245 = CARTESIAN_POINT ( 'NONE',  ( -1.749734613115569326, 2.975153782160642191, 14.93335009424614412 ) ) ;
#3246 = CARTESIAN_POINT ( 'NONE',  ( 2.404163056034261281, 2.404163056034261725, 18.08124999999998650 ) ) ;
#3247 = CARTESIAN_POINT ( 'NONE',  ( -2.090771955692082074, -2.681170011262155484, 14.98000000000000931 ) ) ;
#3248 = CARTESIAN_POINT ( 'NONE',  ( -3.399999998531776590, -0.05470783870437988250, 21.05293441038388025 ) ) ;
#3249 = CARTESIAN_POINT ( 'NONE',  ( 15.00000000000000000, 12.58538342516951403, 24.10931759289032783 ) ) ;
#3250 = CARTESIAN_POINT ( 'NONE',  ( 3.216104074443538963, -1.216284269051989941, 25.33376556268036950 ) ) ;
#3251 = CARTESIAN_POINT ( 'NONE',  ( -2.959483031148312460, 1.673759864648590279, 15.94702831222839023 ) ) ;
#3252 = CARTESIAN_POINT ( 'NONE',  ( -4.076582343749999282, 1.688575694911948588, 20.42500000170704411 ) ) ;
#3253 = CARTESIAN_POINT ( 'NONE',  ( 1.688575694911950809, -4.076582343749998394, 17.14375000170698371 ) ) ;
#3254 = CARTESIAN_POINT ( 'NONE',  ( 0.6304012593504029205, 3.341164827844035567, 18.20118878591798861 ) ) ;
#3255 = CARTESIAN_POINT ( 'NONE',  ( -3.388953940705811352, -0.2739000936849407819, 24.81544755361462506 ) ) ;
#3256 = CARTESIAN_POINT ( 'NONE',  ( 2.758515211273055545, -1.987610079762922366, 25.29999999999998650 ) ) ;
#3257 = CARTESIAN_POINT ( 'NONE',  ( 3.176638374326183900, 1.212881224957240711, 22.99738094579540970 ) ) ;
#3258 = CARTESIAN_POINT ( 'NONE',  ( -2.882579019330973047, -2.882579019330974379, 15.81562500170697838 ) ) ;
#3259 =( BOUNDED_CURVE ( )  B_SPLINE_CURVE ( 2, ( #2214, #1845, #3326, #11, #1482, #2969, #4428, #1117, #4114 ),
 .UNSPECIFIED., .F., .F. ) 
 B_SPLINE_CURVE_WITH_KNOTS ( ( 3, 2, 2, 2, 3 ),
 ( 0.09615105136452983814, 0.1081698311724036687, 0.1201887013026708417, 0.1322075714329380147, 0.1442264647638006880 ),
 .UNSPECIFIED. ) 
 CURVE ( )  GEOMETRIC_REPRESENTATION_ITEM ( )  RATIONAL_B_SPLINE_CURVE ( ( 0.9999988559105703612, 0.9238801045603005635, 1.000000000000000000, 0.9238795325112867385, 1.000000000000000000, 0.9238795325112867385, 1.000000000000000000, 0.9238795325112867385, 1.000000000000000000 ) ) 
 REPRESENTATION_ITEM ( '' )  );
#3260 = CARTESIAN_POINT ( 'NONE',  ( 2.882579019330973491, 2.882579019330973935, 13.78437500170697660 ) ) ;
#3261 = CARTESIAN_POINT ( 'NONE',  ( -2.706346454887077702, -2.061349188634601148, 22.43037670665013295 ) ) ;
#3262 = CARTESIAN_POINT ( 'NONE',  ( -2.081899558550500280E-16, 3.399999999999999911, 16.05000000341396671 ) ) ;
#3263 = EDGE_LOOP ( 'NONE', ( #524, #4620 ) ) ;
#3264 = CARTESIAN_POINT ( 'NONE',  ( 2.380423749456245464, 2.427698255539803895, 16.83310046402558058 ) ) ;
#3265 = CARTESIAN_POINT ( 'NONE',  ( -2.496186759367026028E-16, 4.076582343749999282, 20.19062500170698016 ) ) ;
#3266 = CARTESIAN_POINT ( 'NONE',  ( -0.2878098267858770209, -3.387892603428185989, 17.59625412117811294 ) ) ;
#3267 = CARTESIAN_POINT ( 'NONE',  ( 4.076582343749975301, 1.688575694911939040, 23.86250000170699437 ) ) ;
#3268 = ORIENTED_EDGE ( 'NONE', *, *, #2463, .F. ) ;
#3269 = CARTESIAN_POINT ( 'NONE',  ( 6.245698675651500839E-16, -3.399999999999999911, 17.61249999999998295 ) ) ;
#3270 = CARTESIAN_POINT ( 'NONE',  ( -4.076582343749999282, 1.688575694911948588, 21.83125000170698016 ) ) ;
#3271 = DIRECTION ( 'NONE',  ( 0.000000000000000000, 0.000000000000000000, 1.000000000000000000 ) ) ;
#3272 = CARTESIAN_POINT ( 'NONE',  ( 3.400000000000000799, -1.408326112068522651, 22.84687499999997939 ) ) ;
#3273 = CARTESIAN_POINT ( 'NONE',  ( -2.050967246340818839, -2.711765825270675112, 16.23291212520235405 ) ) ;
#3274 = CARTESIAN_POINT ( 'NONE',  ( -2.962872780219393931, 1.667752015258341380, 15.94743942190613950 ) ) ;
#3275 = CARTESIAN_POINT ( 'NONE',  ( -2.882579019330973935, 2.882579019330973935, 17.84687500170704055 ) ) ;
#3276 = CARTESIAN_POINT ( 'NONE',  ( 6.245698675651500839E-16, -3.399999999999999911, 25.42500000341396671 ) ) ;
#3277 = DIRECTION ( 'NONE',  ( 1.000000000000000000, 0.000000000000000000, 0.000000000000000000 ) ) ;
#3278 = CARTESIAN_POINT ( 'NONE',  ( 0.5474367636326707975, 3.355668343039373447, 18.20611328912890059 ) ) ;
#3279 = CARTESIAN_POINT ( 'NONE',  ( -2.954922357880288786, -1.681870630237671138, 24.90352822602063299 ) ) ;
#3280 = CARTESIAN_POINT ( 'NONE',  ( -15.00000000000000355, 11.31672559873529949, 25.26127012670218619 ) ) ;
#3281 = CARTESIAN_POINT ( 'NONE',  ( -2.882579019330973935, 2.882579019330973935, 25.34687500170697660 ) ) ;
#3282 = CARTESIAN_POINT ( 'NONE',  ( 4.076582343749999282, 4.992373518734052056E-16, 15.03437500170697660 ) ) ;
#3283 = CARTESIAN_POINT ( 'NONE',  ( 2.882579019330974379, -2.882579019330973491, 17.22187500170698016 ) ) ;
#3284 = CARTESIAN_POINT ( 'NONE',  ( -0.1905208698565372671, -3.394685443398690161, 22.60176061752382992 ) ) ;
#3285 = DIRECTION ( 'NONE',  ( -0.000000000000000000, -0.000000000000000000, -1.000000000000000000 ) ) ;
#3286 = VERTEX_POINT ( 'NONE', #470 ) ;
#3287 = EDGE_CURVE ( 'NONE', #503, #160, #2238, .T. ) ;
#3288 = CARTESIAN_POINT ( 'NONE',  ( 7.488560278101077592E-16, -4.076582343749999282, 19.56562500170697660 ) ) ;
#3289 = CARTESIAN_POINT ( 'NONE',  ( -1.042146654106909320, -3.236747577438649159, 17.55097149746904250 ) ) ;
#3290 = CARTESIAN_POINT ( 'NONE',  ( -4.076582343749975301, 1.688575694911938596, 24.33125000170699437 ) ) ;
#3291 = ORIENTED_EDGE ( 'NONE', *, *, #2967, .F. ) ;
#3292 = CARTESIAN_POINT ( 'NONE',  ( 1.408326112068522873, 3.400000000000000355, 16.90937499999998295 ) ) ;
#3293 = CARTESIAN_POINT ( 'NONE',  ( 1.688575694911948366, 4.076582343749999282, 25.26875000170697660 ) ) ;
#3294 = CARTESIAN_POINT ( 'NONE',  ( 3.390814826855513164, -0.2556868716471061842, 17.91059993151915819 ) ) ;
#3295 = CARTESIAN_POINT ( 'NONE',  ( -3.207429887206747043, -1.129769745631992173, 16.11708544324908843 ) ) ;
#3296 = CARTESIAN_POINT ( 'NONE',  ( 3.270834520463602235, 0.9299438571908259510, 15.47985134961928289 ) ) ;
#3297 = CARTESIAN_POINT ( 'NONE',  ( 2.882579019330973491, 2.882579019330973935, 16.28437500170704055 ) ) ;
#3298 = DIRECTION ( 'NONE',  ( 0.7071067811865441310, 8.659560562354890950E-17, -0.7071067811865510144 ) ) ;
#3299 = CARTESIAN_POINT ( 'NONE',  ( -2.841886989257406793, 1.875468039147553334, 24.68334400601579048 ) ) ;
#3300 = CARTESIAN_POINT ( 'NONE',  ( -0.02014338474183951025, 3.400061591841561981, 19.48855349769653245 ) ) ;
#3301 = CARTESIAN_POINT ( 'NONE',  ( -15.00000000000000533, 13.07707918458858387, 22.70700603696235476 ) ) ;
#3302 = CARTESIAN_POINT ( 'NONE',  ( 4.076582343749999282, 4.992373518734052056E-16, 26.12812500170697660 ) ) ;
#3303 = DIRECTION ( 'NONE',  ( 0.000000000000000000, 0.000000000000000000, 1.000000000000000000 ) ) ;
#3304 = CARTESIAN_POINT ( 'NONE',  ( 3.005962220272918817, -1.616478953949539221, 20.32634033375642346 ) ) ;
#3305 = CARTESIAN_POINT ( 'NONE',  ( -0.8674743427606841362, -3.287901792637483389, 22.56179944483629640 ) ) ;
#3306 = CARTESIAN_POINT ( 'NONE',  ( -1.269387118821394766, -3.294060911638673428, 25.42321403643391164 ) ) ;
#3307 = VECTOR ( 'NONE', #2859, 1000.000000000000000 ) ;
#3308 = CARTESIAN_POINT ( 'NONE',  ( 2.882579019330973491, 2.882579019330973935, 25.19062500170697660 ) ) ;
#3309 = CARTESIAN_POINT ( 'NONE',  ( 2.158933584029408159, 2.627936803932371390, 16.85007180446029551 ) ) ;
#3310 = CARTESIAN_POINT ( 'NONE',  ( 1.688575694911948366, 4.076582343749999282, 18.86250000170698371 ) ) ;
#3311 = DIRECTION ( 'NONE',  ( 1.000000000000000000, 0.000000000000000000, 0.000000000000000000 ) ) ;
#3312 = CARTESIAN_POINT ( 'NONE',  ( 7.488560278101032232E-16, -4.076582343749975301, 22.22187500170699082 ) ) ;
#3313 = ORIENTED_EDGE ( 'NONE', *, *, #3171, .F. ) ;
#3314 = CIRCLE ( 'NONE', #218, 7.500000000000000000 ) ;
#3315 = CARTESIAN_POINT ( 'NONE',  ( 3.400000000000000355, 1.408326112068523539, 16.75312499999998295 ) ) ;
#3316 = CARTESIAN_POINT ( 'NONE',  ( 4.076582343750000170, -1.688575694911947922, 23.70625000170697660 ) ) ;
#3317 = CARTESIAN_POINT ( 'NONE',  ( 3.184308765902779559, -1.196992824157446123, 17.85385071049611838 ) ) ;
#3318 = CARTESIAN_POINT ( 'NONE',  ( 3.399999999999999911, 4.163799117101000559E-16, 21.67499999999998650 ) ) ;
#3319 = EDGE_CURVE ( 'NONE', #1977, #3098, #3499, .T. ) ;
#3320 = CARTESIAN_POINT ( 'NONE',  ( -1.356424598206945831, -3.118768520066720562, 16.28077489052213522 ) ) ;
#3321 = CARTESIAN_POINT ( 'NONE',  ( 1.405587402387835638, 3.097891685581392274, 15.65294084642546935 ) ) ;
#3322 = CARTESIAN_POINT ( 'NONE',  ( -3.943790067812500411, -1.032009450730812405, 14.30341765624999617 ) ) ;
#3323 = CARTESIAN_POINT ( 'NONE',  ( 3.399999999999996803, -1.452967340119835792E-07, 24.17499992325868163 ) ) ;
#3324 = CARTESIAN_POINT ( 'NONE',  ( -2.136962301375057383, 2.645388054879563189, 24.62347497422723919 ) ) ;
#3325 = CARTESIAN_POINT ( 'NONE',  ( -0.1473516697862457536, 3.396806017208238160, 19.49574754606901550 ) ) ;
#3326 = CARTESIAN_POINT ( 'NONE',  ( -2.404163056034261725, 2.404163056034261725, 24.95625000341396671 ) ) ;
#3327 = CARTESIAN_POINT ( 'NONE',  ( -4.076582343749999282, 0.000000000000000000, 24.25312500170698016 ) ) ;
#3328 = DIRECTION ( 'NONE',  ( -0.000000000000000000, -0.000000000000000000, 1.000000000000000000 ) ) ;
#3329 = CARTESIAN_POINT ( 'NONE',  ( 1.628787352837770319, -2.984542352847434632, 20.21240102953784401 ) ) ;
#3330 = CARTESIAN_POINT ( 'NONE',  ( -3.386183445413184057, -0.3062136092945881294, 22.31730438302700037 ) ) ;
#3331 = DIRECTION ( 'NONE',  ( -1.000000000000000000, 0.000000000000000000, 0.000000000000000000 ) ) ;
#3332 = CARTESIAN_POINT ( 'NONE',  ( -2.591073567139654976, -2.201440065858317752, 18.69071148281620864 ) ) ;
#3333 = CARTESIAN_POINT ( 'NONE',  ( 4.076582343749999282, 1.688575694911949254, 21.20625000170698016 ) ) ;
#3334 = CARTESIAN_POINT ( 'NONE',  ( -3.875480947161674017, -1.086724434452258258E-13, 25.77548094716166105 ) ) ;
#3335 = CARTESIAN_POINT ( 'NONE',  ( -2.882579019330956616, 2.882579019330956616, 21.75312500170699082 ) ) ;
#3336 = ORIENTED_EDGE ( 'NONE', *, *, #4256, .F. ) ;
#3337 = CARTESIAN_POINT ( 'NONE',  ( -2.081899558550500280E-16, 3.399999999999999911, 14.48749999999998295 ) ) ;
#3338 = CARTESIAN_POINT ( 'NONE',  ( 1.688575694911948366, 4.076582343749999282, 24.01875000170697660 ) ) ;
#3339 = CARTESIAN_POINT ( 'NONE',  ( 0.4889430469871903218, -3.364661499435953829, 17.64043104375438631 ) ) ;
#3340 = CARTESIAN_POINT ( 'NONE',  ( -3.394714690852817185, -0.2188216182570510426, 16.06226018054400839 ) ) ;
#3341 = CARTESIAN_POINT ( 'NONE',  ( 2.752618561075899528, 1.995910103682981163, 15.55058950016042196 ) ) ;
#3342 = CARTESIAN_POINT ( 'NONE',  ( -4.076582343749999282, 1.688575694911948588, 15.42500000170704055 ) ) ;
#3343 = CARTESIAN_POINT ( 'NONE',  ( -3.399999999999999023, -1.408326112068525537, 25.19062500341397026 ) ) ;
#3344 = CARTESIAN_POINT ( 'NONE',  ( 3.135276127266127588, -1.315833103635652757, 24.09592218489880011 ) ) ;
#3345 = CARTESIAN_POINT ( 'NONE',  ( -2.549025688632963860, 2.250003231471796816, 24.65563050946039425 ) ) ;
#3346 = CARTESIAN_POINT ( 'NONE',  ( 2.158619170223535999, 2.628231921331593668, 19.35009809917124812 ) ) ;
#3347 = CARTESIAN_POINT ( 'NONE',  ( -14.99999999999254818, 10.17661531306176137, 25.82590348650373002 ) ) ;
#3348 = CARTESIAN_POINT ( 'NONE',  ( -2.882579019330973047, -2.882579019330974379, 23.15937500170697660 ) ) ;
#3349 = LINE ( 'NONE', #2669, #2539 ) ;
#3350 = CARTESIAN_POINT ( 'NONE',  ( 0.3972932567055009745, -3.376902555908483983, 20.13506975003452837 ) ) ;
#3351 = CARTESIAN_POINT ( 'NONE',  ( 3.418801875146528335, -1.600384493445246692, 14.61237289378524906 ) ) ;
#3352 = FACE_OUTER_BOUND ( 'NONE', #3217, .T. ) ;
#3353 = CARTESIAN_POINT ( 'NONE',  ( -2.499069937003480568, -2.306488801575049763, 18.69846087316869543 ) ) ;
#3354 = CARTESIAN_POINT ( 'NONE',  ( 3.091901194664533836, 1.415668329308144013, 16.76060711553313354 ) ) ;
#3355 = CARTESIAN_POINT ( 'NONE',  ( 3.399999999999386180, 2.042942556961062808E-06, 21.98750011674260207 ) ) ;
#3356 = CARTESIAN_POINT ( 'NONE',  ( 2.882579019330957060, -2.882579019330956172, 21.12812500170699437 ) ) ;
#3357 = ORIENTED_EDGE ( 'NONE', *, *, #1534, .T. ) ;
#3358 = CARTESIAN_POINT ( 'NONE',  ( 2.882579019330974379, -2.882579019330973491, 24.87812500170697660 ) ) ;
#3359 = CARTESIAN_POINT ( 'NONE',  ( 0.3931693362809860481, -3.377639321123455218, 17.63493648800951874 ) ) ;
#3360 = CARTESIAN_POINT ( 'NONE',  ( -3.399999999999999911, 0.000000000000000000, 21.04999999999998650 ) ) ;
#3361 = B_SPLINE_CURVE_WITH_KNOTS ( 'NONE', 3,
 ( #3247, #4329, #925, #2478, #4276, #577, #970, #1689, #2054, #2404 ),
 .UNSPECIFIED., .F., .F.,
 ( 4, 2, 2, 2, 4 ),
 ( 0.000000000000000000, 0.0008308848937535901749, 0.001661769787507180350, 0.002492654681260769983, 0.003323539575014359398 ),
 .UNSPECIFIED. ) ;
#3362 = CARTESIAN_POINT ( 'NONE',  ( -2.652181907808896622, -2.128770311033627127, 16.18527946162377873 ) ) ;
#3363 = CARTESIAN_POINT ( 'NONE',  ( 2.791957917698922653, 1.940404110787272707, 15.54661263845032160 ) ) ;
#3364 = CARTESIAN_POINT ( 'NONE',  ( 2.882579019330973491, 2.882579019330973935, 15.03437500170704233 ) ) ;
#3365 = CARTESIAN_POINT ( 'NONE',  ( 1.408326112068525537, -3.399999999999999023, 25.50312500341396671 ) ) ;
#3366 = CARTESIAN_POINT ( 'NONE',  ( -3.399999999999999911, 9.778013229092583924E-06, 25.11249946099180974 ) ) ;
#3367 = CARTESIAN_POINT ( 'NONE',  ( -0.1389592237593262614, 3.397161496251502655, 24.49527441788901783 ) ) ;
#3368 = CARTESIAN_POINT ( 'NONE',  ( -1.794238126469669847, 2.891903920734137046, 19.59872858191949874 ) ) ;
#3369 = FACE_OUTER_BOUND ( 'NONE', #187, .T. ) ;
#3370 = CARTESIAN_POINT ( 'NONE',  ( -2.496186759367026028E-16, 4.076582343749999282, 25.19062500170697660 ) ) ;
#3371 = EDGE_CURVE ( 'NONE', #426, #4523, #374, .T. ) ;
#3372 = DIRECTION ( 'NONE',  ( 1.000000000000000000, 0.000000000000000000, 0.000000000000000000 ) ) ;
#3373 = CARTESIAN_POINT ( 'NONE',  ( 2.090342543014751975, -2.681579459741061378, 20.24502530517417398 ) ) ;
#3374 = CARTESIAN_POINT ( 'NONE',  ( 0.000000000000000000, 0.000000000000000000, 13.98000000000000043 ) ) ;
#3375 = CARTESIAN_POINT ( 'NONE',  ( -2.564969258709267397, 2.231808589421402367, 17.15700596472759187 ) ) ;
#3376 = CARTESIAN_POINT ( 'NONE',  ( 14.99999999999999645, -1.643106623519408949, 27.35502208301952720 ) ) ;
#3377 = CARTESIAN_POINT ( 'NONE',  ( 3.320049290746209802, 0.7655533941758515537, 16.71943352095810909 ) ) ;
#3378 = CARTESIAN_POINT ( 'NONE',  ( -3.399999999999999023, -1.408326112068525537, 21.44062500341397026 ) ) ;
#3379 = CARTESIAN_POINT ( 'NONE',  ( 7.488560278101077592E-16, -4.076582343749999282, 18.31562500170697660 ) ) ;
#3380 = CARTESIAN_POINT ( 'NONE',  ( 6.245698675651500839E-16, -3.399999999999999911, 17.92500000341396671 ) ) ;
#3381 = VERTEX_POINT ( 'NONE', #397 ) ;
#3382 = AXIS2_PLACEMENT_3D ( 'NONE', #1388, #3972, #4425 ) ;
#3383 = CARTESIAN_POINT ( 'NONE',  ( -4.076582343749998394, -1.688575694911951253, 25.73750000170698016 ) ) ;
#3384 = CARTESIAN_POINT ( 'NONE',  ( -4.076582343749999282, 1.688575694911948588, 19.33125000170697660 ) ) ;
#3385 = CARTESIAN_POINT ( 'NONE',  ( 3.400000000000000799, -1.408326112068522651, 20.34687499999998295 ) ) ;
#3386 = CARTESIAN_POINT ( 'NONE',  ( 6.245698675651500839E-16, -3.399999999999999911, 24.17500000341396671 ) ) ;
#3387 = CARTESIAN_POINT ( 'NONE',  ( 4.924999999999999822, 6.031385485800714132E-16, 13.98000000000000043 ) ) ;
#3388 = EDGE_CURVE ( 'NONE', #702, #3213, #1769, .T. ) ;
#3389 = CARTESIAN_POINT ( 'NONE',  ( -4.076582343749975301, 1.688575694911938596, 16.83125000170699437 ) ) ;
#3390 = CARTESIAN_POINT ( 'NONE',  ( -2.496186759367026028E-16, 4.076582343749999282, 16.44062500170703700 ) ) ;
#3391 = CARTESIAN_POINT ( 'NONE',  ( 0.8287456429957189563, -3.299966053240780628, 23.91079129057532526 ) ) ;
#3392 = CARTESIAN_POINT ( 'NONE',  ( -1.598290716936834110, 3.001794716160552046, 24.58531114052366817 ) ) ;
#3393 = CARTESIAN_POINT ( 'NONE',  ( 1.212075913840005015, 3.176628072967790040, 19.41512909982948543 ) ) ;
#3394 = CARTESIAN_POINT ( 'NONE',  ( 6.245698675651500839E-16, -3.399999999999999911, 23.86249999999998295 ) ) ;
#3395 = CARTESIAN_POINT ( 'NONE',  ( 2.882579019330974379, -2.882579019330973491, 20.97187500170697660 ) ) ;
#3396 = DIRECTION ( 'NONE',  ( -0.000000000000000000, -0.000000000000000000, 1.000000000000000000 ) ) ;
#3397 = CARTESIAN_POINT ( 'NONE',  ( 2.111583738889626360, -2.664890531396643780, 20.24657427166564361 ) ) ;
#3398 = CARTESIAN_POINT ( 'NONE',  ( 1.408326112068522873, 3.400000000000000355, 23.47187500341396671 ) ) ;
#3399 = ADVANCED_FACE ( 'NONE', ( #3666 ), #348, .F. ) ;
#3400 = CARTESIAN_POINT ( 'NONE',  ( -2.245083577326234980, 2.555696863577024303, 17.13117266012831408 ) ) ;
#3401 = CARTESIAN_POINT ( 'NONE',  ( -3.386549784254744289, -0.3030242663786851254, 18.56711881782656448 ) ) ;
#3402 = CARTESIAN_POINT ( 'NONE',  ( -3.007978693018837024, 1.585763541175427838, 20.95301379601802338 ) ) ;
#3403 = FACE_OUTER_BOUND ( 'NONE', #4223, .T. ) ;
#3404 = CARTESIAN_POINT ( 'NONE',  ( 3.400000000000000355, 1.408326112068523539, 19.56562500341396671 ) ) ;
#3405 = ORIENTED_EDGE ( 'NONE', *, *, #892, .F. ) ;
#3406 = CARTESIAN_POINT ( 'NONE',  ( 2.882579019330974379, -2.882579019330973491, 16.12812500170697660 ) ) ;
#3407 = CARTESIAN_POINT ( 'NONE',  ( -3.399999999999999023, -1.408326112068525537, 23.94062500341396671 ) ) ;
#3408 = CARTESIAN_POINT ( 'NONE',  ( -1.997782351087351138, 3.180914909407393854, 25.64860769677227381 ) ) ;
#3409 = CARTESIAN_POINT ( 'NONE',  ( -4.076582343749975301, 0.000000000000000000, 15.65937500170699259 ) ) ;
#3410 = CARTESIAN_POINT ( 'NONE',  ( 2.074835744454980535, -2.693529985564460549, 21.49380626786128801 ) ) ;
#3411 = CARTESIAN_POINT ( 'NONE',  ( -0.1242713146256372164, -3.398303315144920234, 23.85546652887872554 ) ) ;
#3412 = PLANE ( 'NONE',  #2146 ) ;
#3413 = CARTESIAN_POINT ( 'NONE',  ( -2.882579019330973047, -2.882579019330974379, 25.65937500170704055 ) ) ;
#3414 = CARTESIAN_POINT ( 'NONE',  ( 3.400000000000000799, -1.408326112068522651, 25.34687499999998295 ) ) ;
#3415 = CARTESIAN_POINT ( 'NONE',  ( 3.031786048770864550, 1.540296145689966867, 21.76886918484050071 ) ) ;
#3416 = CARTESIAN_POINT ( 'NONE',  ( -4.076582343749999282, 0.000000000000000000, 19.25312500170697660 ) ) ;
#3417 = CARTESIAN_POINT ( 'NONE',  ( -3.380964172884221242, 0.3592788485137339838, 18.52963319353249361 ) ) ;
#3418 = CARTESIAN_POINT ( 'NONE',  ( -0.6568989891077533505, -3.336558239203934129, 20.07461883333951747 ) ) ;
#3419 = CARTESIAN_POINT ( 'NONE',  ( -3.400000000000000355, 1.408326112068523095, 23.78437500341396671 ) ) ;
#3420 = CARTESIAN_POINT ( 'NONE',  ( -0.2223598845784999778, 3.392915361749432979, 17.00000914416641606 ) ) ;
#3421 = CARTESIAN_POINT ( 'NONE',  ( 6.245698675651500839E-16, -3.399999999999999911, 22.92500000341396671 ) ) ;
#3422 = DIRECTION ( 'NONE',  ( -0.000000000000000000, -0.000000000000000000, 1.000000000000000000 ) ) ;
#3423 = CARTESIAN_POINT ( 'NONE',  ( 3.399999999999964828, 4.856269629730839759E-07, 18.23749975949984758 ) ) ;
#3424 = CARTESIAN_POINT ( 'NONE',  ( -3.399999999999999023, -1.408326112068525537, 18.94062500341397026 ) ) ;
#3425 = VERTEX_POINT ( 'NONE', #3256 ) ;
#3426 = EDGE_CURVE ( 'NONE', #2543, #3286, #1309, .T. ) ;
#3427 = CARTESIAN_POINT ( 'NONE',  ( -1.688575694911949698, -4.076582343749998394, 25.89375000170698016 ) ) ;
#3428 = CARTESIAN_POINT ( 'NONE',  ( 1.688575694911950809, -4.076582343749998394, 17.30000000170697660 ) ) ;
#3429 = CARTESIAN_POINT ( 'NONE',  ( 3.400000000000000799, -1.408326112068522651, 23.15937500341397026 ) ) ;
#3430 = CARTESIAN_POINT ( 'NONE',  ( -2.081899558550500280E-16, 3.399999999999999911, 20.73749999999998650 ) ) ;
#3431 = ORIENTED_EDGE ( 'NONE', *, *, #441, .F. ) ;
#3432 = CARTESIAN_POINT ( 'NONE',  ( -2.081899558550500280E-16, 3.399999999999999911, 19.80000000341397026 ) ) ;
#3433 = CARTESIAN_POINT ( 'NONE',  ( 0.08630476646586909828, 3.681357083514384954, 25.57447988139414718 ) ) ;
#3434 = CARTESIAN_POINT ( 'NONE',  ( -4.076582343749975301, 1.688575694911938596, 18.08125000170698726 ) ) ;
#3435 = CARTESIAN_POINT ( 'NONE',  ( 0.9309409527890528668, -3.271355776826196049, 21.41717080864717460 ) ) ;
#3436 = CARTESIAN_POINT ( 'NONE',  ( 1.633035335555283574, -2.996990482804487321, 23.96223782731208374 ) ) ;
#3437 = CARTESIAN_POINT ( 'NONE',  ( 2.652634083618134131, 2.138699874913267518, 24.31064472674809807 ) ) ;
#3438 = CARTESIAN_POINT ( 'NONE',  ( -3.398018915640853344, -0.1367720645609823427, 22.30759696180007268 ) ) ;
#3439 = CARTESIAN_POINT ( 'NONE',  ( -4.076582343749998394, -1.688575694911951253, 23.08125000170703700 ) ) ;
#3440 = CARTESIAN_POINT ( 'NONE',  ( 1.408326112068522873, 3.400000000000000355, 24.40937499999997939 ) ) ;
#3441 = CARTESIAN_POINT ( 'NONE',  ( 3.399999999999999911, 0.000000000000000000, 25.29999999999998650 ) ) ;
#3442 = CARTESIAN_POINT ( 'NONE',  ( 1.688575694911950809, -4.076582343749998394, 22.14375000170698016 ) ) ;
#3443 = CARTESIAN_POINT ( 'NONE',  ( -2.246431659042797957, 2.554549706784079888, 18.38112922369929336 ) ) ;
#3444 = CARTESIAN_POINT ( 'NONE',  ( -2.081899558550500280E-16, 3.399999999999999911, 23.55000000341397026 ) ) ;
#3445 = CARTESIAN_POINT ( 'NONE',  ( 2.303999217435828584, -2.500322221888378937, 25.26098400168496028 ) ) ;
#3446 = CARTESIAN_POINT ( 'NONE',  ( 0.000000000000000000, 0.000000000000000000, 13.98000000000000043 ) ) ;
#3447 = CARTESIAN_POINT ( 'NONE',  ( -3.378749497802330914, 0.3795416569032205589, 23.52845783266856827 ) ) ;
#3448 = CARTESIAN_POINT ( 'NONE',  ( -2.496186759367026028E-16, 4.076582343749999282, 21.59687500170697660 ) ) ;
#3449 = CARTESIAN_POINT ( 'NONE',  ( -1.408326112068523317, 3.400000000000000355, 19.87812500341396671 ) ) ;
#3450 = CARTESIAN_POINT ( 'NONE',  ( -15.00000000000000178, 9.734008597883923031, 25.96534795403502116 ) ) ;
#3451 = ORIENTED_EDGE ( 'NONE', *, *, #2551, .T. ) ;
#3452 = CARTESIAN_POINT ( 'NONE',  ( 1.688575694911948366, 4.076582343749999282, 20.26875000170697660 ) ) ;
#3453 = CARTESIAN_POINT ( 'NONE',  ( -3.400000000000000355, 1.408326112068523095, 22.53437500341396671 ) ) ;
#3454 = ORIENTED_EDGE ( 'NONE', *, *, #4160, .T. ) ;
#3455 = FACE_OUTER_BOUND ( 'NONE', #4295, .T. ) ;
#3456 = AXIS2_PLACEMENT_3D ( 'NONE', #4320, #4720, #4619 ) ;
#3457 = EDGE_CURVE ( 'NONE', #2120, #4523, #3259, .T. ) ;
#3458 = CARTESIAN_POINT ( 'NONE',  ( -1.438494097954631901, -3.080771209803391475, 21.27535837257030238 ) ) ;
#3459 = CARTESIAN_POINT ( 'NONE',  ( -2.083922783792295341, -2.686596196116117774, 23.73050514057772631 ) ) ;
#3460 = CARTESIAN_POINT ( 'NONE',  ( 1.258447346935367639, 3.158762720704042071, 24.41214622360898545 ) ) ;
#3461 = CARTESIAN_POINT ( 'NONE',  ( -3.399999999994138822, 4.420163615395962796E-06, 16.04991824737329864 ) ) ;
#3462 = CARTESIAN_POINT ( 'NONE',  ( -2.882579019330973935, 2.882579019330973935, 22.84687500170704055 ) ) ;
#3463 = CARTESIAN_POINT ( 'NONE',  ( 1.408326112068525537, -3.399999999999999023, 26.44062499999998295 ) ) ;
#3464 = CARTESIAN_POINT ( 'NONE',  ( 3.374150754110622152, -0.4323538955716425547, 19.15030662881258650 ) ) ;
#3465 = CARTESIAN_POINT ( 'NONE',  ( 4.076582343749999282, 4.992373518734052056E-16, 18.62812500170697660 ) ) ;
#3466 = CARTESIAN_POINT ( 'NONE',  ( -2.139937949306668585, 2.642238972124955954, 18.37342701333697903 ) ) ;
#3467 = CARTESIAN_POINT ( 'NONE',  ( -0.8658856112182052867, -3.287908148998374358, 20.06189050403663288 ) ) ;
#3468 = CARTESIAN_POINT ( 'NONE',  ( -0.02273083196912566856, -3.400365950697421979, 15.11116050478196193 ) ) ;
#3469 = CARTESIAN_POINT ( 'NONE',  ( -2.585445269529432988, 2.208092184823283954, 17.15879577363780228 ) ) ;
#3470 = CARTESIAN_POINT ( 'NONE',  ( -0.5978965803119645761, -3.349341495127968749, 25.07820906783018344 ) ) ;
#3471 = CARTESIAN_POINT ( 'NONE',  ( 3.384402843289729290, 0.3379613899583396308, 16.69419155358644957 ) ) ;
#3472 = CARTESIAN_POINT ( 'NONE',  ( -2.051065390517910814, 2.711673950713502812, 22.11710988352897189 ) ) ;
#3473 = CARTESIAN_POINT ( 'NONE',  ( -3.378675588393082130, 0.3801994923276312832, 23.52842058107395218 ) ) ;
#3474 = CARTESIAN_POINT ( 'NONE',  ( -1.688575694911949698, -4.076582343749998394, 24.64375000170698016 ) ) ;
#3475 = CARTESIAN_POINT ( 'NONE',  ( -1.408326112068523983, -3.399999999999999467, 15.34687500341396849 ) ) ;
#3476 = ORIENTED_EDGE ( 'NONE', *, *, #441, .T. ) ;
#3477 = EDGE_LOOP ( 'NONE', ( #2350, #4298, #4648, #333 ) ) ;
#3478 = CARTESIAN_POINT ( 'NONE',  ( 4.076582343749999282, 1.688575694911949254, 23.70625000170697660 ) ) ;
#3479 = CARTESIAN_POINT ( 'NONE',  ( 2.404163056034261725, -2.404163056034261281, 20.58125000341396671 ) ) ;
#3480 = VERTEX_POINT ( 'NONE', #831 ) ;
#3481 = CARTESIAN_POINT ( 'NONE',  ( 3.399999999996288658, -5.023242269576613813E-06, 24.48749972475582126 ) ) ;
#3482 = CARTESIAN_POINT ( 'NONE',  ( -3.466977461441822950, 1.622183276239699490, 25.72014344823788434 ) ) ;
#3483 = CARTESIAN_POINT ( 'NONE',  ( -4.076582343749975301, 0.000000000000000000, 18.15937500170699082 ) ) ;
#3484 = CARTESIAN_POINT ( 'NONE',  ( -2.245208449562279274, -2.555584816760453126, 21.21853427376944623 ) ) ;
#3485 = CARTESIAN_POINT ( 'NONE',  ( -2.603723494757504753, -2.186463909067750677, 23.68958830661015469 ) ) ;
#3486 = CARTESIAN_POINT ( 'NONE',  ( 1.199454968464768845, 3.181413936590917313, 24.41593865731585922 ) ) ;
#3487 = DIRECTION ( 'NONE',  ( -0.000000000000000000, -0.000000000000000000, -1.000000000000000000 ) ) ;
#3488 = CARTESIAN_POINT ( 'NONE',  ( 7.488560278101077592E-16, -4.076582343749999282, 22.06562500170704055 ) ) ;
#3489 = CARTESIAN_POINT ( 'NONE',  ( 3.135678044028838318, -1.314875157517874316, 19.09598440851220857 ) ) ;
#3490 = CARTESIAN_POINT ( 'NONE',  ( 1.688575694911950809, -4.076582343749998394, 18.39375000170697660 ) ) ;
#3491 = DIRECTION ( 'NONE',  ( -0.000000000000000000, -0.000000000000000000, 1.000000000000000000 ) ) ;
#3492 = CARTESIAN_POINT ( 'NONE',  ( 2.001926969863297323, -2.749340893261813079, 15.23849290270744561 ) ) ;
#3493 = CARTESIAN_POINT ( 'NONE',  ( 0.1889849168603993101, -3.399283946379827448, 25.12266028824176445 ) ) ;
#3494 = CARTESIAN_POINT ( 'NONE',  ( -0.1364890877710626116, 3.397264646056506354, 20.74513439420119099 ) ) ;
#3495 = CARTESIAN_POINT ( 'NONE',  ( 3.400000000000000355, 1.408326112068523539, 18.31562500341396671 ) ) ;
#3496 = CARTESIAN_POINT ( 'NONE',  ( -4.076582343749999282, 1.688575694911948588, 24.33125000170698371 ) ) ;
#3497 = CARTESIAN_POINT ( 'NONE',  ( 3.377410135176858397, -0.4055288185486479735, 22.90196936713811127 ) ) ;
#3498 = ORIENTED_EDGE ( 'NONE', *, *, #2752, .T. ) ;
#3499 = B_SPLINE_CURVE_WITH_KNOTS ( 'NONE', 3,
 ( #3765, #839, #4122, #106, #1269, #4212, #911, #447, #126, #4519, #2674, #2697, #2317, #2340, #1922, #3812, #1607, #3093, #3402, #4542, #1247, #83, #520, #1558, #3044, #2723, #4190, #886, #2392, #2366, #3834, #1995, #3857, #1897, #3880, #1724, #1294, #4638, #3951, #1340, #3234, #178, #4340, #3592, #4241, #3139, #2771, #640, #277, #2512, #3165, #2438, #960, #1319, #936, #3904, #543, #2018, #2114, #4591, #589, #3494, #2821, #3926, #2044, #4616, #2065, #4288, #2417, #2798, #568, #3517, #1654, #201, #1676, #1750, #4266, #2089, #3544, #226, #1700, #3185, #3569, #982, #2464, #4691, #615, #251, #3208, #4664, #1362, #1393, #2846, #4316, #1009, #2488, #2873, #1032, #4762, #1461, #3690, #2555, #2599, #2948, #4452, #2576, #1868, #767, #4024, #305, #3621, #2993, #2243, #2898, #1778, #4715, #4070, #3717, #1141, #1798, #1075, #3977, #33, #1097 ),
 .UNSPECIFIED., .F., .F.,
 ( 4, 2, 2, 2, 1, 1, 1, 2, 2, 2, 2, 2, 2, 1, 1, 1, 2, 2, 2, 1, 2, 2, 1, 2, 2, 2, 2, 2, 2, 2, 1, 1, 2, 2, 2, 2, 2, 1, 2, 2, 2, 2, 2, 1, 2, 2, 2, 1, 2, 2, 2, 2, 2, 2, 2, 1, 2, 2, 2, 2, 2, 2, 1, 2, 2, 2, 1, 1, 1, 2, 4 ),
 ( 0.4119313383492433922, 0.4138239432828859088, 0.4140605188995912234, 0.4140900908516793599, 0.4141196628037675520, 0.4141788067079438806, 0.4142970945162965934, 0.4147702457497073891, 0.4157165482165290360, 0.4195017580838154569, 0.4213943630174586952, 0.4218675142508694909, 0.4219266581550458195, 0.4219858020592221481, 0.4221040898675748609, 0.4223406654842802865, 0.4232869679511018779, 0.4270721778183883544, 0.4289647827520315926, 0.4294379339854423883, 0.4296745096021478139, 0.4297927974105005267, 0.4299110852188532395, 0.4308573876856748863, 0.4327499926193182356, 0.4336962950861399380, 0.4346425975529616403, 0.4365352024866049896, 0.4374815049534266365, 0.4375997927617794048, 0.4377180805701320621, 0.4379546561868375432, 0.4384278074202483944, 0.4403204123538917991, 0.4412667148207135015, 0.4413850026290662143, 0.4415032904374189826, 0.4417398660541244082, 0.4422130172875352594, 0.4441056222211787197, 0.4450519246880004776, 0.4452885003047059032, 0.4454067881130586160, 0.4455250759214113287, 0.4459982271548221799, 0.4497834370221089895, 0.4516760419557523942, 0.4526223444225740966, 0.4530954956559849478, 0.4533320712726903734, 0.4535686468893957990, 0.4554612518230391482, 0.4564075542898608506, 0.4568807055232717018, 0.4571172811399771274, 0.4573538567566825530, 0.4592464616903259023, 0.4601927641571475491, 0.4611390666239692515, 0.4649242764912558945, 0.4687094863585425930, 0.4689460619752480186, 0.4691826375919534442, 0.4696557888253642954, 0.4706020912921859423, 0.4715483937590075891, 0.4720215449924184403, 0.4722581206091238659, 0.4723764084174765787, 0.4724355523216529074, 0.4724946962258292915 ),
 .UNSPECIFIED. ) ;
#3500 = CARTESIAN_POINT ( 'NONE',  ( 1.688575694911950809, -4.076582343749998394, 14.80000000170697660 ) ) ;
#3501 = CARTESIAN_POINT ( 'NONE',  ( 2.618227722174154337, 2.444738509101116897, 25.47413752258716713 ) ) ;
#3502 = ORIENTED_EDGE ( 'NONE', *, *, #953, .F. ) ;
#3503 = CARTESIAN_POINT ( 'NONE',  ( 6.245698675651500839E-16, -3.399999999999999911, 16.67500000341396671 ) ) ;
#3504 = CARTESIAN_POINT ( 'NONE',  ( 0.000000000000000000, 0.000000000000000000, 28.80000000000000071 ) ) ;
#3505 = CARTESIAN_POINT ( 'NONE',  ( -0.3330570778734596726, -3.384262662077574202, 21.34362140429854193 ) ) ;
#3506 = CYLINDRICAL_SURFACE ( 'NONE', #3850, 3.399999999999999911 ) ;
#3507 = DIRECTION ( 'NONE',  ( 0.000000000000000000, 0.000000000000000000, -1.000000000000000000 ) ) ;
#3508 = CARTESIAN_POINT ( 'NONE',  ( -1.257930153276395790, -3.752696447204765917, 14.42907951314396797 ) ) ;
#3509 = B_SPLINE_CURVE_WITH_KNOTS ( 'NONE', 3,
 ( #446, #4139, #1921, #3833, #153, #2437, #542, #2043, #3445, #2745, #3117, #935, #4541, #4565, #4189, #959, #587, #3065, #494, #862, #125, #4518, #885, #1246, #2365, #3493, #1221, #1268, #519, #1293, #3138, #1652, #2696, #1994, #567, #3092, #2339, #3470, #2722, #2770, #3879, #4165, #1631, #3811, #4589, #3856, #4615, #4211, #910, #1606, #2391, #1968, #1675, #2017, #177, #4240, #2416, #3515, #4265, #200, #3164, #1318, #2797, #3903, #2064, #3543, #225, #2487, #2923, #2088, #3950, #3184, #3591, #3279, #2554, #4737, #4637, #1339, #4690, #2845, #4714, #4287, #3665, #1074, #276, #2189, #4382, #1008, #2897, #639, #3255, #4023, #2820, #4314 ),
 .UNSPECIFIED., .F., .F.,
 ( 4, 2, 2, 2, 2, 1, 1, 2, 2, 2, 1, 2, 2, 2, 2, 1, 1, 2, 2, 2, 2, 2, 2, 2, 2, 2, 2, 2, 2, 2, 1, 1, 1, 1, 2, 2, 2, 1, 2, 2, 2, 2, 2, 2, 2, 2, 2, 2, 1, 2, 2, 1, 4 ),
 ( 0.000000000000000000, 0.003035054527855915799, 0.003793818159819894315, 0.003888663613815394882, 0.003983509067810895449, 0.004173199975801901787, 0.004552581791783913596, 0.006070109055711956497, 0.007587636319639999398, 0.007967018135622009473, 0.008346399951604018680, 0.009105163583568042299, 0.01214021811142413677, 0.01517527263928023472, 0.01821032716713633440, 0.01896909079910035975, 0.01934847261508237243, 0.01944331806907786953, 0.01953816352307337009, 0.01972785443106437123, 0.02124538169499236642, 0.02276290895892036162, 0.02314229077490236389, 0.02352167259088436269, 0.02428043622284836028, 0.02731549075070435414, 0.03035054527856034107, 0.03110930891052434560, 0.03120415436451983576, 0.03125157709151762248, 0.03129899981851540919, 0.03148869072650654910, 0.03186807254248881505, 0.03338559980641789965, 0.03490312707034699119, 0.03509281797833812416, 0.03518766343233369065, 0.03528250888632925714, 0.03566189070231153002, 0.03642065433427606885, 0.03793818159820513958, 0.03869694523016967147, 0.03888663613816081138, 0.03907632704615194436, 0.03945570886213421030, 0.04249076338999233787, 0.04552581791785047238, 0.04628458154981500428, 0.04666396336579727022, 0.04685365427378840320, 0.04694849972778397662, 0.04704334518177954311, 0.04856087244570864853 ),
 .UNSPECIFIED. ) ;
#3510 = CARTESIAN_POINT ( 'NONE',  ( -2.882579019330973935, 2.882579019330973935, 21.59687500170704055 ) ) ;
#3511 = CARTESIAN_POINT ( 'NONE',  ( 3.399999999997205702, 4.359021681925006865E-06, 19.17500024181115137 ) ) ;
#3512 = CARTESIAN_POINT ( 'NONE',  ( 2.882579019330973491, 2.882579019330973935, 15.03437500170697660 ) ) ;
#3513 = CARTESIAN_POINT ( 'NONE',  ( -2.059660747117878721, 2.705149801091598860, 18.36775153448796516 ) ) ;
#3514 = CARTESIAN_POINT ( 'NONE',  ( 2.404163056034261725, -2.404163056034261281, 18.08125000341396671 ) ) ;
#3515 = CARTESIAN_POINT ( 'NONE',  ( -2.256534123642998768, -2.545223210333803721, 24.96766406177229314 ) ) ;
#3516 = EDGE_CURVE ( 'NONE', #1948, #3030, #1213, .T. ) ;
#3517 = CARTESIAN_POINT ( 'NONE',  ( 0.5295706306612649739, 3.358510742513058922, 20.70716919051060501 ) ) ;
#3518 = CARTESIAN_POINT ( 'NONE',  ( -2.366847167934403640, 2.445208580270048060, 22.14047231268601834 ) ) ;
#3519 = CARTESIAN_POINT ( 'NONE',  ( -1.285687980304527578, 3.148428638446524541, 23.31461605671952597 ) ) ;
#3520 = CARTESIAN_POINT ( 'NONE',  ( -2.882579019330973047, -2.882579019330974379, 24.56562500170698016 ) ) ;
#3521 = B_SPLINE_CURVE_WITH_KNOTS ( 'NONE', 3,
 ( #1825, #1803, #2537, #4029, #58, #4743 ),
 .UNSPECIFIED., .F., .F.,
 ( 4, 2, 4 ),
 ( 0.009762797257229885103, 0.01464539564984670625, 0.01952799404246352566 ),
 .UNSPECIFIED. ) ;
#3522 = CARTESIAN_POINT ( 'NONE',  ( 3.399760018506442272, -0.04706622498846223940, 22.92238293430531115 ) ) ;
#3523 = DIRECTION ( 'NONE',  ( 1.000000000000000000, 8.881784197001252323E-16, 0.000000000000000000 ) ) ;
#3524 = ORIENTED_EDGE ( 'NONE', *, *, #2283, .F. ) ;
#3525 = CARTESIAN_POINT ( 'NONE',  ( 1.688575694911950809, -4.076582343749998394, 25.89375000170698016 ) ) ;
#3526 = CARTESIAN_POINT ( 'NONE',  ( -2.404163056034260837, -2.404163056034261725, 22.76875000341396671 ) ) ;
#3527 = CARTESIAN_POINT ( 'NONE',  ( 0.7974625230327822001, 3.570095588177151669, 25.55017233615764383 ) ) ;
#3528 = VERTEX_POINT ( 'NONE', #2332 ) ;
#3529 = CARTESIAN_POINT ( 'NONE',  ( 0.000000000000000000, 0.000000000000000000, 0.000000000000000000 ) ) ;
#3530 = CARTESIAN_POINT ( 'NONE',  ( -3.399999999999999911, 0.000000000000000000, 20.11250000341397026 ) ) ;
#3531 = CARTESIAN_POINT ( 'NONE',  ( -3.093386705030138906, -1.413225414159964055, 21.13531459522501166 ) ) ;
#3532 = CARTESIAN_POINT ( 'NONE',  ( -3.259617798613208883, -0.9669041963376160398, 23.60686343106355167 ) ) ;
#3533 = CARTESIAN_POINT ( 'NONE',  ( 2.682359064000682913, -2.101269153112237831, 16.54220331439870506 ) ) ;
#3534 = CARTESIAN_POINT ( 'NONE',  ( -2.702847500323065866, 2.074449824599862158, 15.91893590950052229 ) ) ;
#3535 = AXIS2_PLACEMENT_3D ( 'NONE', #3127, #4487, #2301 ) ;
#3536 = CARTESIAN_POINT ( 'NONE',  ( 4.076582343749999282, 1.688575694911949254, 19.95625000170704411 ) ) ;
#3537 = AXIS2_PLACEMENT_3D ( 'NONE', #4194, #890, #2371 ) ;
#3538 = CARTESIAN_POINT ( 'NONE',  ( -0.09214617113900561152, -3.399385686261144901, 18.85739358878342742 ) ) ;
#3539 = CARTESIAN_POINT ( 'NONE',  ( 4.076582343750000170, -1.688575694911947922, 16.05000000170697660 ) ) ;
#3540 = CARTESIAN_POINT ( 'NONE',  ( 1.507138059876062197, 3.049777916872678851, 18.14619646957902432 ) ) ;
#3541 = CARTESIAN_POINT ( 'NONE',  ( -1.090479007327939120, -3.220449642998761242, 15.04788302793991939 ) ) ;
#3542 = AXIS2_PLACEMENT_3D ( 'NONE', #2497, #2781, #2074 ) ;
#3543 = CARTESIAN_POINT ( 'NONE',  ( -2.619159156383339848, -2.167986937758816346, 24.93824069163942170 ) ) ;
#3544 = CARTESIAN_POINT ( 'NONE',  ( 1.094204729064986781, 3.226943362706886198, 20.67308748758926029 ) ) ;
#3545 = CARTESIAN_POINT ( 'NONE',  ( -0.9598807417099777251, 3.275254033057099168, 22.04373406495942689 ) ) ;
#3546 = CARTESIAN_POINT ( 'NONE',  ( 0.5448264066916075343, 3.356065802703432688, 23.20626698491149753 ) ) ;
#3547 = CARTESIAN_POINT ( 'NONE',  ( 7.488560278101077592E-16, -4.076582343749999282, 19.72187500170697660 ) ) ;
#3548 = CARTESIAN_POINT ( 'NONE',  ( -3.399999999999999023, -1.408326112068525537, 13.94062500341396671 ) ) ;
#3549 = CARTESIAN_POINT ( 'NONE',  ( -3.835050178147362487, 0.8752916724823374128, 14.45014954712070399 ) ) ;
#3550 = ORIENTED_EDGE ( 'NONE', *, *, #3287, .T. ) ;
#3551 = CARTESIAN_POINT ( 'NONE',  ( 2.882579019330973491, 2.882579019330973935, 15.19062500170697838 ) ) ;
#3552 = CARTESIAN_POINT ( 'NONE',  ( -0.1691187238127722647, -3.395817796264091193, 17.60302249035986577 ) ) ;
#3553 = DIRECTION ( 'NONE',  ( -1.000000000000000000, 0.000000000000000000, 0.000000000000000000 ) ) ;
#3554 = ORIENTED_EDGE ( 'NONE', *, *, #4375, .F. ) ;
#3555 = CARTESIAN_POINT ( 'NONE',  ( 3.399999999999999911, 0.000000000000000000, 0.000000000000000000 ) ) ;
#3556 = CARTESIAN_POINT ( 'NONE',  ( -2.961487221753626109, -1.672846958585050281, 19.90286868319953584 ) ) ;
#3557 = CARTESIAN_POINT ( 'NONE',  ( 1.688575694911950809, -4.076582343749998394, 26.05000000170698016 ) ) ;
#3558 = CARTESIAN_POINT ( 'NONE',  ( -7.344863728670905090, 8.994863855490316185E-16, 7.799999999999998046 ) ) ;
#3559 = CARTESIAN_POINT ( 'NONE',  ( 14.99999999999999822, 13.07707918458857854, 22.49059892324149246 ) ) ;
#3560 = CARTESIAN_POINT ( 'NONE',  ( 2.872077416709535314, -1.823120090103499624, 16.56189133940324965 ) ) ;
#3561 = CARTESIAN_POINT ( 'NONE',  ( -2.068792163167398446, 2.698171345481375827, 15.86841623891043263 ) ) ;
#3562 = CARTESIAN_POINT ( 'NONE',  ( 1.688575694911948366, 4.076582343749999282, 21.36250000170704055 ) ) ;
#3563 = CARTESIAN_POINT ( 'NONE',  ( -1.563204004358400567, -3.019518884338210363, 18.76704096511114628 ) ) ;
#3564 = CARTESIAN_POINT ( 'NONE',  ( 1.408326112068522873, 3.400000000000000355, 25.97187500341397026 ) ) ;
#3565 = CARTESIAN_POINT ( 'NONE',  ( 2.940846021779724762, 1.708540809608002364, 18.03020801678442453 ) ) ;
#3566 = CARTESIAN_POINT ( 'NONE',  ( -2.042671487225035776, -2.718678677293821622, 14.98353018082173271 ) ) ;
#3567 =( BOUNDED_CURVE ( )  B_SPLINE_CURVE ( 2, ( #4602, #4624, #2052, #2886, #3503, #3172, #2076, #188, #922 ),
 .UNSPECIFIED., .F., .F. ) 
 B_SPLINE_CURVE_WITH_KNOTS ( ( 3, 2, 2, 2, 3 ),
 ( 0.7211321810905846341, 0.7331510779462930838, 0.7451699480765602290, 0.7571888182068273743, 0.7692076561753551367 ),
 .UNSPECIFIED. ) 
 CURVE ( )  GEOMETRIC_REPRESENTATION_ITEM ( )  RATIONAL_B_SPLINE_CURVE ( ( 1.000000000000000000, 0.9238795325112867385, 1.000000000000000000, 0.9238795325112867385, 1.000000000000000000, 0.9238795325112867385, 1.000000000000000000, 0.9238795325112867385, 1.000000000000000000 ) ) 
 REPRESENTATION_ITEM ( '' )  );
#3568 = CARTESIAN_POINT ( 'NONE',  ( -3.383507155476889405, 0.3345535777064632121, 19.78100921623493846 ) ) ;
#3569 = CARTESIAN_POINT ( 'NONE',  ( 1.728785110263831637, 2.928621038005459809, 20.63094281064218549 ) ) ;
#3570 = ADVANCED_FACE ( 'NONE', ( #3369 ), #4204, .T. ) ;
#3571 = CARTESIAN_POINT ( 'NONE',  ( -0.4139417593408238893, 3.376333392414776924, 23.26101297678631852 ) ) ;
#3572 = CARTESIAN_POINT ( 'NONE',  ( 4.076582343749999282, 1.688575694911949254, 16.36250000170697660 ) ) ;
#3573 = CARTESIAN_POINT ( 'NONE',  ( 7.488560278101077592E-16, -4.076582343749999282, 14.56562500170697660 ) ) ;
#3574 = CARTESIAN_POINT ( 'NONE',  ( 2.070456050009523263, -2.705595358837931119, 22.74326126926565550 ) ) ;
#3575 = CYLINDRICAL_SURFACE ( 'NONE', #2764, 3.399999999999999911 ) ;
#3576 = ORIENTED_EDGE ( 'NONE', *, *, #2390, .T. ) ;
#3577 = CARTESIAN_POINT ( 'NONE',  ( -4.076582343749999282, 0.000000000000000000, 24.25312500170698016 ) ) ;
#3578 = CARTESIAN_POINT ( 'NONE',  ( -2.098932380077592974, -2.674786508172759092, 17.47940061735156903 ) ) ;
#3579 = ORIENTED_EDGE ( 'NONE', *, *, #4656, .T. ) ;
#3580 = CARTESIAN_POINT ( 'NONE',  ( -1.092310032740716697, 3.303033433655471196, 14.90590611183961300 ) ) ;
#3581 = CARTESIAN_POINT ( 'NONE',  ( -3.388494415170331564, -0.2800588235107406287, 19.81579920831903152 ) ) ;
#3582 = CARTESIAN_POINT ( 'NONE',  ( -1.688575694911948810, 4.076582343749999282, 25.42500000170698016 ) ) ;
#3583 = CARTESIAN_POINT ( 'NONE',  ( -1.408326112068523983, -3.399999999999999467, 19.09687500341396671 ) ) ;
#3584 = CARTESIAN_POINT ( 'NONE',  ( 2.404163056034261281, 2.404163056034261725, 17.14375000341397026 ) ) ;
#3585 = CARTESIAN_POINT ( 'NONE',  ( 1.169554793150641148, -3.192518690777529144, 16.43214692428711743 ) ) ;
#3586 = CARTESIAN_POINT ( 'NONE',  ( -0.1200024855939148538, 3.397900683868816163, 15.74420061474560129 ) ) ;
#3587 = CARTESIAN_POINT ( 'NONE',  ( -4.076582343749998394, -1.688575694911951253, 18.08125000170703700 ) ) ;
#3588 = CARTESIAN_POINT ( 'NONE',  ( -3.400000000000000355, 1.408326112068523095, 26.28437500341396671 ) ) ;
#3589 = CARTESIAN_POINT ( 'NONE',  ( 3.181302959130063446, 1.200567726337461671, 17.99659733118006955 ) ) ;
#3590 = DIRECTION ( 'NONE',  ( -1.000000000000000000, 0.000000000000000000, 0.000000000000000000 ) ) ;
#3591 = CARTESIAN_POINT ( 'NONE',  ( -2.915104576224054167, -1.751069569431020545, 24.90828666768041799 ) ) ;
#3592 = CARTESIAN_POINT ( 'NONE',  ( -1.358354270044013434, 3.118309330534972723, 20.81932891596483870 ) ) ;
#3593 = CARTESIAN_POINT ( 'NONE',  ( -0.1368967821689537623, 3.397302750773100399, 23.24515733948899410 ) ) ;
#3594 = CARTESIAN_POINT ( 'NONE',  ( 4.076582343750000170, -1.688575694911947922, 16.20625000170697660 ) ) ;
#3595 = CARTESIAN_POINT ( 'NONE',  ( 4.076582343749999282, 1.688575694911949254, 16.20625000170697660 ) ) ;
#3596 = CARTESIAN_POINT ( 'NONE',  ( -2.115443206720823976, -2.661747625803003281, 22.47818506812564365 ) ) ;
#3597 = CARTESIAN_POINT ( 'NONE',  ( 2.404163056034261281, 2.404163056034261725, 22.14375000341396671 ) ) ;
#3598 = ORIENTED_EDGE ( 'NONE', *, *, #31, .T. ) ;
#3599 = ADVANCED_FACE ( 'NONE', ( #4455 ), #2972, .F. ) ;
#3600 = CARTESIAN_POINT ( 'NONE',  ( -4.076582343749998394, -1.688575694911951253, 20.58125000170698016 ) ) ;
#3601 = CARTESIAN_POINT ( 'NONE',  ( -2.998134723985411920, -1.603666829199627442, 17.39819653354776108 ) ) ;
#3602 = CARTESIAN_POINT ( 'NONE',  ( 3.037150093593390832, 1.851522426331672744, 25.44879420441573359 ) ) ;
#3603 = VERTEX_POINT ( 'NONE', #1916 ) ;
#3604 = CARTESIAN_POINT ( 'NONE',  ( -15.00000000000000178, -11.94710017308052308, 25.22871376369499075 ) ) ;
#3605 = CARTESIAN_POINT ( 'NONE',  ( -3.400000000000000355, 1.408326112068523095, 18.47187499999998295 ) ) ;
#3606 = CYLINDRICAL_SURFACE ( 'NONE', #1071, 3.399999999999999911 ) ;
#3607 = CARTESIAN_POINT ( 'NONE',  ( -3.399999999999999911, 0.000000000000000000, 22.29999999999998295 ) ) ;
#3608 = CARTESIAN_POINT ( 'NONE',  ( -3.378395631740620964, -0.4418809818933454592, 23.57507791124047714 ) ) ;
#3609 = CARTESIAN_POINT ( 'NONE',  ( 2.363170236610211639, -2.444597553012579194, 16.51555122301429890 ) ) ;
#3610 = CARTESIAN_POINT ( 'NONE',  ( 0.3486040729180876485, 3.382931792395153625, 15.71764366703625981 ) ) ;
#3611 = EDGE_CURVE ( 'NONE', #2981, #2226, #4117, .T. ) ;
#3612 = CARTESIAN_POINT ( 'NONE',  ( 7.488560278101077592E-16, -4.076582343749999282, 19.56562500170704055 ) ) ;
#3613 = CARTESIAN_POINT ( 'NONE',  ( 4.076582343749999282, 1.688575694911949254, 17.45625000170698016 ) ) ;
#3614 = AXIS2_PLACEMENT_3D ( 'NONE', #56, #3303, #3372 ) ;
#3615 = CARTESIAN_POINT ( 'NONE',  ( 3.245322802572749854, 1.013864658537424246, 17.98479691073537268 ) ) ;
#3616 = B_SPLINE_CURVE_WITH_KNOTS ( 'NONE', 3,
 ( #3876, #3831, #859, #101, #1601, #2335, #539, #1650, #3417, #175, #2014, #1243, #2767, #490, #4515, #4539, #2743, #565, #1990, #3115, #3783, #3808, #465, #1965, #3136, #2040, #4161, #514, #3443, #3466, #150, #3088, #1940, #4186, #3513, #882, #197, #1217, #2361, #2313, #1627, #123, #4562, #4208, #906, #1672, #3062, #2692, #2386, #1265, #3854, #4586, #1289, #3159, #4237, #933, #2412, #1577, #4613, #1316, #2794, #834, #2485, #1775, #4359, #2135, #3900, #663, #611, #2842, #2896, #1747, #4736, #2870, #2164, #1051, #4311, #585, #2062, #3278, #2530, #3254, #1415, #1337, #1437, #3540, #1721, #637, #2436, #4263, #323, #1389, #223, #4635, #1795, #1697, #4687, #957, #3182, #3230, #4337, #2817, #4285, #3999, #978, #692, #3643, #2460, #2085, #1359, #4661, #248, #3922, #1006, #3565, #3205, #3947, #2110, #3589, #274, #1029, #2509, #3973, #3615, #300, #4713, #346, #2212, #716, #1459, #4380 ),
 .UNSPECIFIED., .F., .F.,
 ( 4, 2, 1, 2, 2, 1, 1, 2, 2, 2, 2, 2, 2, 1, 2, 2, 2, 2, 2, 2, 2, 2, 2, 2, 2, 2, 2, 2, 1, 1, 2, 2, 2, 2, 2, 2, 2, 1, 1, 2, 2, 2, 2, 2, 1, 2, 2, 2, 1, 2, 2, 2, 2, 2, 2, 2, 2, 2, 1, 2, 2, 2, 2, 2, 2, 2, 1, 2, 2, 1, 2, 4 ),
 ( 0.6541783262482202543, 0.6560709169587968237, 0.6561892038782078940, 0.6562483473379133736, 0.6562779190677661134, 0.6563074907976188532, 0.6565440646364409938, 0.6570172123140852749, 0.6579635076693738371, 0.6617486890905279751, 0.6636412798011049885, 0.6638778536399271291, 0.6641144274787492696, 0.6645875751563935507, 0.6655338705116820019, 0.6693190519328360288, 0.6712116426434130423, 0.6716847903210573234, 0.6719213641598794640, 0.6721579379987016045, 0.6731042333539900557, 0.6749968240645670692, 0.6754699717422112393, 0.6757065455810333798, 0.6759431194198555204, 0.6768894147751440826, 0.6787820054857209850, 0.6792551531633652662, 0.6794917270021874067, 0.6796100139215984770, 0.6796691573813040677, 0.6797283008410095473, 0.6806745961962981095, 0.6825671869068753450, 0.6835134822621640183, 0.6835726257218694979, 0.6836317691815750885, 0.6837500561009861588, 0.6839866299398082994, 0.6844597776174525805, 0.6863523683280297050, 0.6872986636833182672, 0.6874169506027293375, 0.6875352375221404078, 0.6877718113609625483, 0.6882449590386068294, 0.6920301404597610784, 0.6939227311703382028, 0.6948690265256267651, 0.6951056003644489056, 0.6953421742032710462, 0.6958153218809154383, 0.6977079125914925628, 0.6986542079467811250, 0.6991273556244254062, 0.6996005033020696873, 0.7014930940126469228, 0.7024393893679354850, 0.7029125370455797661, 0.7030308239649908364, 0.7031491108844019067, 0.7033856847232240472, 0.7052782754338010607, 0.7071708661443780741, 0.7081171614996666364, 0.7085903091773109175, 0.7088268830161329470, 0.7088860264758385377, 0.7089451699355440173, 0.7090634568549550876, 0.7109560475655321010, 0.7147412289866862389 ),
 .UNSPECIFIED. ) ;
#3617 = CARTESIAN_POINT ( 'NONE',  ( -2.580262626153690952, 2.214153751193565611, 22.15834342924713596 ) ) ;
#3618 = CIRCLE ( 'NONE', #4682, 3.399999999999999911 ) ;
#3619 = CIRCLE ( 'NONE', #2229, 17.84486372867090864 ) ;
#3620 = CARTESIAN_POINT ( 'NONE',  ( -2.630228154600048107, 2.155306156073789836, 19.66278161581119832 ) ) ;
#3621 = CARTESIAN_POINT ( 'NONE',  ( 3.349878286161851015, 0.5823680440592684526, 20.45836856944572091 ) ) ;
#3622 = CARTESIAN_POINT ( 'NONE',  ( -0.2574525274291865617, 3.390643292258216146, 23.25199930991089659 ) ) ;
#3623 = CARTESIAN_POINT ( 'NONE',  ( -1.688575694911949698, -4.076582343749998394, 15.89375000170698016 ) ) ;
#3624 = CARTESIAN_POINT ( 'NONE',  ( -1.688575694911948810, 4.076582343749999282, 14.01875000170697660 ) ) ;
#3625 = CARTESIAN_POINT ( 'NONE',  ( -2.499070177539630233, -2.306488265049053243, 22.44844592179308762 ) ) ;
#3626 = CARTESIAN_POINT ( 'NONE',  ( 14.99999999999999289, -13.07707918458858742, 22.80000000000000071 ) ) ;
#3627 = AXIS2_PLACEMENT_3D ( 'NONE', #3374, #3651, #1488 ) ;
#3628 = ORIENTED_EDGE ( 'NONE', *, *, #1095, .T. ) ;
#3629 = AXIS2_PLACEMENT_3D ( 'NONE', #658, #216, #2429 ) ;
#3630 =( BOUNDED_SURFACE ( )  B_SPLINE_SURFACE ( 1, 2, ( 
 ( #4474, #2971, #1846, #1143, #3736, #720, #2647, #1869, #3302, #2216, #2267, #1119, #812, #2246, #1529, #418, #3692, #4739, #3281, #3647, #3370, #2556, #1440, #4384, #327, #2925, #1076, #1462, #375, #4046, #4408, #4025, #3327, #2191, #3667, #349, #2578, #13, #1821, #2601, #2626, #4096, #1484, #4429, #4071, #3718, #3348, #1505, #2995, #4454, #788, #4493, #78, #2668, #3113, #1191, #1215, #4185, #2013, #3442, #4538, #440, #2334, #3087, #4207, #4134, #3853, #487, #4159, #173, #1914, #4561, #1649, #3135, #3395, #2289, #881, #3060, #1241, #2718, #122, #833, #1264, #3782, #4514, #2360, #3830, #4585, #2310, #463, #513, #1600, #1989, #1939, #2691, #538, #3416, #1964, #99, #1552, #3040, #905, #1576, #858, #3465, #149, #3807, #3490, #1626, #2742, #2385, #1288, #2766, #4236, #3758, #1670, #247, #4335, #1720, #3613, #299, #3158, #956, #3253, #3227, #2868, #2793, #2895, #564, #3180, #2084, #3875, #932, #1773, #2841, #2435, #2109, #3539, #4711, #1358, #1413, #2038, #3204, #4659, #2061, #2411, #1387, #4309, #4612, #222, #3512, #4261, #196, #1315, #3898, #2133, #1745, #584, #1696, #4634, #1335, #1004, #2816, #3921, #4284, #3946, #2484, #635, #977 ),
 ( #2459, #3588, #4685, #610, #272, #3564, #1028, #2508, #3971, #662, #1886, #3365, #3276, #344, #690, #3343, #2989, #1816, #2162, #322, #4404, #739, #4734, #1478, #4066, #2239, #3713, #4446, #1136, #2620, #3998, #4310, #1005, #636, #474, #4503, #1152, #1180, #3125, #3074, #1615, #3429, #4174, #2323, #4526, #3796, #3526, #4600, #477, #3453, #3820, #3100, #1279, #1952, #3840, #4549, #551, #920, #2400, #1587, #1254, #1301, #2349, #2705, #2731, #502, #2026, #2780, #4197, #4249, #894, #2003, #162, #4622, #3479, #4574, #944, #210, #2424, #3887, #1325, #848, #2319, #3449, #3743, #3096, #4501, #3404, #4193, #1150, #2345, #889, #2370, #4461, #1513, #3424, #2297, #3792, #472, #2676, #425, #498, #3029, #3767, #109, #1584, #3837, #1899, #3380, #3069, #4142, #4522, #4482, #451, #4546, #63, #1200, #1539, #2634, #4102, #130, #1178, #796, #1946, #1226, #1561, #1251, #2700, #4169, #866, #2273, #2656, #4124, #3815, #819, #843, #1611, #523, #1973, #2727, #1999, #3475, #1925, #3002, #3048, #1680, #1297, #2850, #2492, #158, #2396, #2750, #547, #987, #4245, #3883, #3212, #3189, #2776, #3548, #1274, #2442, #4216, #915, #2118, #4319, #2047, #644, #1366 ) ),
 .UNSPECIFIED., .F., .F., .F. ) 
 B_SPLINE_SURFACE_WITH_KNOTS ( ( 2, 2 ),
 ( 3, 2, 2, 2, 2, 2, 2, 2, 2, 2, 2, 2, 2, 2, 2, 2, 2, 2, 2, 2, 2, 2, 2, 2, 2, 2, 2, 2, 2, 2, 2, 2, 2, 2, 2, 2, 2, 2, 2, 2, 2, 2, 2, 2, 2, 2, 2, 2, 2, 2, 2, 2, 2, 2, 2, 2, 2, 2, 2, 2, 2, 2, 2, 2, 2, 2, 2, 2, 2, 2, 2, 2, 2, 2, 2, 2, 2, 2, 2, 2, 2, 2, 2, 2, 3 ),
 ( 0.000000000000000000, 1.000000000000000000 ),
 ( 0.000000000000000000, 0.01136363636363636395, 0.02272727272727272790, 0.03409090909090908839, 0.04545454545454545581, 0.05681818181818181629, 0.06818181818181817677, 0.07954545454545454419, 0.09090909090909091161, 0.1022727272727272790, 0.1136363636363636326, 0.1250000000000000000, 0.1363636363636363535, 0.1477272727272727348, 0.1590909090909090884, 0.1704545454545454419, 0.1818181818181818232, 0.1931818181818181768, 0.2045454545454545581, 0.2159090909090909116, 0.2272727272727272652, 0.2386363636363636465, 0.2500000000000000000, 0.2613636363636363535, 0.2727272727272727071, 0.2840909090909091161, 0.2954545454545454697, 0.3068181818181818232, 0.3181818181818181768, 0.3295454545454545303, 0.3409090909090908839, 0.3522727272727272929, 0.3636363636363636465, 0.3750000000000000000, 0.3863636363636363535, 0.3977272727272727071, 0.4090909090909091161, 0.4204545454545454697, 0.4318181818181818232, 0.4431818181818181768, 0.4545454545454545303, 0.4659090909090908839, 0.4772727272727272929, 0.4886363636363636465, 0.5000000000000000000, 0.5113636363636363535, 0.5227272727272727071, 0.5340909090909090606, 0.5454545454545454142, 0.5568181818181817677, 0.5681818181818182323, 0.5795454545454545858, 0.5909090909090909394, 0.6022727272727272929, 0.6136363636363636465, 0.6250000000000000000, 0.6363636363636363535, 0.6477272727272727071, 0.6590909090909090606, 0.6704545454545454142, 0.6818181818181817677, 0.6931818181818182323, 0.7045454545454545858, 0.7159090909090909394, 0.7272727272727272929, 0.7386363636363636465, 0.7500000000000000000, 0.7613636363636363535, 0.7727272727272727071, 0.7840909090909090606, 0.7954545454545454142, 0.8068181818181817677, 0.8181818181818182323, 0.8295454545454545858, 0.8409090909090909394, 0.8522727272727272929, 0.8636363636363636465, 0.8750000000000000000, 0.8863636363636363535, 0.8977272727272727071, 0.9090909090909090606, 0.9204545454545454142, 0.9318181818181817677, 0.9431818181818182323, 0.9454829148223623525 ),
 .UNSPECIFIED. ) 
 GEOMETRIC_REPRESENTATION_ITEM ( )  RATIONAL_B_SPLINE_SURFACE ( (
 ( 1.000000000000000000, 0.9238795325112867385, 1.000000000000000000, 0.9238795325112867385, 1.000000000000000000, 0.9238795325112867385, 1.000000000000000000, 0.9238795325112867385, 1.000000000000000000, 0.9238795325112867385, 1.000000000000000000, 0.9238795325112867385, 1.000000000000000000, 0.9238795325112867385, 1.000000000000000000, 0.9238795325112867385, 1.000000000000000000, 0.9238795325112867385, 1.000000000000000000, 0.9238795325112867385, 1.000000000000000000, 0.9238795325112867385, 1.000000000000000000, 0.9238795325112867385, 1.000000000000000000, 0.9238795325112867385, 1.000000000000000000, 0.9238795325112867385, 1.000000000000000000, 0.9238795325112867385, 1.000000000000000000, 0.9238795325112867385, 1.000000000000000000, 0.9238795325112867385, 1.000000000000000000, 0.9238795325112867385, 1.000000000000000000, 0.9238795325112867385, 1.000000000000000000, 0.9238795325112867385, 1.000000000000000000, 0.9238795325112867385, 1.000000000000000000, 0.9238795325112867385, 1.000000000000000000, 0.9238795325112867385, 1.000000000000000000, 0.9238795325112867385, 1.000000000000000000, 0.9238795325112867385, 1.000000000000000000, 0.9238795325112867385, 1.000000000000000000, 0.9238795325112867385, 1.000000000000000000, 0.9238795325112867385, 1.000000000000000000, 0.9238795325112867385, 1.000000000000000000, 0.9238795325112867385, 1.000000000000000000, 0.9238795325112867385, 1.000000000000000000, 0.9238795325112867385, 1.000000000000000000, 0.9238795325112867385, 1.000000000000000000, 0.9238795325112867385, 1.000000000000000000, 0.9238795325112867385, 1.000000000000000000, 0.9238795325112867385, 1.000000000000000000, 0.9238795325112867385, 1.000000000000000000, 0.9238795325112867385, 1.000000000000000000, 0.9238795325112867385, 1.000000000000000000, 0.9238795325112867385, 1.000000000000000000, 0.9238795325112867385, 1.000000000000000000, 0.9238795325112867385, 1.000000000000000000, 0.9238795325112867385, 1.000000000000000000, 0.9238795325112867385, 1.000000000000000000, 0.9238795325112867385, 1.000000000000000000, 0.9238795325112867385, 1.000000000000000000, 0.9238795325112867385, 1.000000000000000000, 0.9238795325112867385, 1.000000000000000000, 0.9238795325112867385, 1.000000000000000000, 0.9238795325112867385, 1.000000000000000000, 0.9238795325112867385, 1.000000000000000000, 0.9238795325112867385, 1.000000000000000000, 0.9238795325112867385, 1.000000000000000000, 0.9238795325112867385, 1.000000000000000000, 0.9238795325112867385, 1.000000000000000000, 0.9238795325112867385, 1.000000000000000000, 0.9238795325112867385, 1.000000000000000000, 0.9238795325112867385, 1.000000000000000000, 0.9238795325112867385, 1.000000000000000000, 0.9238795325112867385, 1.000000000000000000, 0.9238795325112867385, 1.000000000000000000, 0.9238795325112867385, 1.000000000000000000, 0.9238795325112867385, 1.000000000000000000, 0.9238795325112867385, 1.000000000000000000, 0.9238795325112867385, 1.000000000000000000, 0.9238795325112867385, 1.000000000000000000, 0.9238795325112867385, 1.000000000000000000, 0.9238795325112867385, 1.000000000000000000, 0.9238795325112867385, 1.000000000000000000, 0.9238795325112867385, 1.000000000000000000, 0.9238795325112867385, 1.000000000000000000, 0.9238795325112867385, 1.000000000000000000, 0.9238795325112867385, 1.000000000000000000, 0.9238795325112867385, 1.000000000000000000, 0.9238795325112867385, 1.000000000000000000, 0.9238795325112867385, 1.000000000000000000, 0.9238795325112867385, 1.000000000000000000, 0.9238795325112867385, 1.000000000000000000, 0.9238795325112867385, 1.000000000000000000, 0.9238795325112867385, 1.000000000000000000, 0.9238795325112867385, 1.000000000000000000, 0.9238795325112867385, 1.000000000000000000, 0.9238795325112867385, 1.000000000000000000, 0.9845858714226864983, 0.9754143571549390712),
 ( 1.000000000000000000, 0.9238795325112867385, 1.000000000000000000, 0.9238795325112867385, 1.000000000000000000, 0.9238795325112867385, 1.000000000000000000, 0.9238795325112867385, 1.000000000000000000, 0.9238795325112867385, 1.000000000000000000, 0.9238795325112867385, 1.000000000000000000, 0.9238795325112867385, 1.000000000000000000, 0.9238795325112867385, 1.000000000000000000, 0.9238795325112867385, 1.000000000000000000, 0.9238795325112867385, 1.000000000000000000, 0.9238795325112867385, 1.000000000000000000, 0.9238795325112867385, 1.000000000000000000, 0.9238795325112867385, 1.000000000000000000, 0.9238795325112867385, 1.000000000000000000, 0.9238795325112867385, 1.000000000000000000, 0.9238795325112867385, 1.000000000000000000, 0.9238795325112867385, 1.000000000000000000, 0.9238795325112867385, 1.000000000000000000, 0.9238795325112867385, 1.000000000000000000, 0.9238795325112867385, 1.000000000000000000, 0.9238795325112867385, 1.000000000000000000, 0.9238795325112867385, 1.000000000000000000, 0.9238795325112867385, 1.000000000000000000, 0.9238795325112867385, 1.000000000000000000, 0.9238795325112867385, 1.000000000000000000, 0.9238795325112867385, 1.000000000000000000, 0.9238795325112867385, 1.000000000000000000, 0.9238795325112867385, 1.000000000000000000, 0.9238795325112867385, 1.000000000000000000, 0.9238795325112867385, 1.000000000000000000, 0.9238795325112867385, 1.000000000000000000, 0.9238795325112867385, 1.000000000000000000, 0.9238795325112867385, 1.000000000000000000, 0.9238795325112867385, 1.000000000000000000, 0.9238795325112867385, 1.000000000000000000, 0.9238795325112867385, 1.000000000000000000, 0.9238795325112867385, 1.000000000000000000, 0.9238795325112867385, 1.000000000000000000, 0.9238795325112867385, 1.000000000000000000, 0.9238795325112867385, 1.000000000000000000, 0.9238795325112867385, 1.000000000000000000, 0.9238795325112867385, 1.000000000000000000, 0.9238795325112867385, 1.000000000000000000, 0.9238795325112867385, 1.000000000000000000, 0.9238795325112867385, 1.000000000000000000, 0.9238795325112867385, 1.000000000000000000, 0.9238795325112867385, 1.000000000000000000, 0.9238795325112867385, 1.000000000000000000, 0.9238795325112867385, 1.000000000000000000, 0.9238795325112867385, 1.000000000000000000, 0.9238795325112867385, 1.000000000000000000, 0.9238795325112867385, 1.000000000000000000, 0.9238795325112867385, 1.000000000000000000, 0.9238795325112867385, 1.000000000000000000, 0.9238795325112867385, 1.000000000000000000, 0.9238795325112867385, 1.000000000000000000, 0.9238795325112867385, 1.000000000000000000, 0.9238795325112867385, 1.000000000000000000, 0.9238795325112867385, 1.000000000000000000, 0.9238795325112867385, 1.000000000000000000, 0.9238795325112867385, 1.000000000000000000, 0.9238795325112867385, 1.000000000000000000, 0.9238795325112867385, 1.000000000000000000, 0.9238795325112867385, 1.000000000000000000, 0.9238795325112867385, 1.000000000000000000, 0.9238795325112867385, 1.000000000000000000, 0.9238795325112867385, 1.000000000000000000, 0.9238795325112867385, 1.000000000000000000, 0.9238795325112867385, 1.000000000000000000, 0.9238795325112867385, 1.000000000000000000, 0.9238795325112867385, 1.000000000000000000, 0.9238795325112867385, 1.000000000000000000, 0.9238795325112867385, 1.000000000000000000, 0.9238795325112867385, 1.000000000000000000, 0.9238795325112867385, 1.000000000000000000, 0.9238795325112867385, 1.000000000000000000, 0.9238795325112867385, 1.000000000000000000, 0.9238795325112867385, 1.000000000000000000, 0.9238795325112867385, 1.000000000000000000, 0.9238795325112867385, 1.000000000000000000, 0.9238795325112867385, 1.000000000000000000, 0.9238795325112867385, 1.000000000000000000, 0.9238795325112867385, 1.000000000000000000, 0.9845858714226864983, 0.9754143571549390712) ) ) 
 REPRESENTATION_ITEM ( '' )  SURFACE ( )  );
#3631 = CARTESIAN_POINT ( 'NONE',  ( -2.882579019330973935, 2.882579019330973935, 20.34687500170697660 ) ) ;
#3632 = CARTESIAN_POINT ( 'NONE',  ( -2.925227727626426244, -1.733392804044990188, 17.40707009649369752 ) ) ;
#3633 = CARTESIAN_POINT ( 'NONE',  ( -4.076582343749975301, 1.688575694911938596, 23.08125000170699792 ) ) ;
#3634 = ORIENTED_EDGE ( 'NONE', *, *, #1392, .T. ) ;
#3635 = CARTESIAN_POINT ( 'NONE',  ( -2.081899558550500280E-16, 3.399999999999999911, 16.98749999999998295 ) ) ;
#3636 = CARTESIAN_POINT ( 'NONE',  ( 1.688575694911950809, -4.076582343749998394, 24.80000000170698016 ) ) ;
#3637 = CARTESIAN_POINT ( 'NONE',  ( 0.000000000000000000, 0.000000000000000000, 25.29999999999998650 ) ) ;
#3638 = CARTESIAN_POINT ( 'NONE',  ( -2.404163056034261725, 2.404163056034261725, 22.14374999999998295 ) ) ;
#3639 = CARTESIAN_POINT ( 'NONE',  ( -1.962901417946796956, -2.776653659847593936, 16.23929319989384368 ) ) ;
#3640 = CARTESIAN_POINT ( 'NONE',  ( -3.180774612197891926, 1.210996675175723292, 15.97760787578091701 ) ) ;
#3641 = CARTESIAN_POINT ( 'NONE',  ( -4.076582343749999282, 1.688575694911948588, 16.67500000170704411 ) ) ;
#3642 = CARTESIAN_POINT ( 'NONE',  ( 2.698836992792736034, -2.079870739776467747, 24.04381709852719951 ) ) ;
#3643 = CARTESIAN_POINT ( 'NONE',  ( 2.769131007772276387, 1.972980425226565027, 18.04894220744351685 ) ) ;
#3644 = ADVANCED_FACE ( 'NONE', ( #2602 ), #1292, .T. ) ;
#3645 = CARTESIAN_POINT ( 'NONE',  ( -2.557018805161647368, 2.240941384392572289, 19.65631608805003339 ) ) ;
#3646 = CARTESIAN_POINT ( 'NONE',  ( -15.00000000000000355, 12.94814196928235717, 23.33529796495892228 ) ) ;
#3647 = CARTESIAN_POINT ( 'NONE',  ( -1.688575694911948810, 4.076582343749999282, 25.26875000170697660 ) ) ;
#3648 = CARTESIAN_POINT ( 'NONE',  ( 4.076582343749999282, 1.688575694911949254, 15.11250000170697838 ) ) ;
#3649 = CARTESIAN_POINT ( 'NONE',  ( 0.000000000000000000, 0.000000000000000000, 0.000000000000000000 ) ) ;
#3650 = CARTESIAN_POINT ( 'NONE',  ( -2.960236169219347957, -1.672892174552264244, 22.40290674746108479 ) ) ;
#3651 = DIRECTION ( 'NONE',  ( 0.000000000000000000, 0.000000000000000000, -1.000000000000000000 ) ) ;
#3652 = VERTEX_POINT ( 'NONE', #2997 ) ;
#3653 = CARTESIAN_POINT ( 'NONE',  ( 1.688575694911948366, 4.076582343749999282, 21.36250000170698371 ) ) ;
#3654 = CARTESIAN_POINT ( 'NONE',  ( -3.346791361252182462, -0.6155767231814913698, 17.33558937469273431 ) ) ;
#3655 = VERTEX_POINT ( 'NONE', #4764 ) ;
#3656 = PRODUCT_CONTEXT ( 'NONE', #2107, 'mechanical' ) ;
#3657 = CARTESIAN_POINT ( 'NONE',  ( 2.404163056034261725, -2.404163056034261281, 20.26874999999998295 ) ) ;
#3658 = CARTESIAN_POINT ( 'NONE',  ( -2.496186759367026028E-16, 4.076582343749999282, 21.59687500170697660 ) ) ;
#3659 = CARTESIAN_POINT ( 'NONE',  ( 3.285780678744925520, -0.8756705234338455490, 17.87383173586934149 ) ) ;
#3660 = CARTESIAN_POINT ( 'NONE',  ( -2.583390909528401114, -2.210450651464408001, 16.19138509165394879 ) ) ;
#3661 = CYLINDRICAL_SURFACE ( 'NONE', #4150, 3.399999999999999911 ) ;
#3662 = CARTESIAN_POINT ( 'NONE',  ( 4.076582343749999282, 1.688575694911949254, 16.20625000170704411 ) ) ;
#3663 = CARTESIAN_POINT ( 'NONE',  ( -4.924999999999999822, 0.000000000000000000, 13.98000000000000043 ) ) ;
#3664 = CARTESIAN_POINT ( 'NONE',  ( -3.360873377522945571, 0.5167090494236599163, 24.77051479384157062 ) ) ;
#3665 = CARTESIAN_POINT ( 'NONE',  ( -3.364427736214024467, -0.5009902086081539085, 24.82873735127489923 ) ) ;
#3666 = FACE_OUTER_BOUND ( 'NONE', #553, .T. ) ;
#3667 = CARTESIAN_POINT ( 'NONE',  ( -2.882579019330973935, 2.882579019330973935, 24.09687500170698016 ) ) ;
#3668 = CARTESIAN_POINT ( 'NONE',  ( 4.076582343750000170, -1.688575694911947922, 14.95625000170698016 ) ) ;
#3669 = CARTESIAN_POINT ( 'NONE',  ( 1.688575694911948366, 4.076582343749999282, 16.36250000170697660 ) ) ;
#3670 = CARTESIAN_POINT ( 'NONE',  ( -0.05370252167762847723, -3.400016973889952610, 22.60918290061281866 ) ) ;
#3671 = CARTESIAN_POINT ( 'NONE',  ( 2.953265579523790763, -2.810114948213704444, 25.97658234374997832 ) ) ;
#3672 = VERTEX_POINT ( 'NONE', #1192 ) ;
#3673 = EDGE_CURVE ( 'NONE', #2494, #160, #3349, .T. ) ;
#3674 = CARTESIAN_POINT ( 'NONE',  ( 1.049995464572274440, 3.234233613173454813, 16.92541928112471084 ) ) ;
#3675 = CARTESIAN_POINT ( 'NONE',  ( -2.496186759367026028E-16, 4.076582343749999282, 18.94062500170697660 ) ) ;
#3676 = FACE_OUTER_BOUND ( 'NONE', #3983, .T. ) ;
#3677 = CARTESIAN_POINT ( 'NONE',  ( -2.882579019330956616, 2.882579019330956616, 24.25312500170699082 ) ) ;
#3678 = VERTEX_POINT ( 'NONE', #4072 ) ;
#3679 = DIRECTION ( 'NONE',  ( 1.000000000000000000, 0.000000000000000000, 0.000000000000000000 ) ) ;
#3680 = CARTESIAN_POINT ( 'NONE',  ( -2.081899558550500280E-16, 3.399999999999999911, 18.23749999999998295 ) ) ;
#3681 = CARTESIAN_POINT ( 'NONE',  ( 4.076582343749999282, 1.688575694911949254, 25.11250000170698016 ) ) ;
#3682 = CARTESIAN_POINT ( 'NONE',  ( 2.326652831523181586, -2.479258604815048450, 17.76272468350836675 ) ) ;
#3683 = CARTESIAN_POINT ( 'NONE',  ( -3.232154557148338991, -1.055444396720842892, 16.11240417071424247 ) ) ;
#3684 = CARTESIAN_POINT ( 'NONE',  ( 2.220937448020807725, 2.575226724978338932, 15.59531065393306903 ) ) ;
#3685 = CARTESIAN_POINT ( 'NONE',  ( -2.882579019330973047, -2.882579019330974379, 15.65937500170704055 ) ) ;
#3686 = CARTESIAN_POINT ( 'NONE',  ( 4.076582343749975301, 1.688575694911939040, 20.11250000170699437 ) ) ;
#3687 = CARTESIAN_POINT ( 'NONE',  ( 3.096156893791209175, -1.405210110294470960, 24.09006773731458040 ) ) ;
#3688 = CARTESIAN_POINT ( 'NONE',  ( -2.549997166283552552, 2.248894368303833602, 24.65571436078393219 ) ) ;
#3689 = CARTESIAN_POINT ( 'NONE',  ( -1.596445923226758046, 3.002177386491715172, 19.58520380414187656 ) ) ;
#3690 = CARTESIAN_POINT ( 'NONE',  ( 2.703985006340530628, 2.061820785739962858, 20.55534773704241402 ) ) ;
#3691 = LINE ( 'NONE', #3441, #3012 ) ;
#3692 = CARTESIAN_POINT ( 'NONE',  ( -4.076582343749999282, 0.000000000000000000, 25.50312500170697660 ) ) ;
#3693 = CARTESIAN_POINT ( 'NONE',  ( 4.080209110119979776, 1.319547311511409360, 13.84535673340329076 ) ) ;
#3694 = CARTESIAN_POINT ( 'NONE',  ( 2.367091176407527975, -2.444957477787702338, 20.26549910807885269 ) ) ;
#3695 = CARTESIAN_POINT ( 'NONE',  ( -0.6329442184311380171, -3.341229280217828279, 22.57607159411852393 ) ) ;
#3696 = CARTESIAN_POINT ( 'NONE',  ( 0.1012227821306089792, -4.075325453721699631, 25.97658234374998543 ) ) ;
#3697 = AXIS2_PLACEMENT_3D ( 'NONE', #3529, #3890, #213 ) ;
#3698 = CARTESIAN_POINT ( 'NONE',  ( -3.204632466224893506, -1.137683773006533672, 18.61758414918947580 ) ) ;
#3699 = CARTESIAN_POINT ( 'NONE',  ( 2.354916425126456492, 2.452435614996403501, 16.83509093120573397 ) ) ;
#3700 = CARTESIAN_POINT ( 'NONE',  ( -2.496186759367026028E-16, 4.076582343749999282, 22.69062500170697660 ) ) ;
#3701 = CARTESIAN_POINT ( 'NONE',  ( 14.99999999999999822, 13.07707918458857854, 20.00000000000000000 ) ) ;
#3702 = CIRCLE ( 'NONE', #2235, 3.399999999999999911 ) ;
#3703 = CARTESIAN_POINT ( 'NONE',  ( 4.076582343749975301, 4.992373518734020502E-16, 23.78437500170699082 ) ) ;
#3704 = EDGE_LOOP ( 'NONE', ( #3268, #2701, #2728, #1926 ) ) ;
#3705 =( LENGTH_UNIT ( ) NAMED_UNIT ( * ) SI_UNIT ( .MILLI., .METRE. ) );
#3706 = CIRCLE ( 'NONE', #918, 19.89999999999999858 ) ;
#3707 = CARTESIAN_POINT ( 'NONE',  ( 4.076582343749999282, 1.688575694911949254, 22.61250000170697660 ) ) ;
#3708 = CARTESIAN_POINT ( 'NONE',  ( 2.804059057506533836, -1.922913863258963296, 17.80471071245381864 ) ) ;
#3709 = CARTESIAN_POINT ( 'NONE',  ( 3.400000000000000355, 1.408326112068523539, 23.00312499999998650 ) ) ;
#3710 = CARTESIAN_POINT ( 'NONE',  ( -0.9364323091838119284, -3.282071854686917867, 16.30768394231787255 ) ) ;
#3711 = CARTESIAN_POINT ( 'NONE',  ( 0.5475554273805389727, 3.355648978527483450, 15.70610689023180306 ) ) ;
#3712 = CARTESIAN_POINT ( 'NONE',  ( 3.107561090179220997, -1.381551626474395000, 21.59171488936504346 ) ) ;
#3713 = CARTESIAN_POINT ( 'NONE',  ( 2.404163056034261725, -2.404163056034261281, 24.33125000341397026 ) ) ;
#3714 = FACE_OUTER_BOUND ( 'NONE', #1299, .T. ) ;
#3715 = CARTESIAN_POINT ( 'NONE',  ( 0.000000000000000000, 0.000000000000000000, 0.000000000000000000 ) ) ;
#3716 = CARTESIAN_POINT ( 'NONE',  ( -1.631087856446612028, 2.983446383945852265, 19.58755799983265078 ) ) ;
#3717 = CARTESIAN_POINT ( 'NONE',  ( 3.398220964994769222, 0.1183387792439973274, 20.43158821396591307 ) ) ;
#3718 = CARTESIAN_POINT ( 'NONE',  ( -1.688575694911949698, -4.076582343749998394, 23.23750000170697660 ) ) ;
#3719 = CARTESIAN_POINT ( 'NONE',  ( 1.688575694911950809, -4.076582343749998394, 14.80000000170697660 ) ) ;
#3720 = CARTESIAN_POINT ( 'NONE',  ( 0.4809048115837922244, -3.365818005640473398, 20.13996297461899943 ) ) ;
#3721 = CARTESIAN_POINT ( 'NONE',  ( 1.905936528569428967, -3.347212470017538966, 14.53532000569968474 ) ) ;
#3722 = CARTESIAN_POINT ( 'NONE',  ( 0.01090729078194915130, -3.704312431589236621, 25.59761218422817919 ) ) ;
#3723 = CARTESIAN_POINT ( 'NONE',  ( -2.404163056034260837, -2.404163056034261725, 22.76875000341396671 ) ) ;
#3724 = CARTESIAN_POINT ( 'NONE',  ( -1.408326112068523983, -3.399999999999999467, 21.59687500341397026 ) ) ;
#3725 = CARTESIAN_POINT ( 'NONE',  ( 4.076582343749975301, 4.992373518734020502E-16, 21.28437500170699437 ) ) ;
#3726 = ORIENTED_EDGE ( 'NONE', *, *, #3872, .F. ) ;
#3727 = CARTESIAN_POINT ( 'NONE',  ( 4.076582343750000170, -1.688575694911947922, 22.45625000170698016 ) ) ;
#3728 = CARTESIAN_POINT ( 'NONE',  ( 0.4871036578560302144, -3.364927353973139024, 17.64032860327937868 ) ) ;
#3729 = CARTESIAN_POINT ( 'NONE',  ( -3.247431580127322359, -1.007077360698586554, 16.10937197135136856 ) ) ;
#3730 = CARTESIAN_POINT ( 'NONE',  ( 3.398237554586320819, 0.1178106907589688696, 15.43155923680450137 ) ) ;
#3731 = ADVANCED_FACE ( 'NONE', ( #4409 ), #2579, .F. ) ;
#3732 = CARTESIAN_POINT ( 'NONE',  ( 2.788348919195396292, -1.945542334360312653, 21.55302311096535917 ) ) ;
#3733 = CARTESIAN_POINT ( 'NONE',  ( -4.076582343749999282, 0.3578786150155713885, 14.30341765624999795 ) ) ;
#3734 = CARTESIAN_POINT ( 'NONE',  ( -2.629074999394050316, 2.156836069503758946, 24.66267704606547184 ) ) ;
#3735 = CARTESIAN_POINT ( 'NONE',  ( 3.091282480528833254, 1.417061364144323043, 19.26069881950189711 ) ) ;
#3736 = CARTESIAN_POINT ( 'NONE',  ( -2.496186759367026028E-16, 4.076582343749999282, 26.44062500170697660 ) ) ;
#3737 = CARTESIAN_POINT ( 'NONE',  ( 2.882579019330974379, -2.882579019330973491, 14.87812500170697660 ) ) ;
#3738 = CARTESIAN_POINT ( 'NONE',  ( 2.564571776251450164, -2.232272171432753360, 20.28197117456335619 ) ) ;
#3739 = CARTESIAN_POINT ( 'NONE',  ( 0.000000000000000000, 0.000000000000000000, 14.98000000000000576 ) ) ;
#3740 = CARTESIAN_POINT ( 'NONE',  ( -2.030911120062497854, 2.726945158313986095, 17.11568761767333413 ) ) ;
#3741 = CARTESIAN_POINT ( 'NONE',  ( -3.400000000000000355, 9.395856087918241057E-06, 22.61249948219147043 ) ) ;
#3742 = DIRECTION ( 'NONE',  ( -0.000000000000000000, -0.000000000000000000, 1.000000000000000000 ) ) ;
#3743 = CARTESIAN_POINT ( 'NONE',  ( -2.081899558550500280E-16, 3.399999999999999911, 19.80000000341397026 ) ) ;
#3744 = ORIENTED_EDGE ( 'NONE', *, *, #1184, .F. ) ;
#3745 = EDGE_CURVE ( 'NONE', #1470, #283, #4689, .T. ) ;
#3746 = B_SPLINE_CURVE_WITH_KNOTS ( 'NONE', 3,
 ( #422, #3376, #60, #1536, #816, #3764 ),
 .UNSPECIFIED., .F., .F.,
 ( 4, 2, 4 ),
 ( 0.009762797257229890308, 0.01464539564984671492, 0.01952799404246353954 ),
 .UNSPECIFIED. ) ;
#3747 = CARTESIAN_POINT ( 'NONE',  ( 6.245698675651500839E-16, -3.399999999999999911, 15.11249999999998295 ) ) ;
#3748 = CARTESIAN_POINT ( 'NONE',  ( 4.076582343750000170, -1.688575694911947922, 18.70625000170697660 ) ) ;
#3749 = CARTESIAN_POINT ( 'NONE',  ( -0.03899012630551396824, -3.401367914929576575, 17.61040021641861841 ) ) ;
#3750 = CARTESIAN_POINT ( 'NONE',  ( 3.399999999999999911, 4.163799117101000559E-16, 20.42499999999998650 ) ) ;
#3751 = CARTESIAN_POINT ( 'NONE',  ( 3.222088443954617798, 1.091220514134234820, 15.48998339757522658 ) ) ;
#3752 = CARTESIAN_POINT ( 'NONE',  ( -2.882579019330956616, 2.882579019330956616, 16.75312500170699082 ) ) ;
#3753 = CARTESIAN_POINT ( 'NONE',  ( 2.777972216954301743, -1.960327051598964143, 21.55196057617589389 ) ) ;
#3754 = CARTESIAN_POINT ( 'NONE',  ( -1.583781588230707360, -3.008671325109585570, 23.76565035659193015 ) ) ;
#3755 = CARTESIAN_POINT ( 'NONE',  ( -0.1089326760574600983, 3.398281889032384484, 24.49358218814440491 ) ) ;
#3756 = CARTESIAN_POINT ( 'NONE',  ( -1.301894797281635707, 3.141753431867730928, 19.56567838793523961 ) ) ;
#3757 = CARTESIAN_POINT ( 'NONE',  ( 2.404163056034261281, 2.404163056034261725, 24.33124999999998650 ) ) ;
#3758 = CARTESIAN_POINT ( 'NONE',  ( -2.882579019330973935, 2.882579019330973935, 17.84687500170697660 ) ) ;
#3759 = PRODUCT_DEFINITION_CONTEXT ( 'detailed design', #2790, 'design' ) ;
#3760 = LINE ( 'NONE', #2719, #4221 ) ;
#3761 = CARTESIAN_POINT ( 'NONE',  ( 0.4819615723926545248, -3.365666847392186245, 20.14002508382596801 ) ) ;
#3762 = CARTESIAN_POINT ( 'NONE',  ( 3.400000000000000355, 1.408326112068523539, 23.31562500341396671 ) ) ;
#3763 = CARTESIAN_POINT ( 'NONE',  ( -1.792642482651948699, 2.892990527017211377, 17.09861400282338550 ) ) ;
#3764 = CARTESIAN_POINT ( 'NONE',  ( 14.99999999999999822, -9.666393406790074749, 25.98653347947320924 ) ) ;
#3765 = CARTESIAN_POINT ( 'NONE',  ( -3.399999999994193445, 4.397413762319018206E-06, 21.04991859195522963 ) ) ;
#3766 = CARTESIAN_POINT ( 'NONE',  ( -2.357560070933313767, -3.234276198093375410, 25.89360975921956864 ) ) ;
#3767 = CARTESIAN_POINT ( 'NONE',  ( 3.400000000000000355, 1.408326112068523539, 18.31562500341396671 ) ) ;
#3768 = ORIENTED_EDGE ( 'NONE', *, *, #2660, .F. ) ;
#3769 = VECTOR ( 'NONE', #4686, 1000.000000000000000 ) ;
#3770 = CARTESIAN_POINT ( 'NONE',  ( 4.055371798098970970, 0.2026470922008638542, 14.17118248070465647 ) ) ;
#3771 = CARTESIAN_POINT ( 'NONE',  ( 4.076582343749999282, 4.992373518734052056E-16, 16.28437500170698016 ) ) ;
#3772 = CARTESIAN_POINT ( 'NONE',  ( 14.99999999999999822, 13.07707918458857854, 22.49059892324149246 ) ) ;
#3773 = CARTESIAN_POINT ( 'NONE',  ( -2.583081806287308879, 2.759928940003649522, 25.67240004116082730 ) ) ;
#3774 = STYLED_ITEM ( 'NONE', ( #4667 ), #1796 ) ;
#3775 = CARTESIAN_POINT ( 'NONE',  ( 4.076582343749975301, 4.992373518734020502E-16, 17.53437500170699437 ) ) ;
#3776 = CARTESIAN_POINT ( 'NONE',  ( -2.139596143967296360, -2.642513341843883534, 21.22640297760590755 ) ) ;
#3777 =( BOUNDED_CURVE ( )  B_SPLINE_CURVE ( 2, ( #1338, #934, #3514, #1698, #3206, #1030, #2461, #249, #566 ),
 .UNSPECIFIED., .F., .F. ) 
 B_SPLINE_CURVE_WITH_KNOTS ( ( 3, 2, 2, 2, 3 ),
 ( 0.6249812446001318245, 0.6370001169041563660, 0.6490189870344234002, 0.6610378571646904344, 0.6730567000719196447 ),
 .UNSPECIFIED. ) 
 CURVE ( )  GEOMETRIC_REPRESENTATION_ITEM ( )  RATIONAL_B_SPLINE_CURVE ( ( 1.000000000000000000, 0.9238795325112867385, 1.000000000000000000, 0.9238795325112867385, 1.000000000000000000, 0.9238795325112867385, 1.000000000000000000, 0.9238795325112867385, 1.000000000000000000 ) ) 
 REPRESENTATION_ITEM ( '' )  );
#3778 = CARTESIAN_POINT ( 'NONE',  ( 0.2322408837502361045, -3.392075698103464543, 23.87556529029089347 ) ) ;
#3779 = CARTESIAN_POINT ( 'NONE',  ( 2.343830279852406218, 2.463319818092120528, 24.33595836122270839 ) ) ;
#3780 = CARTESIAN_POINT ( 'NONE',  ( 2.882579019330973491, 2.882579019330973935, 23.78437500170704411 ) ) ;
#3781 = CARTESIAN_POINT ( 'NONE',  ( 3.002383928406416658, 1.596730612162959639, 21.77265647896572887 ) ) ;
#3782 = CARTESIAN_POINT ( 'NONE',  ( -1.688575694911948810, 4.076582343749999282, 20.26875000170697660 ) ) ;
#3783 = CARTESIAN_POINT ( 'NONE',  ( -2.978022123126197851, 1.640752322049808587, 18.44928457602936689 ) ) ;
#3784 = CARTESIAN_POINT ( 'NONE',  ( -2.102415313571299738, -2.672054468360156587, 19.97914957794269597 ) ) ;
#3785 = CARTESIAN_POINT ( 'NONE',  ( 3.238802099666709733, -1.034495313089207169, 15.36390900016125194 ) ) ;
#3786 = ADVANCED_FACE ( 'NONE', ( #4047 ), #1507, .T. ) ;
#3787 = B_SPLINE_CURVE_WITH_KNOTS ( 'NONE', 3,
 ( #1252, #2677, #3450, #844 ),
 .UNSPECIFIED., .F., .F.,
 ( 4, 4 ),
 ( 0.02311807636313015571, 0.02322332560608861979 ),
 .UNSPECIFIED. ) ;
#3788 = CARTESIAN_POINT ( 'NONE',  ( -2.535328657945505881, 2.265457103725441179, 17.15445354305488834 ) ) ;
#3789 = CARTESIAN_POINT ( 'NONE',  ( -2.106701042629875786, -2.668696071360461275, 18.72882968866001718 ) ) ;
#3790 = CARTESIAN_POINT ( 'NONE',  ( 3.373410765581119186, 0.4385198168168139565, 16.70004826461379110 ) ) ;
#3791 = CARTESIAN_POINT ( 'NONE',  ( -3.125551101638558205, 1.353748708683458091, 23.46850004128409495 ) ) ;
#3792 = CARTESIAN_POINT ( 'NONE',  ( -3.400000000000000355, 1.408326112068523095, 18.78437500341397026 ) ) ;
#3793 = ORIENTED_EDGE ( 'NONE', *, *, #828, .F. ) ;
#3794 = EDGE_LOOP ( 'NONE', ( #212, #1761, #3816, #646 ) ) ;
#3795 = CARTESIAN_POINT ( 'NONE',  ( 2.882579019330973491, 2.882579019330973935, 18.94062500170697660 ) ) ;
#3796 = CARTESIAN_POINT ( 'NONE',  ( -1.408326112068523983, -3.399999999999999467, 22.84687500341396316 ) ) ;
#3797 = VERTEX_POINT ( 'NONE', #1847 ) ;
#3798 = FACE_OUTER_BOUND ( 'NONE', #409, .T. ) ;
#3799 = CARTESIAN_POINT ( 'NONE',  ( 1.688575694911940817, -4.076582343749974413, 18.55000000170699437 ) ) ;
#3800 = CARTESIAN_POINT ( 'NONE',  ( 2.025761592556448498, -2.730788901446556949, 21.49030587969952322 ) ) ;
#3801 = CARTESIAN_POINT ( 'NONE',  ( -0.001493778728157208000, -3.401313620510543423, 23.86232590131530173 ) ) ;
#3802 = CARTESIAN_POINT ( 'NONE',  ( 0.4400513023251108602, 3.378734226518522288, 24.46230626116234319 ) ) ;
#3803 = CARTESIAN_POINT ( 'NONE',  ( 2.100833217587227963, -3.219181439156066471, 14.54307989374515842 ) ) ;
#3804 = EDGE_CURVE ( 'NONE', #3797, #4012, #1530, .T. ) ;
#3805 = CARTESIAN_POINT ( 'NONE',  ( -4.076582343749999282, 0.000000000000000000, 24.25312500170704055 ) ) ;
#3806 = CARTESIAN_POINT ( 'NONE',  ( 3.397597708908635550, -0.1378820526162243543, 19.16727813118837531 ) ) ;
#3807 = CARTESIAN_POINT ( 'NONE',  ( 2.882579019330974379, -2.882579019330973491, 18.47187500170697660 ) ) ;
#3808 = CARTESIAN_POINT ( 'NONE',  ( -2.962837208332948169, 1.667868693899962285, 18.44743205210007275 ) ) ;
#3809 = CARTESIAN_POINT ( 'NONE',  ( 2.263159798676552814, -2.537345991068007400, 15.25786775694430908 ) ) ;
#3810 = CARTESIAN_POINT ( 'NONE',  ( -0.06007812722640889364, 3.399695415783710928, 16.99080943650824693 ) ) ;
#3811 = CARTESIAN_POINT ( 'NONE',  ( -1.077108078498810517, -3.225772573057852810, 25.04877828155259678 ) ) ;
#3812 = CARTESIAN_POINT ( 'NONE',  ( -3.328913641535395485, 0.7562188181474975845, 21.00605539484925188 ) ) ;
#3813 = CARTESIAN_POINT ( 'NONE',  ( 2.768130040357080546, -3.004681514147752530, 25.97658234374849329 ) ) ;
#3814 = CARTESIAN_POINT ( 'NONE',  ( 4.076582343750000170, -1.688575694911947922, 23.70625000170697660 ) ) ;
#3815 = CARTESIAN_POINT ( 'NONE',  ( 1.408326112068522873, 3.400000000000000355, 15.97187500341396671 ) ) ;
#3816 = ORIENTED_EDGE ( 'NONE', *, *, #3371, .T. ) ;
#3817 = ORIENTED_EDGE ( 'NONE', *, *, #4, .F. ) ;
#3818 = EDGE_CURVE ( 'NONE', #4623, #4171, #1997, .T. ) ;
#3819 = CARTESIAN_POINT ( 'NONE',  ( -4.076582343749999282, 1.688575694911948588, 15.58125000170698016 ) ) ;
#3820 = CARTESIAN_POINT ( 'NONE',  ( -2.404163056034261725, 2.404163056034261725, 22.45625000341396671 ) ) ;
#3821 = ORIENTED_EDGE ( 'NONE', *, *, #4722, .F. ) ;
#3822 = DIRECTION ( 'NONE',  ( -0.7071067811865441310, 0.000000000000000000, -0.7071067811865510144 ) ) ;
#3823 = CARTESIAN_POINT ( 'NONE',  ( 1.688575694911940817, -4.076582343749974413, 14.80000000170699082 ) ) ;
#3824 = CARTESIAN_POINT ( 'NONE',  ( -2.004541984311202896, -2.746661473526747610, 21.23629221809084910 ) ) ;
#3825 = CARTESIAN_POINT ( 'NONE',  ( -2.602018902129554778, -2.188494764254651503, 23.68973509517598686 ) ) ;
#3826 = CARTESIAN_POINT ( 'NONE',  ( 1.820518488114826861, 2.879590480708404954, 24.37470320874940910 ) ) ;
#3827 = CARTESIAN_POINT ( 'NONE',  ( 2.467049074154363364, -2.927951805942811792, 14.55840877805232658 ) ) ;
#3828 = CARTESIAN_POINT ( 'NONE',  ( 2.882579019330974379, -2.882579019330973491, 25.97187500170704055 ) ) ;
#3829 = CARTESIAN_POINT ( 'NONE',  ( 2.250000889777076907, -2.549329220615758729, 19.00684108645934245 ) ) ;
#3830 = CARTESIAN_POINT ( 'NONE',  ( 2.882579019330973491, 2.882579019330973935, 20.03437500170698016 ) ) ;
#3831 = CARTESIAN_POINT ( 'NONE',  ( -3.400000002884491224, 0.1094168271103924395, 18.54364614990620908 ) ) ;
#3832 = CARTESIAN_POINT ( 'NONE',  ( 0.08644678616442993957, -3.398928953789618124, 15.11731763042490329 ) ) ;
#3833 = CARTESIAN_POINT ( 'NONE',  ( 2.420223043487306658, -2.388655510800498760, 25.27006930741347546 ) ) ;
#3834 = CARTESIAN_POINT ( 'NONE',  ( -2.246427973889200569, 2.554552501605904080, 20.88110923125808682 ) ) ;
#3835 = CARTESIAN_POINT ( 'NONE',  ( -3.375606289888688050, 0.4067255824702623035, 23.52686100014717141 ) ) ;
#3836 = CARTESIAN_POINT ( 'NONE',  ( 4.076582343750000170, -1.688575694911947922, 21.20625000170698016 ) ) ;
#3837 = CARTESIAN_POINT ( 'NONE',  ( 2.404163056034261725, -2.404163056034261281, 18.08125000341396671 ) ) ;
#3838 = EDGE_LOOP ( 'NONE', ( #184, #164 ) ) ;
#3839 = CARTESIAN_POINT ( 'NONE',  ( 2.882579019330974379, -2.882579019330973491, 17.37812500170697660 ) ) ;
#3840 = CARTESIAN_POINT ( 'NONE',  ( 2.404163056034261281, 2.404163056034261725, 22.14375000341396671 ) ) ;
#3841 = AXIS2_PLACEMENT_3D ( 'NONE', #746, #2217, #376 ) ;
#3842 = B_SPLINE_CURVE_WITH_KNOTS ( 'NONE', 3,
 ( #3893, #579, #972, #2453, #3970, #1027, #1772, #4684, #1386, #2867, #1556, #2364, #445, #518, #59, #1920, #1148, #4497, #1245, #1993, #2721, #4517, #3469, #1895, #3375, #1220, #3788, #2695, #1173, #3400, #4188, #3025, #4138, #1535, #792, #2270, #3091, #4478, #3740, #104, #493, #3763, #1196, #152, #4164, #2293, #3064, #2652, #1942, #4120, #2672, #2630, #3420, #468, #1580, #1630, #2338, #3810, #1967, #1605, #794, #2607, #4435, #3674, #406, #4391, #1082, #2198, #382, #423, #4053, #752, #2905, #3309, #2222, #1876, #703, #1511, #3699, #356, #3264, #2977, #4078, #726, #4007, #1827, #4770, #2252, #3354, #2295, #4140, #3377, #3790, #3471, #2746, #154, #61 ),
 .UNSPECIFIED., .F., .F.,
 ( 4, 2, 2, 2, 1, 2, 2, 2, 2, 2, 2, 2, 2, 2, 1, 1, 2, 1, 2, 2, 1, 2, 2, 2, 2, 2, 2, 2, 2, 2, 2, 1, 2, 2, 2, 1, 2, 2, 2, 2, 2, 2, 2, 2, 2, 2, 2, 2, 2, 2, 2, 4 ),
 ( 0.7753018223779832852, 0.7771944074401971880, 0.7773126940065855361, 0.7774309805729739953, 0.7776675537057506915, 0.7781406999713041950, 0.7790869925024112019, 0.7809795775646252158, 0.7819258700957322228, 0.7828721626268392297, 0.7866573327512672575, 0.7885499178134812714, 0.7890230640790347749, 0.7892596372118114711, 0.7894962103445882784, 0.7904425028756952853, 0.7923350879379092992, 0.7928082342034629137, 0.7929265207698512619, 0.7929856640530453804, 0.7930448073362396100, 0.7932813804690164172, 0.7942276730001234242, 0.7961202580623374381, 0.7965934043278909416, 0.7970665505934445560, 0.7980128431245515630, 0.8017980132489797018, 0.8036905983111937157, 0.8046368908423008337, 0.8048734639750775299, 0.8051100371078543372, 0.8055831833734078407, 0.8093683534978359795, 0.8112609385600499934, 0.8122072310911571114, 0.8124438042239338076, 0.8126803773567106148, 0.8131535236222641183, 0.8169386937466921461, 0.8188312788089062710, 0.8197775713400132780, 0.8202507176055667815, 0.8204872907383434777, 0.8207238638711202849, 0.8245090339955484238, 0.8264016190577624377, 0.8273479115888694446, 0.8282942041199765626, 0.8320793742444045904, 0.8339719593066187153, 0.8358645443688327292 ),
 .UNSPECIFIED. ) ;
#3843 = ORIENTED_EDGE ( 'NONE', *, *, #1015, .T. ) ;
#3844 = DIRECTION ( 'NONE',  ( -0.000000000000000000, -0.000000000000000000, -1.000000000000000000 ) ) ;
#3845 = VECTOR ( 'NONE', #89, 1000.000000000000000 ) ;
#3846 = CARTESIAN_POINT ( 'NONE',  ( -2.062512080314911067, -2.703077574323506926, 21.23207216272561837 ) ) ;
#3847 = CARTESIAN_POINT ( 'NONE',  ( 0.1893996440690465244, -3.394747984989262779, 23.87312468882893413 ) ) ;
#3848 = CARTESIAN_POINT ( 'NONE',  ( 3.399999999999633538, 1.578160079567679695E-06, 23.23750009095975955 ) ) ;
#3849 = CARTESIAN_POINT ( 'NONE',  ( -3.381963763528995859, 0.3497447820784739814, 16.03018625183330670 ) ) ;
#3850 = AXIS2_PLACEMENT_3D ( 'NONE', #3199, #4303, #998 ) ;
#3851 = CARTESIAN_POINT ( 'NONE',  ( 2.882579019330974379, -2.882579019330973491, 22.22187500170704055 ) ) ;
#3852 = CARTESIAN_POINT ( 'NONE',  ( 1.104149997702324137, -3.216033312390171428, 18.92798065734403679 ) ) ;
#3853 = CARTESIAN_POINT ( 'NONE',  ( -2.882579019330973935, 2.882579019330973935, 21.59687500170697660 ) ) ;
#3854 = CARTESIAN_POINT ( 'NONE',  ( -0.8620919521812994146, 3.288909147134238431, 18.28788172257215550 ) ) ;
#3855 = CARTESIAN_POINT ( 'NONE',  ( 2.935950439040709625, -1.725405960399384098, 15.31875735308468300 ) ) ;
#3856 = CARTESIAN_POINT ( 'NONE',  ( -1.648250983442813622, -2.979266891706501497, 25.01173345598891373 ) ) ;
#3857 = CARTESIAN_POINT ( 'NONE',  ( -2.107679123888837047, 2.668149296490524236, 20.87109744268536460 ) ) ;
#3858 = CARTESIAN_POINT ( 'NONE',  ( -0.1352695241461151499, 3.397310287903522852, 21.99506565703478600 ) ) ;
#3859 = CARTESIAN_POINT ( 'NONE',  ( 2.404163056034261281, 2.404163056034261725, 18.39375000341396671 ) ) ;
#3860 = CARTESIAN_POINT ( 'NONE',  ( 1.688575694911950809, -4.076582343749998394, 22.30000000170698016 ) ) ;
#3861 = VERTEX_POINT ( 'NONE', #4097 ) ;
#3862 = ORIENTED_EDGE ( 'NONE', *, *, #3516, .F. ) ;
#3863 = EDGE_CURVE ( 'NONE', #3213, #1493, #2649, .T. ) ;
#3864 = CARTESIAN_POINT ( 'NONE',  ( -1.688575694911949698, -4.076582343749998394, 25.73750000170698016 ) ) ;
#3865 = DIRECTION ( 'NONE',  ( 1.000000000000000000, 0.000000000000000000, 0.000000000000000000 ) ) ;
#3866 = ORIENTED_EDGE ( 'NONE', *, *, #4566, .F. ) ;
#3867 = CARTESIAN_POINT ( 'NONE',  ( -4.076582343749976189, 1.105126185381666515, 14.35824434556104734 ) ) ;
#3868 = CARTESIAN_POINT ( 'NONE',  ( 2.112791228686195399, -2.664038926191648837, 21.49647555626026474 ) ) ;
#3869 = CARTESIAN_POINT ( 'NONE',  ( 14.99999999999999645, 11.84228847663298900, 24.88239116699663356 ) ) ;
#3870 = CARTESIAN_POINT ( 'NONE',  ( 14.99999999999999822, 13.07707918458857854, 22.80000000000000071 ) ) ;
#3871 = CARTESIAN_POINT ( 'NONE',  ( -3.377077895777620409, 0.3944893206455422630, 16.02757924366957454 ) ) ;
#3872 = EDGE_CURVE ( 'NONE', #3098, #777, #3760, .T. ) ;
#3873 = CARTESIAN_POINT ( 'NONE',  ( 4.076582343749999282, 4.992373518734052056E-16, 24.87812500170703700 ) ) ;
#3874 = CARTESIAN_POINT ( 'NONE',  ( 2.936546709924756637, -1.717573966966042143, 19.06917367493012350 ) ) ;
#3875 = CARTESIAN_POINT ( 'NONE',  ( -1.688575694911948810, 4.076582343749999282, 16.51875000170697660 ) ) ;
#3876 = CARTESIAN_POINT ( 'NONE',  ( -3.399999999994141930, 4.417659351896555260E-06, 18.54991825396249538 ) ) ;
#3877 = CARTESIAN_POINT ( 'NONE',  ( -2.326334606525523707, -2.481963529314848316, 19.96230372830224908 ) ) ;
#3878 = FACE_OUTER_BOUND ( 'NONE', #208, .T. ) ;
#3879 = CARTESIAN_POINT ( 'NONE',  ( -0.8477209932457823172, -3.292797307833191134, 25.06301098587777076 ) ) ;
#3880 = CARTESIAN_POINT ( 'NONE',  ( -2.058505957474419112, 2.706030448819485290, 20.86765058563866759 ) ) ;
#3881 = CARTESIAN_POINT ( 'NONE',  ( -3.379224843593305216, 0.3753016920813747603, 23.52869484178500770 ) ) ;
#3882 = CARTESIAN_POINT ( 'NONE',  ( 7.488560278101077592E-16, -4.076582343749999282, 22.22187500170697660 ) ) ;
#3883 = CARTESIAN_POINT ( 'NONE',  ( 1.408326112068525537, -3.399999999999999023, 14.25312500341396671 ) ) ;
#3884 = DIRECTION ( 'NONE',  ( -0.000000000000000000, -0.000000000000000000, -1.000000000000000000 ) ) ;
#3885 = ORIENTED_EDGE ( 'NONE', *, *, #4484, .F. ) ;
#3886 = CARTESIAN_POINT ( 'NONE',  ( -1.688575694911948810, 4.076582343749999282, 14.17500000170697660 ) ) ;
#3887 = CARTESIAN_POINT ( 'NONE',  ( -3.399999999999999023, -1.408326112068525537, 20.19062500341397381 ) ) ;
#3888 = CARTESIAN_POINT ( 'NONE',  ( 7.488560278101032232E-16, -4.076582343749975301, 25.97187500170699082 ) ) ;
#3889 = ORIENTED_EDGE ( 'NONE', *, *, #2311, .F. ) ;
#3890 = DIRECTION ( 'NONE',  ( -0.000000000000000000, -0.000000000000000000, 1.000000000000000000 ) ) ;
#3891 = CARTESIAN_POINT ( 'NONE',  ( -2.882579019330955727, -2.882579019330957060, 14.56562500170699082 ) ) ;
#3892 = CARTESIAN_POINT ( 'NONE',  ( -3.201763572212204423, -1.145735328568969980, 21.11809147397737263 ) ) ;
#3893 = CARTESIAN_POINT ( 'NONE',  ( -3.399999999994134381, 4.421135675371884558E-06, 17.29991820916801260 ) ) ;
#3894 = CARTESIAN_POINT ( 'NONE',  ( 0.8183828923673029943, -3.301760725870474200, 16.41030744390953089 ) ) ;
#3895 = CARTESIAN_POINT ( 'NONE',  ( -2.246441221427690760, 2.554541741666296328, 15.88114970148504490 ) ) ;
#3896 = CARTESIAN_POINT ( 'NONE',  ( -1.688575694911948810, 4.076582343749999282, 16.51875000170704055 ) ) ;
#3897 = CARTESIAN_POINT ( 'NONE',  ( 0.9243049593566671218, -3.273330090958833427, 18.91676136040002731 ) ) ;
#3898 = CARTESIAN_POINT ( 'NONE',  ( 2.882579019330974379, -2.882579019330973491, 14.72187500170697660 ) ) ;
#3899 = EDGE_CURVE ( 'NONE', #3049, #2421, #3616, .T. ) ;
#3900 = CARTESIAN_POINT ( 'NONE',  ( -0.1443337047824625463, 3.396939524116680431, 18.24557705320734513 ) ) ;
#3901 = CARTESIAN_POINT ( 'NONE',  ( -3.382846314517386599, 0.3413764785520274070, 22.28060950998596468 ) ) ;
#3902 = EDGE_CURVE ( 'NONE', #1493, #3170, #3229, .T. ) ;
#3903 = CARTESIAN_POINT ( 'NONE',  ( -2.606893796750044956, -2.182684570440592164, 24.93930549740642633 ) ) ;
#3904 = CARTESIAN_POINT ( 'NONE',  ( -0.5261170529261742779, 3.361137168024860067, 20.76758466020526583 ) ) ;
#3905 = CARTESIAN_POINT ( 'NONE',  ( 2.290763476880362859, 2.512656206551499238, 23.09001754777799320 ) ) ;
#3906 = CARTESIAN_POINT ( 'NONE',  ( 4.076582343749999282, 1.688575694911949254, 23.86250000170698016 ) ) ;
#3907 = CARTESIAN_POINT ( 'NONE',  ( 3.222149970943188446, -1.091062765690054670, 22.86041692195140840 ) ) ;
#3908 = CARTESIAN_POINT ( 'NONE',  ( -15.00000000000000178, 13.07707918458858032, 20.00000000000000000 ) ) ;
#3909 = ORIENTED_EDGE ( 'NONE', *, *, #2311, .T. ) ;
#3910 = CARTESIAN_POINT ( 'NONE',  ( 2.882579019330974379, -2.882579019330973491, 24.72187500170698016 ) ) ;
#3911 = CARTESIAN_POINT ( 'NONE',  ( -0.9792536965122016213, -3.256529307108192217, 17.55489261632325437 ) ) ;
#3912 = ORIENTED_EDGE ( 'NONE', *, *, #3287, .F. ) ;
#3913 = CARTESIAN_POINT ( 'NONE',  ( 2.514864635869663800, 2.597997142491948797, 14.76881911525403446 ) ) ;
#3914 = CARTESIAN_POINT ( 'NONE',  ( -1.408326112068523983, -3.399999999999999467, 20.34687500341396671 ) ) ;
#3915 = CARTESIAN_POINT ( 'NONE',  ( -3.257647561211388876, -0.9735215893162285639, 23.60727576147298024 ) ) ;
#3916 = DIRECTION ( 'NONE',  ( 1.000000000000000000, 0.000000000000000000, 0.000000000000000000 ) ) ;
#3917 = CARTESIAN_POINT ( 'NONE',  ( -1.474693845176285434, 3.063626018100074067, 15.82703581999524545 ) ) ;
#3918 = AXIS2_PLACEMENT_3D ( 'NONE', #559, #2008, #1645 ) ;
#3919 = CARTESIAN_POINT ( 'NONE',  ( -4.076582343749998394, -1.688575694911951253, 20.58125000170704766 ) ) ;
#3920 = CARTESIAN_POINT ( 'NONE',  ( -1.518515850021289859, -3.042074941093056761, 18.77003808478026059 ) ) ;
#3921 = CARTESIAN_POINT ( 'NONE',  ( -1.688575694911948810, 4.076582343749999282, 14.01875000170697660 ) ) ;
#3922 = CARTESIAN_POINT ( 'NONE',  ( 2.816739501063738604, 1.904368937177524757, 18.04403316862623896 ) ) ;
#3923 = DIRECTION ( 'NONE',  ( -0.000000000000000000, -0.000000000000000000, 1.000000000000000000 ) ) ;
#3924 = CONICAL_SURFACE ( 'NONE', #1000, 12.97179676972448448, 1.047197551196597631 ) ;
#3925 = CARTESIAN_POINT ( 'NONE',  ( -3.400000002912754837, 0.1094187606287786302, 19.79364491934212467 ) ) ;
#3926 = CARTESIAN_POINT ( 'NONE',  ( -0.09253727636606945417, 3.398804500143274510, 20.74265495439082940 ) ) ;
#3927 = CARTESIAN_POINT ( 'NONE',  ( 2.668007505672434831, 2.108250434296211395, 23.05874051564774518 ) ) ;
#3928 = EDGE_CURVE ( 'NONE', #2958, #426, #612, .T. ) ;
#3929 = CARTESIAN_POINT ( 'NONE',  ( -4.076582343749998394, -1.688575694911951253, 19.48750000170697660 ) ) ;
#3930 = CARTESIAN_POINT ( 'NONE',  ( 2.882579019330973491, 2.882579019330973935, 15.03437500170697660 ) ) ;
#3931 = FILL_AREA_STYLE_COLOUR ( '', #2769 ) ;
#3932 = CARTESIAN_POINT ( 'NONE',  ( 0.000000000000000000, 0.000000000000000000, 0.000000000000000000 ) ) ;
#3933 = ORIENTED_EDGE ( 'NONE', *, *, #2039, .T. ) ;
#3934 = CARTESIAN_POINT ( 'NONE',  ( -1.688575694911949698, -4.076582343749998394, 24.48750000170697660 ) ) ;
#3935 = CARTESIAN_POINT ( 'NONE',  ( -2.602288089833694418, -2.188186866705834177, 17.43975205557251229 ) ) ;
#3936 = FACE_OUTER_BOUND ( 'NONE', #2397, .T. ) ;
#3937 = ORIENTED_EDGE ( 'NONE', *, *, #2343, .T. ) ;
#3938 = CARTESIAN_POINT ( 'NONE',  ( 1.927608363244523115, 3.046103464444004594, 14.79410596444756187 ) ) ;
#3939 = CARTESIAN_POINT ( 'NONE',  ( -2.922418390695705970, -1.739184732608487938, 19.90745562134068081 ) ) ;
#3940 = DIRECTION ( 'NONE',  ( 1.000000000000000000, 0.000000000000000000, 0.000000000000000000 ) ) ;
#3941 = CARTESIAN_POINT ( 'NONE',  ( -3.251220754790739242, -0.9947877382684360281, 21.10860306828380573 ) ) ;
#3942 = FACE_OUTER_BOUND ( 'NONE', #1788, .T. ) ;
#3943 = CARTESIAN_POINT ( 'NONE',  ( 1.158596867273578246, -3.196511740051858563, 16.43144745263586159 ) ) ;
#3944 = CARTESIAN_POINT ( 'NONE',  ( -0.5249218087875494598, 3.361302424701896552, 15.76751512261453669 ) ) ;
#3945 = CARTESIAN_POINT ( 'NONE',  ( 2.882579019330973491, 2.882579019330973935, 20.03437500170704055 ) ) ;
#3946 = CARTESIAN_POINT ( 'NONE',  ( 1.688575694911948366, 4.076582343749999282, 13.86250000170697660 ) ) ;
#3947 = CARTESIAN_POINT ( 'NONE',  ( 3.098039581289915301, 1.402774423829775463, 18.00966709256843856 ) ) ;
#3948 = ADVANCED_FACE ( 'NONE', ( #2380 ), #3412, .F. ) ;
#3949 = CARTESIAN_POINT ( 'NONE',  ( -3.126326592878645005, 1.338526460358545833, 22.21952152585171802 ) ) ;
#3950 = CARTESIAN_POINT ( 'NONE',  ( -2.794816580062043698, -1.939321902736340419, 24.92153470570735507 ) ) ;
#3951 = CARTESIAN_POINT ( 'NONE',  ( -2.006307747680841747, 2.745253121318544931, 20.86392174258542198 ) ) ;
#3952 = CARTESIAN_POINT ( 'NONE',  ( 2.037216180536714827, 2.724521664313038105, 23.10881903410555083 ) ) ;
#3953 = CARTESIAN_POINT ( 'NONE',  ( 2.882579019330973491, 2.882579019330973935, 17.69062500170697660 ) ) ;
#3954 = CARTESIAN_POINT ( 'NONE',  ( 4.076582343750000170, -1.688575694911947922, 16.05000000170697660 ) ) ;
#3955 = CARTESIAN_POINT ( 'NONE',  ( 2.404163056034261281, 2.404163056034261725, 15.89375000341396849 ) ) ;
#3956 = ORIENTED_EDGE ( 'NONE', *, *, #2343, .F. ) ;
#3957 = CARTESIAN_POINT ( 'NONE',  ( 2.882579019330973491, 2.882579019330973935, 23.78437500170697660 ) ) ;
#3958 = CARTESIAN_POINT ( 'NONE',  ( -2.955277684630729595, -1.681289913911633738, 17.40348664155431635 ) ) ;
#3959 = ORIENTED_EDGE ( 'NONE', *, *, #3388, .T. ) ;
#3960 = EDGE_CURVE ( 'NONE', #3244, #2374, #2685, .T. ) ;
#3961 = CARTESIAN_POINT ( 'NONE',  ( -3.399999999996432543, -3.392293950278446814E-06, 16.36256314814623281 ) ) ;
#3962 = CARTESIAN_POINT ( 'NONE',  ( -3.399999999999999023, -1.408326112068525537, 16.12812499999998650 ) ) ;
#3963 = CARTESIAN_POINT ( 'NONE',  ( 4.076582343750000170, -1.688575694911947922, 26.20625000170698016 ) ) ;
#3964 = CARTESIAN_POINT ( 'NONE',  ( 0.000000000000000000, 0.000000000000000000, 0.000000000000000000 ) ) ;
#3965 = CARTESIAN_POINT ( 'NONE',  ( 3.399999999999999911, 4.163799117101000559E-16, 22.92499999999998295 ) ) ;
#3966 = CARTESIAN_POINT ( 'NONE',  ( -3.399999999994141930, 4.417659351896555260E-06, 18.54991825396249538 ) ) ;
#3967 = CARTESIAN_POINT ( 'NONE',  ( 0.5055664521969264191, -3.368961317690337687, 16.39161054845106236 ) ) ;
#3968 = CARTESIAN_POINT ( 'NONE',  ( -0.7579611987639408577, 3.315027797852426072, 15.78149981296334659 ) ) ;
#3969 = CARTESIAN_POINT ( 'NONE',  ( 4.076582343749999282, 4.992373518734052056E-16, 21.12812500170704055 ) ) ;
#3970 = CARTESIAN_POINT ( 'NONE',  ( -3.382828513682166971, 0.3413473472780843565, 17.28064666186886456 ) ) ;
#3971 = CARTESIAN_POINT ( 'NONE',  ( 3.399999999999999911, 4.163799117101000559E-16, 25.73750000341396671 ) ) ;
#3972 = DIRECTION ( 'NONE',  ( 0.000000000000000000, -1.000000000000000000, 0.000000000000000000 ) ) ;
#3973 = CARTESIAN_POINT ( 'NONE',  ( 3.241451041030602553, 1.026175807223826286, 17.98556849424318926 ) ) ;
#3974 = CARTESIAN_POINT ( 'NONE',  ( 3.399999999999967493, -4.708061388948499010E-07, 20.73749997729563788 ) ) ;
#3975 = B_SPLINE_CURVE_WITH_KNOTS ( 'NONE', 3,
 ( #1444, #2250, #4050, #3306, #749, #4767, #1102, #3722, #2582, #4388, #2629, #1532, #1466, #2953, #1080, #2560, #2195, #3671 ),
 .UNSPECIFIED., .F., .F.,
 ( 4, 2, 2, 2, 2, 2, 2, 2, 4 ),
 ( 0.000000000000000000, 0.0006774511185196256755, 0.001354902237039251351, 0.002032353355558877243, 0.002709804474078502702, 0.003387255592598128161, 0.004064706711117754487, 0.004742157829637379945, 0.005419608948157005404 ),
 .UNSPECIFIED. ) ;
#3976 = CARTESIAN_POINT ( 'NONE',  ( -2.968627124033314413, 1.684171106821334751, 19.69686527056754599 ) ) ;
#3977 = CARTESIAN_POINT ( 'NONE',  ( 3.399991738362934779, 0.008647513380841439015, 20.42547981129979817 ) ) ;
#3978 = CARTESIAN_POINT ( 'NONE',  ( 0.5262998237186057304, 3.359028855447485196, 23.20736025570692718 ) ) ;
#3979 = CARTESIAN_POINT ( 'NONE',  ( -2.882579019330973047, -2.882579019330974379, 18.31562500170697660 ) ) ;
#3980 = CARTESIAN_POINT ( 'NONE',  ( 2.882579019330973491, 2.882579019330973935, 17.53437500170698016 ) ) ;
#3981 = CARTESIAN_POINT ( 'NONE',  ( -2.123561394730056229, -2.655284123342955827, 22.47758619691905935 ) ) ;
#3982 = CARTESIAN_POINT ( 'NONE',  ( 14.99999999999999822, 9.700204662740294026, 25.97595917268199273 ) ) ;
#3983 = EDGE_LOOP ( 'NONE', ( #2098, #4669, #4395, #1280 ) ) ;
#3984 = CARTESIAN_POINT ( 'NONE',  ( 2.882579019330974379, -2.882579019330973491, 23.47187500170697660 ) ) ;
#3985 = CARTESIAN_POINT ( 'NONE',  ( -2.115477662670349090, -2.661735550175969856, 17.47818272547413798 ) ) ;
#3986 = CARTESIAN_POINT ( 'NONE',  ( -2.882579019330955727, -2.882579019330957060, 24.56562500170699437 ) ) ;
#3987 = ORIENTED_EDGE ( 'NONE', *, *, #737, .T. ) ;
#3988 = CARTESIAN_POINT ( 'NONE',  ( -2.591405133344262257, -2.201060434141306033, 19.94067488936876131 ) ) ;
#3989 = CARTESIAN_POINT ( 'NONE',  ( -2.404163056034261725, 2.404163056034261725, 18.39374999999998295 ) ) ;
#3990 = CARTESIAN_POINT ( 'NONE',  ( -4.076582343749999282, 1.688575694911948588, 24.33125000170698371 ) ) ;
#3991 = CARTESIAN_POINT ( 'NONE',  ( -2.081899558550500280E-16, 3.399999999999999911, 21.05000000341396671 ) ) ;
#3992 = CARTESIAN_POINT ( 'NONE',  ( -2.081899558550500280E-16, 3.399999999999999911, 23.23749999999998295 ) ) ;
#3993 = CARTESIAN_POINT ( 'NONE',  ( 3.056737487235209105, -1.490867156814916994, 16.58442321064929814 ) ) ;
#3994 = CARTESIAN_POINT ( 'NONE',  ( -0.8262767574253778724, 3.298079423524955534, 15.78567853208615368 ) ) ;
#3995 = B_SPLINE_CURVE_WITH_KNOTS ( 'NONE', 3,
 ( #3228, #4358, #4712, #1414 ),
 .UNSPECIFIED., .F., .F.,
 ( 4, 4 ),
 ( 0.02311807636313015918, 0.02668285411989428785 ),
 .UNSPECIFIED. ) ;
#3996 = CARTESIAN_POINT ( 'NONE',  ( -1.688575694911948810, 4.076582343749999282, 19.01875000170703700 ) ) ;
#3997 = CIRCLE ( 'NONE', #3629, 7.344863728670905090 ) ;
#3998 = CARTESIAN_POINT ( 'NONE',  ( -2.404163056034260837, -2.404163056034261725, 24.01875000341397026 ) ) ;
#3999 = CARTESIAN_POINT ( 'NONE',  ( 2.675749225883718996, 2.098389830588966110, 18.05800883843341254 ) ) ;
#4000 = CARTESIAN_POINT ( 'NONE',  ( -2.480203574662528609, 2.326281963987106405, 19.64978935575203067 ) ) ;
#4001 = CARTESIAN_POINT ( 'NONE',  ( 3.399999999999999911, 0.000000000000000000, 0.000000000000000000 ) ) ;
#4002 = CARTESIAN_POINT ( 'NONE',  ( 0.1960021438346712663, 3.397318985175302508, 23.22637206746193783 ) ) ;
#4003 = CARTESIAN_POINT ( 'NONE',  ( -2.496186759367026028E-16, 4.076582343749999282, 15.34687500170697838 ) ) ;
#4004 = CARTESIAN_POINT ( 'NONE',  ( -2.807052030375711826, -1.919329779273143410, 22.42014016841574175 ) ) ;
#4005 = CARTESIAN_POINT ( 'NONE',  ( -3.399999999994161470, 4.409746192131686685E-06, 19.79991838163661910 ) ) ;
#4006 = ORIENTED_EDGE ( 'NONE', *, *, #4722, .T. ) ;
#4007 = CARTESIAN_POINT ( 'NONE',  ( 2.859137157354975756, 1.843362890488195127, 16.78953256624139811 ) ) ;
#4008 = AXIS2_PLACEMENT_3D ( 'NONE', #2139, #666, #1503 ) ;
#4009 = CARTESIAN_POINT ( 'NONE',  ( -4.076582343749999282, 1.688575694911948588, 21.67500000170698016 ) ) ;
#4010 = CARTESIAN_POINT ( 'NONE',  ( -2.590367225555199049, -2.202273968968296636, 17.44078112117644253 ) ) ;
#4011 = CARTESIAN_POINT ( 'NONE',  ( 2.882579019330956172, 2.882579019330956616, 22.69062500170699082 ) ) ;
#4012 = VERTEX_POINT ( 'NONE', #3848 ) ;
#4013 =( NAMED_UNIT ( * ) PLANE_ANGLE_UNIT ( ) SI_UNIT ( $, .RADIAN. ) );
#4014 = CARTESIAN_POINT ( 'NONE',  ( -3.399999999999999911, 0.000000000000000000, 19.79999999999998295 ) ) ;
#4015 = CARTESIAN_POINT ( 'NONE',  ( -1.688575694911949698, -4.076582343749998394, 20.89375000170698016 ) ) ;
#4016 = CARTESIAN_POINT ( 'NONE',  ( 1.854374003110446978, -2.850415670751246022, 17.72799656477203101 ) ) ;
#4017 = CARTESIAN_POINT ( 'NONE',  ( -2.580360458230514187, -2.213989973763774266, 16.19164268516865945 ) ) ;
#4018 = CARTESIAN_POINT ( 'NONE',  ( 0.000000000000000000, 0.000000000000000000, 20.00000000000000000 ) ) ;
#4019 = CARTESIAN_POINT ( 'NONE',  ( 3.399999999999924860, 7.140189135521133977E-07, 21.67500003961031041 ) ) ;
#4020 = LINE ( 'NONE', #394, #4313 ) ;
#4021 = CARTESIAN_POINT ( 'NONE',  ( -2.975136736309207386, 1.672618879520076485, 24.69763585040182363 ) ) ;
#4022 = ADVANCED_FACE ( 'NONE', ( #1548 ), #2306, .F. ) ;
#4023 = CARTESIAN_POINT ( 'NONE',  ( -3.396389368043793322, -0.1809699007101690515, 24.81011503628969095 ) ) ;
#4024 = CARTESIAN_POINT ( 'NONE',  ( 3.340205769777879308, 0.6349305282802302219, 20.46157138852236201 ) ) ;
#4025 = CARTESIAN_POINT ( 'NONE',  ( -4.076582343749998394, -1.688575694911951253, 24.33125000170698371 ) ) ;
#4026 = CARTESIAN_POINT ( 'NONE',  ( 4.076582343750000170, -1.688575694911947922, 17.45625000170698016 ) ) ;
#4027 = CARTESIAN_POINT ( 'NONE',  ( -2.882579019330973047, -2.882579019330974379, 15.65937500170697838 ) ) ;
#4028 = CARTESIAN_POINT ( 'NONE',  ( -2.843505011950077765, -1.865389991279869486, 22.41629347951229789 ) ) ;
#4029 = CARTESIAN_POINT ( 'NONE',  ( -15.00000000000000178, 6.496531178408893936, 26.81476796104035287 ) ) ;
#4030 = ORIENTED_EDGE ( 'NONE', *, *, #4281, .T. ) ;
#4031 = CARTESIAN_POINT ( 'NONE',  ( -1.688575694911948810, 4.076582343749999282, 19.01875000170697660 ) ) ;
#4032 = CARTESIAN_POINT ( 'NONE',  ( -1.200675584361953652, -3.862263055926711708, 25.93591180714312827 ) ) ;
#4033 = CARTESIAN_POINT ( 'NONE',  ( 7.488560278101032232E-16, -4.076582343749975301, 24.72187500170699792 ) ) ;
#4034 = ORIENTED_EDGE ( 'NONE', *, *, #3516, .T. ) ;
#4035 = CARTESIAN_POINT ( 'NONE',  ( -3.400000000000000355, 1.408326112068523095, 15.97187499999998295 ) ) ;
#4036 = CARTESIAN_POINT ( 'NONE',  ( -4.076582343749999282, 0.000000000000000000, 21.90937500170697660 ) ) ;
#4037 = CARTESIAN_POINT ( 'NONE',  ( 2.338652759626512978, -2.467940988433985794, 17.76365065734994175 ) ) ;
#4038 = CARTESIAN_POINT ( 'NONE',  ( -3.134390742884507475, -1.320483162572671398, 16.12928194855205888 ) ) ;
#4039 = CARTESIAN_POINT ( 'NONE',  ( 2.807888115437277676, 1.917279702742388903, 15.54496477924772080 ) ) ;
#4040 = CARTESIAN_POINT ( 'NONE',  ( 3.399946890423548140, -0.02206073122903907599, 21.67377475070842507 ) ) ;
#4041 = DIRECTION ( 'NONE',  ( 1.000000000000000000, 0.000000000000000000, 0.000000000000000000 ) ) ;
#4042 = CARTESIAN_POINT ( 'NONE',  ( -3.215783972361070830, 1.106989189240701776, 24.73435617712953771 ) ) ;
#4043 = CARTESIAN_POINT ( 'NONE',  ( 2.363916164476976167, 2.443808505652823815, 19.33439298661355110 ) ) ;
#4044 = DIRECTION ( 'NONE',  ( 0.000000000000000000, 0.000000000000000000, 1.000000000000000000 ) ) ;
#4045 = CARTESIAN_POINT ( 'NONE',  ( 3.115546282875873985, 1.361793073920123165, 21.75707810780313878 ) ) ;
#4046 = CARTESIAN_POINT ( 'NONE',  ( -1.688575694911949698, -4.076582343749998394, 24.48750000170697660 ) ) ;
#4047 = FACE_OUTER_BOUND ( 'NONE', #1323, .T. ) ;
#4048 = CARTESIAN_POINT ( 'NONE',  ( 2.155846236527947379, -2.629139344696940661, 20.24977277131932141 ) ) ;
#4049 = CARTESIAN_POINT ( 'NONE',  ( -2.114472400461544055, -2.662518892330270504, 22.47825674877094215 ) ) ;
#4050 = CARTESIAN_POINT ( 'NONE',  ( -1.646692023695341067, -3.053289867351711706, 25.36194018355083557 ) ) ;
#4051 = EDGE_CURVE ( 'NONE', #1638, #3603, #928, .T. ) ;
#4052 = CARTESIAN_POINT ( 'NONE',  ( -1.408326112068523983, -3.399999999999999467, 22.84687500341396671 ) ) ;
#4053 = CARTESIAN_POINT ( 'NONE',  ( 1.611905583446877399, 3.008321488347334149, 16.88915261070539842 ) ) ;
#4054 = CARTESIAN_POINT ( 'NONE',  ( 4.076582343750000170, -1.688575694911947922, 18.55000000170698016 ) ) ;
#4055 = CARTESIAN_POINT ( 'NONE',  ( 2.404163056034261725, -2.404163056034261281, 21.83125000341396671 ) ) ;
#4056 = CARTESIAN_POINT ( 'NONE',  ( 2.882579019330956172, 2.882579019330956616, 25.19062500170699437 ) ) ;
#4057 = ORIENTED_EDGE ( 'NONE', *, *, #1290, .T. ) ;
#4058 =( BOUNDED_CURVE ( )  B_SPLINE_CURVE ( 2, ( #4176, #504, #4225, #1978, #138, #1617, #2376, #4551, #1256 ),
 .UNSPECIFIED., .F., .F. ) 
 B_SPLINE_CURVE_WITH_KNOTS ( ( 3, 2, 2, 2, 3 ),
 ( 0.8172831688702038022, 0.8293020389884299126, 0.8413209091186969468, 0.8533397792489640921, 0.8653586246354743050 ),
 .UNSPECIFIED. ) 
 CURVE ( )  GEOMETRIC_REPRESENTATION_ITEM ( )  RATIONAL_B_SPLINE_CURVE ( ( 1.000000000000000000, 0.9238795325112867385, 1.000000000000000000, 0.9238795325112867385, 1.000000000000000000, 0.9238795325112867385, 1.000000000000000000, 0.9238795325112867385, 1.000000000000000000 ) ) 
 REPRESENTATION_ITEM ( '' )  );
#4059 = CARTESIAN_POINT ( 'NONE',  ( -1.408326112068523983, -3.399999999999999467, 18.78437499999998650 ) ) ;
#4060 = CARTESIAN_POINT ( 'NONE',  ( 2.882579019330974379, -2.882579019330973491, 21.12812500170698016 ) ) ;
#4061 = CARTESIAN_POINT ( 'NONE',  ( 2.779984639296659399, -1.957472279182632668, 17.80217476381505648 ) ) ;
#4062 = CARTESIAN_POINT ( 'NONE',  ( -3.400000000000000355, 1.408326112068523095, 22.22187499999998295 ) ) ;
#4063 = CARTESIAN_POINT ( 'NONE',  ( -3.381866105155929780, -0.3508870698395133991, 16.06988180480129103 ) ) ;
#4064 = CARTESIAN_POINT ( 'NONE',  ( 0.6305140507269899608, 3.341143529455339323, 15.70118447989989008 ) ) ;
#4065 = CARTESIAN_POINT ( 'NONE',  ( 3.188148571259881603, -1.182234221177099975, 21.60456785998388085 ) ) ;
#4066 = CARTESIAN_POINT ( 'NONE',  ( 3.399999999999999911, 4.163799117101000559E-16, 24.48750000341396671 ) ) ;
#4067 = FACE_OUTER_BOUND ( 'NONE', #1514, .T. ) ;
#4068 = CARTESIAN_POINT ( 'NONE',  ( -1.894552678871568308, 2.825266718818692180, 24.60583189151260797 ) ) ;
#4069 = CARTESIAN_POINT ( 'NONE',  ( -0.1138980679354637537, 3.398145656901267575, 19.49385858456540888 ) ) ;
#4070 = CARTESIAN_POINT ( 'NONE',  ( 3.396072791449544326, 0.1663027030520537186, 20.43428050075925739 ) ) ;
#4071 = CARTESIAN_POINT ( 'NONE',  ( 7.488560278101077592E-16, -4.076582343749999282, 23.31562500170697660 ) ) ;
#4072 = CARTESIAN_POINT ( 'NONE',  ( -3.943790067812500411, -1.032009450730812405, 14.30341765624999795 ) ) ;
#4073 = CARTESIAN_POINT ( 'NONE',  ( 2.130609825048404904, -2.649634817555474697, 20.24795284909640358 ) ) ;
#4074 = CARTESIAN_POINT ( 'NONE',  ( -3.387298425075229158, -0.2936939664331798538, 22.31658409017000011 ) ) ;
#4075 = DIRECTION ( 'NONE',  ( 0.000000000000000000, 0.000000000000000000, 1.000000000000000000 ) ) ;
#4076 = VECTOR ( 'NONE', #600, 1000.000000000000000 ) ;
#4077 = CARTESIAN_POINT ( 'NONE',  ( -3.361760765462527445, -0.5205722419960798764, 18.57976398744357382 ) ) ;
#4078 = CARTESIAN_POINT ( 'NONE',  ( 2.531104969942775451, 2.277977722682773098, 16.82115570076188504 ) ) ;
#4079 = CARTESIAN_POINT ( 'NONE',  ( -4.076582343749998394, -1.688575694911951253, 21.83125000170698016 ) ) ;
#4080 = CARTESIAN_POINT ( 'NONE',  ( -3.389097272487788803, -2.034963459090166626, 25.84416305992537133 ) ) ;
#4081 = VECTOR ( 'NONE', #3742, 1000.000000000000000 ) ;
#4082 = CARTESIAN_POINT ( 'NONE',  ( 4.076582343749975301, 1.688575694911939040, 25.11250000170698726 ) ) ;
#4083 = ORIENTED_EDGE ( 'NONE', *, *, #2574, .F. ) ;
#4084 = ADVANCED_FACE ( 'NONE', ( #94 ), #535, .F. ) ;
#4085 = CARTESIAN_POINT ( 'NONE',  ( 2.882579019330973491, 2.882579019330973935, 26.44062500170697660 ) ) ;
#4086 = CARTESIAN_POINT ( 'NONE',  ( 1.688575694911948366, 4.076582343749999282, 22.76875000170698016 ) ) ;
#4087 = CARTESIAN_POINT ( 'NONE',  ( 3.399934403791362136, -0.02448175334146370299, 17.92364030355729909 ) ) ;
#4088 = CARTESIAN_POINT ( 'NONE',  ( -2.003567438837382308, -2.747356202739507314, 16.23636147549954956 ) ) ;
#4089 = CARTESIAN_POINT ( 'NONE',  ( 3.331196830760126293, 0.6808545405620219926, 15.46436618136253216 ) ) ;
#4090 = CARTESIAN_POINT ( 'NONE',  ( -1.688575694911950142, -4.076582343749998394, 15.73750000170704233 ) ) ;
#4091 = CARTESIAN_POINT ( 'NONE',  ( 2.246510318108318138, -2.552385079675099533, 24.00658144812721417 ) ) ;
#4092 = CARTESIAN_POINT ( 'NONE',  ( -1.788913108700026955, 2.894997206351794805, 24.59834584820035630 ) ) ;
#4093 = CARTESIAN_POINT ( 'NONE',  ( 2.918058223865701351, 1.749289328754332962, 19.28300815938310109 ) ) ;
#4094 = CARTESIAN_POINT ( 'NONE',  ( 3.399999999999999911, 0.000000000000000000, 0.000000000000000000 ) ) ;
#4095 = CARTESIAN_POINT ( 'NONE',  ( 3.074345541400639981, 1.452397744268853153, 21.76303676318383040 ) ) ;
#4096 = CARTESIAN_POINT ( 'NONE',  ( 4.076582343750000170, -1.688575694911947922, 23.55000000170697660 ) ) ;
#4097 = CARTESIAN_POINT ( 'NONE',  ( -15.00000000000000178, 9.666393406790067644, 25.98653347947320924 ) ) ;
#4098 = CARTESIAN_POINT ( 'NONE',  ( 2.702801567700128693, -2.065046472313029291, 20.29447804585950976 ) ) ;
#4099 = CARTESIAN_POINT ( 'NONE',  ( 0.000000000000000000, 0.000000000000000000, 13.98000000000000043 ) ) ;
#4100 = CARTESIAN_POINT ( 'NONE',  ( 1.408326112068525537, -3.399999999999999023, 23.00312500341396671 ) ) ;
#4101 = CARTESIAN_POINT ( 'NONE',  ( -3.392245741472289300, -0.2323321424839983329, 17.31305711859596741 ) ) ;
#4102 = CARTESIAN_POINT ( 'NONE',  ( 3.400000000000000355, 1.408326112068523539, 17.06562500341396671 ) ) ;
#4103 = ORIENTED_EDGE ( 'NONE', *, *, #316, .F. ) ;
#4104 = CARTESIAN_POINT ( 'NONE',  ( -2.882579019330973047, -2.882579019330974379, 25.81562500170697660 ) ) ;
#4105 = CARTESIAN_POINT ( 'NONE',  ( 4.076582343749999282, 1.688575694911949254, 20.11250000170698371 ) ) ;
#4106 = CARTESIAN_POINT ( 'NONE',  ( 0.8786597070899728745, -3.292168695007868795, 17.66414667731573118 ) ) ;
#4107 = CARTESIAN_POINT ( 'NONE',  ( -3.399999997184772305, -0.1094109321130591200, 16.05602458876272465 ) ) ;
#4108 = DIRECTION ( 'NONE',  ( 0.000000000000000000, 0.000000000000000000, 1.000000000000000000 ) ) ;
#4109 = CARTESIAN_POINT ( 'NONE',  ( 4.076582343749975301, 4.992373518734020502E-16, 16.28437500170699082 ) ) ;
#4110 = CARTESIAN_POINT ( 'NONE',  ( 7.488560278101077592E-16, -4.076582343749999282, 15.81562500170703700 ) ) ;
#4111 = CARTESIAN_POINT ( 'NONE',  ( 3.060742463473850705, -1.482380988382939524, 24.08498402997517118 ) ) ;
#4112 = CARTESIAN_POINT ( 'NONE',  ( -0.1293835334290840133, 3.397544176693960249, 24.49473388606218904 ) ) ;
#4113 = CARTESIAN_POINT ( 'NONE',  ( -1.892635572153639423, 2.825860724461953133, 19.60574377921451372 ) ) ;
#4114 = CARTESIAN_POINT ( 'NONE',  ( 3.399999999996288658, -5.023242269576613813E-06, 24.48749972475582126 ) ) ;
#4115 = CARTESIAN_POINT ( 'NONE',  ( 3.242593995729708745, 1.022625074297710102, 22.98534508071637816 ) ) ;
#4116 = CARTESIAN_POINT ( 'NONE',  ( -1.688575694911939484, -4.076582343749974413, 19.64375000170699437 ) ) ;
#4117 = LINE ( 'NONE', #4494, #1984 ) ;
#4118 = CARTESIAN_POINT ( 'NONE',  ( 0.5081143181647999052, -3.361893077924517304, 20.14157596946535023 ) ) ;
#4119 = CARTESIAN_POINT ( 'NONE',  ( -1.408326112068523317, 3.400000000000000355, 23.62812500341397026 ) ) ;
#4120 = CARTESIAN_POINT ( 'NONE',  ( -0.7067980120728138971, 3.331502620632706524, 17.02847547471840883 ) ) ;
#4121 = CARTESIAN_POINT ( 'NONE',  ( -3.389112803010154273, -0.2732445821406283004, 18.56540639343495869 ) ) ;
#4122 = CARTESIAN_POINT ( 'NONE',  ( -3.394713675894168503, 0.2188426710574596368, 21.03749203729396910 ) ) ;
#4123 = CARTESIAN_POINT ( 'NONE',  ( -3.398019138158983043, -0.1367643858733361972, 17.30759075400569458 ) ) ;
#4124 = CARTESIAN_POINT ( 'NONE',  ( -2.081899558550500280E-16, 3.399999999999999911, 16.05000000341396671 ) ) ;
#4125 = ORIENTED_EDGE ( 'NONE', *, *, #1015, .F. ) ;
#4126 = CARTESIAN_POINT ( 'NONE',  ( 1.688575694911948366, 4.076582343749999282, 16.51875000170697660 ) ) ;
#4127 = CARTESIAN_POINT ( 'NONE',  ( -3.399993321038178529, 1.408332791030344255, 20.03437447943873551 ) ) ;
#4128 = CARTESIAN_POINT ( 'NONE',  ( -0.2298710166785812303, -3.392272542746486597, 21.34956833760167072 ) ) ;
#4129 = EDGE_CURVE ( 'NONE', #3672, #2754, #438, .T. ) ;
#4130 = CARTESIAN_POINT ( 'NONE',  ( -0.2446354425257514509, -3.391210187762890627, 23.84875494139557617 ) ) ;
#4131 = CARTESIAN_POINT ( 'NONE',  ( 0.8759351500083980557, 3.287142628107332598, 24.43621692114112420 ) ) ;
#4132 = CARTESIAN_POINT ( 'NONE',  ( 0.8917699542867385532, 3.282729086201442659, 19.43524319158012403 ) ) ;
#4133 = CARTESIAN_POINT ( 'NONE',  ( -3.399999999999999023, -1.408326112068525537, 26.12812499999998295 ) ) ;
#4134 = CARTESIAN_POINT ( 'NONE',  ( -4.076582343749999282, 1.688575694911948588, 21.67500000170698016 ) ) ;
#4135 = CARTESIAN_POINT ( 'NONE',  ( 3.298048493924675473, 2.396121811823308079, 13.91015598439492784 ) ) ;
#4136 = CARTESIAN_POINT ( 'NONE',  ( -0.2613321369444822073, -3.390002575530940643, 20.09783661154902745 ) ) ;
#4137 = CARTESIAN_POINT ( 'NONE',  ( 1.646308986269566343, -2.975509668763614890, 15.21357706265064991 ) ) ;
#4138 = CARTESIAN_POINT ( 'NONE',  ( -2.085733740466685138, 2.685099921238285336, 17.11960630692022889 ) ) ;
#4139 = CARTESIAN_POINT ( 'NONE',  ( 2.707074093803496950, -2.059002907998928933, 25.29485756774692362 ) ) ;
#4140 = CARTESIAN_POINT ( 'NONE',  ( 3.257434148119288775, 1.018232698199112995, 16.73477718953736826 ) ) ;
#4141 = CARTESIAN_POINT ( 'NONE',  ( -3.399999999991150545, 5.423796563790169066E-06, 23.54989942220438337 ) ) ;
#4142 = CARTESIAN_POINT ( 'NONE',  ( -2.404163056034260837, -2.404163056034261725, 17.76875000341396671 ) ) ;
#4143 = ORIENTED_EDGE ( 'NONE', *, *, #4507, .T. ) ;
#4144 = CARTESIAN_POINT ( 'NONE',  ( 1.408326112068522873, 3.400000000000000355, 14.40937499999998295 ) ) ;
#4145 = CIRCLE ( 'NONE', #1987, 17.84486372867090864 ) ;
#4146 = CARTESIAN_POINT ( 'NONE',  ( -2.496186759367026028E-16, 4.076582343749999282, 19.09687500170697660 ) ) ;
#4147 = ORIENTED_EDGE ( 'NONE', *, *, #1711, .F. ) ;
#4148 = CARTESIAN_POINT ( 'NONE',  ( 0.000000000000000000, 0.000000000000000000, 14.98000000000000576 ) ) ;
#4149 = CARTESIAN_POINT ( 'NONE',  ( -3.732334541250694304, 0.9524036415366318176, 25.74443019091946283 ) ) ;
#4150 = AXIS2_PLACEMENT_3D ( 'NONE', #1456, #2756, #897 ) ;
#4151 = CARTESIAN_POINT ( 'NONE',  ( -4.076582343749975301, 0.000000000000000000, 16.90937500170699792 ) ) ;
#4152 = CARTESIAN_POINT ( 'NONE',  ( -2.582572916008639030, -2.211424652204177388, 21.19141909398549473 ) ) ;
#4153 = CARTESIAN_POINT ( 'NONE',  ( -2.065126682615575415, -2.701082275777094921, 23.73188148999530256 ) ) ;
#4154 = CARTESIAN_POINT ( 'NONE',  ( 2.846448696157448666, 1.862889155123091056, 24.29092635288748880 ) ) ;
#4155 = CARTESIAN_POINT ( 'NONE',  ( 3.318549402951118665, -1.816185838624080340, 14.60423681068757240 ) ) ;
#4156 = CARTESIAN_POINT ( 'NONE',  ( -4.076582343749999282, 0.000000000000000000, 25.50312500170704055 ) ) ;
#4157 = CARTESIAN_POINT ( 'NONE',  ( -2.404163056034260837, -2.404163056034261725, 26.20624999999998295 ) ) ;
#4158 = CARTESIAN_POINT ( 'NONE',  ( 2.326144161231519902, -2.479736916643697331, 19.01268529735875035 ) ) ;
#4159 = CARTESIAN_POINT ( 'NONE',  ( -2.496186759367026028E-16, 4.076582343749999282, 21.44062500170697660 ) ) ;
#4160 = EDGE_CURVE ( 'NONE', #4367, #3425, #2179, .T. ) ;
#4161 = CARTESIAN_POINT ( 'NONE',  ( -2.562121365571229159, 2.245941165912495041, 18.40616172008780538 ) ) ;
#4162 = CARTESIAN_POINT ( 'NONE',  ( -2.442427144744819589, -2.365912838251968964, 19.95305536741656383 ) ) ;
#4163 = CARTESIAN_POINT ( 'NONE',  ( -2.404163056034261725, 2.404163056034261725, 23.70625000341397026 ) ) ;
#4164 = CARTESIAN_POINT ( 'NONE',  ( -1.517943359928457525, 3.042629590267441841, 17.07991731455652484 ) ) ;
#4165 = CARTESIAN_POINT ( 'NONE',  ( -0.8803532664273504560, -3.284315320463125687, 25.06100367789353456 ) ) ;
#4166 = CARTESIAN_POINT ( 'NONE',  ( -2.681169974946655099, 2.090772002262454077, 14.97999999999610310 ) ) ;
#4167 = CARTESIAN_POINT ( 'NONE',  ( 2.563985796555321883, -3.180406372474579690, 25.97658234374997832 ) ) ;
#4168 = CARTESIAN_POINT ( 'NONE',  ( 2.882579019330974379, -2.882579019330973491, 23.62812500170697660 ) ) ;
#4169 = CARTESIAN_POINT ( 'NONE',  ( -3.399999999999999911, 0.000000000000000000, 16.36250000341396671 ) ) ;
#4170 = ORIENTED_EDGE ( 'NONE', *, *, #3872, .T. ) ;
#4171 = VERTEX_POINT ( 'NONE', #1382 ) ;
#4172 = CARTESIAN_POINT ( 'NONE',  ( 1.688575694911948366, 4.076582343749999282, 26.51875000170698016 ) ) ;
#4173 = CARTESIAN_POINT ( 'NONE',  ( -1.688575694911948810, 4.076582343749999282, 16.67500000170697660 ) ) ;
#4174 = CARTESIAN_POINT ( 'NONE',  ( 2.404163056034261725, -2.404163056034261281, 23.08125000341396671 ) ) ;
#4175 = ORIENTED_EDGE ( 'NONE', *, *, #2196, .T. ) ;
#4176 = CARTESIAN_POINT ( 'NONE',  ( 3.400000000000000355, -2.607082242146360920E-09, 15.73750000327004273 ) ) ;
#4177 = CARTESIAN_POINT ( 'NONE',  ( -2.496186759367010251E-16, 4.076582343749975301, 15.34687500170699082 ) ) ;
#4178 = CARTESIAN_POINT ( 'NONE',  ( 1.149643307444289109, -3.199742006170454456, 21.43087638319055799 ) ) ;
#4179 = CARTESIAN_POINT ( 'NONE',  ( 1.110608113621382564, -3.213539952782382692, 23.92839416832448407 ) ) ;
#4180 = CARTESIAN_POINT ( 'NONE',  ( 3.001662915113989527, 1.598107562127928816, 24.27275586506108951 ) ) ;
#4181 = CARTESIAN_POINT ( 'NONE',  ( -3.182451949828925208, -2.474867044663764837, 14.35541424542421929 ) ) ;
#4182 = CARTESIAN_POINT ( 'NONE',  ( 4.076582343749999282, 1.688575694911949254, 22.45625000170704411 ) ) ;
#4183 = CARTESIAN_POINT ( 'NONE',  ( 2.404163056034261725, -2.404163056034261281, 26.51874999999998295 ) ) ;
#4184 = CARTESIAN_POINT ( 'NONE',  ( 3.399870080589771693, -0.03005852275992463782, 19.17332948961485428 ) ) ;
#4185 = CARTESIAN_POINT ( 'NONE',  ( 4.076582343750000170, -1.688575694911947922, 22.30000000170697305 ) ) ;
#4186 = CARTESIAN_POINT ( 'NONE',  ( -2.064109545073673058, 2.701754467405260485, 18.36806639416680653 ) ) ;
#4187 = CARTESIAN_POINT ( 'NONE',  ( 0.5127178534377754282, -3.363302677334701229, 15.14206696251697615 ) ) ;
#4188 = CARTESIAN_POINT ( 'NONE',  ( -2.139412722829070024, 2.642661985929517510, 17.12345863190287076 ) ) ;
#4189 = CARTESIAN_POINT ( 'NONE',  ( 1.883847393424238126, -2.832126802505114949, 25.23005094328244624 ) ) ;
#4190 = CARTESIAN_POINT ( 'NONE',  ( -2.856206903069010927, 1.845298460461640921, 20.93514860900497609 ) ) ;
#4191 = CARTESIAN_POINT ( 'NONE',  ( 1.898392791716742689, -3.617549338593747610, 25.97658234374998898 ) ) ;
#4192 = CARTESIAN_POINT ( 'NONE',  ( -1.688575694911948810, 4.076582343749999282, 21.67500000170698016 ) ) ;
#4193 = CARTESIAN_POINT ( 'NONE',  ( 3.399999999999999911, 4.163799117101000559E-16, 19.48750000341396671 ) ) ;
#4194 = CARTESIAN_POINT ( 'NONE',  ( 0.000000000000000000, 0.000000000000000000, 20.00000000000000000 ) ) ;
#4195 = VERTEX_POINT ( 'NONE', #2864 ) ;
#4196 = CARTESIAN_POINT ( 'NONE',  ( 4.076582343749999282, 4.992373518734052056E-16, 18.78437500170697660 ) ) ;
#4197 = CARTESIAN_POINT ( 'NONE',  ( -2.081899558550500280E-16, 3.399999999999999911, 21.05000000341396671 ) ) ;
#4198 = ORIENTED_EDGE ( 'NONE', *, *, #1534, .F. ) ;
#4199 = DIRECTION ( 'NONE',  ( -0.000000000000000000, -0.000000000000000000, -1.000000000000000000 ) ) ;
#4200 = CARTESIAN_POINT ( 'NONE',  ( 1.220598376743677216, -3.173509682201115290, 21.43541268216983653 ) ) ;
#4201 = CARTESIAN_POINT ( 'NONE',  ( -2.444267100055494968, -2.364012182121423944, 23.70289776095314949 ) ) ;
#4202 = CARTESIAN_POINT ( 'NONE',  ( 1.103623446716017975, 3.216547039104991068, 24.42205062770333157 ) ) ;
#4203 = DIRECTION ( 'NONE',  ( -0.000000000000000000, -0.000000000000000000, -1.000000000000000000 ) ) ;
#4204 =( BOUNDED_SURFACE ( )  B_SPLINE_SURFACE ( 1, 2, ( 
 ( #2624, #1239, #1937, #810, #787, #511, #3019, #76, #2266, #1190, #4183, #3463, #879, #1891, #4157, #4133, #439, #2309, #1550, #1913, #53, #461, #2689, #485, #1528, #3414, #1962, #4473, #4559, #2287, #1624, #97, #1574, #120, #2716, #1166, #3111, #3440, #3757, #2666, #2358, #4513, #2646, #1598, #3394, #4536, #3203, #4658, #2840, #4307, #2232, #2525, #3992, #684, #2592, #3709, #3965, #3272, #1453, #2939, #4730, #2156, #734, #656, #3607, #4062, #3638, #2206, #1860, #364, #4421, #1837, #3318, #3, #870, #801, #822, #2278, #2616, #2259, #3360, #1518, #3009, #4466, #3430, #429, #3075, #1157, #3750, #3385, #3657, #1377, #2545, #2860, #4328, #264, #4014, #1764, #708, #1471, #4352, #1450, #2522, #1810, #2589, #3220, #1406, #2914, #2126, #4059, #4727, #1429, #2887, #3605, #3989, #1737, #3680, #4372, #3246, #4675, #4704, #2936, #2959, #289, #3269, #1044, #1063, #2180, #681, #1020, #2153, #4418, #3635, #3292, #757, #3315, #338, #315, #2500, #1789, #4751, #4397, #1087, #3962, #2566, #4035, #731, #2203, #361, #653, #1834, #4776, #1108, #2228, #1181, #1857, #3747, #4485, #846, #1129, #1950, #1901, #798, #3072, #3337, #4144, #1229, #2703, #23, #1494, #3770 ),
 ( #2321, #1515, #1154, #453, #1927, #4172, #4085, #2256, #87, #66, #1564, #3006, #2637, #3427, #4104, #3383, #2275, #2983, #427, #1541, #3032, #2121, #3308, #2881, #674, #2775, #4521, #1296, #1250, #3474, #3520, #2395, #591, #3496, #2801, #1679, #157, #1225, #2699, #3906, #3167, #3814, #4168, #865, #205, #4618, #2068, #2726, #1998, #522, #888, #497, #1635, #108, #1583, #1321, #2344, #3121, #4268, #3860, #3882, #962, #3068, #1972, #2441, #1610, #4569, #4192, #3448, #129, #3095, #4545, #2369, #3836, #938, #1273, #2749, #4215, #3142, #914, #181, #546, #2021, #1656, #4593, #4244, #2419, #571, #2046, #4666, #1441, #1077, #3547, #985, #1343, #3929, #4363, #2848, #2490, #1801, #1780, #1364, #2141, #4640, #1034, #2824, #4291, #229, #2514, #253, #3979, #4740, #4318, #4717, #1011, #307, #2557, #1703, #3953, #1395, #617, #4026, #3236, #4693, #642, #2091, #2116, #3187, #2169, #2875, #1726, #2466, #3210, #1419, #2926, #3572, #1752, #3594, #4342, #668, #279, #3623, #3258, #4385, #2900, #721, #1055, #2534, #4003, #698, #328, #3648, #3282, #3668, #3737, #3719, #14, #401, #4430, #1485, #350, #36, #789, #2268, #2950, #1871, #419, #1822, #4135, #3693, #1553 ) ),
 .UNSPECIFIED., .F., .F., .F. ) 
 B_SPLINE_SURFACE_WITH_KNOTS ( ( 2, 2 ),
 ( 3, 2, 2, 2, 2, 2, 2, 2, 2, 2, 2, 2, 2, 2, 2, 2, 2, 2, 2, 2, 2, 2, 2, 2, 2, 2, 2, 2, 2, 2, 2, 2, 2, 2, 2, 2, 2, 2, 2, 2, 2, 2, 2, 2, 2, 2, 2, 2, 2, 2, 2, 2, 2, 2, 2, 2, 2, 2, 2, 2, 2, 2, 2, 2, 2, 2, 2, 2, 2, 2, 2, 2, 2, 2, 2, 2, 2, 2, 2, 2, 2, 2, 2, 2, 2, 3 ),
 ( 0.000000000000000000, 1.000000000000000000 ),
 ( 0.000000000000000000, 0.01136363636363636395, 0.02272727272727272790, 0.03409090909090908839, 0.04545454545454545581, 0.05681818181818181629, 0.06818181818181817677, 0.07954545454545454419, 0.09090909090909091161, 0.1022727272727272790, 0.1136363636363636326, 0.1250000000000000000, 0.1363636363636363535, 0.1477272727272727348, 0.1590909090909090884, 0.1704545454545454419, 0.1818181818181818232, 0.1931818181818181768, 0.2045454545454545581, 0.2159090909090909116, 0.2272727272727272652, 0.2386363636363636465, 0.2500000000000000000, 0.2613636363636363535, 0.2727272727272727071, 0.2840909090909091161, 0.2954545454545454697, 0.3068181818181818232, 0.3181818181818181768, 0.3295454545454545303, 0.3409090909090908839, 0.3522727272727272929, 0.3636363636363636465, 0.3750000000000000000, 0.3863636363636363535, 0.3977272727272727071, 0.4090909090909091161, 0.4204545454545454697, 0.4318181818181818232, 0.4431818181818181768, 0.4545454545454545303, 0.4659090909090908839, 0.4772727272727272929, 0.4886363636363636465, 0.5000000000000000000, 0.5113636363636363535, 0.5227272727272727071, 0.5340909090909090606, 0.5454545454545454142, 0.5568181818181817677, 0.5681818181818182323, 0.5795454545454545858, 0.5909090909090909394, 0.6022727272727272929, 0.6136363636363636465, 0.6250000000000000000, 0.6363636363636363535, 0.6477272727272727071, 0.6590909090909090606, 0.6704545454545454142, 0.6818181818181817677, 0.6931818181818182323, 0.7045454545454545858, 0.7159090909090909394, 0.7272727272727272929, 0.7386363636363636465, 0.7500000000000000000, 0.7613636363636363535, 0.7727272727272727071, 0.7840909090909090606, 0.7954545454545454142, 0.8068181818181817677, 0.8181818181818182323, 0.8295454545454545858, 0.8409090909090909394, 0.8522727272727272929, 0.8636363636363636465, 0.8750000000000000000, 0.8863636363636363535, 0.8977272727272727071, 0.9090909090909090606, 0.9204545454545454142, 0.9318181818181817677, 0.9431818181818182323, 0.9454829590608977430, 0.9549377886515066916 ),
 .UNSPECIFIED. ) 
 GEOMETRIC_REPRESENTATION_ITEM ( )  RATIONAL_B_SPLINE_SURFACE ( (
 ( 1.000000000000000000, 0.9238795325112867385, 1.000000000000000000, 0.9238795325112867385, 1.000000000000000000, 0.9238795325112867385, 1.000000000000000000, 0.9238795325112867385, 1.000000000000000000, 0.9238795325112867385, 1.000000000000000000, 0.9238795325112867385, 1.000000000000000000, 0.9238795325112867385, 1.000000000000000000, 0.9238795325112867385, 1.000000000000000000, 0.9238795325112867385, 1.000000000000000000, 0.9238795325112867385, 1.000000000000000000, 0.9238795325112867385, 1.000000000000000000, 0.9238795325112867385, 1.000000000000000000, 0.9238795325112867385, 1.000000000000000000, 0.9238795325112867385, 1.000000000000000000, 0.9238795325112867385, 1.000000000000000000, 0.9238795325112867385, 1.000000000000000000, 0.9238795325112867385, 1.000000000000000000, 0.9238795325112867385, 1.000000000000000000, 0.9238795325112867385, 1.000000000000000000, 0.9238795325112867385, 1.000000000000000000, 0.9238795325112867385, 1.000000000000000000, 0.9238795325112867385, 1.000000000000000000, 0.9238795325112867385, 1.000000000000000000, 0.9238795325112867385, 1.000000000000000000, 0.9238795325112867385, 1.000000000000000000, 0.9238795325112867385, 1.000000000000000000, 0.9238795325112867385, 1.000000000000000000, 0.9238795325112867385, 1.000000000000000000, 0.9238795325112867385, 1.000000000000000000, 0.9238795325112867385, 1.000000000000000000, 0.9238795325112867385, 1.000000000000000000, 0.9238795325112867385, 1.000000000000000000, 0.9238795325112867385, 1.000000000000000000, 0.9238795325112867385, 1.000000000000000000, 0.9238795325112867385, 1.000000000000000000, 0.9238795325112867385, 1.000000000000000000, 0.9238795325112867385, 1.000000000000000000, 0.9238795325112867385, 1.000000000000000000, 0.9238795325112867385, 1.000000000000000000, 0.9238795325112867385, 1.000000000000000000, 0.9238795325112867385, 1.000000000000000000, 0.9238795325112867385, 1.000000000000000000, 0.9238795325112867385, 1.000000000000000000, 0.9238795325112867385, 1.000000000000000000, 0.9238795325112867385, 1.000000000000000000, 0.9238795325112867385, 1.000000000000000000, 0.9238795325112867385, 1.000000000000000000, 0.9238795325112867385, 1.000000000000000000, 0.9238795325112867385, 1.000000000000000000, 0.9238795325112867385, 1.000000000000000000, 0.9238795325112867385, 1.000000000000000000, 0.9238795325112867385, 1.000000000000000000, 0.9238795325112867385, 1.000000000000000000, 0.9238795325112867385, 1.000000000000000000, 0.9238795325112867385, 1.000000000000000000, 0.9238795325112867385, 1.000000000000000000, 0.9238795325112867385, 1.000000000000000000, 0.9238795325112867385, 1.000000000000000000, 0.9238795325112867385, 1.000000000000000000, 0.9238795325112867385, 1.000000000000000000, 0.9238795325112867385, 1.000000000000000000, 0.9238795325112867385, 1.000000000000000000, 0.9238795325112867385, 1.000000000000000000, 0.9238795325112867385, 1.000000000000000000, 0.9238795325112867385, 1.000000000000000000, 0.9238795325112867385, 1.000000000000000000, 0.9238795325112867385, 1.000000000000000000, 0.9238795325112867385, 1.000000000000000000, 0.9238795325112867385, 1.000000000000000000, 0.9238795325112867385, 1.000000000000000000, 0.9238795325112867385, 1.000000000000000000, 0.9238795325112867385, 1.000000000000000000, 0.9238795325112867385, 1.000000000000000000, 0.9238795325112867385, 1.000000000000000000, 0.9238795325112867385, 1.000000000000000000, 0.9238795325112867385, 1.000000000000000000, 0.9238795325112867385, 1.000000000000000000, 0.9238795325112867385, 1.000000000000000000, 0.9238795325112867385, 1.000000000000000000, 0.9238795325112867385, 1.000000000000000000, 0.9238795325112867385, 1.000000000000000000, 0.9238795325112867385, 1.000000000000000000, 0.9238795325112867385, 1.000000000000000000, 0.9845855750863828915, 0.9754140045129016112, 0.9754140045129016112, 0.9754140045129016112),
 ( 1.000000000000000000, 0.9238795325112867385, 1.000000000000000000, 0.9238795325112867385, 1.000000000000000000, 0.9238795325112867385, 1.000000000000000000, 0.9238795325112867385, 1.000000000000000000, 0.9238795325112867385, 1.000000000000000000, 0.9238795325112867385, 1.000000000000000000, 0.9238795325112867385, 1.000000000000000000, 0.9238795325112867385, 1.000000000000000000, 0.9238795325112867385, 1.000000000000000000, 0.9238795325112867385, 1.000000000000000000, 0.9238795325112867385, 1.000000000000000000, 0.9238795325112867385, 1.000000000000000000, 0.9238795325112867385, 1.000000000000000000, 0.9238795325112867385, 1.000000000000000000, 0.9238795325112867385, 1.000000000000000000, 0.9238795325112867385, 1.000000000000000000, 0.9238795325112867385, 1.000000000000000000, 0.9238795325112867385, 1.000000000000000000, 0.9238795325112867385, 1.000000000000000000, 0.9238795325112867385, 1.000000000000000000, 0.9238795325112867385, 1.000000000000000000, 0.9238795325112867385, 1.000000000000000000, 0.9238795325112867385, 1.000000000000000000, 0.9238795325112867385, 1.000000000000000000, 0.9238795325112867385, 1.000000000000000000, 0.9238795325112867385, 1.000000000000000000, 0.9238795325112867385, 1.000000000000000000, 0.9238795325112867385, 1.000000000000000000, 0.9238795325112867385, 1.000000000000000000, 0.9238795325112867385, 1.000000000000000000, 0.9238795325112867385, 1.000000000000000000, 0.9238795325112867385, 1.000000000000000000, 0.9238795325112867385, 1.000000000000000000, 0.9238795325112867385, 1.000000000000000000, 0.9238795325112867385, 1.000000000000000000, 0.9238795325112867385, 1.000000000000000000, 0.9238795325112867385, 1.000000000000000000, 0.9238795325112867385, 1.000000000000000000, 0.9238795325112867385, 1.000000000000000000, 0.9238795325112867385, 1.000000000000000000, 0.9238795325112867385, 1.000000000000000000, 0.9238795325112867385, 1.000000000000000000, 0.9238795325112867385, 1.000000000000000000, 0.9238795325112867385, 1.000000000000000000, 0.9238795325112867385, 1.000000000000000000, 0.9238795325112867385, 1.000000000000000000, 0.9238795325112867385, 1.000000000000000000, 0.9238795325112867385, 1.000000000000000000, 0.9238795325112867385, 1.000000000000000000, 0.9238795325112867385, 1.000000000000000000, 0.9238795325112867385, 1.000000000000000000, 0.9238795325112867385, 1.000000000000000000, 0.9238795325112867385, 1.000000000000000000, 0.9238795325112867385, 1.000000000000000000, 0.9238795325112867385, 1.000000000000000000, 0.9238795325112867385, 1.000000000000000000, 0.9238795325112867385, 1.000000000000000000, 0.9238795325112867385, 1.000000000000000000, 0.9238795325112867385, 1.000000000000000000, 0.9238795325112867385, 1.000000000000000000, 0.9238795325112867385, 1.000000000000000000, 0.9238795325112867385, 1.000000000000000000, 0.9238795325112867385, 1.000000000000000000, 0.9238795325112867385, 1.000000000000000000, 0.9238795325112867385, 1.000000000000000000, 0.9238795325112867385, 1.000000000000000000, 0.9238795325112867385, 1.000000000000000000, 0.9238795325112867385, 1.000000000000000000, 0.9238795325112867385, 1.000000000000000000, 0.9238795325112867385, 1.000000000000000000, 0.9238795325112867385, 1.000000000000000000, 0.9238795325112867385, 1.000000000000000000, 0.9238795325112867385, 1.000000000000000000, 0.9238795325112867385, 1.000000000000000000, 0.9238795325112867385, 1.000000000000000000, 0.9238795325112867385, 1.000000000000000000, 0.9238795325112867385, 1.000000000000000000, 0.9238795325112867385, 1.000000000000000000, 0.9238795325112867385, 1.000000000000000000, 0.9238795325112867385, 1.000000000000000000, 0.9238795325112867385, 1.000000000000000000, 0.9238795325112867385, 1.000000000000000000, 0.9238795325112867385, 1.000000000000000000, 0.9845855750863828915, 0.9754140045129016112, 0.9754140045129016112, 0.9754140045129016112) ) ) 
 REPRESENTATION_ITEM ( '' )  SURFACE ( )  );
#4205 = CARTESIAN_POINT ( 'NONE',  ( -1.688575694911950142, -4.076582343749998394, 23.23750000170703700 ) ) ;
#4206 = CARTESIAN_POINT ( 'NONE',  ( 1.318797552191590894, -3.134031797336652492, 18.94175075196673674 ) ) ;
#4207 = CARTESIAN_POINT ( 'NONE',  ( -4.076582343749999282, 0.000000000000000000, 21.75312500170697660 ) ) ;
#4208 = CARTESIAN_POINT ( 'NONE',  ( -1.480873947222430154, 3.060642451081981186, 18.32744716234569182 ) ) ;
#4209 = CARTESIAN_POINT ( 'NONE',  ( -2.106810751977982843, -2.668585483889051702, 19.97882113890811695 ) ) ;
#4210 = CARTESIAN_POINT ( 'NONE',  ( 3.267886448769552032, -0.9388556505949468001, 15.36988051042100167 ) ) ;
#4211 = CARTESIAN_POINT ( 'NONE',  ( -2.049593600030216400, -2.713401526783143503, 24.98311793795369340 ) ) ;
#4212 = CARTESIAN_POINT ( 'NONE',  ( -3.379778412214403449, 0.3702712619672992589, 21.02899763765573482 ) ) ;
#4213 = CARTESIAN_POINT ( 'NONE',  ( -2.074831584018618447, 2.693559226062766765, 22.11879737823780090 ) ) ;
#4214 = CARTESIAN_POINT ( 'NONE',  ( -2.137992851136929939, 2.643812964756502737, 23.37324018204648368 ) ) ;
#4215 = CARTESIAN_POINT ( 'NONE',  ( -1.688575694911949698, -4.076582343749998394, 20.89375000170698016 ) ) ;
#4216 = CARTESIAN_POINT ( 'NONE',  ( -2.404163056034261725, 2.404163056034261725, 13.70625000341396671 ) ) ;
#4217 = VERTEX_POINT ( 'NONE', #243 ) ;
#4218 = ORIENTED_EDGE ( 'NONE', *, *, #3426, .T. ) ;
#4219 = B_SPLINE_CURVE_WITH_KNOTS ( 'NONE', 3,
 ( #2314, #1193, #2269, #1848, #1531, #2973, #4495, #790, #2670, #3304, #2628, #4098, #1486, #351, #814, #3738, #2580, #4431, #2951, #3694, #4765, #4048, #4410, #747, #1171, #1121, #4073, #3397, #3373, #2603, #420, #1464, #57, #1100, #2218, #377, #3023, #3329, #4477, #1554, #771, #15, #2650, #4118, #2248, #2291, #3761, #3720, #443, #402, #1872, #3350, #1917, #80, #1508, #37, #1146, #3041, #2998, #4456, #4136, #2795, #2041, #3418, #540, #515, #1602, #3467, #883, #3089, #102, #1628, #2387, #2015, #1218, #4563, #4587, #2693, #3784, #491, #3161, #4209, #2413, #2362, #198, #1266, #907, #3877, #4162, #2336, #2178, #2982, #3988, #679, #4703, #2101, #576, #2053, #4300, #3939, #3556, #2477, #627, #239, #1712, #3196, #4327, #652, #1405, #1019, #3581, #4650, #263, #1736, #3219 ),
 .UNSPECIFIED., .F., .F.,
 ( 4, 2, 2, 2, 2, 2, 2, 2, 2, 1, 1, 2, 2, 2, 1, 1, 2, 2, 2, 2, 2, 2, 2, 2, 2, 2, 2, 1, 1, 1, 2, 2, 2, 1, 2, 2, 2, 2, 2, 1, 2, 2, 2, 2, 2, 2, 2, 1, 1, 2, 1, 2, 2, 2, 2, 2, 2, 2, 2, 2, 2, 1, 1, 1, 4 ),
 ( 0.4724946962258292915, 0.4762797046779566612, 0.4781722089040203461, 0.4791184610170522440, 0.4800647131300840864, 0.4838497215822114561, 0.4857422258082751410, 0.4862153518647910899, 0.4864519148930490644, 0.4866884779213069834, 0.4876347300343388258, 0.4895272342604025662, 0.4896455157745315256, 0.4897046565315960054, 0.4897637972886605406, 0.4900003603169185151, 0.4904734863734345751, 0.4914197384864666396, 0.4923659905994987041, 0.4928391166560147085, 0.4930756796842727385, 0.4933122427125307685, 0.4952047469385948975, 0.4989897553907230998, 0.4999360075037551643, 0.4999951482608196995, 0.5000542890178841793, 0.5001725705320131388, 0.5004091335602711688, 0.5008822596167872288, 0.5027747638428512467, 0.5037210159558832556, 0.5039575789841412856, 0.5041941420123993156, 0.5046672680689152646, 0.5065597722949793935, 0.5075060244080114025, 0.5077425874362694325, 0.5078608689503983920, 0.5079791504645273514, 0.5084522765210434114, 0.5103447807471074293, 0.5141297891992354652, 0.5150760413122674741, 0.5155491673687835341, 0.5156083081258480139, 0.5156674488829124936, 0.5157857303970414531, 0.5160222934252992610, 0.5179147976513623908, 0.5188610497643938446, 0.5193341758209095715, 0.5195707388491674905, 0.5198073018774254095, 0.5216998061034884282, 0.5226460582165198820, 0.5235923103295514469, 0.5254848145556144656, 0.5292698230077405031, 0.5311623272338036328, 0.5312806087479324813, 0.5313988902620614407, 0.5316354532903193597, 0.5321085793468350866, 0.5330548314598665405 ),
 .UNSPECIFIED. ) ;
#4220 = CARTESIAN_POINT ( 'NONE',  ( 1.688575694911950809, -4.076582343749998394, 24.64375000170698016 ) ) ;
#4221 = VECTOR ( 'NONE', #3491, 1000.000000000000000 ) ;
#4222 = CARTESIAN_POINT ( 'NONE',  ( 0.000000000000000000, 0.000000000000000000, 0.000000000000000000 ) ) ;
#4223 = EDGE_LOOP ( 'NONE', ( #2274, #1616, #314, #3191 ) ) ;
#4224 = ADVANCED_FACE ( 'NONE', ( #4708 ), #597, .F. ) ;
#4225 = CARTESIAN_POINT ( 'NONE',  ( 2.404163056034261725, -2.404163056034261281, 15.58125000341396671 ) ) ;
#4226 = CARTESIAN_POINT ( 'NONE',  ( -3.348884900821505362, 1.836534481073295755, 25.71187205669009046 ) ) ;
#4227 = LINE ( 'NONE', #291, #3015 ) ;
#4228 = CARTESIAN_POINT ( 'NONE',  ( -1.524385548611339791, -3.039131085939987376, 21.26964472438963938 ) ) ;
#4229 = CARTESIAN_POINT ( 'NONE',  ( 1.219725950879033904, -3.174704161313712802, 23.93533868324490044 ) ) ;
#4230 = CARTESIAN_POINT ( 'NONE',  ( 3.256488215158410249, 1.021250500135100214, 24.23496110053095265 ) ) ;
#4231 = CIRCLE ( 'NONE', #4308, 21.00000000000000000 ) ;
#4232 = CARTESIAN_POINT ( 'NONE',  ( 0.8281419796937664612, -3.801666414808054117, 14.49617938995266364 ) ) ;
#4233 = CIRCLE ( 'NONE', #3382, 21.00000000000000000 ) ;
#4234 = CARTESIAN_POINT ( 'NONE',  ( -4.076582343749998394, -1.688575694911951253, 21.83125000170704411 ) ) ;
#4235 = CARTESIAN_POINT ( 'NONE',  ( 1.202613473820249190, -3.180314395957707596, 18.93426007059776950 ) ) ;
#4236 = CARTESIAN_POINT ( 'NONE',  ( -4.076582343749999282, 1.688575694911948588, 17.92500000170698016 ) ) ;
#4237 = CARTESIAN_POINT ( 'NONE',  ( -0.8293461411025598862, 3.297299753119547372, 18.28586672493708321 ) ) ;
#4238 = CARTESIAN_POINT ( 'NONE',  ( -1.727615715445951716, -2.931711449116529700, 15.00605594833489675 ) ) ;
#4239 = EDGE_CURVE ( 'NONE', #1687, #916, #4302, .T. ) ;
#4240 = CARTESIAN_POINT ( 'NONE',  ( -2.136297354325646047, -2.645069278341111385, 24.97664492084299326 ) ) ;
#4241 = CARTESIAN_POINT ( 'NONE',  ( -1.279834379312514203, 3.150819154240052544, 20.81423898919866389 ) ) ;
#4242 = CARTESIAN_POINT ( 'NONE',  ( -0.1430184013061260306, 3.396992901574224177, 21.99550305324610733 ) ) ;
#4243 = CARTESIAN_POINT ( 'NONE',  ( -2.940739290230197422, 1.706529382380297832, 23.44477977451705542 ) ) ;
#4244 = CARTESIAN_POINT ( 'NONE',  ( 1.688575694911948366, 4.076582343749999282, 20.26875000170697660 ) ) ;
#4245 = CARTESIAN_POINT ( 'NONE',  ( 2.404163056034261725, -2.404163056034261281, 14.33125000341396671 ) ) ;
#4246 = ORIENTED_EDGE ( 'NONE', *, *, #4256, .T. ) ;
#4247 = VERTEX_POINT ( 'NONE', #4442 ) ;
#4248 = CARTESIAN_POINT ( 'NONE',  ( -1.688575694911949698, -4.076582343749998394, 14.64375000170697660 ) ) ;
#4249 = CARTESIAN_POINT ( 'NONE',  ( 1.408326112068522873, 3.400000000000000355, 20.97187500341397026 ) ) ;
#4250 = CARTESIAN_POINT ( 'NONE',  ( 0.05061919450890682570, -4.076582343749975301, 25.97421699003652051 ) ) ;
#4251 = ORIENTED_EDGE ( 'NONE', *, *, #1153, .T. ) ;
#4252 = CARTESIAN_POINT ( 'NONE',  ( 3.686873124411161662, 0.3647294046875022566, 14.67972251938209105 ) ) ;
#4253 = CARTESIAN_POINT ( 'NONE',  ( -3.399999999999999023, -1.408326112068525537, 20.19062500341397026 ) ) ;
#4254 = CARTESIAN_POINT ( 'NONE',  ( -3.177434317589681978, -1.210755604064529090, 21.12223520289323631 ) ) ;
#4255 = CARTESIAN_POINT ( 'NONE',  ( -3.255916844134942423, -0.9793086246181438304, 23.60763657249011160 ) ) ;
#4256 = EDGE_CURVE ( 'NONE', #1059, #2173, #1132, .T. ) ;
#4257 = CARTESIAN_POINT ( 'NONE',  ( 1.179947087016450347, -3.188702138088167271, 16.43281111566506780 ) ) ;
#4258 = CARTESIAN_POINT ( 'NONE',  ( -3.809764390403972634, -1.485466062775340657, 14.31828246730502485 ) ) ;
#4259 = CARTESIAN_POINT ( 'NONE',  ( -2.882579019330973047, -2.882579019330974379, 23.15937500170704055 ) ) ;
#4260 = CARTESIAN_POINT ( 'NONE',  ( -0.1938527671746212155, -3.394469632779562485, 18.85161915880103578 ) ) ;
#4261 = CARTESIAN_POINT ( 'NONE',  ( 4.076582343749999282, 1.688575694911949254, 14.95625000170698016 ) ) ;
#4262 = CARTESIAN_POINT ( 'NONE',  ( 4.300000000000015810, 0.000000000000000000, 26.20000000000000284 ) ) ;
#4263 = CARTESIAN_POINT ( 'NONE',  ( 1.800437686688751260, 2.884201999687855622, 18.12580836548074004 ) ) ;
#4264 = CARTESIAN_POINT ( 'NONE',  ( -2.537665846333761355, 2.262851746208837334, 22.15465583842495079 ) ) ;
#4265 = CARTESIAN_POINT ( 'NONE',  ( -2.401797605559586213, -2.411324494673719787, 24.95643656240140373 ) ) ;
#4266 = CARTESIAN_POINT ( 'NONE',  ( 0.6302625572228028883, 3.341191007777336797, 20.70119483733471100 ) ) ;
#4267 = CARTESIAN_POINT ( 'NONE',  ( 1.863121062707857378, 2.844162651757900839, 23.12132618722852584 ) ) ;
#4268 = CARTESIAN_POINT ( 'NONE',  ( 2.882579019330974379, -2.882579019330973491, 22.37812500170697660 ) ) ;
#4269 =( BOUNDED_CURVE ( )  B_SPLINE_CURVE ( 2, ( #2834, #2127, #190, #1663, #4301, #3914, #996, #4253, #3530, #1021, #1307 ),
 .UNSPECIFIED., .F., .F. ) 
 B_SPLINE_CURVE_WITH_KNOTS ( ( 3, 2, 2, 2, 2, 3 ),
 ( 0.4326793268641046519, 0.4446981948198827084, 0.4567170649501497426, 0.4687359350804167768, 0.4807548052106838110, 0.4807548796838704286 ),
 .UNSPECIFIED. ) 
 CURVE ( )  GEOMETRIC_REPRESENTATION_ITEM ( )  RATIONAL_B_SPLINE_CURVE ( ( 1.000000000000000000, 0.9238795325112867385, 1.000000000000000000, 0.9238795325112867385, 1.000000000000000000, 0.9238795325112867385, 1.000000000000000000, 0.9238795325112867385, 1.000000000000000000, 0.9999995283305569416, 0.9999990566669592074 ) ) 
 REPRESENTATION_ITEM ( '' )  );
#4270 = CARTESIAN_POINT ( 'NONE',  ( 1.408326112068522873, 3.400000000000000355, 15.97187500341396671 ) ) ;
#4271 = ORIENTED_EDGE ( 'NONE', *, *, #3031, .T. ) ;
#4272 = CARTESIAN_POINT ( 'NONE',  ( 2.882579019330973491, 2.882579019330973935, 25.03437500170697660 ) ) ;
#4273 = CARTESIAN_POINT ( 'NONE',  ( -3.384690708777302603, -0.3222926996930852717, 17.31823047579076658 ) ) ;
#4274 = ORIENTED_EDGE ( 'NONE', *, *, #3818, .T. ) ;
#4275 = CARTESIAN_POINT ( 'NONE',  ( 2.373851704842444121, 2.719380665024310861, 14.77496781610661714 ) ) ;
#4276 = CARTESIAN_POINT ( 'NONE',  ( -3.123288463553177685, -1.773936481012703181, 14.79842859785513376 ) ) ;
#4277 = DIRECTION ( 'NONE',  ( -1.000000000000000000, 1.224646799147352961E-16, 0.000000000000000000 ) ) ;
#4278 = CARTESIAN_POINT ( 'NONE',  ( 14.99999999999999822, 13.07707918458857499, 22.70696767564226803 ) ) ;
#4279 = DIRECTION ( 'NONE',  ( 0.000000000000000000, 0.000000000000000000, 1.000000000000000000 ) ) ;
#4280 = CARTESIAN_POINT ( 'NONE',  ( -0.9465617241556866235, 3.266125097799740473, 15.79311220157338447 ) ) ;
#4281 = EDGE_CURVE ( 'NONE', #1977, #3652, #529, .T. ) ;
#4282 = CARTESIAN_POINT ( 'NONE',  ( -2.496186759367026028E-16, 4.076582343749999282, 20.19062500170704411 ) ) ;
#4283 = CARTESIAN_POINT ( 'NONE',  ( -1.592010892296299884, -3.004416175884359053, 18.76509679579019263 ) ) ;
#4284 = CARTESIAN_POINT ( 'NONE',  ( -2.496186759367026028E-16, 4.076582343749999282, 13.94062500170697660 ) ) ;
#4285 = CARTESIAN_POINT ( 'NONE',  ( 2.574522808514473127, 2.223359510332226563, 18.06722798050688183 ) ) ;
#4286 = CARTESIAN_POINT ( 'NONE',  ( -3.242013022274050194, 1.027577817958899686, 22.23936458013080042 ) ) ;
#4287 = CARTESIAN_POINT ( 'NONE',  ( -3.343337010174355139, -0.6479306814776102375, 24.83748292432260385 ) ) ;
#4288 = CARTESIAN_POINT ( 'NONE',  ( 0.3225565284224008455, 3.385775319016001816, 20.71915673124702195 ) ) ;
#4289 = CARTESIAN_POINT ( 'NONE',  ( 0.4513681181119432728, 3.377166138862813138, 21.96163050328710753 ) ) ;
#4290 = CARTESIAN_POINT ( 'NONE',  ( 2.386526820221603451, 2.421714893833882609, 23.08263058676904933 ) ) ;
#4291 = CARTESIAN_POINT ( 'NONE',  ( 2.882579019330974379, -2.882579019330973491, 18.62812500170697660 ) ) ;
#4292 = CARTESIAN_POINT ( 'NONE',  ( -4.076582343749999282, 1.688575694911948588, 16.67500000170697660 ) ) ;
#4293 = CARTESIAN_POINT ( 'NONE',  ( 2.562282341705913513, -2.246252176969163461, 22.78126231155058434 ) ) ;
#4294 = CARTESIAN_POINT ( 'NONE',  ( -1.408326112068523317, 3.400000000000000355, 16.12812500341396671 ) ) ;
#4295 = EDGE_LOOP ( 'NONE', ( #1151, #1706, #3866, #1856, #891 ) ) ;
#4296 = CARTESIAN_POINT ( 'NONE',  ( -4.076582343749998394, -1.688575694911951253, 14.48750000170697660 ) ) ;
#4297 = CARTESIAN_POINT ( 'NONE',  ( -2.499073081430581045, -2.306485500337675631, 17.44846587944444138 ) ) ;
#4298 = ORIENTED_EDGE ( 'NONE', *, *, #3863, .T. ) ;
#4299 = CARTESIAN_POINT ( 'NONE',  ( -2.190989786002632389, 2.640653192087741186, 14.95369223321666219 ) ) ;
#4300 = CARTESIAN_POINT ( 'NONE',  ( -2.845349162769787554, -1.862600581536525635, 19.91609391524415429 ) ) ;
#4301 = CARTESIAN_POINT ( 'NONE',  ( 6.245698675651500839E-16, -3.399999999999999911, 20.42500000341397026 ) ) ;
#4302 = B_SPLINE_CURVE_WITH_KNOTS ( 'NONE', 3,
 ( #2105, #1410, #973, #4332, #605, #3224, #2527, #4607, #1331, #2837, #2057, #3993, #4654, #1355, #3560, #3533, #3200, #192, #3609, #4304, #3176, #2130, #2430, #2892, #999, #2481, #4355, #1311, #2504, #685, #2158, #2788, #4257, #3585, #3943, #632, #269, #4680, #3894, #3967, #1692, #951, #217, #659, #294, #4629, #1838, #1090, #1455, #319, #1474, #2233, #3710, #4376, #3320, #390, #1792, #802, #341, #3010, #2962, #1861, #735, #2986, #3639, #4088, #3273, #4731, #1068, #2183, #26, #2548, #4422, #2261, #1111, #1519, #4467, #4017, #3660, #1883, #711, #1158, #1813, #3362, #1433, #2941, #2207, #4038, #4400, #3295, #3683, #2917, #4754, #3729, #2569, #365, #2640, #2593, #2617, #412, #5, #45, #4063, #760, #3340, #4107, #1497 ),
 .UNSPECIFIED., .F., .F.,
 ( 4, 2, 2, 2, 2, 1, 1, 2, 2, 2, 2, 2, 1, 1, 2, 2, 2, 1, 2, 2, 1, 2, 2, 2, 2, 2, 1, 1, 2, 2, 2, 2, 2, 2, 1, 2, 2, 2, 2, 2, 1, 2, 1, 1, 2, 2, 1, 2, 2, 2, 2, 1, 1, 2, 2, 1, 2, 2, 1, 2, 2, 4 ),
 ( 0.8358645443688327292, 0.8396495928153289157, 0.8434346412618251021, 0.8436712067897310652, 0.8437894895536840467, 0.8439077723176371393, 0.8443809033734490654, 0.8453271654850731398, 0.8472196897083211775, 0.8510047381548173639, 0.8514778692106292901, 0.8515961519745823827, 0.8517144347385353642, 0.8519510002664413273, 0.8528972623780654017, 0.8547897866013133283, 0.8585748350478094038, 0.8590479661036213299, 0.8592845316315274040, 0.8594028143954803856, 0.8595210971594333671, 0.8604673592710573304, 0.8623598834943053681, 0.8661449319408013325, 0.8670911940524252959, 0.8672094768163782774, 0.8673277595803312590, 0.8675643251082373331, 0.8680374561640492592, 0.8699299803872972969, 0.8737150288337931503, 0.8746612909454172247, 0.8748978564733231877, 0.8750161392372761693, 0.8751344220012291508, 0.8756075530570411880, 0.8775000772802892257, 0.8784463393919131891, 0.8786829049198192632, 0.8789194704477252262, 0.8793926015035372634, 0.8812851257267853011, 0.8822313878384093755, 0.8827045188942214127, 0.8827636602761979034, 0.8828228016581743942, 0.8829410844221273758, 0.8831776499500334499, 0.8850701741732819317, 0.8888552226197787842, 0.8898014847314030806, 0.8902746157872152288, 0.8905111813151211919, 0.8905703226970977937, 0.8906294640790742845, 0.8907477468430272660, 0.8926402710662757478, 0.8935865331779000442, 0.8940596642337120814, 0.8942962297616181555, 0.8945327952895242296, 0.8964253195127727114 ),
 .UNSPECIFIED. ) ;
#4303 = DIRECTION ( 'NONE',  ( -0.000000000000000000, -0.000000000000000000, 1.000000000000000000 ) ) ;
#4304 = CARTESIAN_POINT ( 'NONE',  ( 2.340438209327358798, -2.466249867923516526, 16.51378838168857399 ) ) ;
#4305 = CARTESIAN_POINT ( 'NONE',  ( -0.4151478337628894955, 3.376143095188182119, 15.76108397735373856 ) ) ;
#4306 = CARTESIAN_POINT ( 'NONE',  ( -2.496186759367026028E-16, 4.076582343749999282, 17.69062500170704055 ) ) ;
#4307 = CARTESIAN_POINT ( 'NONE',  ( -3.400000000000000355, 1.408326112068523095, 23.47187499999998295 ) ) ;
#4308 = AXIS2_PLACEMENT_3D ( 'NONE', #3558, #1714, #4277 ) ;
#4309 = CARTESIAN_POINT ( 'NONE',  ( -1.688575694911948810, 4.076582343749999282, 15.26875000170697660 ) ) ;
#4310 = CARTESIAN_POINT ( 'NONE',  ( -3.399999999999999023, -1.408326112068525537, 23.94062500341396671 ) ) ;
#4311 = CARTESIAN_POINT ( 'NONE',  ( 0.5190079174952264562, 3.360154543511301828, 18.20779235949145303 ) ) ;
#4312 = CARTESIAN_POINT ( 'NONE',  ( -3.361096264428332869, 0.5153524378831270125, 22.27059605378236640 ) ) ;
#4313 = VECTOR ( 'NONE', #1436, 1000.000000000000000 ) ;
#4314 = CARTESIAN_POINT ( 'NONE',  ( -3.399999999994355537, 4.334172148360040799E-06, 24.79991971457359412 ) ) ;
#4315 = ADVANCED_FACE ( 'NONE', ( #3455 ), #3051, .F. ) ;
#4316 = CARTESIAN_POINT ( 'NONE',  ( 2.315991515521348187, 2.489448356513049632, 20.58809597325083729 ) ) ;
#4317 = CARTESIAN_POINT ( 'NONE',  ( -0.8089655497774321802, 3.302359163786258822, 23.28461986956140706 ) ) ;
#4318 = CARTESIAN_POINT ( 'NONE',  ( -4.076582343749999282, 0.000000000000000000, 18.15937500170697660 ) ) ;
#4319 = CARTESIAN_POINT ( 'NONE',  ( 1.408326112068522873, 3.400000000000000355, 13.47187500341396671 ) ) ;
#4320 = CARTESIAN_POINT ( 'NONE',  ( 0.000000000000000000, 0.000000000000000000, 28.80000000000000071 ) ) ;
#4321 = EDGE_LOOP ( 'NONE', ( #261, #4175, #2678, #1303 ) ) ;
#4322 = CARTESIAN_POINT ( 'NONE',  ( -2.882579019330973935, 2.882579019330973935, 25.34687500170697660 ) ) ;
#4323 = CARTESIAN_POINT ( 'NONE',  ( -0.8865659351652318554, -3.282384699330396227, 17.56061702153695947 ) ) ;
#4324 = DIRECTION ( 'NONE',  ( -0.000000000000000000, -0.000000000000000000, 1.000000000000000000 ) ) ;
#4325 = ORIENTED_EDGE ( 'NONE', *, *, #467, .T. ) ;
#4326 = DIRECTION ( 'NONE',  ( -0.000000000000000000, -0.000000000000000000, 1.000000000000000000 ) ) ;
#4327 = CARTESIAN_POINT ( 'NONE',  ( -3.381905641862744005, -0.3520394287029663949, 19.81994915422231784 ) ) ;
#4328 = CARTESIAN_POINT ( 'NONE',  ( -2.404163056034260837, -2.404163056034261725, 19.95624999999998295 ) ) ;
#4329 = CARTESIAN_POINT ( 'NONE',  ( -2.331566304175987536, -2.541306764218230096, 14.94222090375077094 ) ) ;
#4330 = CARTESIAN_POINT ( 'NONE',  ( -3.241994429318492799, -1.024569296634883164, 21.11046579387460653 ) ) ;
#4331 = CARTESIAN_POINT ( 'NONE',  ( 3.399999999999386180, 2.042942556961062808E-06, 21.98750011674260207 ) ) ;
#4332 = CARTESIAN_POINT ( 'NONE',  ( 3.321806492508090347, -0.7574701087699663438, 16.63104020413177864 ) ) ;
#4333 = CARTESIAN_POINT ( 'NONE',  ( -0.1569150417331612590, 3.396382454751624813, 15.74628776736374647 ) ) ;
#4334 = CARTESIAN_POINT ( 'NONE',  ( -1.688575694911948810, 4.076582343749999282, 17.76875000170703700 ) ) ;
#4335 = CARTESIAN_POINT ( 'NONE',  ( 1.688575694911948366, 4.076582343749999282, 17.61250000170698016 ) ) ;
#4336 = CARTESIAN_POINT ( 'NONE',  ( -4.032352475016284465, -0.6935711334055043586, 14.30341765624999972 ) ) ;
#4337 = CARTESIAN_POINT ( 'NONE',  ( 2.389382256476742405, 2.419049880930687291, 18.08240734315354814 ) ) ;
#4338 = CARTESIAN_POINT ( 'NONE',  ( -1.242450931502237399, -3.165851076787761453, 15.03822338605277587 ) ) ;
#4339 = CARTESIAN_POINT ( 'NONE',  ( -3.367454955786786996, 0.4707146481634381097, 19.77322253041996447 ) ) ;
#4340 = CARTESIAN_POINT ( 'NONE',  ( -1.529928463432336017, 3.037811432697534286, 20.83069068270225443 ) ) ;
#4341 = CARTESIAN_POINT ( 'NONE',  ( 3.125721584278706278, 1.341012112531471345, 23.00562073820677966 ) ) ;
#4342 = CARTESIAN_POINT ( 'NONE',  ( 2.882579019330974379, -2.882579019330973491, 16.12812500170697660 ) ) ;
#4343 = CARTESIAN_POINT ( 'NONE',  ( -4.076582343749998394, -1.688575694911951253, 14.33125000170697838 ) ) ;
#4344 = CARTESIAN_POINT ( 'NONE',  ( -0.1221613152795503754, -3.398384005852213008, 22.60543936302887857 ) ) ;
#4345 = CARTESIAN_POINT ( 'NONE',  ( 14.99999999999999822, 9.767804256842985922, 25.95470053837924951 ) ) ;
#4346 = ORIENTED_EDGE ( 'NONE', *, *, #2196, .F. ) ;
#4347 = CARTESIAN_POINT ( 'NONE',  ( -4.076582343749999282, 0.000000000000000000, 20.50312500170698016 ) ) ;
#4348 = CARTESIAN_POINT ( 'NONE',  ( -2.235035029507215221, -2.564816681401849152, 17.46931390056713340 ) ) ;
#4349 = CARTESIAN_POINT ( 'NONE',  ( -4.076582343749974413, -1.688575694911941039, 24.48750000170698726 ) ) ;
#4350 = VERTEX_POINT ( 'NONE', #3772 ) ;
#4351 = CARTESIAN_POINT ( 'NONE',  ( 0.000000000000000000, 0.000000000000000000, 0.000000000000000000 ) ) ;
#4352 = CARTESIAN_POINT ( 'NONE',  ( -2.081899558550500280E-16, 3.399999999999999911, 19.48749999999998295 ) ) ;
#4353 = CARTESIAN_POINT ( 'NONE',  ( -1.688575694911949698, -4.076582343749998394, 23.39375000170697660 ) ) ;
#4354 = CARTESIAN_POINT ( 'NONE',  ( 7.344863728670905090, 0.000000000000000000, 28.80000000000000071 ) ) ;
#4355 = CARTESIAN_POINT ( 'NONE',  ( 2.087745855728722066, -2.685521716062395647, 16.49462162845593127 ) ) ;
#4356 = CARTESIAN_POINT ( 'NONE',  ( -3.355609870799356909, 0.5595627988769437122, 16.01776788045614808 ) ) ;
#4357 = CARTESIAN_POINT ( 'NONE',  ( 7.488560278101077592E-16, -4.076582343749999282, 17.06562500170703700 ) ) ;
#4358 = CARTESIAN_POINT ( 'NONE',  ( 14.99999999999999822, -10.81158786186194298, 25.62837945167367337 ) ) ;
#4359 = CARTESIAN_POINT ( 'NONE',  ( -0.1557090040848591039, 3.396433977486296829, 18.24621969666379684 ) ) ;
#4360 = CARTESIAN_POINT ( 'NONE',  ( 0.000000000000000000, 0.000000000000000000, 24.79999999999999716 ) ) ;
#4361 = CARTESIAN_POINT ( 'NONE',  ( -15.00000000000000000, 10.57120523719491878, 25.66774219376508270 ) ) ;
#4362 = CARTESIAN_POINT ( 'NONE',  ( -0.8101110814822968242, 3.302078362648521725, 23.28468989649118015 ) ) ;
#4363 = CARTESIAN_POINT ( 'NONE',  ( -4.076582343749999282, 0.000000000000000000, 19.40937500170697660 ) ) ;
#4364 = CARTESIAN_POINT ( 'NONE',  ( 4.080194787184955096, 1.319589794966754770, 13.68910897346653499 ) ) ;
#4365 = CARTESIAN_POINT ( 'NONE',  ( -1.976795513094608436, -2.768107095711987764, 22.48852317741998164 ) ) ;
#4366 = DIRECTION ( 'NONE',  ( 1.000000000000000000, 0.000000000000000000, 0.000000000000000000 ) ) ;
#4367 = VERTEX_POINT ( 'NONE', #1543 ) ;
#4368 = CARTESIAN_POINT ( 'NONE',  ( 4.076582343750000170, -1.688575694911947922, 21.05000000170697660 ) ) ;
#4369 = CARTESIAN_POINT ( 'NONE',  ( -1.710900733685577046, -2.941986216884072469, 17.50742870642640270 ) ) ;
#4370 = CARTESIAN_POINT ( 'NONE',  ( 1.688575694911938152, 4.076582343749975301, 25.26875000170699082 ) ) ;
#4371 = EDGE_LOOP ( 'NONE', ( #2498, #3909, #2778, #3598, #4218, #3101, #2732, #756 ) ) ;
#4372 = CARTESIAN_POINT ( 'NONE',  ( 1.408326112068522873, 3.400000000000000355, 18.15937499999998295 ) ) ;
#4373 = CARTESIAN_POINT ( 'NONE',  ( -1.688575694911948810, 4.076582343749999282, 21.67500000170698016 ) ) ;
#4374 = CARTESIAN_POINT ( 'NONE',  ( 3.324968301032856566, -0.7129380998738397146, 17.88372706490860864 ) ) ;
#4375 = EDGE_CURVE ( 'NONE', #4217, #967, #1923, .T. ) ;
#4376 = CARTESIAN_POINT ( 'NONE',  ( -1.284529883948016149, -3.148894932799076507, 16.28543237619808082 ) ) ;
#4377 = CARTESIAN_POINT ( 'NONE',  ( 1.507187114439349607, 3.049753406982771420, 15.64619034977056344 ) ) ;
#4378 = CARTESIAN_POINT ( 'NONE',  ( -4.076582343749999282, 1.688575694911948588, 17.92500000170704055 ) ) ;
#4379 = CARTESIAN_POINT ( 'NONE',  ( -3.841085515742947987, 1.411654583164191346, 14.30341765624999439 ) ) ;
#4380 = CARTESIAN_POINT ( 'NONE',  ( 3.399999999999996803, 1.435516605562834070E-07, 17.92500000796255932 ) ) ;
#4381 = CONICAL_SURFACE ( 'NONE', #1833, 4.399999999999994138, 0.7853981633974433940 ) ;
#4382 = CARTESIAN_POINT ( 'NONE',  ( -3.385930805317948877, -0.3091799402924333418, 24.81747638549292745 ) ) ;
#4383 = CARTESIAN_POINT ( 'NONE',  ( -15.00000000000000355, 11.83939298790337347, 24.88483505494250636 ) ) ;
#4384 = CARTESIAN_POINT ( 'NONE',  ( 4.076582343749999282, 1.688575694911949254, 24.95625000170697660 ) ) ;
#4385 = CARTESIAN_POINT ( 'NONE',  ( -4.076582343749998394, -1.688575694911951253, 15.73750000170697660 ) ) ;
#4386 = CARTESIAN_POINT ( 'NONE',  ( 4.076582343750000170, -1.688575694911947922, 17.30000000170697660 ) ) ;
#4387 = CARTESIAN_POINT ( 'NONE',  ( -0.7062888091222847553, -3.326862737035911621, 22.57165267005683873 ) ) ;
#4388 = CARTESIAN_POINT ( 'NONE',  ( 0.6892431423279208325, -3.723432848074772483, 25.68009545890786072 ) ) ;
#4389 = AXIS2_PLACEMENT_3D ( 'NONE', #1237, #4203, #2035 ) ;
#4390 = ORIENTED_EDGE ( 'NONE', *, *, #2660, .T. ) ;
#4391 = CARTESIAN_POINT ( 'NONE',  ( 1.171955603003202340, 3.191658503148109727, 16.91769965997045233 ) ) ;
#4392 = CARTESIAN_POINT ( 'NONE',  ( -4.076582343749999282, 0.000000000000000000, 23.00312500170697660 ) ) ;
#4393 = LINE ( 'NONE', #728, #4081 ) ;
#4394 = CARTESIAN_POINT ( 'NONE',  ( 4.076582343749975301, 1.688575694911939040, 22.61250000170699437 ) ) ;
#4395 = ORIENTED_EDGE ( 'NONE', *, *, #3804, .T. ) ;
#4396 = B_SPLINE_CURVE_WITH_KNOTS ( 'NONE', 3,
 ( #560, #4258, #1595, #4181, #2714, #3083, #2686, #877, #193, #929, #3508, #4533, #2356, #2789, #4557, #1285, #4232, #2249, #1211, #3721, #3803, #3827, #1572, #2330, #1873, #4155, #3351, #484, #3131, #1960, #509, #1983 ),
 .UNSPECIFIED., .F., .F.,
 ( 4, 2, 2, 2, 2, 2, 2, 2, 2, 2, 2, 2, 2, 2, 2, 4 ),
 ( 0.000000000000000000, 0.001399102405828817107, 0.002098653608743226637, 0.002798204811657636383, 0.003497756014572045262, 0.004197307217486455008, 0.004896858420400864755, 0.005596409623315275368, 0.006295960826229684247, 0.006995512029144093993, 0.007695063232058504607, 0.008394614434972913486, 0.009094165637887324100, 0.009793716840801732978, 0.01049326804371614359, 0.01119281924663055247 ),
 .UNSPECIFIED. ) ;
#4397 = CARTESIAN_POINT ( 'NONE',  ( -1.408326112068523983, -3.399999999999999467, 16.28437499999998295 ) ) ;
#4398 = CARTESIAN_POINT ( 'NONE',  ( -1.688575694911948810, 4.076582343749999282, 22.92500000170697660 ) ) ;
#4399 = CARTESIAN_POINT ( 'NONE',  ( 3.241042159437814263, -1.038144352551847227, 17.86386004841859787 ) ) ;
#4400 = CARTESIAN_POINT ( 'NONE',  ( -3.183439554932463444, -1.194877766979071998, 16.12122961359516182 ) ) ;
#4401 = CARTESIAN_POINT ( 'NONE',  ( 2.035053747941597102, 2.726257459553496965, 15.60898828871061461 ) ) ;
#4402 = CARTESIAN_POINT ( 'NONE',  ( -3.664021239076434622, -2.101136799585514137, 14.35824434556140439 ) ) ;
#4403 = ADVANCED_FACE ( 'NONE', ( #2681 ), #4381, .F. ) ;
#4404 = CARTESIAN_POINT ( 'NONE',  ( -2.081899558550500280E-16, 3.399999999999999911, 24.80000000341396671 ) ) ;
#4405 = DIRECTION ( 'NONE',  ( 0.000000000000000000, 0.000000000000000000, -1.000000000000000000 ) ) ;
#4406 = CARTESIAN_POINT ( 'NONE',  ( -3.310618665388395332, 0.7909187067706482388, 24.75408316867892466 ) ) ;
#4407 = CARTESIAN_POINT ( 'NONE',  ( -2.074866125256813021, 2.693506524763817467, 19.61881629017720030 ) ) ;
#4408 = CARTESIAN_POINT ( 'NONE',  ( -2.882579019330973047, -2.882579019330974379, 24.40937500170698016 ) ) ;
#4409 = FACE_OUTER_BOUND ( 'NONE', #3194, .T. ) ;
#4410 = CARTESIAN_POINT ( 'NONE',  ( 2.150558103942324273, -2.633466637524227938, 20.24939046461632941 ) ) ;
#4411 = CARTESIAN_POINT ( 'NONE',  ( -2.608044554302519469, -2.181310603712141472, 22.43922305654237803 ) ) ;
#4412 = CARTESIAN_POINT ( 'NONE',  ( 3.399999999999999911, 0.000000000000000000, 0.000000000000000000 ) ) ;
#4413 = CARTESIAN_POINT ( 'NONE',  ( -3.399999999974034903, 9.403108435116637302E-06, 22.61232958585673813 ) ) ;
#4414 = CARTESIAN_POINT ( 'NONE',  ( 4.076582343749999282, 4.992373518734052056E-16, 18.62812500170697660 ) ) ;
#4415 = CARTESIAN_POINT ( 'NONE',  ( -3.388494866598411814, -0.2800533385918206886, 17.31579793439550130 ) ) ;
#4416 = CARTESIAN_POINT ( 'NONE',  ( -4.076582343749975301, 1.688575694911938596, 21.83125000170699082 ) ) ;
#4417 = ORIENTED_EDGE ( 'NONE', *, *, #3141, .T. ) ;
#4418 = CARTESIAN_POINT ( 'NONE',  ( -1.408326112068523317, 3.400000000000000355, 17.06562499999998650 ) ) ;
#4419 = CARTESIAN_POINT ( 'NONE',  ( 2.882579019330973491, 2.882579019330973935, 21.44062500170697660 ) ) ;
#4420 = CARTESIAN_POINT ( 'NONE',  ( 2.346519384480171500, -2.460462605031830563, 17.76426008559508674 ) ) ;
#4421 = CARTESIAN_POINT ( 'NONE',  ( 2.404163056034261281, 2.404163056034261725, 21.83124999999998295 ) ) ;
#4422 = CARTESIAN_POINT ( 'NONE',  ( -2.326313143946761031, -2.481984335611769676, 16.21230699578191548 ) ) ;
#4423 = CARTESIAN_POINT ( 'NONE',  ( 2.942081217478421440, 1.719885705070603343, 15.53095103739796912 ) ) ;
#4424 = CARTESIAN_POINT ( 'NONE',  ( 3.323312198239662063, -0.7275803169520012048, 21.63285507186155243 ) ) ;
#4425 = DIRECTION ( 'NONE',  ( 0.000000000000000000, 0.000000000000000000, -1.000000000000000000 ) ) ;
#4426 = CARTESIAN_POINT ( 'NONE',  ( -3.243715660550576363, 1.022128074452207658, 24.73970618286845280 ) ) ;
#4427 = CARTESIAN_POINT ( 'NONE',  ( 2.380902028867995845, 2.427310270136341597, 19.33307075882778392 ) ) ;
#4428 = CARTESIAN_POINT ( 'NONE',  ( 2.404163056034261281, 2.404163056034261725, 24.64375000341396671 ) ) ;
#4429 = CARTESIAN_POINT ( 'NONE',  ( 1.688575694911950809, -4.076582343749998394, 23.39375000170697660 ) ) ;
#4430 = CARTESIAN_POINT ( 'NONE',  ( -2.882579019330973047, -2.882579019330974379, 14.56562500170697660 ) ) ;
#4431 = CARTESIAN_POINT ( 'NONE',  ( 2.535328968198972355, -2.265456638417865154, 20.27945409482831707 ) ) ;
#4432 = CARTESIAN_POINT ( 'NONE',  ( -2.091937003644211313, -2.680291347634111698, 22.47994324105207298 ) ) ;
#4433 = PLANE ( 'NONE',  #3627 ) ;
#4434 = CARTESIAN_POINT ( 'NONE',  ( -1.831409581975267375, -2.866574210273168166, 18.74865829493158387 ) ) ;
#4435 = CARTESIAN_POINT ( 'NONE',  ( 0.8994238020545894940, 3.280558944008036271, 16.93477207884922819 ) ) ;
#4436 = CARTESIAN_POINT ( 'NONE',  ( 4.076582343749999282, 4.992373518734052056E-16, 21.12812500170698016 ) ) ;
#4437 = CARTESIAN_POINT ( 'NONE',  ( 3.399999999999999911, 0.000000000000000000, 0.000000000000000000 ) ) ;
#4438 = CARTESIAN_POINT ( 'NONE',  ( -2.496186759367010251E-16, 4.076582343749975301, 21.59687500170699082 ) ) ;
#4439 = ORIENTED_EDGE ( 'NONE', *, *, #2450, .T. ) ;
#4440 = CARTESIAN_POINT ( 'NONE',  ( 7.488560278101077592E-16, -4.076582343749999282, 20.97187500170697660 ) ) ;
#4441 = CARTESIAN_POINT ( 'NONE',  ( 0.4908637954965870409, -3.364380000110280822, 17.64054800180639404 ) ) ;
#4442 = CARTESIAN_POINT ( 'NONE',  ( -3.399999999997888267, -2.624093929733201777E-06, 15.11254858469343532 ) ) ;
#4443 = CARTESIAN_POINT ( 'NONE',  ( 3.184258855462835935, 1.197126431312866446, 15.49671197432021685 ) ) ;
#4444 = ADVANCED_FACE ( 'NONE', ( #3034 ), #165, .F. ) ;
#4445 = CARTESIAN_POINT ( 'NONE',  ( -4.076582343749998394, -1.688575694911951253, 15.58125000170704233 ) ) ;
#4446 = CARTESIAN_POINT ( 'NONE',  ( 1.408326112068525537, -3.399999999999999023, 24.25312500341396671 ) ) ;
#4447 = CARTESIAN_POINT ( 'NONE',  ( -2.404163056034260837, -2.404163056034261725, 25.26875000341396671 ) ) ;
#4448 = CARTESIAN_POINT ( 'NONE',  ( -0.3307630794392768525, 3.384753898368771718, 24.50626271463680794 ) ) ;
#4449 = B_SPLINE_CURVE_WITH_KNOTS ( 'NONE', 3,
 ( #3150, #948, #1765, #265, #4677, #4604 ),
 .UNSPECIFIED., .F., .F.,
 ( 4, 2, 4 ),
 ( 0.000000000000000000, 0.004881398628614942552, 0.009762797257229885103 ),
 .UNSPECIFIED. ) ;
#4450 = CARTESIAN_POINT ( 'NONE',  ( -1.373314859755821571, 3.111352893538124498, 19.57032055695650286 ) ) ;
#4451 = VECTOR ( 'NONE', #1986, 1000.000000000000000 ) ;
#4452 = CARTESIAN_POINT ( 'NONE',  ( 3.055269207844745427, 1.508575134953562769, 20.51681338736457860 ) ) ;
#4453 = CARTESIAN_POINT ( 'NONE',  ( 2.389317896263605245, 2.418942287083386766, 21.83240833683236914 ) ) ;
#4454 = CARTESIAN_POINT ( 'NONE',  ( -4.076582343749999282, 1.688575694911948588, 22.92500000170697660 ) ) ;
#4455 = FACE_OUTER_BOUND ( 'NONE', #1756, .T. ) ;
#4456 = CARTESIAN_POINT ( 'NONE',  ( -0.2331866488536991633, -3.392069281927337254, 20.09942906549983377 ) ) ;
#4457 = EDGE_CURVE ( 'NONE', #2635, #2885, #430, .T. ) ;
#4458 = CARTESIAN_POINT ( 'NONE',  ( -3.250515058501346921, -0.9970799586786701640, 18.60874652703872201 ) ) ;
#4459 = CARTESIAN_POINT ( 'NONE',  ( -3.399999999995049205, -3.989330897351478677E-06, 21.36257438201332448 ) ) ;
#4460 = CONICAL_SURFACE ( 'NONE', #1684, 4.399999999999994138, 0.7853981633974433940 ) ;
#4461 = CARTESIAN_POINT ( 'NONE',  ( -1.408326112068523983, -3.399999999999999467, 19.09687500341396671 ) ) ;
#4462 = ORIENTED_EDGE ( 'NONE', *, *, #2752, .F. ) ;
#4463 = AXIS2_PLACEMENT_3D ( 'NONE', #4758, #4405, #3277 ) ;
#4464 = CARTESIAN_POINT ( 'NONE',  ( -4.076582343749998394, -1.688575694911951253, 19.48750000170697660 ) ) ;
#4465 = CARTESIAN_POINT ( 'NONE',  ( 2.628487199821206488, -2.158595624206634422, 17.78756636374848554 ) ) ;
#4466 = CARTESIAN_POINT ( 'NONE',  ( -1.408326112068523317, 3.400000000000000355, 20.81562499999998295 ) ) ;
#4467 = CARTESIAN_POINT ( 'NONE',  ( -2.575900846661969279, -2.219176993052213831, 16.19202108094414783 ) ) ;
#4468 = DIRECTION ( 'NONE',  ( -0.000000000000000000, -0.000000000000000000, -1.000000000000000000 ) ) ;
#4469 = CARTESIAN_POINT ( 'NONE',  ( 3.254569563232940776, -0.9837912369213338559, 21.61708327484672054 ) ) ;
#4470 = CYLINDRICAL_SURFACE ( 'NONE', #1134, 3.399999999999999911 ) ;
#4471 = CARTESIAN_POINT ( 'NONE',  ( -3.373469447289648482, 0.4242607777721891238, 24.77590684972734536 ) ) ;
#4472 = CARTESIAN_POINT ( 'NONE',  ( 1.826354226520243040, 2.875683607732035352, 19.37429765153881789 ) ) ;
#4473 = CARTESIAN_POINT ( 'NONE',  ( 1.408326112068525537, -3.399999999999999023, 25.19062499999997939 ) ) ;
#4474 = CARTESIAN_POINT ( 'NONE',  ( -4.076582343749999282, 0.000000000000000000, 26.75312500170697660 ) ) ;
#4475 = UNCERTAINTY_MEASURE_WITH_UNIT (LENGTH_MEASURE( 1.000000000000000082E-05 ), #2420, 'distance_accuracy_value', 'NONE');
#4476 = CARTESIAN_POINT ( 'NONE',  ( 3.399999999999999911, 0.000000000000000000, 0.000000000000000000 ) ) ;
#4477 = CARTESIAN_POINT ( 'NONE',  ( 1.604327387622908496, -2.997794770204417869, 20.21074045437513433 ) ) ;
#4478 = CARTESIAN_POINT ( 'NONE',  ( -2.059607905846928766, 2.705192625544560858, 17.11774579323286005 ) ) ;
#4479 = CARTESIAN_POINT ( 'NONE',  ( -2.580350711479726833, -2.214009256979154738, 18.69162571779007465 ) ) ;
#4480 = CARTESIAN_POINT ( 'NONE',  ( -7.500000000000000000, 0.000000000000000000, 0.000000000000000000 ) ) ;
#4481 = CARTESIAN_POINT ( 'NONE',  ( -1.408326112068523317, 3.400000000000000355, 18.62812500341396671 ) ) ;
#4482 = CARTESIAN_POINT ( 'NONE',  ( -3.399999999999999911, 0.000000000000000000, 17.61250000341396671 ) ) ;
#4483 = ORIENTED_EDGE ( 'NONE', *, *, #2450, .F. ) ;
#4484 = EDGE_CURVE ( 'NONE', #2635, #2706, #3618, .T. ) ;
#4485 = CARTESIAN_POINT ( 'NONE',  ( -1.408326112068523983, -3.399999999999999467, 15.03437499999998295 ) ) ;
#4486 = CARTESIAN_POINT ( 'NONE',  ( 2.882579019330973491, 2.882579019330973935, 16.44062500170697660 ) ) ;
#4487 = DIRECTION ( 'NONE',  ( -0.000000000000000000, -0.000000000000000000, -1.000000000000000000 ) ) ;
#4488 = CARTESIAN_POINT ( 'NONE',  ( -3.658285083672101923, 1.180224646214040884, 25.73641299056896159 ) ) ;
#4489 = CARTESIAN_POINT ( 'NONE',  ( 0.8364149129362352664, -3.297154962379635457, 21.41140831114519116 ) ) ;
#4490 = CARTESIAN_POINT ( 'NONE',  ( -0.2184216691117910614, -3.392977692720542393, 23.85023130810090564 ) ) ;
#4491 = CARTESIAN_POINT ( 'NONE',  ( -0.06800147377897605705, 3.399511877981147734, 24.49127523031403442 ) ) ;
#4492 = CARTESIAN_POINT ( 'NONE',  ( -2.085692585859305836, 2.685131891355617473, 19.61958769424617799 ) ) ;
#4493 = CARTESIAN_POINT ( 'NONE',  ( -1.688575694911948810, 4.076582343749999282, 22.76875000170698016 ) ) ;
#4494 = CARTESIAN_POINT ( 'NONE',  ( -15.00000000000000178, -13.07707918458858032, 22.80000000000000071 ) ) ;
#4495 = CARTESIAN_POINT ( 'NONE',  ( 3.228870714936264097, -1.067351897062628563, 20.36185273040833010 ) ) ;
#4496 = CARTESIAN_POINT ( 'NONE',  ( 3.399999999999633538, 1.578160079567679695E-06, 23.23750009095975955 ) ) ;
#4497 = CARTESIAN_POINT ( 'NONE',  ( -3.120977145403895481, 1.350954445952316840, 17.21872393851333172 ) ) ;
#4498 = CARTESIAN_POINT ( 'NONE',  ( -3.398019100528390180, -0.1367656842849660215, 18.55759214392681500 ) ) ;
#4499 = DIRECTION ( 'NONE',  ( -1.000000000000000000, 0.000000000000000000, 0.000000000000000000 ) ) ;
#4500 = DIRECTION ( 'NONE',  ( -1.000000000000000000, -8.881784197001252323E-16, 0.000000000000000000 ) ) ;
#4501 = CARTESIAN_POINT ( 'NONE',  ( 2.404163056034261281, 2.404163056034261725, 19.64375000341397026 ) ) ;
#4502 = ORIENTED_EDGE ( 'NONE', *, *, #1272, .T. ) ;
#4503 = CARTESIAN_POINT ( 'NONE',  ( -1.408326112068523317, 3.400000000000000355, 23.62812500341397026 ) ) ;
#4504 = CARTESIAN_POINT ( 'NONE',  ( -4.076582343749999282, 0.000000000000000000, 15.65937500170697838 ) ) ;
#4505 = EDGE_LOOP ( 'NONE', ( #867, #2832 ) ) ;
#4506 = CARTESIAN_POINT ( 'NONE',  ( 1.408326112068522873, 3.400000000000000355, 19.72187500341396671 ) ) ;
#4507 = EDGE_CURVE ( 'NONE', #4523, #3603, #1277, .T. ) ;
#4508 = CARTESIAN_POINT ( 'NONE',  ( -0.6864277647490405476, -3.335147238680916448, 21.32272573344734212 ) ) ;
#4509 = CARTESIAN_POINT ( 'NONE',  ( 1.845710960485729801, -2.862531688816082998, 23.97705436698234394 ) ) ;
#4510 = DIRECTION ( 'NONE',  ( 1.000000000000000000, 0.000000000000000000, 0.000000000000000000 ) ) ;
#4511 = DIRECTION ( 'NONE',  ( -1.000000000000000000, 0.000000000000000000, 0.000000000000000000 ) ) ;
#4512 = CARTESIAN_POINT ( 'NONE',  ( -1.688575694911948810, 4.076582343749999282, 25.26875000170704055 ) ) ;
#4513 = CARTESIAN_POINT ( 'NONE',  ( 3.400000000000000799, -1.408326112068522651, 24.09687499999998295 ) ) ;
#4514 = CARTESIAN_POINT ( 'NONE',  ( -2.496186759367026028E-16, 4.076582343749999282, 20.19062500170698016 ) ) ;
#4515 = CARTESIAN_POINT ( 'NONE',  ( -3.356125754746496437, 0.5554181263302100380, 18.51800637886211831 ) ) ;
#4516 = CARTESIAN_POINT ( 'NONE',  ( 3.234766152275408757, -1.047102482616463659, 15.36311731605013087 ) ) ;
#4517 = CARTESIAN_POINT ( 'NONE',  ( -2.630953798034650237, 2.154357335068573853, 17.16284747325580895 ) ) ;
#4518 = CARTESIAN_POINT ( 'NONE',  ( 1.235003773579296915, -3.172880165103818317, 25.18649014641205497 ) ) ;
#4519 = CARTESIAN_POINT ( 'NONE',  ( -3.379696458818239435, 0.3710157428708937832, 21.02895456241724759 ) ) ;
#4520 = CARTESIAN_POINT ( 'NONE',  ( -1.808721934867738357, 2.883039268691158785, 23.34974640172249138 ) ) ;
#4521 = CARTESIAN_POINT ( 'NONE',  ( 2.882579019330974379, -2.882579019330973491, 24.87812500170697660 ) ) ;
#4522 = CARTESIAN_POINT ( 'NONE',  ( -3.399999999999999023, -1.408326112068525537, 17.69062500341397026 ) ) ;
#4523 = VERTEX_POINT ( 'NONE', #2325 ) ;
#4524 = ORIENTED_EDGE ( 'NONE', *, *, #1590, .T. ) ;
#4525 = CARTESIAN_POINT ( 'NONE',  ( -2.882579019330973047, -2.882579019330974379, 19.56562500170697660 ) ) ;
#4526 = CARTESIAN_POINT ( 'NONE',  ( 6.245698675651500839E-16, -3.399999999999999911, 22.92500000341396671 ) ) ;
#4527 = ORIENTED_EDGE ( 'NONE', *, *, #1002, .F. ) ;
#4528 = CARTESIAN_POINT ( 'NONE',  ( -4.399999999999994138, 0.000000000000000000, 13.98000000000000043 ) ) ;
#4529 = VECTOR ( 'NONE', #701, 1000.000000000000000 ) ;
#4530 = CARTESIAN_POINT ( 'NONE',  ( 0.3000545124371791772, -3.396478864716838242, 21.37976695615405731 ) ) ;
#4531 = CARTESIAN_POINT ( 'NONE',  ( 0.2859329423709507378, -3.388030243780819628, 23.87863793604172358 ) ) ;
#4532 = CARTESIAN_POINT ( 'NONE',  ( 2.520578349436339849, 2.288350167456763007, 24.32205179971263220 ) ) ;
#4533 = CARTESIAN_POINT ( 'NONE',  ( -0.7997155030578894097, -3.860671939665626162, 14.44439502622200244 ) ) ;
#4534 = ADVANCED_FACE ( 'NONE', ( #3798 ), #479, .T. ) ;
#4535 = CARTESIAN_POINT ( 'NONE',  ( 1.688575694911948366, 4.076582343749999282, 22.61250000170704055 ) ) ;
#4536 = CARTESIAN_POINT ( 'NONE',  ( -1.408326112068523983, -3.399999999999999467, 23.78437499999998295 ) ) ;
#4537 = CARTESIAN_POINT ( 'NONE',  ( 2.382386027663343953, -2.425885622012895926, 19.01706734471150995 ) ) ;
#4538 = CARTESIAN_POINT ( 'NONE',  ( 7.488560278101077592E-16, -4.076582343749999282, 22.06562500170697660 ) ) ;
#4539 = CARTESIAN_POINT ( 'NONE',  ( -3.327342588786700972, 0.7637117254852575643, 18.50561619729931095 ) ) ;
#4540 = CARTESIAN_POINT ( 'NONE',  ( 0.6616667374709472860, -3.339830102879298046, 15.15093027955458460 ) ) ;
#4541 = CARTESIAN_POINT ( 'NONE',  ( 2.106232223047102892, -2.670562901977608483, 25.24609522708853859 ) ) ;
#4542 = CARTESIAN_POINT ( 'NONE',  ( -2.983228979747926779, 1.631948605406024599, 20.94989299142076433 ) ) ;
#4543 = CARTESIAN_POINT ( 'NONE',  ( -2.024319302615137151, 2.731821549735085952, 22.11520071697362511 ) ) ;
#4544 = CARTESIAN_POINT ( 'NONE',  ( 2.953265579523790763, -2.810114948213704444, 25.97658234374997832 ) ) ;
#4545 = CARTESIAN_POINT ( 'NONE',  ( 4.076582343749999282, 1.688575694911949254, 21.36250000170698371 ) ) ;
#4546 = CARTESIAN_POINT ( 'NONE',  ( -2.404163056034261725, 2.404163056034261725, 17.45625000341396671 ) ) ;
#4547 = CYLINDRICAL_SURFACE ( 'NONE', #3537, 7.500000000000000000 ) ;
#4548 = CARTESIAN_POINT ( 'NONE',  ( 1.688575694911950809, -4.076582343749998394, 19.80000000170697660 ) ) ;
#4549 = CARTESIAN_POINT ( 'NONE',  ( 3.400000000000000355, 1.408326112068523539, 22.06562500341396671 ) ) ;
#4550 = ORIENTED_EDGE ( 'NONE', *, *, #3745, .F. ) ;
#4551 = CARTESIAN_POINT ( 'NONE',  ( -3.399999999999999023, -1.408326112068525537, 15.19062500341396849 ) ) ;
#4552 = CARTESIAN_POINT ( 'NONE',  ( -3.837416984274681919, 0.4831394161792589848, 25.76023865522503797 ) ) ;
#4553 = CARTESIAN_POINT ( 'NONE',  ( 4.076582343749975301, 1.688575694911939040, 15.11250000170699259 ) ) ;
#4554 = CARTESIAN_POINT ( 'NONE',  ( 2.139563427951558960, -2.642540961161954360, 21.49838783926991326 ) ) ;
#4555 = CARTESIAN_POINT ( 'NONE',  ( -2.111148683275656079, -2.665180023854301528, 23.72850221217868594 ) ) ;
#4556 = CARTESIAN_POINT ( 'NONE',  ( 0.000000000000000000, 0.000000000000000000, 0.000000000000000000 ) ) ;
#4557 = CARTESIAN_POINT ( 'NONE',  ( 0.1345991972221900757, -3.911031846404000589, 14.47369646417792666 ) ) ;
#4558 = CARTESIAN_POINT ( 'NONE',  ( 4.076582343749999282, 1.688575694911949254, 24.95625000170703700 ) ) ;
#4559 = CARTESIAN_POINT ( 'NONE',  ( 6.245698675651500839E-16, -3.399999999999999911, 25.11249999999998295 ) ) ;
#4560 = CARTESIAN_POINT ( 'NONE',  ( 1.266278610256813542, -3.155814013852485722, 18.93834808941503312 ) ) ;
#4561 = CARTESIAN_POINT ( 'NONE',  ( 4.076582343749999282, 1.688575694911949254, 21.20625000170698016 ) ) ;
#4562 = CARTESIAN_POINT ( 'NONE',  ( -1.521788358135757857, 3.040506545621921575, 18.33017976730000598 ) ) ;
#4563 = CARTESIAN_POINT ( 'NONE',  ( -1.985929733222110638, -2.761261368053232079, 19.98785406041872648 ) ) ;
#4564 = CARTESIAN_POINT ( 'NONE',  ( 2.861442147666878544, -1.837964850215715318, 15.31073326174213811 ) ) ;
#4565 = CARTESIAN_POINT ( 'NONE',  ( 1.961814012318497946, -2.778381934128532738, 25.23560737834397827 ) ) ;
#4566 = EDGE_CURVE ( 'NONE', #2702, #4247, #4058, .T. ) ;
#4567 = CARTESIAN_POINT ( 'NONE',  ( -15.00000000000000178, 13.07707918458858032, 20.00000000000000000 ) ) ;
#4568 = CARTESIAN_POINT ( 'NONE',  ( -2.926801946498710727, 1.730323805535326942, 23.44314014144208258 ) ) ;
#4569 = CARTESIAN_POINT ( 'NONE',  ( -2.882579019330973935, 2.882579019330973935, 21.75312500170697660 ) ) ;
#4570 = CARTESIAN_POINT ( 'NONE',  ( 3.396432283994554435, -0.1690343630445456935, 22.91553487876035433 ) ) ;
#4571 = CARTESIAN_POINT ( 'NONE',  ( 3.399999999999964828, 4.856269629730839759E-07, 18.23749975949984758 ) ) ;
#4572 = ORIENTED_EDGE ( 'NONE', *, *, #4656, .F. ) ;
#4573 = CARTESIAN_POINT ( 'NONE',  ( 4.076582343749999282, 4.992373518734052056E-16, 26.12812500170697660 ) ) ;
#4574 = CARTESIAN_POINT ( 'NONE',  ( 1.408326112068525537, -3.399999999999999023, 20.50312500341396671 ) ) ;
#4575 = ORIENTED_EDGE ( 'NONE', *, *, #355, .T. ) ;
#4576 = CARTESIAN_POINT ( 'NONE',  ( -2.404163056034261725, 2.404163056034261725, 19.95625000341396671 ) ) ;
#4577 = CARTESIAN_POINT ( 'NONE',  ( 7.488560278101032232E-16, -4.076582343749975301, 17.22187500170699437 ) ) ;
#4578 = CARTESIAN_POINT ( 'NONE',  ( -2.442426235269313572, -2.365913728284135154, 21.20305230193743640 ) ) ;
#4579 = CARTESIAN_POINT ( 'NONE',  ( 0.9833272300792137433, -3.254858639698137601, 23.92039076190334868 ) ) ;
#4580 = CARTESIAN_POINT ( 'NONE',  ( 3.400000001472262667, 0.03537625079642271048, 24.17696231329524892 ) ) ;
#4581 = CARTESIAN_POINT ( 'NONE',  ( -3.380943690949048452, 0.3595301242251008889, 16.02962701050499916 ) ) ;
#4582 = EDGE_CURVE ( 'NONE', #2421, #22, #2733, .T. ) ;
#4583 = CARTESIAN_POINT ( 'NONE',  ( -1.688575694911950142, -4.076582343749998394, 21.98750000170704055 ) ) ;
#4584 = CARTESIAN_POINT ( 'NONE',  ( 1.156167221655735489, -3.197401422874767807, 18.93129219574532485 ) ) ;
#4585 = CARTESIAN_POINT ( 'NONE',  ( 4.076582343749999282, 1.688575694911949254, 19.95625000170697660 ) ) ;
#4586 = CARTESIAN_POINT ( 'NONE',  ( -0.8457964108493757349, 3.293123123939352137, 18.28687744441887730 ) ) ;
#4587 = CARTESIAN_POINT ( 'NONE',  ( -2.077531968775581550, -2.691540636274210474, 19.98102060465527785 ) ) ;
#4588 = CARTESIAN_POINT ( 'NONE',  ( -2.971945802418646920, 1.678295252394235826, 22.19725746510425779 ) ) ;
#4589 = CARTESIAN_POINT ( 'NONE',  ( -1.434597295303425835, -3.097460039139024346, 25.02616080499272755 ) ) ;
#4590 = B_SPLINE_CURVE_WITH_KNOTS ( 'NONE', 3,
 ( #3063, #2744, #2016, #4210, #1918, #1267, #908, #3137, #3785, #4516, #1578, #1941, #1555, #1219, #3855, #4564, #2388, #103, #2694, #541, #124, #2720, #860, #2337, #815, #1603, #81, #3809, #444, #1194, #2651, #3042, #2292, #3492, #1991, #2671, #492, #4137, #1966, #3090, #836, #2315, #4540, #4187, #884, #1172, #176, #2363, #1651, #3832, #516, #3468, #151, #1629, #3116, #2768, #958, #2415, #4662, #613, #1390, #3541, #1722, #4338, #979, #2087, #4238, #4636, #3566, #1748 ),
 .UNSPECIFIED., .F., .F.,
 ( 4, 2, 1, 2, 2, 1, 1, 2, 2, 2, 2, 2, 2, 2, 2, 2, 1, 1, 2, 2, 2, 2, 2, 2, 2, 2, 2, 1, 1, 1, 1, 2, 2, 2, 2, 1, 1, 1, 2, 2, 4 ),
 ( 0.9569874705204438614, 0.9623640367053881706, 0.9627000720919471899, 0.9628680897852266440, 0.9629100942085465631, 0.9629520986318663711, 0.9630361074785062092, 0.9637081782516242479, 0.9650523197978603251, 0.9677406028903324797, 0.9684126736634505184, 0.9690847444365685570, 0.9704288859828046343, 0.9731171690752767889, 0.9732011779219166270, 0.9732851867685563541, 0.9734532044618358082, 0.9737892398483949385, 0.9744613106215129772, 0.9758054521677490545, 0.9771495937139852428, 0.9778216644871032814, 0.9784937352602213201, 0.9811820183526936967, 0.9838703014451659623, 0.9865585845376382279, 0.9866425933842779550, 0.9867266022309176821, 0.9868946199241972472, 0.9872306553107562666, 0.9879027260838743052, 0.9892468676301104935, 0.9919351507225827591, 0.9932792922688189474, 0.9933633011154586745, 0.9934473099620985126, 0.9936153276553779667, 0.9939513630419370971, 0.9946234338150551357, 0.9973117169075276234, 1.000000000000000000 ),
 .UNSPECIFIED. ) ;
#4591 = CARTESIAN_POINT ( 'NONE',  ( -0.1545864447765814276, 3.396489370644120154, 20.74615619270042899 ) ) ;
#4592 = CARTESIAN_POINT ( 'NONE',  ( -3.010232021671495950, 1.581489726224787562, 23.45329884260218023 ) ) ;
#4593 = CARTESIAN_POINT ( 'NONE',  ( -2.496186759367026028E-16, 4.076582343749999282, 20.34687500170698016 ) ) ;
#4594 =( BOUNDED_CURVE ( )  B_SPLINE_CURVE ( 2, ( #1302, #4250, #3888, #2050, #1427, #1808, #2884, #1492, #2201, #2542, #1041, #4370, #4056, #4082, #2908, #1085, #706, #2564, #4033, #336, #3986, #4349, #4773, #3290, #3677, #408, #2520, #313, #677, #3267, #3703, #2176, #4747, #1127, #1106, #1448, #1469, #2151, #359, #3633, #1787, #4725, #2934, #385, #4011, #4394, #729, #1830, #2586, #1855, #3312, #2225, #755, #2957, #21, #4416, #3335, #2980, #4438, #2610, #776, #2254, #3725, #1878, #3356, #41, #2341, #448, #3045, #2237, #2210, #393, #783, #368, #2186, #1477, #2920, #3686, #2944, #3014, #1169, #1144, #100, #4116, #1915, #2312, #464, #489, #3061, #1216, #400, #1870, #2996, #2030, #1376, #189, #2661, #3799, #1185, #433, #1906, #824, #3483, #3434, #480, #1618, #898, #2303, #166, #2352, #3775, #2682, #2734, #1591, #4577, #2710, #1642, #2377, #4151, #3389, #3752, #456, #1281, #3104, #1257, #1931, #4109, #70, #1568, #1956, #2281, #805, #1545, #1233, #3409, #505, #91, #3053, #4177, #1206, #114, #4553, #532, #3078, #873, #3823, #1979, #140, #3891, #654, #240, #3867, #556 ),
 .UNSPECIFIED., .F., .F. ) 
 B_SPLINE_CURVE_WITH_KNOTS ( ( 3, 2, 2, 2, 2, 2, 2, 2, 2, 2, 2, 2, 2, 2, 2, 2, 2, 2, 2, 2, 2, 2, 2, 2, 2, 2, 2, 2, 2, 2, 2, 2, 2, 2, 2, 2, 2, 2, 2, 2, 2, 2, 2, 2, 2, 2, 2, 2, 2, 2, 2, 2, 2, 2, 2, 2, 2, 2, 2, 2, 2, 2, 2, 2, 2, 2, 2, 2, 2, 2, 2, 2, 2, 2, 2, 2, 3 ),
 ( 0.07172419767801707646, 0.07211321740747170250, 0.08413208697538365755, 0.09615095654329559871, 0.1081698261112075538, 0.1201886956791194949, 0.1322075652470314500, 0.1442264348149433772, 0.1562453043828553323, 0.1682641739507672873, 0.1802830435186792424, 0.1923019130865911697, 0.2043207826545031247, 0.2163396522224151075, 0.2283585217903270348, 0.2403773913582389898, 0.2523962609261509726, 0.2644151304940628444, 0.2764340000619748272, 0.2884528696298866990, 0.3004717391977987373, 0.3124906087657106646, 0.3245094783336226474, 0.3365283479015345747, 0.3485472174694465020, 0.3605660870373584292, 0.3725849566052704676, 0.3846038261731823393, 0.3966226957410943221, 0.4086415653090061939, 0.4206604348769181767, 0.4326793044448301595, 0.4446981740127420868, 0.4567170435806540696, 0.4687359131485659969, 0.4807547827164779242, 0.4927736522843898515, 0.5047925218523019453, 0.5168113914202137060, 0.5288302609881256888, 0.5408491305560376716, 0.5528680001239496544, 0.5648868696918616372, 0.5769057392597735090, 0.5889246088276853808, 0.6009434783955974746, 0.6129623479635094574, 0.6249812175314213292, 0.6370000870993333120, 0.6490189566672452948, 0.6610378262351572776, 0.6730566958030691493, 0.6850755653709810211, 0.6970944349388930039, 0.7091133045068049867, 0.7211321740747168585, 0.7331510436426289523, 0.7451699132105409351, 0.7571887827784528069, 0.7692076523463647897, 0.7812265219142766615, 0.7932453914821886443, 0.8052642610501006271, 0.8172831306180124988, 0.8293020001859244816, 0.8413208697538364644, 0.8533397393217483362, 0.8653586088896603190, 0.8773774784575724128, 0.8893963480254842846, 0.9014152175933961564, 0.9134340871613082502, 0.9254529567292201220, 0.9374718262971319938, 0.9494906958650438655, 0.9615095654329559594, 0.9695880622091226364 ),
 .UNSPECIFIED. ) 
 CURVE ( )  GEOMETRIC_REPRESENTATION_ITEM ( )  RATIONAL_B_SPLINE_CURVE ( ( 0.9952318497398817687, 0.9975361773001116816, 1.000000000000000000, 0.9238795325112867385, 1.000000000000000000, 0.9238795325112867385, 1.000000000000000000, 0.9238795325112867385, 1.000000000000000000, 0.9238795325112867385, 1.000000000000000000, 0.9238795325112867385, 1.000000000000000000, 0.9238795325112867385, 1.000000000000000000, 0.9238795325112867385, 1.000000000000000000, 0.9238795325112867385, 1.000000000000000000, 0.9238795325112867385, 1.000000000000000000, 0.9238795325112867385, 1.000000000000000000, 0.9238795325112867385, 1.000000000000000000, 0.9238795325112867385, 1.000000000000000000, 0.9238795325112867385, 1.000000000000000000, 0.9238795325112867385, 1.000000000000000000, 0.9238795325112867385, 1.000000000000000000, 0.9238795325112867385, 1.000000000000000000, 0.9238795325112867385, 1.000000000000000000, 0.9238795325112867385, 1.000000000000000000, 0.9238795325112867385, 1.000000000000000000, 0.9238795325112867385, 1.000000000000000000, 0.9238795325112867385, 1.000000000000000000, 0.9238795325112867385, 1.000000000000000000, 0.9238795325112867385, 1.000000000000000000, 0.9238795325112867385, 1.000000000000000000, 0.9238795325112867385, 1.000000000000000000, 0.9238795325112867385, 1.000000000000000000, 0.9238795325112867385, 1.000000000000000000, 0.9238795325112867385, 1.000000000000000000, 0.9238795325112867385, 1.000000000000000000, 0.9238795325112867385, 1.000000000000000000, 0.9238795325112867385, 1.000000000000000000, 0.9238795325112867385, 1.000000000000000000, 0.9238795325112867385, 1.000000000000000000, 0.9238795325112867385, 1.000000000000000000, 0.9238795325112867385, 1.000000000000000000, 0.9238795325112867385, 1.000000000000000000, 0.9238795325112867385, 1.000000000000000000, 0.9238795325112867385, 1.000000000000000000, 0.9238795325112867385, 1.000000000000000000, 0.9238795325112867385, 1.000000000000000000, 0.9238795325112867385, 1.000000000000000000, 0.9238795325112867385, 1.000000000000000000, 0.9238795325112867385, 1.000000000000000000, 0.9238795325112867385, 1.000000000000000000, 0.9238795325112867385, 1.000000000000000000, 0.9238795325112867385, 1.000000000000000000, 0.9238795325112867385, 1.000000000000000000, 0.9238795325112867385, 1.000000000000000000, 0.9238795325112867385, 1.000000000000000000, 0.9238795325112867385, 1.000000000000000000, 0.9238795325112867385, 1.000000000000000000, 0.9238795325112867385, 1.000000000000000000, 0.9238795325112867385, 1.000000000000000000, 0.9238795325112867385, 1.000000000000000000, 0.9238795325112867385, 1.000000000000000000, 0.9238795325112867385, 1.000000000000000000, 0.9238795325112867385, 1.000000000000000000, 0.9238795325112867385, 1.000000000000000000, 0.9238795325112867385, 1.000000000000000000, 0.9238795325112867385, 1.000000000000000000, 0.9238795325112867385, 1.000000000000000000, 0.9238795325112867385, 1.000000000000000000, 0.9238795325112867385, 1.000000000000000000, 0.9238795325112867385, 1.000000000000000000, 0.9238795325112867385, 1.000000000000000000, 0.9238795325112867385, 1.000000000000000000, 0.9238795325112867385, 1.000000000000000000, 0.9238795325112867385, 1.000000000000000000, 0.9238795325112867385, 1.000000000000000000, 0.9238795325112867385, 1.000000000000000000, 0.9238795325112867385, 1.000000000000000000, 0.9238795325112867385, 1.000000000000000000, 0.9238795325112867385, 1.000000000000000000, 0.9238795325112867385, 1.000000000000000000, 0.9488355416677751730, 0.9664515804290061407 ) ) 
 REPRESENTATION_ITEM ( '' )  );
#4595 = CARTESIAN_POINT ( 'NONE',  ( 3.315817040175879082, -0.7545546437043733068, 22.88120621851973624 ) ) ;
#4596 = ORIENTED_EDGE ( 'NONE', *, *, #2244, .T. ) ;
#4597 = EDGE_LOOP ( 'NONE', ( #2398, #3126, #4034, #725 ) ) ;
#4598 = ADVANCED_FACE ( 'NONE', ( #1662 ), #992, .T. ) ;
#4599 = CARTESIAN_POINT ( 'NONE',  ( 4.076582343750000170, -1.688575694911947922, 23.55000000170697660 ) ) ;
#4600 = CARTESIAN_POINT ( 'NONE',  ( -3.399999999999999023, -1.408326112068525537, 22.69062500341396671 ) ) ;
#4601 = ORIENTED_EDGE ( 'NONE', *, *, #953, .T. ) ;
#4602 = CARTESIAN_POINT ( 'NONE',  ( 3.399999999995076294, 5.786419506472063760E-06, 16.98750032440969093 ) ) ;
#4603 = VECTOR ( 'NONE', #1903, 999.9999999999998863 ) ;
#4604 = CARTESIAN_POINT ( 'NONE',  ( -15.00000000000000178, 1.836970198652850707E-15, 27.35502208301953075 ) ) ;
#4605 = CARTESIAN_POINT ( 'NONE',  ( -2.589225922173224781, -2.203615397029611511, 21.19085083035309225 ) ) ;
#4606 = CARTESIAN_POINT ( 'NONE',  ( -2.081899558550500280E-16, 3.399999999999999911, 17.30000000341396671 ) ) ;
#4607 = CARTESIAN_POINT ( 'NONE',  ( 3.122937119595636357, -1.344378024013175743, 16.59405609706537987 ) ) ;
#4608 = AXIS2_PLACEMENT_3D ( 'NONE', #404, #1874, #379 ) ;
#4609 = CARTESIAN_POINT ( 'NONE',  ( -3.389029474136025843, -0.2732513297000098706, 22.31540930431603798 ) ) ;
#4610 = CARTESIAN_POINT ( 'NONE',  ( 4.076582343749999282, 1.688575694911949254, 23.70625000170704055 ) ) ;
#4611 = CARTESIAN_POINT ( 'NONE',  ( -0.1741775608314607704, -3.395545648421133489, 18.85273606448211581 ) ) ;
#4612 = CARTESIAN_POINT ( 'NONE',  ( -2.496186759367026028E-16, 4.076582343749999282, 15.19062500170697838 ) ) ;
#4613 = CARTESIAN_POINT ( 'NONE',  ( -0.6996076828121402524, 3.327768283465696975, 18.27797157709784415 ) ) ;
#4614 = CARTESIAN_POINT ( 'NONE',  ( -2.568575410263137737, 2.227700738172979200, 22.15731835341840039 ) ) ;
#4615 = CARTESIAN_POINT ( 'NONE',  ( -1.955249841616270245, -2.787429025697027107, 24.99021202246939666 ) ) ;
#4616 = CARTESIAN_POINT ( 'NONE',  ( 0.02578739202381801626, 3.400095500054921338, 20.73597715397621499 ) ) ;
#4617 = CARTESIAN_POINT ( 'NONE',  ( 0.5625598250206726991, 3.353144148446956851, 23.20521630312057226 ) ) ;
#4618 = CARTESIAN_POINT ( 'NONE',  ( -1.688575694911949698, -4.076582343749998394, 23.39375000170697660 ) ) ;
#4619 = DIRECTION ( 'NONE',  ( -1.000000000000000000, 0.000000000000000000, 0.000000000000000000 ) ) ;
#4620 = ORIENTED_EDGE ( 'NONE', *, *, #4129, .T. ) ;
#4621 = CARTESIAN_POINT ( 'NONE',  ( 4.862365179306964436, 0.2430246085218464580, 13.78055996604859956 ) ) ;
#4622 = CARTESIAN_POINT ( 'NONE',  ( 3.400000000000000799, -1.408326112068522651, 20.65937500341397026 ) ) ;
#4623 = VERTEX_POINT ( 'NONE', #4649 ) ;
#4624 = CARTESIAN_POINT ( 'NONE',  ( 3.400000000000000799, -1.408326112068522651, 16.90937500341396671 ) ) ;
#4625 = ADVANCED_FACE ( 'NONE', ( #2029 ), #2403, .F. ) ;
#4626 = CARTESIAN_POINT ( 'NONE',  ( 1.688575694911948366, 4.076582343749999282, 26.51875000170698016 ) ) ;
#4627 = CARTESIAN_POINT ( 'NONE',  ( -2.596740652346873901, -2.194752492370480201, 21.19020753966329806 ) ) ;
#4628 = CARTESIAN_POINT ( 'NONE',  ( 15.00000000000000000, 11.13820429499278930, 25.36808276075795021 ) ) ;
#4629 = CARTESIAN_POINT ( 'NONE',  ( -0.1854905535865371269, -3.394938254169542535, 16.35209378188536178 ) ) ;
#4630 = CARTESIAN_POINT ( 'NONE',  ( -1.258865324333048541, 3.159255658933962874, 15.81288912462875196 ) ) ;
#4631 = CARTESIAN_POINT ( 'NONE',  ( 2.882579019330974379, -2.882579019330973491, 18.47187500170704055 ) ) ;
#4632 = B_SPLINE_CURVE_WITH_KNOTS ( 'NONE', 3,
 ( #593, #4696, #2070, #988, #3549, #231, #2094, #256 ),
 .UNSPECIFIED., .F., .F.,
 ( 4, 2, 2, 4 ),
 ( 0.003323539575014359398, 0.003850453833642701953, 0.004377368092271044508, 0.005431196609527730486 ),
 .UNSPECIFIED. ) ;
#4633 = CARTESIAN_POINT ( 'NONE',  ( -0.6911981107757700915, -3.334306726659297837, 18.82244434032646652 ) ) ;
#4634 = CARTESIAN_POINT ( 'NONE',  ( -4.076582343749998394, -1.688575694911951253, 14.33125000170697838 ) ) ;
#4635 = CARTESIAN_POINT ( 'NONE',  ( 1.951326272862728750, 2.785729091109204969, 18.11497230684446080 ) ) ;
#4636 = CARTESIAN_POINT ( 'NONE',  ( -1.962724183050524651, -2.779802486221894853, 14.98944740665305098 ) ) ;
#4637 = CARTESIAN_POINT ( 'NONE',  ( -2.986536516849740863, -1.625099038618753378, 24.89965059022065219 ) ) ;
#4638 = CARTESIAN_POINT ( 'NONE',  ( -2.035205947799890058, 2.723686435528856364, 20.86600564676601977 ) ) ;
#4639 = CARTESIAN_POINT ( 'NONE',  ( -0.5247871662144983906, 3.361351060497370202, 23.26750570325708267 ) ) ;
#4640 = CARTESIAN_POINT ( 'NONE',  ( 4.076582343749999282, 1.688575694911949254, 18.86250000170698371 ) ) ;
#4641 = CARTESIAN_POINT ( 'NONE',  ( 4.076582343749999282, 1.688575694911949254, 14.95625000170698016 ) ) ;
#4642 = CARTESIAN_POINT ( 'NONE',  ( 3.049853242034479717, -1.507004842714647186, 22.83344866154795483 ) ) ;
#4643 = CARTESIAN_POINT ( 'NONE',  ( 0.000000000000000000, 0.000000000000000000, 25.98653347947320924 ) ) ;
#4644 = EDGE_LOOP ( 'NONE', ( #1658, #3550 ) ) ;
#4645 = EDGE_CURVE ( 'NONE', #42, #2702, #2100, .T. ) ;
#4646 = CARTESIAN_POINT ( 'NONE',  ( -2.882579019330973935, 2.882579019330973935, 14.25312500170697660 ) ) ;
#4647 = CARTESIAN_POINT ( 'NONE',  ( -2.097318331287600035, -2.676054649058751345, 17.47952255449460779 ) ) ;
#4648 = ORIENTED_EDGE ( 'NONE', *, *, #3902, .T. ) ;
#4649 = CARTESIAN_POINT ( 'NONE',  ( -4.924999999999999822, 0.000000000000000000, 0.000000000000000000 ) ) ;
#4650 = CARTESIAN_POINT ( 'NONE',  ( -3.392245437127046959, -0.2323366967350267154, 19.81305925484188535 ) ) ;
#4651 = CARTESIAN_POINT ( 'NONE',  ( -2.882579019330973047, -2.882579019330974379, 25.81562500170697660 ) ) ;
#4652 = CARTESIAN_POINT ( 'NONE',  ( -3.127788310618504930, -1.336043481867006610, 21.13027831492903275 ) ) ;
#4653 = CARTESIAN_POINT ( 'NONE',  ( 15.00000000000000000, 10.17688294654526437, 25.82581916783243514 ) ) ;
#4654 = CARTESIAN_POINT ( 'NONE',  ( 3.016252071702163473, -1.570246066478929725, 16.57911721158184193 ) ) ;
#4655 = CARTESIAN_POINT ( 'NONE',  ( -0.8397373539700144773, 3.294668835374918281, 15.78650363106449284 ) ) ;
#4656 = EDGE_CURVE ( 'NONE', #4195, #4721, #3567, .T. ) ;
#4657 = CARTESIAN_POINT ( 'NONE',  ( 2.882579019330974379, -2.882579019330973491, 19.72187500170704055 ) ) ;
#4658 = CARTESIAN_POINT ( 'NONE',  ( -3.399999999999999023, -1.408326112068525537, 23.62812499999997939 ) ) ;
#4659 = CARTESIAN_POINT ( 'NONE',  ( -4.076582343749998394, -1.688575694911951253, 15.58125000170698016 ) ) ;
#4660 = CARTESIAN_POINT ( 'NONE',  ( 14.99999999999999822, 6.813786068846489469E-26, 27.35502208301953431 ) ) ;
#4661 = CARTESIAN_POINT ( 'NONE',  ( 2.799070713435101165, 1.930079779936008766, 18.04587657352565699 ) ) ;
#4662 = CARTESIAN_POINT ( 'NONE',  ( -1.044524876039358618, -3.235581694082668935, 15.05077841516027171 ) ) ;
#4663 = CARTESIAN_POINT ( 'NONE',  ( -3.240267517138541553, 1.033128784419629298, 19.73901647162692896 ) ) ;
#4664 = CARTESIAN_POINT ( 'NONE',  ( 2.035924869654485825, 2.725524887575418109, 20.60891635676129496 ) ) ;
#4665 = CARTESIAN_POINT ( 'NONE',  ( 2.810340334879822155, 1.913632169260414795, 23.04470505688058068 ) ) ;
#4666 = CARTESIAN_POINT ( 'NONE',  ( 4.076582343750000170, -1.688575694911947922, 19.95625000170697660 ) ) ;
#4667 = PRESENTATION_STYLE_ASSIGNMENT (( #939 ) ) ;
#4668 = CARTESIAN_POINT ( 'NONE',  ( 0.000000000000000000, 0.000000000000000000, 25.98653347947320924 ) ) ;
#4669 = ORIENTED_EDGE ( 'NONE', *, *, #1711, .T. ) ;
#4670 = CARTESIAN_POINT ( 'NONE',  ( -4.076582343749999282, 1.688575694911948588, 26.67500000170698016 ) ) ;
#4671 = CARTESIAN_POINT ( 'NONE',  ( -2.102057201088101124, -2.672333665637149913, 17.47917092220821544 ) ) ;
#4672 = ORIENTED_EDGE ( 'NONE', *, *, #2967, .T. ) ;
#4673 = LINE ( 'NONE', #1374, #1597 ) ;
#4674 = B_SPLINE_CURVE_WITH_KNOTS ( 'NONE', 3,
 ( #2933, #1538, #2253, #1105, #4032, #2585, #2272, #3766, #2956, #2609, #2224, #4080, #775, #1854, #2200, #20, #449, #3334 ),
 .UNSPECIFIED., .F., .F.,
 ( 4, 2, 2, 2, 2, 2, 2, 2, 4 ),
 ( 0.000000000000000000, 0.0007901318626901094678, 0.001580263725380218502, 0.002370395588070327644, 0.003160527450760436570, 0.003950659313450546363, 0.004740791176140654421, 0.005530923038830763347, 0.006321054901520871405 ),
 .UNSPECIFIED. ) ;
#4676 = AXIS2_PLACEMENT_3D ( 'NONE', #1944, #3027, #1537 ) ;
#4675 = CARTESIAN_POINT ( 'NONE',  ( 3.400000000000000355, 1.408326112068523539, 18.00312499999998295 ) ) ;
#4677 = CARTESIAN_POINT ( 'NONE',  ( -15.00000000000000355, -1.642702875346889746, 27.35502208301953431 ) ) ;
#4678 = CARTESIAN_POINT ( 'NONE',  ( 3.400000000000000355, 1.408326112068523539, 20.81562500341396671 ) ) ;
#4679 = DIRECTION ( 'NONE',  ( 1.000000000000000000, 0.000000000000000000, 0.000000000000000000 ) ) ;
#4680 = CARTESIAN_POINT ( 'NONE',  ( 0.9174087407648956471, -3.275360491957462816, 16.41633605430735443 ) ) ;
#4681 = CARTESIAN_POINT ( 'NONE',  ( 0.04901306261822854782, 3.399853026947982304, 15.73464461000591008 ) ) ;
#4682 = AXIS2_PLACEMENT_3D ( 'NONE', #4148, #4199, #1929 ) ;
#4683 = CARTESIAN_POINT ( 'NONE',  ( -4.076582343749998394, -1.688575694911951253, 19.33125000170703345 ) ) ;
#4684 = CARTESIAN_POINT ( 'NONE',  ( -3.380136308032708925, 0.3670442699430806477, 17.27920553156662820 ) ) ;
#4685 = CARTESIAN_POINT ( 'NONE',  ( -2.404163056034261725, 2.404163056034261725, 26.20625000341396671 ) ) ;
#4686 = DIRECTION ( 'NONE',  ( -0.000000000000000000, -0.000000000000000000, 1.000000000000000000 ) ) ;
#4687 = CARTESIAN_POINT ( 'NONE',  ( 2.219873671925862713, 2.576130344923019511, 18.09538550395618017 ) ) ;
#4688 = CARTESIAN_POINT ( 'NONE',  ( -3.399999999999999911, 4.163799117101000559E-16, 0.000000000000000000 ) ) ;
#4689 = CIRCLE ( 'NONE', #1521, 19.89999999999999858 ) ;
#4690 = CARTESIAN_POINT ( 'NONE',  ( -3.029739354589379818, -1.543360917555642642, 24.89412844216575849 ) ) ;
#4691 = CARTESIAN_POINT ( 'NONE',  ( 1.842678793385216673, 2.857384775247061803, 20.62278489101390733 ) ) ;
#4692 = CARTESIAN_POINT ( 'NONE',  ( 2.819297539762892768, 1.900469919509344852, 23.04376349333168150 ) ) ;
#4693 = CARTESIAN_POINT ( 'NONE',  ( 1.688575694911950809, -4.076582343749998394, 17.30000000170697660 ) ) ;
#4694 = CARTESIAN_POINT ( 'NONE',  ( 1.688575694911950809, -4.076582343749998394, 15.89375000170697660 ) ) ;
#4695 = CARTESIAN_POINT ( 'NONE',  ( -2.562584536596320017, -2.234831137866699624, 22.44311674943960710 ) ) ;
#4696 = CARTESIAN_POINT ( 'NONE',  ( -3.846174161000388558, 0.1739482161445110309, 14.53382583899961311 ) ) ;
#4697 = ORIENTED_EDGE ( 'NONE', *, *, #237, .T. ) ;
#4698 = CARTESIAN_POINT ( 'NONE',  ( 1.688575694911950809, -4.076582343749998394, 22.14375000170698016 ) ) ;
#4699 = CARTESIAN_POINT ( 'NONE',  ( -3.162128466198068644, -1.258307841725413656, 17.37539920247885306 ) ) ;
#4700 = CARTESIAN_POINT ( 'NONE',  ( 3.323574417409677739, 1.191461814011627984, 25.42251104958101138 ) ) ;
#4701 = ORIENTED_EDGE ( 'NONE', *, *, #3319, .F. ) ;
#4702 = CARTESIAN_POINT ( 'NONE',  ( 0.5386472199320077037, 3.510891378389277229, 14.84730049127255924 ) ) ;
#4703 = CARTESIAN_POINT ( 'NONE',  ( -2.605036651615286303, -2.184912899790538710, 19.93950013296350576 ) ) ;
#4704 = CARTESIAN_POINT ( 'NONE',  ( 3.399999999999999911, 4.163799117101000559E-16, 17.92499999999998295 ) ) ;
#4705 = CARTESIAN_POINT ( 'NONE',  ( -1.688575694911948810, 4.076582343749999282, 26.67500000170698016 ) ) ;
#4706 = CARTESIAN_POINT ( 'NONE',  ( -1.408326112068523317, 3.400000000000000355, 21.12812500341396671 ) ) ;
#4707 = CARTESIAN_POINT ( 'NONE',  ( 15.00000000000000000, 12.31187721104666721, 24.45063711990697897 ) ) ;
#4708 = FACE_OUTER_BOUND ( 'NONE', #2024, .T. ) ;
#4709 = CARTESIAN_POINT ( 'NONE',  ( -1.802138458939920085, 2.887392484670098902, 15.84927480528443233 ) ) ;
#4710 = CARTESIAN_POINT ( 'NONE',  ( 1.688575694911950809, -4.076582343749998394, 20.89375000170704411 ) ) ;
#4711 = CARTESIAN_POINT ( 'NONE',  ( 2.882579019330974379, -2.882579019330973491, 15.97187500170697838 ) ) ;
#4712 = CARTESIAN_POINT ( 'NONE',  ( 14.99999999999999822, -11.94912993209263519, 25.22794367361667156 ) ) ;
#4713 = CARTESIAN_POINT ( 'NONE',  ( 3.251201521200641320, 0.9948657985286840644, 17.98360794310626432 ) ) ;
#4714 = CARTESIAN_POINT ( 'NONE',  ( -3.247812836013936444, -1.024416084325477261, 24.86055238337294071 ) ) ;
#4715 = CARTESIAN_POINT ( 'NONE',  ( 3.390657968143470757, 0.2594349986614826742, 20.43953334864553639 ) ) ;
#4716 = CARTESIAN_POINT ( 'NONE',  ( 3.193526445457838037, 1.167864247472559125, 22.99450809566964438 ) ) ;
#4717 = CARTESIAN_POINT ( 'NONE',  ( -4.076582343749999282, 1.688575694911948588, 18.08125000170697305 ) ) ;
#4718 = CARTESIAN_POINT ( 'NONE',  ( 1.688575694911948366, 4.076582343749999282, 13.86250000170697660 ) ) ;
#4719 = CARTESIAN_POINT ( 'NONE',  ( -2.442429198300505533, -2.365910622710909017, 22.45304907560248253 ) ) ;
#4720 = DIRECTION ( 'NONE',  ( 0.000000000000000000, 0.000000000000000000, -1.000000000000000000 ) ) ;
#4721 = VERTEX_POINT ( 'NONE', #3961 ) ;
#4722 = EDGE_CURVE ( 'NONE', #1298, #2706, #324, .T. ) ;
#4723 = CARTESIAN_POINT ( 'NONE',  ( -4.076582343749999282, 0.000000000000000000, 21.75312500170697660 ) ) ;
#4724 = CARTESIAN_POINT ( 'NONE',  ( -0.1891946734336865110, -3.394738618448600143, 17.60188370156045679 ) ) ;
#4725 = CARTESIAN_POINT ( 'NONE',  ( -1.688575694911938818, 4.076582343749975301, 22.92500000170699082 ) ) ;
#4726 = ORIENTED_EDGE ( 'NONE', *, *, #687, .T. ) ;
#4727 = CARTESIAN_POINT ( 'NONE',  ( -2.404163056034260837, -2.404163056034261725, 18.70624999999998295 ) ) ;
#4728 = CARTESIAN_POINT ( 'NONE',  ( 4.076582343749999282, 4.992373518734052056E-16, 21.28437500170697660 ) ) ;
#4729 = CARTESIAN_POINT ( 'NONE',  ( 3.399999999999996803, 1.435516605562834070E-07, 17.92500000796255932 ) ) ;
#4730 = CARTESIAN_POINT ( 'NONE',  ( 6.245698675651500839E-16, -3.399999999999999911, 22.61249999999998295 ) ) ;
#4731 = CARTESIAN_POINT ( 'NONE',  ( -2.060275591635635450, -2.704699089943116252, 16.23223302040270966 ) ) ;
#4732 = CARTESIAN_POINT ( 'NONE',  ( -2.064036868197133057, 2.701813193409225100, 15.86807803146862739 ) ) ;
#4733 = CARTESIAN_POINT ( 'NONE',  ( 4.076582343750000170, -1.688575694911947922, 17.30000000170704055 ) ) ;
#4734 = CARTESIAN_POINT ( 'NONE',  ( 2.404163056034261281, 2.404163056034261725, 24.64375000341396671 ) ) ;
#4735 = CARTESIAN_POINT ( 'NONE',  ( 2.557823378570622808, -2.250577290019307952, 24.03113130662604391 ) ) ;
#4736 = CARTESIAN_POINT ( 'NONE',  ( 0.3352225345450560168, 3.384419003622102462, 18.21842090692874905 ) ) ;
#4737 = CARTESIAN_POINT ( 'NONE',  ( -2.979017104305937025, -1.638819903693365276, 24.90058481391384149 ) ) ;
#4738 = CARTESIAN_POINT ( 'NONE',  ( 0.000000000000000000, 0.000000000000000000, 20.00000000000000000 ) ) ;
#4739 = CARTESIAN_POINT ( 'NONE',  ( -4.076582343749999282, 1.688575694911948588, 25.42500000170698016 ) ) ;
#4740 = CARTESIAN_POINT ( 'NONE',  ( -4.076582343749998394, -1.688575694911951253, 18.23750000170698016 ) ) ;
#4741 = CARTESIAN_POINT ( 'NONE',  ( -4.076582343749998394, -1.688575694911951253, 16.83125000170697660 ) ) ;
#4742 = CARTESIAN_POINT ( 'NONE',  ( -0.3357129718625798676, -3.384071225809242023, 22.59366757091263977 ) ) ;
#4743 = CARTESIAN_POINT ( 'NONE',  ( -15.00000000000000178, 9.666393406790067644, 25.98653347947320924 ) ) ;
#4744 = ORIENTED_EDGE ( 'NONE', *, *, #4239, .F. ) ;
#4745 = CARTESIAN_POINT ( 'NONE',  ( -1.688575694911949698, -4.076582343749998394, 19.48750000170697660 ) ) ;
#4746 = CARTESIAN_POINT ( 'NONE',  ( -0.8306644991662655020, -3.297004553485341383, 17.56405322301451832 ) ) ;
#4747 = CARTESIAN_POINT ( 'NONE',  ( 2.882579019330957060, -2.882579019330956172, 23.62812500170699082 ) ) ;
#4748 = ORIENTED_EDGE ( 'NONE', *, *, #750, .F. ) ;
#4749 = EDGE_CURVE ( 'NONE', #916, #4721, #4673, .T. ) ;
#4750 = EDGE_CURVE ( 'NONE', #2981, #3480, #2931, .T. ) ;
#4751 = CARTESIAN_POINT ( 'NONE',  ( 6.245698675651500839E-16, -3.399999999999999911, 16.36249999999998295 ) ) ;
#4752 = CARTESIAN_POINT ( 'NONE',  ( -2.496186759367026028E-16, 4.076582343749999282, 22.84687500170697660 ) ) ;
#4753 = CARTESIAN_POINT ( 'NONE',  ( 2.769972427741744792, -1.971642867222680007, 17.80113003056737142 ) ) ;
#4754 = CARTESIAN_POINT ( 'NONE',  ( -3.245117083003873582, -1.014521021400635048, 16.10983800523127840 ) ) ;
#4755 = CARTESIAN_POINT ( 'NONE',  ( 3.293209185152237151, 0.8487015265947602805, 15.47477552993170136 ) ) ;
#4756 =( BOUNDED_SURFACE ( )  B_SPLINE_SURFACE ( 1, 2, ( 
 ( #2808, #2031, #3173, #4705, #2501, #4626, #2451, #602, #2861, #3963, #2077, #3557, #1713, #3197, #4651, #1353, #629, #2102, #1379, #3582, #3221, #3293, #778, #3681, #387, #1858, #3358, #3636, #410, #2915, #1430, #1109, #2230, #3990, #758, #2590, #1811, #3338, #1065, #317, #339, #3316, #1130, #2567, #362, #4353, #1451, #2204, #24, #1790, #2984, #4398, #4752, #4086, #1045, #3707, #2257, #3727, #2523, #1407, #1, #2181, #1835, #1472, #4036, #3270, #1495, #4373, #3658, #2960, #4419, #1881, #4728, #2546, #4060, #732, #4440, #4015, #2937, #2614, #709, #1088, #2888, #682, #2154, #3452, #1902, #4105, #476, #3073, #1928, #4548, #847, #2322, #4525, #4464, #799, #3384, #1230, #2276, #4146, #136, #3795, #2730, #4196, #3748, #67, #2373, #2348, #1976, #1542, #2002, #1155, #2300, #1202, #3007, #43, #893, #1951, #3033, #2704, #2658, #3839, #3428, #527, #2638, #111, #1586, #1182, #1516, #501, #4173, #428, #4126, #4486, #821, #3771, #454, #3406, #1253, #869, #88, #1565, #3050, #4504, #3819, #2679, #1614, #3099, #1707, #3551, #2072, #1639, #2423, #990, #3500, #2753, #4248, #3192, #4296, #1278, #2829, #4646, #3886, #622, #3146, #2399, #573, #595, #3214, #4621 ),
 ( #1348, #4670, #2025, #1685, #1300, #3169, #1324, #943, #4573, #2049, #1369, #3525, #2855, #3864, #209, #161, #2805, #258, #4322, #1731, #3124, #233, #4272, #2779, #965, #2445, #3910, #4220, #2472, #3934, #2096, #919, #3577, #1016, #550, #647, #185, #2495, #3957, #3478, #1660, #4599, #3984, #2978, #357, #1785, #704, #753, #4392, #2608, #727, #19, #3700, #2174, #3242, #1758, #1125, #383, #1039, #4698, #2882, #2223, #1853, #4079, #4723, #4009, #2540, #2906, #2518, #3653, #1490, #3333, #4436, #4368, #334, #2122, #1083, #1104, #2584, #3600, #4347, #284, #3631, #1806, #3265, #1400, #675, #2147, #311, #1425, #1060, #2955, #3288, #4745, #1446, #1828, #2932, #2199, #2562, #4031, #3675, #3310, #4771, #1467, #4414, #4054, #1432, #2633, #3379, #3028, #1560, #842, #1177, #2157, #3047, #1365, #280, #329, #3980, #2193, #308, #4386, #3283, #1753, #2825, #1344, #722, #4741, #618, #4292, #2467, #1442, #2927, #3669, #2491, #3595, #2117, #3954, #2092, #4694, #1078, #2558, #4027, #643, #1396, #1704, #669, #699, #2170, #3188, #3930, #4641, #3211, #2876, #2849, #986, #3573, #254, #1727, #4343, #1035, #2535, #2142, #3624, #1781, #4718, #3260, #1420, #2901, #4364, #1056 ) ),
 .UNSPECIFIED., .F., .F., .F. ) 
 B_SPLINE_SURFACE_WITH_KNOTS ( ( 2, 2 ),
 ( 3, 2, 2, 2, 2, 2, 2, 2, 2, 2, 2, 2, 2, 2, 2, 2, 2, 2, 2, 2, 2, 2, 2, 2, 2, 2, 2, 2, 2, 2, 2, 2, 2, 2, 2, 2, 2, 2, 2, 2, 2, 2, 2, 2, 2, 2, 2, 2, 2, 2, 2, 2, 2, 2, 2, 2, 2, 2, 2, 2, 2, 2, 2, 2, 2, 2, 2, 2, 2, 2, 2, 2, 2, 2, 2, 2, 2, 2, 2, 2, 2, 2, 2, 2, 2, 3 ),
 ( 0.000000000000000000, 1.000000000000000000 ),
 ( 0.000000000000000000, 0.01136363636363636395, 0.02272727272727272790, 0.03409090909090908839, 0.04545454545454545581, 0.05681818181818181629, 0.06818181818181817677, 0.07954545454545454419, 0.09090909090909091161, 0.1022727272727272790, 0.1136363636363636326, 0.1250000000000000000, 0.1363636363636363535, 0.1477272727272727348, 0.1590909090909090884, 0.1704545454545454419, 0.1818181818181818232, 0.1931818181818181768, 0.2045454545454545581, 0.2159090909090909116, 0.2272727272727272652, 0.2386363636363636465, 0.2500000000000000000, 0.2613636363636363535, 0.2727272727272727071, 0.2840909090909091161, 0.2954545454545454697, 0.3068181818181818232, 0.3181818181818181768, 0.3295454545454545303, 0.3409090909090908839, 0.3522727272727272929, 0.3636363636363636465, 0.3750000000000000000, 0.3863636363636363535, 0.3977272727272727071, 0.4090909090909091161, 0.4204545454545454697, 0.4318181818181818232, 0.4431818181818181768, 0.4545454545454545303, 0.4659090909090908839, 0.4772727272727272929, 0.4886363636363636465, 0.5000000000000000000, 0.5113636363636363535, 0.5227272727272727071, 0.5340909090909090606, 0.5454545454545454142, 0.5568181818181817677, 0.5681818181818182323, 0.5795454545454545858, 0.5909090909090909394, 0.6022727272727272929, 0.6136363636363636465, 0.6250000000000000000, 0.6363636363636363535, 0.6477272727272727071, 0.6590909090909090606, 0.6704545454545454142, 0.6818181818181817677, 0.6931818181818182323, 0.7045454545454545858, 0.7159090909090909394, 0.7272727272727272929, 0.7386363636363636465, 0.7500000000000000000, 0.7613636363636363535, 0.7727272727272727071, 0.7840909090909090606, 0.7954545454545454142, 0.8068181818181817677, 0.8181818181818182323, 0.8295454545454545858, 0.8409090909090909394, 0.8522727272727272929, 0.8636363636363636465, 0.8750000000000000000, 0.8863636363636363535, 0.8977272727272727071, 0.9090909090909090606, 0.9204545454545454142, 0.9318181818181817677, 0.9431818181818182323, 0.9454828134071887602, 0.9549376415412605956 ),
 .UNSPECIFIED. ) 
 GEOMETRIC_REPRESENTATION_ITEM ( )  RATIONAL_B_SPLINE_SURFACE ( (
 ( 1.000000000000000000, 0.9238795325112867385, 1.000000000000000000, 0.9238795325112867385, 1.000000000000000000, 0.9238795325112867385, 1.000000000000000000, 0.9238795325112867385, 1.000000000000000000, 0.9238795325112867385, 1.000000000000000000, 0.9238795325112867385, 1.000000000000000000, 0.9238795325112867385, 1.000000000000000000, 0.9238795325112867385, 1.000000000000000000, 0.9238795325112867385, 1.000000000000000000, 0.9238795325112867385, 1.000000000000000000, 0.9238795325112867385, 1.000000000000000000, 0.9238795325112867385, 1.000000000000000000, 0.9238795325112867385, 1.000000000000000000, 0.9238795325112867385, 1.000000000000000000, 0.9238795325112867385, 1.000000000000000000, 0.9238795325112867385, 1.000000000000000000, 0.9238795325112867385, 1.000000000000000000, 0.9238795325112867385, 1.000000000000000000, 0.9238795325112867385, 1.000000000000000000, 0.9238795325112867385, 1.000000000000000000, 0.9238795325112867385, 1.000000000000000000, 0.9238795325112867385, 1.000000000000000000, 0.9238795325112867385, 1.000000000000000000, 0.9238795325112867385, 1.000000000000000000, 0.9238795325112867385, 1.000000000000000000, 0.9238795325112867385, 1.000000000000000000, 0.9238795325112867385, 1.000000000000000000, 0.9238795325112867385, 1.000000000000000000, 0.9238795325112867385, 1.000000000000000000, 0.9238795325112867385, 1.000000000000000000, 0.9238795325112867385, 1.000000000000000000, 0.9238795325112867385, 1.000000000000000000, 0.9238795325112867385, 1.000000000000000000, 0.9238795325112867385, 1.000000000000000000, 0.9238795325112867385, 1.000000000000000000, 0.9238795325112867385, 1.000000000000000000, 0.9238795325112867385, 1.000000000000000000, 0.9238795325112867385, 1.000000000000000000, 0.9238795325112867385, 1.000000000000000000, 0.9238795325112867385, 1.000000000000000000, 0.9238795325112867385, 1.000000000000000000, 0.9238795325112867385, 1.000000000000000000, 0.9238795325112867385, 1.000000000000000000, 0.9238795325112867385, 1.000000000000000000, 0.9238795325112867385, 1.000000000000000000, 0.9238795325112867385, 1.000000000000000000, 0.9238795325112867385, 1.000000000000000000, 0.9238795325112867385, 1.000000000000000000, 0.9238795325112867385, 1.000000000000000000, 0.9238795325112867385, 1.000000000000000000, 0.9238795325112867385, 1.000000000000000000, 0.9238795325112867385, 1.000000000000000000, 0.9238795325112867385, 1.000000000000000000, 0.9238795325112867385, 1.000000000000000000, 0.9238795325112867385, 1.000000000000000000, 0.9238795325112867385, 1.000000000000000000, 0.9238795325112867385, 1.000000000000000000, 0.9238795325112867385, 1.000000000000000000, 0.9238795325112867385, 1.000000000000000000, 0.9238795325112867385, 1.000000000000000000, 0.9238795325112867385, 1.000000000000000000, 0.9238795325112867385, 1.000000000000000000, 0.9238795325112867385, 1.000000000000000000, 0.9238795325112867385, 1.000000000000000000, 0.9238795325112867385, 1.000000000000000000, 0.9238795325112867385, 1.000000000000000000, 0.9238795325112867385, 1.000000000000000000, 0.9238795325112867385, 1.000000000000000000, 0.9238795325112867385, 1.000000000000000000, 0.9238795325112867385, 1.000000000000000000, 0.9238795325112867385, 1.000000000000000000, 0.9238795325112867385, 1.000000000000000000, 0.9238795325112867385, 1.000000000000000000, 0.9238795325112867385, 1.000000000000000000, 0.9238795325112867385, 1.000000000000000000, 0.9238795325112867385, 1.000000000000000000, 0.9238795325112867385, 1.000000000000000000, 0.9238795325112867385, 1.000000000000000000, 0.9238795325112867385, 1.000000000000000000, 0.9238795325112867385, 1.000000000000000000, 0.9238795325112867385, 1.000000000000000000, 0.9238795325112867385, 1.000000000000000000, 0.9238795325112867385, 1.000000000000000000, 0.9845865507624838031, 0.9754151655909224505, 0.9754151655909224505, 0.9754151655909224505),
 ( 1.000000000000000000, 0.9238795325112867385, 1.000000000000000000, 0.9238795325112867385, 1.000000000000000000, 0.9238795325112867385, 1.000000000000000000, 0.9238795325112867385, 1.000000000000000000, 0.9238795325112867385, 1.000000000000000000, 0.9238795325112867385, 1.000000000000000000, 0.9238795325112867385, 1.000000000000000000, 0.9238795325112867385, 1.000000000000000000, 0.9238795325112867385, 1.000000000000000000, 0.9238795325112867385, 1.000000000000000000, 0.9238795325112867385, 1.000000000000000000, 0.9238795325112867385, 1.000000000000000000, 0.9238795325112867385, 1.000000000000000000, 0.9238795325112867385, 1.000000000000000000, 0.9238795325112867385, 1.000000000000000000, 0.9238795325112867385, 1.000000000000000000, 0.9238795325112867385, 1.000000000000000000, 0.9238795325112867385, 1.000000000000000000, 0.9238795325112867385, 1.000000000000000000, 0.9238795325112867385, 1.000000000000000000, 0.9238795325112867385, 1.000000000000000000, 0.9238795325112867385, 1.000000000000000000, 0.9238795325112867385, 1.000000000000000000, 0.9238795325112867385, 1.000000000000000000, 0.9238795325112867385, 1.000000000000000000, 0.9238795325112867385, 1.000000000000000000, 0.9238795325112867385, 1.000000000000000000, 0.9238795325112867385, 1.000000000000000000, 0.9238795325112867385, 1.000000000000000000, 0.9238795325112867385, 1.000000000000000000, 0.9238795325112867385, 1.000000000000000000, 0.9238795325112867385, 1.000000000000000000, 0.9238795325112867385, 1.000000000000000000, 0.9238795325112867385, 1.000000000000000000, 0.9238795325112867385, 1.000000000000000000, 0.9238795325112867385, 1.000000000000000000, 0.9238795325112867385, 1.000000000000000000, 0.9238795325112867385, 1.000000000000000000, 0.9238795325112867385, 1.000000000000000000, 0.9238795325112867385, 1.000000000000000000, 0.9238795325112867385, 1.000000000000000000, 0.9238795325112867385, 1.000000000000000000, 0.9238795325112867385, 1.000000000000000000, 0.9238795325112867385, 1.000000000000000000, 0.9238795325112867385, 1.000000000000000000, 0.9238795325112867385, 1.000000000000000000, 0.9238795325112867385, 1.000000000000000000, 0.9238795325112867385, 1.000000000000000000, 0.9238795325112867385, 1.000000000000000000, 0.9238795325112867385, 1.000000000000000000, 0.9238795325112867385, 1.000000000000000000, 0.9238795325112867385, 1.000000000000000000, 0.9238795325112867385, 1.000000000000000000, 0.9238795325112867385, 1.000000000000000000, 0.9238795325112867385, 1.000000000000000000, 0.9238795325112867385, 1.000000000000000000, 0.9238795325112867385, 1.000000000000000000, 0.9238795325112867385, 1.000000000000000000, 0.9238795325112867385, 1.000000000000000000, 0.9238795325112867385, 1.000000000000000000, 0.9238795325112867385, 1.000000000000000000, 0.9238795325112867385, 1.000000000000000000, 0.9238795325112867385, 1.000000000000000000, 0.9238795325112867385, 1.000000000000000000, 0.9238795325112867385, 1.000000000000000000, 0.9238795325112867385, 1.000000000000000000, 0.9238795325112867385, 1.000000000000000000, 0.9238795325112867385, 1.000000000000000000, 0.9238795325112867385, 1.000000000000000000, 0.9238795325112867385, 1.000000000000000000, 0.9238795325112867385, 1.000000000000000000, 0.9238795325112867385, 1.000000000000000000, 0.9238795325112867385, 1.000000000000000000, 0.9238795325112867385, 1.000000000000000000, 0.9238795325112867385, 1.000000000000000000, 0.9238795325112867385, 1.000000000000000000, 0.9238795325112867385, 1.000000000000000000, 0.9238795325112867385, 1.000000000000000000, 0.9238795325112867385, 1.000000000000000000, 0.9238795325112867385, 1.000000000000000000, 0.9238795325112867385, 1.000000000000000000, 0.9238795325112867385, 1.000000000000000000, 0.9238795325112867385, 1.000000000000000000, 0.9845865507624838031, 0.9754151655909224505, 0.9754151655909224505, 0.9754151655909224505) ) ) 
 REPRESENTATION_ITEM ( '' )  SURFACE ( )  );
#4757 = CARTESIAN_POINT ( 'NONE',  ( 4.076582343749999282, 4.992373518734052056E-16, 14.87812500170704055 ) ) ;
#4758 = CARTESIAN_POINT ( 'NONE',  ( 0.000000000000000000, 0.000000000000000000, 22.49059892324149246 ) ) ;
#4759 = AXIS2_PLACEMENT_3D ( 'NONE', #2807, #3195, #3149 ) ;
#4760 = CARTESIAN_POINT ( 'NONE',  ( -2.678039528578493034, 2.096790354271190981, 24.66718405865123742 ) ) ;
#4761 = CARTESIAN_POINT ( 'NONE',  ( -0.1356045188958115155, 3.397302446683553967, 19.49508435749904578 ) ) ;
#4762 = CARTESIAN_POINT ( 'NONE',  ( 2.569046332974871394, 2.229743287704525123, 20.56771762429939443 ) ) ;
#4763 = CARTESIAN_POINT ( 'NONE',  ( 3.399999999999999911, 7.614758780588827093E-09, 22.92500000042342734 ) ) ;
#4764 = CARTESIAN_POINT ( 'NONE',  ( -3.399999999994236077, 4.380685654423669037E-06, 22.29991888456654436 ) ) ;
#4765 = CARTESIAN_POINT ( 'NONE',  ( 2.245521913141006465, -2.555305034669307140, 20.25627405574758555 ) ) ;
#4766 = CARTESIAN_POINT ( 'NONE',  ( -1.415866420148526039, -3.094798215720584000, 22.52717156458309944 ) ) ;
#4767 = CARTESIAN_POINT ( 'NONE',  ( -0.6466564059491866079, -3.562204492228755903, 25.51351411866663099 ) ) ;
#4768 = AXIS2_PLACEMENT_3D ( 'NONE', #855, #3487, #4511 ) ;
#4769 = B_SPLINE_CURVE_WITH_KNOTS ( 'NONE', 3,
 ( #4729, #733, #4087, #1812, #1066, #2568, #3294, #1496, #2615, #4374, #1131, #3659, #4399, #3317, #2916, #710, #2205, #3708, #1517, #2961, #4061, #1110, #4753, #1431, #1452, #2985, #4465, #340, #2, #1089, #1473, #4420, #4037, #2547, #3682, #1156, #363, #2639, #2182, #1836, #4016, #779, #2938, #2591, #388, #1859, #4106, #759, #2231, #3339, #25, #4441, #2258, #3728, #44, #411, #1882, #3359, #800, #2277, #3749, #1791, #3552, #4724, #2148, #1426, #1349, #1732, #3266, #2519, #2856, #2907, #1759, #4746, #2883, #2175, #1061, #4323, #596, #3911, #3289, #1807, #1786, #4369, #2830, #1447, #2073, #3215, #234, #4647, #312, #3578, #4671, #2541, #3985, #259, #4348, #1708, #3243, #4297, #991, #2446, #1370, #4010, #2473, #3935, #1017, #623, #676, #705, #2496, #3632, #3958, #648, #2123, #3601, #285, #4699, #1401, #3654, #1040, #335, #4273, #966, #1084, #4415, #4101, #4123, #1468, #1126 ),
 .UNSPECIFIED., .F., .F.,
 ( 4, 2, 1, 1, 2, 2, 2, 1, 2, 2, 1, 1, 2, 2, 2, 2, 2, 2, 2, 2, 1, 1, 2, 2, 2, 1, 2, 2, 2, 2, 1, 1, 2, 2, 2, 2, 2, 2, 1, 1, 2, 2, 2, 2, 2, 1, 1, 2, 2, 2, 2, 2, 2, 2, 1, 1, 1, 2, 1, 1, 2, 2, 2, 2, 2, 2, 2, 2, 2, 2, 2, 2, 1, 1, 1, 4 ),
 ( 0.7147412289866862389, 0.7149777938046222303, 0.7152143586225581107, 0.7156874882584299824, 0.7166337475301737259, 0.7185262660736612128, 0.7194725253454050673, 0.7204187846171488108, 0.7223113031606362977, 0.7260963402476112716, 0.7263329050655472630, 0.7264511874745152031, 0.7265103286789992287, 0.7265694698834831433, 0.7270425995193550150, 0.7279888587910986475, 0.7298813773345860234, 0.7303545069704578951, 0.7304136481749419207, 0.7304727893794258353, 0.7305910717883938865, 0.7308276366063297669, 0.7317738958780736214, 0.7336664144215611083, 0.7346126736933048518, 0.7355589329650487063, 0.7374514515085361932, 0.7412364885955112781, 0.7421827478672550216, 0.7422418890717390472, 0.7423010302762229617, 0.7424193126851910129, 0.7426558775031268933, 0.7431290071389987650, 0.7450215256824863630, 0.7459677849542301065, 0.7460860673631980466, 0.7461452085676820722, 0.7462043497721660978, 0.7464409145901019782, 0.7469140442259738499, 0.7488065627694613369, 0.7497528220412051914, 0.7499893868591410717, 0.7500485280636250973, 0.7501076692681090119, 0.7502259516770770631, 0.7506990813129489348, 0.7525915998564365328, 0.7544841183999241307, 0.7563766369434117287, 0.7573228962151554722, 0.7577960258510274549, 0.7578551670555103703, 0.7579143082599933967, 0.7580325906689593385, 0.7582691554868911110, 0.7601616740303459574, 0.7611079333020732696, 0.7615810629379370367, 0.7616993453469029784, 0.7618176277558688092, 0.7620541925738006928, 0.7639467111172553171, 0.7648929703889826293, 0.7653661000248462853, 0.7656026648427781689, 0.7658392296607099414, 0.7677317482041645658, 0.7715167852910739255, 0.7734093038345285498, 0.7735275862434944916, 0.7736458686524604333, 0.7738824334703922059, 0.7743555631062559730, 0.7753018223779832852 ),
 .UNSPECIFIED. ) ;
#4770 = CARTESIAN_POINT ( 'NONE',  ( 3.008951958966996632, 1.584266018069100390, 16.77182041744829633 ) ) ;
#4771 = CARTESIAN_POINT ( 'NONE',  ( 2.882579019330973491, 2.882579019330973935, 18.78437500170697660 ) ) ;
#4772 = CARTESIAN_POINT ( 'NONE',  ( 3.400000000000000799, -1.408326112068522651, 21.90937500341397026 ) ) ;
#4773 = CARTESIAN_POINT ( 'NONE',  ( -4.076582343749975301, 0.000000000000000000, 24.40937500170699437 ) ) ;
#4774 = ORIENTED_EDGE ( 'NONE', *, *, #1272, .F. ) ;
#4775 = APPLICATION_PROTOCOL_DEFINITION ( 'draft international standard', 'automotive_design', 1998, #2107 ) ;
#4776 = CARTESIAN_POINT ( 'NONE',  ( 3.400000000000000355, 1.408326112068523539, 15.50312499999998650 ) ) ;
ENDSEC;
END-ISO-10303-21;
