ISO-10303-21;
HEADER;
FILE_DESCRIPTION (( 'STEP AP214' ),
    '1' );
FILE_NAME ('25õ25.STEP',
    '2026-09-04T10:32:57',
    ( '' ),
    ( '' ),
    'SwSTEP 2.0',
    'SolidWorks 2024',
    '' );
FILE_SCHEMA (( 'AUTOMOTIVE_DESIGN' ));
ENDSEC;

DATA;
#1 = AXIS2_PLACEMENT_3D ( 'NONE', #444, #579, #317 ) ;
#2 = DIRECTION ( 'NONE',  ( 0.000000000000000000, 0.000000000000000000, -1.000000000000000000 ) ) ;
#3 = CARTESIAN_POINT ( 'NONE',  ( 1.899999999999999689, 7.400000000000002132, 3.600000000000000089 ) ) ;
#4 = AXIS2_PLACEMENT_3D ( 'NONE', #1043, #1577, #1195 ) ;
#5 = CARTESIAN_POINT ( 'NONE',  ( 23.10000000000000142, 7.400000000000002132, 17.60000000000000142 ) ) ;
#6 = PRODUCT ( '25\X2\0445\X0\25', '25\X2\0445\X0\25', '', ( #725 ) ) ;
#7 = CARTESIAN_POINT ( 'NONE',  ( 1.899999999999999023, 17.60000000000000497, 17.60000000000000142 ) ) ;
#8 = EDGE_LOOP ( 'NONE', ( #1094, #359 ) ) ;
#9 = CARTESIAN_POINT ( 'NONE',  ( 1.899999999999999911, 8.650000000000002132, 17.60000000000000142 ) ) ;
#10 = ADVANCED_FACE ( 'NONE', ( #148 ), #1632, .T. ) ;
#11 = CARTESIAN_POINT ( 'NONE',  ( 23.09999999999999787, 1.900000000000002354, 21.59999999999999787 ) ) ;
#12 = DIRECTION ( 'NONE',  ( 1.000000000000000000, 0.000000000000000000, -0.000000000000000000 ) ) ;
#13 = AXIS2_PLACEMENT_3D ( 'NONE', #639, #1584, #129 ) ;
#14 = DIRECTION ( 'NONE',  ( 0.000000000000000000, 1.000000000000000000, 0.000000000000000000 ) ) ;
#15 = ORIENTED_EDGE ( 'NONE', *, *, #489, .T. ) ;
#16 = CIRCLE ( 'NONE', #1201, 10.05001942845186313 ) ;
#17 = ORIENTED_EDGE ( 'NONE', *, *, #383, .F. ) ;
#18 = PRESENTATION_LAYER_ASSIGNMENT (  '', '', ( #623 ) ) ;
#19 = CYLINDRICAL_SURFACE ( 'NONE', #520, 1.250000000000000444 ) ;
#20 = FACE_OUTER_BOUND ( 'NONE', #1232, .T. ) ;
#21 = EDGE_CURVE ( 'NONE', #1382, #517, #951, .T. ) ;
#22 = ORIENTED_EDGE ( 'NONE', *, *, #1181, .F. ) ;
#23 = DIRECTION ( 'NONE',  ( 0.000000000000000000, 0.000000000000000000, 1.000000000000000000 ) ) ;
#24 = PRODUCT_DEFINITION_CONTEXT ( 'detailed design', #915, 'design' ) ;
#25 = DIRECTION ( 'NONE',  ( 1.224646799147353207E-16, 1.000000000000000000, -0.000000000000000000 ) ) ;
#26 = VERTEX_POINT ( 'NONE', #183 ) ;
#27 = ORIENTED_EDGE ( 'NONE', *, *, #696, .F. ) ;
#28 = CIRCLE ( 'NONE', #458, 10.05001942845186313 ) ;
#29 = DIRECTION ( 'NONE',  ( -0.000000000000000000, -0.000000000000000000, 1.000000000000000000 ) ) ;
#30 = DIRECTION ( 'NONE',  ( 0.000000000000000000, 0.000000000000000000, 1.000000000000000000 ) ) ;
#31 = VECTOR ( 'NONE', #1379, 1000.000000000000000 ) ;
#32 = VECTOR ( 'NONE', #1304, 1000.000000000000000 ) ;
#33 = CARTESIAN_POINT ( 'NONE',  ( 2.000000000000000000, 0.000000000000000000, 0.000000000000000000 ) ) ;
#34 = CARTESIAN_POINT ( 'NONE',  ( 7.399999999999999467, 23.10000000000000142, 17.60000000000000142 ) ) ;
#35 = AXIS2_PLACEMENT_3D ( 'NONE', #1090, #949, #1238 ) ;
#36 = ADVANCED_FACE ( 'NONE', ( #838 ), #1372, .T. ) ;
#37 = VECTOR ( 'NONE', #286, 1000.000000000000000 ) ;
#38 = CARTESIAN_POINT ( 'NONE',  ( 4.899999999999999467, 20.10000000000000497, 21.59999999999999787 ) ) ;
#39 = EDGE_CURVE ( 'NONE', #377, #591, #578, .T. ) ;
#40 = ORIENTED_EDGE ( 'NONE', *, *, #993, .F. ) ;
#41 = ORIENTED_EDGE ( 'NONE', *, *, #1490, .F. ) ;
#42 = CARTESIAN_POINT ( 'NONE',  ( 16.34999999999999787, 23.10000000000000142, 17.60000000000000142 ) ) ;
#43 = DIRECTION ( 'NONE',  ( -1.000000000000000000, 0.000000000000000000, 0.000000000000000000 ) ) ;
#44 = FACE_OUTER_BOUND ( 'NONE', #1246, .T. ) ;
#45 = LINE ( 'NONE', #1346, #246 ) ;
#46 = DIRECTION ( 'NONE',  ( -0.000000000000000000, -0.000000000000000000, 1.000000000000000000 ) ) ;
#47 = ORIENTED_EDGE ( 'NONE', *, *, #766, .F. ) ;
#48 = EDGE_CURVE ( 'NONE', #900, #565, #665, .T. ) ;
#49 = ORIENTED_EDGE ( 'NONE', *, *, #39, .F. ) ;
#50 = PLANE ( 'NONE',  #88 ) ;
#51 = DIRECTION ( 'NONE',  ( 0.000000000000000000, 0.000000000000000000, 1.000000000000000000 ) ) ;
#52 = LINE ( 'NONE', #1100, #31 ) ;
#53 = CARTESIAN_POINT ( 'NONE',  ( 1.899999999999999911, 20.10000000000000497, 21.59999999999999787 ) ) ;
#54 = VERTEX_POINT ( 'NONE', #1642 ) ;
#55 = EDGE_CURVE ( 'NONE', #73, #54, #1328, .T. ) ;
#56 = EDGE_LOOP ( 'NONE', ( #1673, #1646, #289, #537 ) ) ;
#57 = DIRECTION ( 'NONE',  ( 0.000000000000000000, 0.000000000000000000, 1.000000000000000000 ) ) ;
#58 = AXIS2_PLACEMENT_3D ( 'NONE', #869, #1697, #1400 ) ;
#59 = DIRECTION ( 'NONE',  ( -0.000000000000000000, -0.000000000000000000, 1.000000000000000000 ) ) ;
#60 = DIRECTION ( 'NONE',  ( 1.000000000000000000, 0.000000000000000000, -0.000000000000000000 ) ) ;
#61 = VECTOR ( 'NONE', #228, 1000.000000000000000 ) ;
#62 = AXIS2_PLACEMENT_3D ( 'NONE', #1702, #668, #777 ) ;
#63 = CARTESIAN_POINT ( 'NONE',  ( 23.00000000000000000, 25.00000000000000000, 3.600000000000000089 ) ) ;
#64 = ORIENTED_EDGE ( 'NONE', *, *, #1031, .T. ) ;
#65 = ORIENTED_EDGE ( 'NONE', *, *, #170, .F. ) ;
#66 = SHAPE_DEFINITION_REPRESENTATION ( #910, #954 ) ;
#67 = EDGE_CURVE ( 'NONE', #1221, #421, #408, .T. ) ;
#68 = DIRECTION ( 'NONE',  ( -0.000000000000000000, -1.000000000000000000, -0.000000000000000000 ) ) ;
#69 = CARTESIAN_POINT ( 'NONE',  ( 17.59999999999999787, 1.900000000000002354, 16.40000000000000213 ) ) ;
#70 = ORIENTED_EDGE ( 'NONE', *, *, #1256, .F. ) ;
#71 = LINE ( 'NONE', #197, #329 ) ;
#72 = EDGE_LOOP ( 'NONE', ( #1618, #1446, #920, #245, #731, #113, #302, #370, #1470, #1457, #686, #180, #1500, #523, #204, #724 ) ) ;
#73 = VERTEX_POINT ( 'NONE', #33 ) ;
#74 = CYLINDRICAL_SURFACE ( 'NONE', #342, 1.250000000000000222 ) ;
#75 = FACE_OUTER_BOUND ( 'NONE', #447, .T. ) ;
#76 = VECTOR ( 'NONE', #636, 1000.000000000000000 ) ;
#77 = DIRECTION ( 'NONE',  ( -0.000000000000000000, -0.000000000000000000, -1.000000000000000000 ) ) ;
#78 = ORIENTED_EDGE ( 'NONE', *, *, #1044, .T. ) ;
#79 = CARTESIAN_POINT ( 'NONE',  ( 0.000000000000000000, 23.00000000000000000, 3.600000000000000089 ) ) ;
#80 = ORIENTED_EDGE ( 'NONE', *, *, #1200, .T. ) ;
#81 = CARTESIAN_POINT ( 'NONE',  ( 1.899999999999999911, 8.650000000000002132, 16.40000000000000213 ) ) ;
#82 = DIRECTION ( 'NONE',  ( 0.000000000000000000, -1.000000000000000000, 0.000000000000000000 ) ) ;
#83 = EDGE_CURVE ( 'NONE', #705, #1528, #251, .T. ) ;
#84 = DIRECTION ( 'NONE',  ( 0.000000000000000000, 0.000000000000000000, 1.000000000000000000 ) ) ;
#85 = VECTOR ( 'NONE', #14, 1000.000000000000000 ) ;
#86 = ORIENTED_EDGE ( 'NONE', *, *, #301, .T. ) ;
#87 = EDGE_CURVE ( 'NONE', #775, #1514, #1224, .T. ) ;
#88 = AXIS2_PLACEMENT_3D ( 'NONE', #285, #425, #308 ) ;
#89 = EDGE_LOOP ( 'NONE', ( #857, #1555, #64, #1504, #479 ) ) ;
#90 =( GEOMETRIC_REPRESENTATION_CONTEXT ( 3 ) GLOBAL_UNCERTAINTY_ASSIGNED_CONTEXT ( ( #1149 ) ) GLOBAL_UNIT_ASSIGNED_CONTEXT ( ( #1124, #856, #1115 ) ) REPRESENTATION_CONTEXT ( 'NONE', 'WORKASPACE' ) );
#91 = ORIENTED_EDGE ( 'NONE', *, *, #500, .F. ) ;
#92 = CYLINDRICAL_SURFACE ( 'NONE', #1399, 10.05001942845186313 ) ;
#93 = DIRECTION ( 'NONE',  ( 1.000000000000000000, 0.000000000000000000, 0.000000000000000000 ) ) ;
#94 = DIRECTION ( 'NONE',  ( 0.000000000000000000, 0.000000000000000000, -1.000000000000000000 ) ) ;
#95 = CARTESIAN_POINT ( 'NONE',  ( 20.10000000000000142, 4.900000000000002132, 3.599999999999999201 ) ) ;
#96 = ORIENTED_EDGE ( 'NONE', *, *, #613, .F. ) ;
#97 = ADVANCED_FACE ( 'NONE', ( #44 ), #1220, .T. ) ;
#98 = DIRECTION ( 'NONE',  ( -0.000000000000000000, -0.000000000000000000, -1.000000000000000000 ) ) ;
#99 = CARTESIAN_POINT ( 'NONE',  ( 17.64999999999999858, 23.10000000000000142, 17.60000000000000142 ) ) ;
#100 = AXIS2_PLACEMENT_3D ( 'NONE', #744, #1677, #1508 ) ;
#101 = DIRECTION ( 'NONE',  ( 0.000000000000000000, 1.000000000000000000, 0.000000000000000000 ) ) ;
#102 = FACE_OUTER_BOUND ( 'NONE', #1243, .T. ) ;
#103 = ORIENTED_EDGE ( 'NONE', *, *, #144, .T. ) ;
#104 = EDGE_CURVE ( 'NONE', #1541, #1185, #559, .T. ) ;
#105 = ORIENTED_EDGE ( 'NONE', *, *, #1553, .T. ) ;
#106 = DIRECTION ( 'NONE',  ( 0.000000000000000000, -0.000000000000000000, -1.000000000000000000 ) ) ;
#107 = DIRECTION ( 'NONE',  ( 1.000000000000000000, 0.000000000000000000, 0.000000000000000000 ) ) ;
#108 = CYLINDRICAL_SURFACE ( 'NONE', #991, 1.250000000000000222 ) ;
#109 = CIRCLE ( 'NONE', #354, 1.250000000000000222 ) ;
#110 = ORIENTED_EDGE ( 'NONE', *, *, #1331, .T. ) ;
#111 = CIRCLE ( 'NONE', #1, 0.05000000000000034972 ) ;
#112 = TOROIDAL_SURFACE ( 'NONE', #908, 0.05000000000000056483, 1.199999999999999956 ) ;
#113 = ORIENTED_EDGE ( 'NONE', *, *, #1000, .T. ) ;
#114 = AXIS2_PLACEMENT_3D ( 'NONE', #1447, #138, #259 ) ;
#115 = DIRECTION ( 'NONE',  ( 0.000000000000000000, 0.000000000000000000, 1.000000000000000000 ) ) ;
#116 = CARTESIAN_POINT ( 'NONE',  ( 4.899999999999999467, 20.10000000000000497, 3.599999999999999201 ) ) ;
#117 = EDGE_CURVE ( 'NONE', #441, #866, #515, .T. ) ;
#118 = DIRECTION ( 'NONE',  ( 1.000000000000000000, 0.000000000000000000, -0.000000000000000000 ) ) ;
#119 = CARTESIAN_POINT ( 'NONE',  ( 1.849999999999999423, 7.400000000000002132, 16.40000000000000213 ) ) ;
#120 = EDGE_LOOP ( 'NONE', ( #15, #1436, #1153, #547 ) ) ;
#121 = VERTEX_POINT ( 'NONE', #1126 ) ;
#122 = CARTESIAN_POINT ( 'NONE',  ( 18.84999999999999787, 23.10000000000000142, 16.40000000000000213 ) ) ;
#123 = LINE ( 'NONE', #1179, #1498 ) ;
#124 = DIRECTION ( 'NONE',  ( 1.000000000000000000, 0.000000000000000000, 0.000000000000000000 ) ) ;
#125 = EDGE_CURVE ( 'NONE', #740, #430, #1248, .T. ) ;
#126 = PLANE ( 'NONE',  #825 ) ;
#127 = ORIENTED_EDGE ( 'NONE', *, *, #1365, .F. ) ;
#128 = VERTEX_POINT ( 'NONE', #1116 ) ;
#129 = DIRECTION ( 'NONE',  ( -1.000000000000000000, 0.000000000000000000, 0.000000000000000000 ) ) ;
#130 = CARTESIAN_POINT ( 'NONE',  ( 6.149999999999999467, 23.10000000000000142, 3.600000000000000089 ) ) ;
#131 = DIRECTION ( 'NONE',  ( 0.000000000000000000, 0.000000000000000000, 1.000000000000000000 ) ) ;
#132 = EDGE_CURVE ( 'NONE', #895, #54, #1281, .T. ) ;
#133 = CIRCLE ( 'NONE', #1320, 1.250000000000000222 ) ;
#134 = ADVANCED_FACE ( 'NONE', ( #1378 ), #1404, .T. ) ;
#135 = CIRCLE ( 'NONE', #574, 1.199999999999999734 ) ;
#136 = VERTEX_POINT ( 'NONE', #621 ) ;
#137 = AXIS2_PLACEMENT_3D ( 'NONE', #898, #1431, #1441 ) ;
#138 = DIRECTION ( 'NONE',  ( -0.000000000000000000, -0.000000000000000000, -1.000000000000000000 ) ) ;
#139 = AXIS2_PLACEMENT_3D ( 'NONE', #1593, #1061, #397 ) ;
#140 = DIRECTION ( 'NONE',  ( 0.000000000000000000, 0.000000000000000000, -1.000000000000000000 ) ) ;
#141 = FACE_OUTER_BOUND ( 'NONE', #196, .T. ) ;
#142 = CARTESIAN_POINT ( 'NONE',  ( 1.899999999999999911, 1.900000000000002354, 17.60000000000000142 ) ) ;
#143 = VERTEX_POINT ( 'NONE', #719 ) ;
#144 = EDGE_CURVE ( 'NONE', #128, #152, #561, .T. ) ;
#145 = ORIENTED_EDGE ( 'NONE', *, *, #1406, .F. ) ;
#146 = DIRECTION ( 'NONE',  ( 0.000000000000000000, 0.000000000000000000, -1.000000000000000000 ) ) ;
#147 = LINE ( 'NONE', #539, #327 ) ;
#148 = FACE_OUTER_BOUND ( 'NONE', #1086, .T. ) ;
#149 = DIRECTION ( 'NONE',  ( 0.000000000000000000, 0.000000000000000000, -1.000000000000000000 ) ) ;
#150 = CARTESIAN_POINT ( 'NONE',  ( 0.000000000000000000, 25.00000000000000000, 3.600000000000000089 ) ) ;
#151 = ORIENTED_EDGE ( 'NONE', *, *, #1367, .F. ) ;
#152 = VERTEX_POINT ( 'NONE', #450 ) ;
#153 = ADVANCED_FACE ( 'NONE', ( #984 ), #1014, .F. ) ;
#154 =( GEOMETRIC_REPRESENTATION_CONTEXT ( 3 ) GLOBAL_UNCERTAINTY_ASSIGNED_CONTEXT ( ( #918 ) ) GLOBAL_UNIT_ASSIGNED_CONTEXT ( ( #1688, #1150, #1681 ) ) REPRESENTATION_CONTEXT ( 'NONE', 'WORKASPACE' ) );
#155 = DIRECTION ( 'NONE',  ( 0.000000000000000000, 0.000000000000000000, 1.000000000000000000 ) ) ;
#156 = DIRECTION ( 'NONE',  ( 0.000000000000000000, 1.000000000000000000, -0.000000000000000000 ) ) ;
#157 = LINE ( 'NONE', #1537, #1059 ) ;
#158 = LINE ( 'NONE', #1643, #1075 ) ;
#159 = DIRECTION ( 'NONE',  ( 0.000000000000000000, 0.000000000000000000, 1.000000000000000000 ) ) ;
#160 = ORIENTED_EDGE ( 'NONE', *, *, #1095, .T. ) ;
#161 = VERTEX_POINT ( 'NONE', #323 ) ;
#162 = VECTOR ( 'NONE', #256, 1000.000000000000000 ) ;
#163 = CARTESIAN_POINT ( 'NONE',  ( 23.00000000000000000, 25.00000000000000000, 3.600000000000000089 ) ) ;
#164 = LINE ( 'NONE', #182, #223 ) ;
#165 = AXIS2_PLACEMENT_3D ( 'NONE', #1418, #101, #1686 ) ;
#166 = CIRCLE ( 'NONE', #462, 1.199999999999999734 ) ;
#167 = DIRECTION ( 'NONE',  ( 1.000000000000000000, 0.000000000000000000, 0.000000000000000000 ) ) ;
#168 = FACE_OUTER_BOUND ( 'NONE', #1050, .T. ) ;
#169 = VECTOR ( 'NONE', #769, 1000.000000000000000 ) ;
#170 = EDGE_CURVE ( 'NONE', #1401, #942, #477, .T. ) ;
#171 = LINE ( 'NONE', #814, #298 ) ;
#172 = ORIENTED_EDGE ( 'NONE', *, *, #1044, .F. ) ;
#173 = ORIENTED_EDGE ( 'NONE', *, *, #1672, .T. ) ;
#174 = DIRECTION ( 'NONE',  ( 0.000000000000000000, 0.000000000000000000, 1.000000000000000000 ) ) ;
#175 = CARTESIAN_POINT ( 'NONE',  ( 23.00000000000000000, 23.00000000000000000, 3.600000000000000089 ) ) ;
#176 = CARTESIAN_POINT ( 'NONE',  ( 23.09999999999999787, 20.10000000000000497, 21.59999999999999787 ) ) ;
#177 = ADVANCED_FACE ( 'NONE', ( #728 ), #74, .T. ) ;
#178 = FACE_OUTER_BOUND ( 'NONE', #237, .T. ) ;
#179 = ORIENTED_EDGE ( 'NONE', *, *, #596, .F. ) ;
#180 = ORIENTED_EDGE ( 'NONE', *, *, #125, .T. ) ;
#181 = EDGE_CURVE ( 'NONE', #1528, #1497, #1416, .T. ) ;
#182 = CARTESIAN_POINT ( 'NONE',  ( 23.09999999999999787, 20.10000000000000497, 21.59999999999999787 ) ) ;
#183 = CARTESIAN_POINT ( 'NONE',  ( 1.899999999999999911, 6.150000000000002132, 3.600000000000000089 ) ) ;
#184 = FACE_OUTER_BOUND ( 'NONE', #1645, .T. ) ;
#185 = PLANE ( 'NONE',  #1631 ) ;
#186 = ORIENTED_EDGE ( 'NONE', *, *, #790, .T. ) ;
#187 = ORIENTED_EDGE ( 'NONE', *, *, #55, .T. ) ;
#188 = ADVANCED_FACE ( 'NONE', ( #1004 ), #92, .F. ) ;
#189 = CIRCLE ( 'NONE', #573, 1.199999999999999734 ) ;
#190 = DIRECTION ( 'NONE',  ( 1.000000000000000000, 0.000000000000000000, 0.000000000000000000 ) ) ;
#191 = DIRECTION ( 'NONE',  ( 0.000000000000000000, 0.000000000000000000, 1.000000000000000000 ) ) ;
#192 = AXIS2_PLACEMENT_3D ( 'NONE', #1140, #235, #84 ) ;
#193 = VECTOR ( 'NONE', #1062, 1000.000000000000000 ) ;
#194 = CARTESIAN_POINT ( 'NONE',  ( 1.899999999999999689, 7.400000000000002132, 16.40000000000000213 ) ) ;
#195 = AXIS2_PLACEMENT_3D ( 'NONE', #1222, #205, #424 ) ;
#196 = EDGE_LOOP ( 'NONE', ( #454, #1445 ) ) ;
#197 = CARTESIAN_POINT ( 'NONE',  ( 1.899999999999999911, 4.900000000000002132, 21.59999999999999787 ) ) ;
#198 = ORIENTED_EDGE ( 'NONE', *, *, #1490, .T. ) ;
#199 = EDGE_CURVE ( 'NONE', #1096, #1317, #419, .T. ) ;
#200 = ORIENTED_EDGE ( 'NONE', *, *, #800, .T. ) ;
#201 = DIRECTION ( 'NONE',  ( 1.000000000000000000, 0.000000000000000000, 0.000000000000000000 ) ) ;
#202 = CARTESIAN_POINT ( 'NONE',  ( 8.650000000000000355, 1.900000000000002354, 16.40000000000000213 ) ) ;
#203 = CARTESIAN_POINT ( 'NONE',  ( 20.10000000000000142, 20.10000000000000497, 3.599999999999999201 ) ) ;
#204 = ORIENTED_EDGE ( 'NONE', *, *, #1609, .T. ) ;
#205 = DIRECTION ( 'NONE',  ( 0.000000000000000000, -1.000000000000000000, 0.000000000000000000 ) ) ;
#206 = ORIENTED_EDGE ( 'NONE', *, *, #854, .F. ) ;
#207 = ORIENTED_EDGE ( 'NONE', *, *, #529, .F. ) ;
#208 = EDGE_CURVE ( 'NONE', #1067, #1401, #1008, .T. ) ;
#209 = LINE ( 'NONE', #734, #1679 ) ;
#210 = LINE ( 'NONE', #1551, #605 ) ;
#211 = EDGE_CURVE ( 'NONE', #981, #900, #209, .T. ) ;
#212 = DIRECTION ( 'NONE',  ( -1.000000000000000000, 0.000000000000000000, 0.000000000000000000 ) ) ;
#213 = VERTEX_POINT ( 'NONE', #81 ) ;
#214 = ORIENTED_EDGE ( 'NONE', *, *, #229, .T. ) ;
#215 = EDGE_LOOP ( 'NONE', ( #214, #334, #409, #1512 ) ) ;
#216 = PLANE ( 'NONE',  #340 ) ;
#217 = DIRECTION ( 'NONE',  ( -0.000000000000000000, -0.000000000000000000, -1.000000000000000000 ) ) ;
#218 = VECTOR ( 'NONE', #927, 1000.000000000000000 ) ;
#219 = CARTESIAN_POINT ( 'NONE',  ( 23.09999999999999787, 17.60000000000000497, 16.40000000000000213 ) ) ;
#220 = AXIS2_PLACEMENT_3D ( 'NONE', #1030, #77, #1539 ) ;
#221 = CIRCLE ( 'NONE', #858, 1.199999999999999734 ) ;
#222 = FACE_OUTER_BOUND ( 'NONE', #89, .T. ) ;
#223 = VECTOR ( 'NONE', #558, 1000.000000000000000 ) ;
#224 = VERTEX_POINT ( 'NONE', #1667 ) ;
#225 = DIRECTION ( 'NONE',  ( 1.000000000000000000, 0.000000000000000000, 0.000000000000000000 ) ) ;
#226 = CARTESIAN_POINT ( 'NONE',  ( 6.149999999999999467, 23.10000000000000142, 17.60000000000000142 ) ) ;
#227 = CARTESIAN_POINT ( 'NONE',  ( 23.09999999999999787, 17.60000000000000497, 17.60000000000000142 ) ) ;
#228 = DIRECTION ( 'NONE',  ( 0.000000000000000000, -1.000000000000000000, 0.000000000000000000 ) ) ;
#229 = EDGE_CURVE ( 'NONE', #73, #620, #157, .T. ) ;
#230 = LINE ( 'NONE', #1009, #76 ) ;
#231 = ORIENTED_EDGE ( 'NONE', *, *, #1277, .F. ) ;
#232 = ADVANCED_FACE ( 'NONE', ( #875 ), #216, .F. ) ;
#233 = CARTESIAN_POINT ( 'NONE',  ( 1.899999999999999023, 17.65000000000000568, 16.40000000000000213 ) ) ;
#234 = CARTESIAN_POINT ( 'NONE',  ( 1.899999999999999911, 8.650000000000002132, 3.600000000000000089 ) ) ;
#235 = DIRECTION ( 'NONE',  ( -1.000000000000000000, 0.000000000000000000, 0.000000000000000000 ) ) ;
#236 = SURFACE_STYLE_FILL_AREA ( #501 ) ;
#237 = EDGE_LOOP ( 'NONE', ( #1599, #929, #864, #680 ) ) ;
#238 = EDGE_CURVE ( 'NONE', #1581, #1018, #761, .T. ) ;
#239 = ORIENTED_EDGE ( 'NONE', *, *, #674, .T. ) ;
#240 = FACE_OUTER_BOUND ( 'NONE', #496, .T. ) ;
#241 = CARTESIAN_POINT ( 'NONE',  ( 1.899999999999999911, 18.85000000000000497, 3.599999999999999201 ) ) ;
#242 = FACE_OUTER_BOUND ( 'NONE', #947, .T. ) ;
#243 = AXIS2_PLACEMENT_3D ( 'NONE', #1597, #1329, #1580 ) ;
#244 = CARTESIAN_POINT ( 'NONE',  ( 17.59999999999999787, 23.10000000000000142, 16.40000000000000213 ) ) ;
#245 = ORIENTED_EDGE ( 'NONE', *, *, #969, .T. ) ;
#246 = VECTOR ( 'NONE', #1364, 1000.000000000000000 ) ;
#247 = VECTOR ( 'NONE', #1423, 1000.000000000000000 ) ;
#248 = VECTOR ( 'NONE', #1223, 1000.000000000000000 ) ;
#249 = AXIS2_PLACEMENT_3D ( 'NONE', #175, #568, #970 ) ;
#250 = EDGE_LOOP ( 'NONE', ( #572, #330, #405, #414 ) ) ;
#251 = CIRCLE ( 'NONE', #1526, 1.250000000000000222 ) ;
#252 = EDGE_CURVE ( 'NONE', #1377, #1665, #1506, .T. ) ;
#253 = CARTESIAN_POINT ( 'NONE',  ( 20.10000000000000142, 23.10000000000000142, 3.600000000000000089 ) ) ;
#254 = LINE ( 'NONE', #1454, #169 ) ;
#255 = CARTESIAN_POINT ( 'NONE',  ( 0.000000000000000000, 2.000000000000000000, 3.600000000000000089 ) ) ;
#256 = DIRECTION ( 'NONE',  ( -1.000000000000000000, -0.000000000000000000, -0.000000000000000000 ) ) ;
#257 = ORIENTED_EDGE ( 'NONE', *, *, #1307, .T. ) ;
#258 = ORIENTED_EDGE ( 'NONE', *, *, #1696, .F. ) ;
#259 = DIRECTION ( 'NONE',  ( -1.000000000000000000, 0.000000000000000000, 0.000000000000000000 ) ) ;
#260 = FACE_OUTER_BOUND ( 'NONE', #767, .T. ) ;
#261 = VECTOR ( 'NONE', #891, 1000.000000000000000 ) ;
#262 = EDGE_CURVE ( 'NONE', #278, #1020, #1053, .T. ) ;
#263 = DIRECTION ( 'NONE',  ( 1.000000000000000000, 0.000000000000000000, 0.000000000000000000 ) ) ;
#264 = EDGE_CURVE ( 'NONE', #902, #1478, #1676, .T. ) ;
#265 = CARTESIAN_POINT ( 'NONE',  ( 1.899999999999999911, 4.900000000000002132, 3.600000000000000089 ) ) ;
#266 = ORIENTED_EDGE ( 'NONE', *, *, #935, .F. ) ;
#267 = DIRECTION ( 'NONE',  ( 0.000000000000000000, 0.000000000000000000, 1.000000000000000000 ) ) ;
#268 = DIRECTION ( 'NONE',  ( -1.000000000000000000, 0.000000000000000000, -0.000000000000000000 ) ) ;
#269 = CARTESIAN_POINT ( 'NONE',  ( 0.000000000000000000, 2.000000000000000000, 3.600000000000000089 ) ) ;
#270 = EDGE_CURVE ( 'NONE', #26, #1478, #1575, .T. ) ;
#271 = CARTESIAN_POINT ( 'NONE',  ( 18.84999999999999787, 23.10000000000000142, 17.60000000000000142 ) ) ;
#272 = ORIENTED_EDGE ( 'NONE', *, *, #917, .T. ) ;
#273 = AXIS2_PLACEMENT_3D ( 'NONE', #1450, #649, #12 ) ;
#274 = ORIENTED_EDGE ( 'NONE', *, *, #1343, .T. ) ;
#275 = TOROIDAL_SURFACE ( 'NONE', #1442, 0.05000000000000034972, 1.199999999999999956 ) ;
#276 = CARTESIAN_POINT ( 'NONE',  ( 23.09999999999999787, 6.150000000000001243, 3.599999999999999201 ) ) ;
#277 = CARTESIAN_POINT ( 'NONE',  ( 0.000000000000000000, 0.000000000000000000, 21.59999999999999787 ) ) ;
#278 = VERTEX_POINT ( 'NONE', #897 ) ;
#279 = FACE_OUTER_BOUND ( 'NONE', #738, .T. ) ;
#280 = CARTESIAN_POINT ( 'NONE',  ( 1.899999999999999689, 7.400000000000002132, 16.40000000000000213 ) ) ;
#281 = EDGE_LOOP ( 'NONE', ( #402, #1452, #127, #666, #1647, #274, #1151, #671, #1159, #956, #105, #349, #645, #536, #699, #1176 ) ) ;
#282 = EDGE_CURVE ( 'NONE', #712, #1285, #589, .T. ) ;
#283 = ORIENTED_EDGE ( 'NONE', *, *, #435, .T. ) ;
#284 = DIRECTION ( 'NONE',  ( 1.000000000000000000, 0.000000000000000000, 0.000000000000000000 ) ) ;
#285 = CARTESIAN_POINT ( 'NONE',  ( 0.000000000000000000, 0.000000000000000000, 0.000000000000000000 ) ) ;
#286 = DIRECTION ( 'NONE',  ( -1.000000000000000000, 0.000000000000000000, 0.000000000000000000 ) ) ;
#287 = CARTESIAN_POINT ( 'NONE',  ( 0.000000000000000000, 0.000000000000000000, 3.600000000000000089 ) ) ;
#288 = LINE ( 'NONE', #394, #162 ) ;
#289 = ORIENTED_EDGE ( 'NONE', *, *, #1000, .F. ) ;
#290 = ORIENTED_EDGE ( 'NONE', *, *, #104, .T. ) ;
#291 = EDGE_CURVE ( 'NONE', #128, #1665, #840, .T. ) ;
#292 = CARTESIAN_POINT ( 'NONE',  ( 1.849999999999998312, 17.60000000000000497, 17.60000000000000142 ) ) ;
#293 = ORIENTED_EDGE ( 'NONE', *, *, #833, .F. ) ;
#294 = DIRECTION ( 'NONE',  ( -1.000000000000000000, 0.000000000000000000, 0.000000000000000000 ) ) ;
#295 = DIRECTION ( 'NONE',  ( 0.000000000000000000, 0.000000000000000000, -1.000000000000000000 ) ) ;
#296 = ORIENTED_EDGE ( 'NONE', *, *, #1661, .F. ) ;
#297 = ORIENTED_EDGE ( 'NONE', *, *, #211, .F. ) ;
#298 = VECTOR ( 'NONE', #1380, 1000.000000000000000 ) ;
#299 = DIRECTION ( 'NONE',  ( 1.000000000000000000, 0.000000000000000000, -0.000000000000000000 ) ) ;
#300 = CIRCLE ( 'NONE', #461, 1.199999999999999734 ) ;
#301 = EDGE_CURVE ( 'NONE', #1193, #1067, #758, .T. ) ;
#302 = ORIENTED_EDGE ( 'NONE', *, *, #566, .F. ) ;
#303 = DIRECTION ( 'NONE',  ( 0.000000000000000000, 0.000000000000000000, 1.000000000000000000 ) ) ;
#304 = CIRCLE ( 'NONE', #662, 3.000000000000000000 ) ;
#305 = LINE ( 'NONE', #1626, #1571 ) ;
#306 = ORIENTED_EDGE ( 'NONE', *, *, #874, .T. ) ;
#307 = EDGE_LOOP ( 'NONE', ( #791, #798 ) ) ;
#308 = DIRECTION ( 'NONE',  ( -1.000000000000000000, 0.000000000000000000, -0.000000000000000000 ) ) ;
#309 = VERTEX_POINT ( 'NONE', #1567 ) ;
#310 = DIRECTION ( 'NONE',  ( 0.000000000000000000, -1.000000000000000000, 0.000000000000000000 ) ) ;
#311 = LINE ( 'NONE', #420, #1687 ) ;
#312 = ADVANCED_FACE ( 'NONE', ( #1029 ), #1171, .F. ) ;
#313 = VERTEX_POINT ( 'NONE', #1550 ) ;
#314 = EDGE_LOOP ( 'NONE', ( #1032, #1640, #1655 ) ) ;
#315 = CARTESIAN_POINT ( 'NONE',  ( 0.000000000000000000, 25.00000000000000000, 0.000000000000000000 ) ) ;
#316 = DIRECTION ( 'NONE',  ( 0.000000000000000000, 1.000000000000000000, 0.000000000000000000 ) ) ;
#317 = DIRECTION ( 'NONE',  ( 1.000000000000000000, 0.000000000000000000, 0.000000000000000000 ) ) ;
#318 = CARTESIAN_POINT ( 'NONE',  ( 22.55001942845186136, 12.50000000000000178, 3.599999999999999201 ) ) ;
#319 = ORIENTED_EDGE ( 'NONE', *, *, #1482, .T. ) ;
#320 = ADVANCED_FACE ( 'NONE', ( #1321 ), #389, .T. ) ;
#321 = CARTESIAN_POINT ( 'NONE',  ( 7.399999999999999467, 23.10000000000000142, 17.60000000000000142 ) ) ;
#322 = ORIENTED_EDGE ( 'NONE', *, *, #917, .F. ) ;
#323 = CARTESIAN_POINT ( 'NONE',  ( 20.10000000000000142, 1.900000000000002354, 3.600000000000000089 ) ) ;
#324 = DIRECTION ( 'NONE',  ( 0.000000000000000000, 0.000000000000000000, 1.000000000000000000 ) ) ;
#325 = CIRCLE ( 'NONE', #965, 2.000000000000001776 ) ;
#326 = VECTOR ( 'NONE', #1350, 1000.000000000000000 ) ;
#327 = VECTOR ( 'NONE', #1362, 1000.000000000000000 ) ;
#328 = DIRECTION ( 'NONE',  ( 1.000000000000000000, 0.000000000000000000, 0.000000000000000000 ) ) ;
#329 = VECTOR ( 'NONE', #1384, 1000.000000000000000 ) ;
#330 = ORIENTED_EDGE ( 'NONE', *, *, #787, .T. ) ;
#331 = CARTESIAN_POINT ( 'NONE',  ( 6.149999999999999467, 1.900000000000002354, 17.60000000000000142 ) ) ;
#332 = ADVANCED_FACE ( 'NONE', ( #240 ), #903, .F. ) ;
#333 = ORIENTED_EDGE ( 'NONE', *, *, #1672, .F. ) ;
#334 = ORIENTED_EDGE ( 'NONE', *, *, #1025, .T. ) ;
#335 = CARTESIAN_POINT ( 'NONE',  ( 7.450000000000000178, 1.900000000000002354, 16.40000000000000213 ) ) ;
#336 = LINE ( 'NONE', #346, #717 ) ;
#337 = FACE_OUTER_BOUND ( 'NONE', #250, .T. ) ;
#338 = ORIENTED_EDGE ( 'NONE', *, *, #270, .T. ) ;
#339 = DIRECTION ( 'NONE',  ( 1.000000000000000000, 0.000000000000000000, 0.000000000000000000 ) ) ;
#340 = AXIS2_PLACEMENT_3D ( 'NONE', #511, #768, #1701 ) ;
#341 = VERTEX_POINT ( 'NONE', #253 ) ;
#342 = AXIS2_PLACEMENT_3D ( 'NONE', #593, #1684, #1656 ) ;
#343 = ORIENTED_EDGE ( 'NONE', *, *, #727, .F. ) ;
#344 = EDGE_CURVE ( 'NONE', #423, #1485, #366, .T. ) ;
#345 = DIRECTION ( 'NONE',  ( 1.000000000000000000, 0.000000000000000000, 0.000000000000000000 ) ) ;
#346 = CARTESIAN_POINT ( 'NONE',  ( 1.899999999999999911, 16.35000000000000497, 17.60000000000000142 ) ) ;
#347 = CARTESIAN_POINT ( 'NONE',  ( 7.349999999999998757, 23.10000000000000142, 17.60000000000000142 ) ) ;
#348 = LINE ( 'NONE', #1284, #1063 ) ;
#349 = ORIENTED_EDGE ( 'NONE', *, *, #833, .T. ) ;
#350 = VERTEX_POINT ( 'NONE', #122 ) ;
#351 = DIRECTION ( 'NONE',  ( 1.000000000000000000, 0.000000000000000000, 0.000000000000000000 ) ) ;
#352 = DIRECTION ( 'NONE',  ( 1.000000000000000000, 0.000000000000000000, 0.000000000000000000 ) ) ;
#353 = ADVANCED_FACE ( 'NONE', ( #647 ), #361, .T. ) ;
#354 = AXIS2_PLACEMENT_3D ( 'NONE', #280, #788, #516 ) ;
#355 = DIRECTION ( 'NONE',  ( -1.000000000000000000, 0.000000000000000000, 0.000000000000000000 ) ) ;
#356 = CIRCLE ( 'NONE', #1547, 1.250000000000001110 ) ;
#357 = CIRCLE ( 'NONE', #492, 1.250000000000001110 ) ;
#358 = DIRECTION ( 'NONE',  ( 0.000000000000000000, 0.000000000000000000, 1.000000000000000000 ) ) ;
#359 = ORIENTED_EDGE ( 'NONE', *, *, #575, .T. ) ;
#360 = VERTEX_POINT ( 'NONE', #1312 ) ;
#361 = CYLINDRICAL_SURFACE ( 'NONE', #114, 1.250000000000001110 ) ;
#362 = DIRECTION ( 'NONE',  ( 0.000000000000000000, 1.000000000000000000, 0.000000000000000000 ) ) ;
#363 = DIRECTION ( 'NONE',  ( 1.000000000000000000, 0.000000000000000000, 0.000000000000000000 ) ) ;
#364 = EDGE_CURVE ( 'NONE', #565, #895, #497, .T. ) ;
#365 = EDGE_LOOP ( 'NONE', ( #1415, #990, #426, #1387 ) ) ;
#366 = LINE ( 'NONE', #776, #32 ) ;
#367 = PLANE ( 'NONE',  #1413 ) ;
#368 = AXIS2_PLACEMENT_3D ( 'NONE', #1420, #764, #1278 ) ;
#369 = DIRECTION ( 'NONE',  ( 0.000000000000000000, -1.000000000000000000, 0.000000000000000000 ) ) ;
#370 = ORIENTED_EDGE ( 'NONE', *, *, #596, .T. ) ;
#371 = EDGE_LOOP ( 'NONE', ( #388, #638, #1098, #880 ) ) ;
#372 = DIRECTION ( 'NONE',  ( -1.000000000000000000, 0.000000000000000000, 0.000000000000000000 ) ) ;
#373 = FACE_OUTER_BOUND ( 'NONE', #1611, .T. ) ;
#374 = DIRECTION ( 'NONE',  ( -1.000000000000000000, 0.000000000000000000, -0.000000000000000000 ) ) ;
#375 = VECTOR ( 'NONE', #1057, 1000.000000000000000 ) ;
#376 = PLANE ( 'NONE',  #905 ) ;
#377 = VERTEX_POINT ( 'NONE', #667 ) ;
#378 = CIRCLE ( 'NONE', #1356, 1.250000000000001110 ) ;
#379 = VECTOR ( 'NONE', #107, 1000.000000000000000 ) ;
#380 = EDGE_CURVE ( 'NONE', #213, #1339, #1194, .T. ) ;
#381 = ORIENTED_EDGE ( 'NONE', *, *, #1277, .T. ) ;
#382 = DIRECTION ( 'NONE',  ( 0.000000000000000000, 0.000000000000000000, 1.000000000000000000 ) ) ;
#383 = EDGE_CURVE ( 'NONE', #152, #1377, #166, .T. ) ;
#384 = LINE ( 'NONE', #11, #994 ) ;
#385 = CARTESIAN_POINT ( 'NONE',  ( 7.450000000000000178, 1.900000000000002354, 17.60000000000000142 ) ) ;
#386 = DIRECTION ( 'NONE',  ( -1.000000000000000000, -0.000000000000000000, -0.000000000000000000 ) ) ;
#387 = VERTEX_POINT ( 'NONE', #455 ) ;
#388 = ORIENTED_EDGE ( 'NONE', *, *, #1704, .F. ) ;
#389 = CYLINDRICAL_SURFACE ( 'NONE', #718, 1.250000000000001110 ) ;
#390 = CARTESIAN_POINT ( 'NONE',  ( 1.899999999999999911, 6.150000000000002132, 16.40000000000000213 ) ) ;
#391 = VECTOR ( 'NONE', #115, 1000.000000000000000 ) ;
#392 = EDGE_CURVE ( 'NONE', #816, #360, #557, .T. ) ;
#393 = CARTESIAN_POINT ( 'NONE',  ( 12.49999999999999822, 12.50000000000000178, 3.599999999999999201 ) ) ;
#394 = CARTESIAN_POINT ( 'NONE',  ( 1.899999999999999911, 23.10000000000000142, 3.600000000000000089 ) ) ;
#395 = ORIENTED_EDGE ( 'NONE', *, *, #759, .F. ) ;
#396 = ORIENTED_EDGE ( 'NONE', *, *, #946, .F. ) ;
#397 = DIRECTION ( 'NONE',  ( 1.000000000000000000, 0.000000000000000000, 0.000000000000000000 ) ) ;
#398 = CARTESIAN_POINT ( 'NONE',  ( 23.15000000000000213, 17.60000000000000497, 17.60000000000000142 ) ) ;
#399 = DIRECTION ( 'NONE',  ( -0.000000000000000000, -0.000000000000000000, 1.000000000000000000 ) ) ;
#400 = EDGE_CURVE ( 'NONE', #1317, #1401, #989, .T. ) ;
#401 = CARTESIAN_POINT ( 'NONE',  ( 25.00000000000000000, 23.00000000000000000, 0.000000000000000000 ) ) ;
#402 = ORIENTED_EDGE ( 'NONE', *, *, #489, .F. ) ;
#403 = CIRCLE ( 'NONE', #1102, 2.000000000000000000 ) ;
#404 = AXIS2_PLACEMENT_3D ( 'NONE', #541, #1569, #149 ) ;
#405 = ORIENTED_EDGE ( 'NONE', *, *, #1131, .T. ) ;
#406 = TOROIDAL_SURFACE ( 'NONE', #35, 0.05000000000000121708, 1.199999999999999956 ) ;
#407 = DIRECTION ( 'NONE',  ( 0.000000000000000000, 0.000000000000000000, -1.000000000000000000 ) ) ;
#408 = CIRCLE ( 'NONE', #1388, 2.999999999999999112 ) ;
#409 = ORIENTED_EDGE ( 'NONE', *, *, #1200, .F. ) ;
#410 = DIRECTION ( 'NONE',  ( 1.000000000000000000, 0.000000000000000000, 0.000000000000000000 ) ) ;
#411 = DIRECTION ( 'NONE',  ( -0.000000000000000000, -0.000000000000000000, -1.000000000000000000 ) ) ;
#412 = ORIENTED_EDGE ( 'NONE', *, *, #117, .F. ) ;
#413 = EDGE_CURVE ( 'NONE', #143, #1052, #1693, .T. ) ;
#414 = ORIENTED_EDGE ( 'NONE', *, *, #1439, .T. ) ;
#415 = DIRECTION ( 'NONE',  ( 0.000000000000000000, 0.000000000000000000, 1.000000000000000000 ) ) ;
#416 = DIRECTION ( 'NONE',  ( 0.000000000000000000, 1.000000000000000000, 0.000000000000000000 ) ) ;
#417 = CARTESIAN_POINT ( 'NONE',  ( 1.899999999999999911, 1.900000000000002354, 3.600000000000000089 ) ) ;
#418 = LINE ( 'NONE', #1354, #604 ) ;
#419 = CIRCLE ( 'NONE', #783, 1.250000000000000222 ) ;
#420 = CARTESIAN_POINT ( 'NONE',  ( 18.84999999999999787, 1.900000000000002354, 17.60000000000000142 ) ) ;
#421 = VERTEX_POINT ( 'NONE', #851 ) ;
#422 = EDGE_CURVE ( 'NONE', #161, #591, #1089, .T. ) ;
#423 = VERTEX_POINT ( 'NONE', #1601 ) ;
#424 = DIRECTION ( 'NONE',  ( 0.000000000000000000, 0.000000000000000000, -1.000000000000000000 ) ) ;
#425 = DIRECTION ( 'NONE',  ( 0.000000000000000000, 0.000000000000000000, -1.000000000000000000 ) ) ;
#426 = ORIENTED_EDGE ( 'NONE', *, *, #1280, .F. ) ;
#427 = CARTESIAN_POINT ( 'NONE',  ( 7.349999999999998757, 1.900000000000002354, 17.60000000000000142 ) ) ;
#428 = CARTESIAN_POINT ( 'NONE',  ( 18.84999999999999787, 23.10000000000000142, 3.599999999999999201 ) ) ;
#429 = ORIENTED_EDGE ( 'NONE', *, *, #1174, .F. ) ;
#430 = VERTEX_POINT ( 'NONE', #276 ) ;
#431 = EDGE_CURVE ( 'NONE', #360, #1040, #1576, .T. ) ;
#432 = AXIS2_PLACEMENT_3D ( 'NONE', #899, #786, #118 ) ;
#433 = DIRECTION ( 'NONE',  ( 1.000000000000000000, 0.000000000000000000, 0.000000000000000000 ) ) ;
#434 = CIRCLE ( 'NONE', #1325, 1.199999999999999734 ) ;
#435 = EDGE_CURVE ( 'NONE', #1497, #224, #1466, .T. ) ;
#436 = DIRECTION ( 'NONE',  ( 1.000000000000000000, 0.000000000000000000, -0.000000000000000000 ) ) ;
#437 = FACE_OUTER_BOUND ( 'NONE', #307, .T. ) ;
#438 = VECTOR ( 'NONE', #1472, 1000.000000000000000 ) ;
#439 = CARTESIAN_POINT ( 'NONE',  ( 0.000000000000000000, 23.00000000000000000, 0.000000000000000000 ) ) ;
#440 = ORIENTED_EDGE ( 'NONE', *, *, #83, .F. ) ;
#441 = VERTEX_POINT ( 'NONE', #1522 ) ;
#442 = CARTESIAN_POINT ( 'NONE',  ( 7.349999999999998757, 1.900000000000002354, 16.40000000000000213 ) ) ;
#443 = DIRECTION ( 'NONE',  ( -1.000000000000000000, 0.000000000000000000, 0.000000000000000000 ) ) ;
#444 = CARTESIAN_POINT ( 'NONE',  ( 1.899999999999999689, 7.400000000000002132, 17.60000000000000142 ) ) ;
#445 = EDGE_CURVE ( 'NONE', #850, #940, #818, .T. ) ;
#446 = DIRECTION ( 'NONE',  ( 0.000000000000000000, 0.000000000000000000, -1.000000000000000000 ) ) ;
#447 = EDGE_LOOP ( 'NONE', ( #296, #65, #1549, #1349 ) ) ;
#448 = ORIENTED_EDGE ( 'NONE', *, *, #1031, .F. ) ;
#449 = ORIENTED_EDGE ( 'NONE', *, *, #1419, .F. ) ;
#450 = CARTESIAN_POINT ( 'NONE',  ( 1.899999999999999911, 18.85000000000000497, 16.40000000000000213 ) ) ;
#451 = CARTESIAN_POINT ( 'NONE',  ( 8.650000000000000355, 23.10000000000000142, 17.60000000000000142 ) ) ;
#452 = EDGE_CURVE ( 'NONE', #224, #1581, #1607, .T. ) ;
#453 = CARTESIAN_POINT ( 'NONE',  ( 2.449980571548134201, 12.50000000000000355, 3.599999999999999201 ) ) ;
#454 = ORIENTED_EDGE ( 'NONE', *, *, #21, .F. ) ;
#455 = CARTESIAN_POINT ( 'NONE',  ( 23.15000000000000568, 7.400000000000002132, 17.60000000000000142 ) ) ;
#456 = ORIENTED_EDGE ( 'NONE', *, *, #48, .T. ) ;
#457 = ORIENTED_EDGE ( 'NONE', *, *, #270, .F. ) ;
#458 = AXIS2_PLACEMENT_3D ( 'NONE', #695, #159, #953 ) ;
#459 = DIRECTION ( 'NONE',  ( 0.000000000000000000, 0.000000000000000000, 1.000000000000000000 ) ) ;
#460 = CARTESIAN_POINT ( 'NONE',  ( 23.09999999999999787, 17.60000000000000497, 16.40000000000000213 ) ) ;
#461 = AXIS2_PLACEMENT_3D ( 'NONE', #1127, #1678, #1424 ) ;
#462 = AXIS2_PLACEMENT_3D ( 'NONE', #233, #1461, #146 ) ;
#463 = AXIS2_PLACEMENT_3D ( 'NONE', #700, #1231, #675 ) ;
#464 = CARTESIAN_POINT ( 'NONE',  ( 1.899999999999999689, 7.400000000000002132, 3.600000000000000089 ) ) ;
#465 = ORIENTED_EDGE ( 'NONE', *, *, #264, .T. ) ;
#466 = AXIS2_PLACEMENT_3D ( 'NONE', #1542, #1154, #351 ) ;
#467 = DIRECTION ( 'NONE',  ( 1.000000000000000000, 0.000000000000000000, 0.000000000000000000 ) ) ;
#468 = ORIENTED_EDGE ( 'NONE', *, *, #1343, .F. ) ;
#469 = EDGE_CURVE ( 'NONE', #707, #1185, #71, .T. ) ;
#470 = ORIENTED_EDGE ( 'NONE', *, *, #969, .F. ) ;
#471 = DIRECTION ( 'NONE',  ( -0.000000000000000000, -0.000000000000000000, 1.000000000000000000 ) ) ;
#472 = DIRECTION ( 'NONE',  ( 0.000000000000000000, 0.000000000000000000, 1.000000000000000000 ) ) ;
#473 = CARTESIAN_POINT ( 'NONE',  ( 7.399999999999999467, 1.900000000000002354, 17.60000000000000142 ) ) ;
#474 = ORIENTED_EDGE ( 'NONE', *, *, #1365, .T. ) ;
#475 = SURFACE_STYLE_USAGE ( .BOTH. , #757 ) ;
#476 = ORIENTED_EDGE ( 'NONE', *, *, #431, .T. ) ;
#477 = CIRCLE ( 'NONE', #950, 1.250000000000000222 ) ;
#478 = ADVANCED_FACE ( 'NONE', ( #930 ), #19, .T. ) ;
#479 = ORIENTED_EDGE ( 'NONE', *, *, #533, .T. ) ;
#480 = CARTESIAN_POINT ( 'NONE',  ( 0.000000000000000000, 0.000000000000000000, 3.600000000000000089 ) ) ;
#481 = LINE ( 'NONE', #1258, #829 ) ;
#482 = EDGE_CURVE ( 'NONE', #942, #1096, #941, .T. ) ;
#483 = DIRECTION ( 'NONE',  ( 0.000000000000000000, 0.000000000000000000, -1.000000000000000000 ) ) ;
#484 = CARTESIAN_POINT ( 'NONE',  ( 1.899999999999999023, 17.60000000000000497, 17.60000000000000142 ) ) ;
#485 = ORIENTED_EDGE ( 'NONE', *, *, #1683, .F. ) ;
#486 = CARTESIAN_POINT ( 'NONE',  ( 1.899999999999999023, 17.60000000000000497, 16.40000000000000213 ) ) ;
#487 = FACE_OUTER_BOUND ( 'NONE', #896, .T. ) ;
#488 = AXIS2_PLACEMENT_3D ( 'NONE', #1669, #355, #763 ) ;
#489 = EDGE_CURVE ( 'NONE', #1604, #136, #1513, .T. ) ;
#490 = CARTESIAN_POINT ( 'NONE',  ( 1.899999999999999689, 7.450000000000002842, 16.40000000000000213 ) ) ;
#491 = AXIS2_PLACEMENT_3D ( 'NONE', #1586, #506, #374 ) ;
#492 = AXIS2_PLACEMENT_3D ( 'NONE', #1405, #585, #1263 ) ;
#493 = VECTOR ( 'NONE', #415, 1000.000000000000000 ) ;
#494 = DIRECTION ( 'NONE',  ( 0.000000000000000000, 1.000000000000000000, 0.000000000000000000 ) ) ;
#495 = ORIENTED_EDGE ( 'NONE', *, *, #1609, .F. ) ;
#496 = EDGE_LOOP ( 'NONE', ( #1130, #1361, #41, #964, #1652, #78, #206, #1177, #683, #49, #1536, #1370, #637, #1427, #1114, #544 ) ) ;
#497 = LINE ( 'NONE', #1187, #664 ) ;
#498 = FACE_OUTER_BOUND ( 'NONE', #56, .T. ) ;
#499 = LINE ( 'NONE', #607, #1242 ) ;
#500 = EDGE_CURVE ( 'NONE', #1581, #1018, #1217, .T. ) ;
#501 = FILL_AREA_STYLE ('',( #1698 ) ) ;
#502 = ORIENTED_EDGE ( 'NONE', *, *, #364, .T. ) ;
#503 = ORIENTED_EDGE ( 'NONE', *, *, #117, .T. ) ;
#504 = CARTESIAN_POINT ( 'NONE',  ( 1.899999999999999023, 17.60000000000000497, 17.60000000000000142 ) ) ;
#505 = DIRECTION ( 'NONE',  ( -1.000000000000000000, 0.000000000000000000, 0.000000000000000000 ) ) ;
#506 = DIRECTION ( 'NONE',  ( 0.000000000000000000, 0.000000000000000000, -1.000000000000000000 ) ) ;
#507 = EDGE_CURVE ( 'NONE', #733, #1120, #1209, .T. ) ;
#508 = CARTESIAN_POINT ( 'NONE',  ( 16.34999999999999787, 1.900000000000002354, 16.40000000000000213 ) ) ;
#509 = ADVANCED_FACE ( 'NONE', ( #1081 ), #886, .T. ) ;
#510 = ORIENTED_EDGE ( 'NONE', *, *, #1286, .T. ) ;
#511 = CARTESIAN_POINT ( 'NONE',  ( 25.00000000000000000, 0.000000000000000000, 3.600000000000000089 ) ) ;
#512 = CARTESIAN_POINT ( 'NONE',  ( 25.00000000000000000, 2.000000000000000000, 0.000000000000000000 ) ) ;
#513 = CARTESIAN_POINT ( 'NONE',  ( 17.59999999999999787, 23.10000000000000142, 3.600000000000000089 ) ) ;
#514 = VECTOR ( 'NONE', #849, 1000.000000000000000 ) ;
#515 = CIRCLE ( 'NONE', #1494, 1.250000000000001110 ) ;
#516 = DIRECTION ( 'NONE',  ( 1.000000000000000000, 0.000000000000000000, 0.000000000000000000 ) ) ;
#517 = VERTEX_POINT ( 'NONE', #1394 ) ;
#518 = AXIS2_PLACEMENT_3D ( 'NONE', #693, #720, #294 ) ;
#519 = VECTOR ( 'NONE', #1648, 1000.000000000000000 ) ;
#520 = AXIS2_PLACEMENT_3D ( 'NONE', #957, #538, #1069 ) ;
#521 = CIRCLE ( 'NONE', #1137, 1.250000000000000222 ) ;
#522 = ADVANCED_FACE ( 'NONE', ( #732 ), #747, .T. ) ;
#523 = ORIENTED_EDGE ( 'NONE', *, *, #282, .T. ) ;
#524 = CARTESIAN_POINT ( 'NONE',  ( 1.899999999999999911, 23.10000000000000142, 17.60000000000000142 ) ) ;
#525 = DIRECTION ( 'NONE',  ( 0.000000000000000000, 0.000000000000000000, -1.000000000000000000 ) ) ;
#526 = CARTESIAN_POINT ( 'NONE',  ( 25.00000000000000000, 23.00000000000000000, 3.600000000000000089 ) ) ;
#527 = LINE ( 'NONE', #271, #375 ) ;
#528 = ORIENTED_EDGE ( 'NONE', *, *, #435, .F. ) ;
#529 = EDGE_CURVE ( 'NONE', #1185, #377, #1107, .T. ) ;
#530 = CARTESIAN_POINT ( 'NONE',  ( 4.899999999999999467, 4.900000000000002132, 21.59999999999999787 ) ) ;
#531 = DIRECTION ( 'NONE',  ( 0.000000000000000000, 0.000000000000000000, -1.000000000000000000 ) ) ;
#532 = LINE ( 'NONE', #669, #1244 ) ;
#533 = EDGE_CURVE ( 'NONE', #1020, #890, #1152, .T. ) ;
#534 = AXIS2_PLACEMENT_3D ( 'NONE', #1290, #1426, #894 ) ;
#535 = CARTESIAN_POINT ( 'NONE',  ( 1.899999999999999911, 20.10000000000000497, 3.600000000000000089 ) ) ;
#536 = ORIENTED_EDGE ( 'NONE', *, *, #628, .T. ) ;
#537 = ORIENTED_EDGE ( 'NONE', *, *, #1352, .F. ) ;
#538 = DIRECTION ( 'NONE',  ( -0.000000000000000000, -0.000000000000000000, -1.000000000000000000 ) ) ;
#539 = CARTESIAN_POINT ( 'NONE',  ( 23.09999999999999787, 1.900000000000002354, 17.60000000000000142 ) ) ;
#540 = DIRECTION ( 'NONE',  ( 1.000000000000000000, 0.000000000000000000, 0.000000000000000000 ) ) ;
#541 = CARTESIAN_POINT ( 'NONE',  ( 1.899999999999999911, 1.900000000000002354, 21.59999999999999787 ) ) ;
#542 = EDGE_CURVE ( 'NONE', #740, #161, #844, .T. ) ;
#543 = DIRECTION ( 'NONE',  ( 1.000000000000000000, 0.000000000000000000, -0.000000000000000000 ) ) ;
#544 = ORIENTED_EDGE ( 'NONE', *, *, #208, .T. ) ;
#545 = AXIS2_PLACEMENT_3D ( 'NONE', #119, #25, #678 ) ;
#546 = AXIS2_PLACEMENT_3D ( 'NONE', #861, #1157, #595 ) ;
#547 = ORIENTED_EDGE ( 'NONE', *, *, #1174, .T. ) ;
#548 = VECTOR ( 'NONE', #155, 1000.000000000000000 ) ;
#549 = CIRCLE ( 'NONE', #799, 1.199999999999999734 ) ;
#550 = DIRECTION ( 'NONE',  ( 1.000000000000000000, 0.000000000000000000, -0.000000000000000000 ) ) ;
#551 = CARTESIAN_POINT ( 'NONE',  ( 7.399999999999999467, 23.10000000000000142, 3.600000000000000089 ) ) ;
#552 = LINE ( 'NONE', #1605, #1215 ) ;
#553 = EDGE_CURVE ( 'NONE', #1052, #1120, #348, .T. ) ;
#554 = DIRECTION ( 'NONE',  ( 1.000000000000000000, 0.000000000000000000, 0.000000000000000000 ) ) ;
#555 = ORIENTED_EDGE ( 'NONE', *, *, #609, .F. ) ;
#556 = ORIENTED_EDGE ( 'NONE', *, *, #39, .T. ) ;
#557 = LINE ( 'NONE', #1333, #1272 ) ;
#558 = DIRECTION ( 'NONE',  ( -0.000000000000000000, -0.000000000000000000, 1.000000000000000000 ) ) ;
#559 = LINE ( 'NONE', #602, #519 ) ;
#560 = CARTESIAN_POINT ( 'NONE',  ( 0.6499999999999995781, 7.400000000000002132, 16.40000000000000213 ) ) ;
#561 = CIRCLE ( 'NONE', #646, 1.250000000000000222 ) ;
#562 = CARTESIAN_POINT ( 'NONE',  ( 2.000000000000000000, 0.000000000000000000, 3.600000000000000089 ) ) ;
#563 = ORIENTED_EDGE ( 'NONE', *, *, #67, .T. ) ;
#564 = ADVANCED_FACE ( 'NONE', ( #222 ), #889, .T. ) ;
#565 = VERTEX_POINT ( 'NONE', #79 ) ;
#566 = EDGE_CURVE ( 'NONE', #890, #1363, #230, .T. ) ;
#567 = LINE ( 'NONE', #1097, #438 ) ;
#568 = DIRECTION ( 'NONE',  ( 0.000000000000000000, 0.000000000000000000, -1.000000000000000000 ) ) ;
#569 = CARTESIAN_POINT ( 'NONE',  ( 4.899999999999999467, 23.10000000000000142, 3.600000000000000089 ) ) ;
#570 = DIRECTION ( 'NONE',  ( 0.000000000000000000, 0.000000000000000000, 1.000000000000000000 ) ) ;
#571 = ORIENTED_EDGE ( 'NONE', *, *, #790, .F. ) ;
#572 = ORIENTED_EDGE ( 'NONE', *, *, #1386, .T. ) ;
#573 = AXIS2_PLACEMENT_3D ( 'NONE', #752, #1076, #643 ) ;
#574 = AXIS2_PLACEMENT_3D ( 'NONE', #1205, #369, #1036 ) ;
#575 = EDGE_CURVE ( 'NONE', #802, #816, #16, .T. ) ;
#576 = LINE ( 'NONE', #692, #1165 ) ;
#577 = AXIS2_PLACEMENT_3D ( 'NONE', #1517, #1543, #860 ) ;
#578 = LINE ( 'NONE', #1239, #995 ) ;
#579 = DIRECTION ( 'NONE',  ( 0.000000000000000000, 0.000000000000000000, 1.000000000000000000 ) ) ;
#580 = CYLINDRICAL_SURFACE ( 'NONE', #1186, 2.999999999999999112 ) ;
#581 = ORIENTED_EDGE ( 'NONE', *, *, #713, .F. ) ;
#582 = ORIENTED_EDGE ( 'NONE', *, *, #452, .F. ) ;
#583 = ADVANCED_FACE ( 'NONE', ( #102 ), #617, .T. ) ;
#584 = DIRECTION ( 'NONE',  ( 0.000000000000000000, 0.000000000000000000, 1.000000000000000000 ) ) ;
#585 = DIRECTION ( 'NONE',  ( -0.000000000000000000, -0.000000000000000000, 1.000000000000000000 ) ) ;
#586 = MANIFOLD_SOLID_BREP ( '\X2\0421043a044004430433043b0435043d04380435\X0\3', #606 ) ;
#587 = CARTESIAN_POINT ( 'NONE',  ( 23.09999999999999787, 17.60000000000000497, 17.60000000000000142 ) ) ;
#588 = ORIENTED_EDGE ( 'NONE', *, *, #1629, .T. ) ;
#589 = CIRCLE ( 'NONE', #1588, 1.199999999999999734 ) ;
#590 = DIRECTION ( 'NONE',  ( 1.000000000000000000, 0.000000000000000000, 0.000000000000000000 ) ) ;
#591 = VERTEX_POINT ( 'NONE', #610 ) ;
#592 = ORIENTED_EDGE ( 'NONE', *, *, #1025, .F. ) ;
#593 = CARTESIAN_POINT ( 'NONE',  ( 1.899999999999999689, 7.400000000000002132, 17.60000000000000142 ) ) ;
#594 = LINE ( 'NONE', #1015, #938 ) ;
#595 = DIRECTION ( 'NONE',  ( 0.000000000000000000, 0.000000000000000000, -1.000000000000000000 ) ) ;
#596 = EDGE_CURVE ( 'NONE', #890, #852, #598, .T. ) ;
#597 = ORIENTED_EDGE ( 'NONE', *, *, #1419, .T. ) ;
#598 = LINE ( 'NONE', #1027, #697 ) ;
#599 = ORIENTED_EDGE ( 'NONE', *, *, #104, .F. ) ;
#600 = ORIENTED_EDGE ( 'NONE', *, *, #181, .T. ) ;
#601 = CIRCLE ( 'NONE', #1019, 2.000000000000001776 ) ;
#602 = CARTESIAN_POINT ( 'NONE',  ( 1.899999999999999911, 1.900000000000002354, 21.59999999999999787 ) ) ;
#603 = DIRECTION ( 'NONE',  ( 0.000000000000000000, 0.000000000000000000, 1.000000000000000000 ) ) ;
#604 = VECTOR ( 'NONE', #1240, 1000.000000000000000 ) ;
#605 = VECTOR ( 'NONE', #362, 1000.000000000000000 ) ;
#606 = CLOSED_SHELL ( 'NONE', ( #509, #1396, #1641, #663, #958, #901, #706, #1054, #332, #694, #736, #1128, #865, #153, #232, #312, #1619, #1502, #877, #1544, #583, #1064, #36, #1583, #778, #134, #188, #1674, #1270, #1184, #1099, #320, #564, #888, #1087, #353, #1230, #1621, #10, #912, #177, #1214, #749, #478, #1525, #1156, #522, #1434, #841, #97, #1651, #1192 ) ) ;
#607 = CARTESIAN_POINT ( 'NONE',  ( 1.899999999999999911, 1.900000000000002354, 3.600000000000000089 ) ) ;
#608 = EDGE_LOOP ( 'NONE', ( #1001, #618, #306, #741 ) ) ;
#609 = EDGE_CURVE ( 'NONE', #136, #350, #1169, .T. ) ;
#610 = CARTESIAN_POINT ( 'NONE',  ( 20.10000000000000142, 1.900000000000002354, 21.59999999999999787 ) ) ;
#611 = VERTEX_POINT ( 'NONE', #999 ) ;
#612 = ORIENTED_EDGE ( 'NONE', *, *, #1561, .F. ) ;
#613 = EDGE_CURVE ( 'NONE', #1665, #611, #1369, .T. ) ;
#614 = DIRECTION ( 'NONE',  ( 0.000000000000000000, 1.000000000000000000, 0.000000000000000000 ) ) ;
#615 = CARTESIAN_POINT ( 'NONE',  ( 23.09999999999999787, 7.450000000000003730, 17.60000000000000142 ) ) ;
#616 = DIRECTION ( 'NONE',  ( -0.000000000000000000, -0.000000000000000000, -1.000000000000000000 ) ) ;
#617 = CYLINDRICAL_SURFACE ( 'NONE', #1374, 3.000000000000000000 ) ;
#618 = ORIENTED_EDGE ( 'NONE', *, *, #1335, .T. ) ;
#619 = EDGE_CURVE ( 'NONE', #1382, #517, #1435, .T. ) ;
#620 = VERTEX_POINT ( 'NONE', #1142 ) ;
#621 = CARTESIAN_POINT ( 'NONE',  ( 16.34999999999999787, 23.10000000000000142, 16.40000000000000213 ) ) ;
#622 = DIRECTION ( 'NONE',  ( 1.000000000000000000, 0.000000000000000000, 0.000000000000000000 ) ) ;
#623 = STYLED_ITEM ( 'NONE', ( #1158 ), #586 ) ;
#624 = DIRECTION ( 'NONE',  ( 0.000000000000000000, 0.000000000000000000, -1.000000000000000000 ) ) ;
#625 = DIRECTION ( 'NONE',  ( -1.000000000000000000, 0.000000000000000000, 0.000000000000000000 ) ) ;
#626 = ORIENTED_EDGE ( 'NONE', *, *, #383, .T. ) ;
#627 = ORIENTED_EDGE ( 'NONE', *, *, #1181, .T. ) ;
#628 = EDGE_CURVE ( 'NONE', #350, #1382, #189, .T. ) ;
#629 = CARTESIAN_POINT ( 'NONE',  ( 23.10000000000000142, 7.350000000000000533, 16.40000000000000213 ) ) ;
#630 = DIRECTION ( 'NONE',  ( 0.000000000000000000, 0.000000000000000000, -1.000000000000000000 ) ) ;
#631 = CARTESIAN_POINT ( 'NONE',  ( 1.899999999999999911, 7.350000000000001421, 17.60000000000000142 ) ) ;
#632 = TOROIDAL_SURFACE ( 'NONE', #1574, 0.05000000000000121708, 1.199999999999999956 ) ;
#633 = AXIS2_PLACEMENT_3D ( 'NONE', #1623, #1488, #299 ) ;
#634 = AXIS2_PLACEMENT_3D ( 'NONE', #960, #51, #436 ) ;
#635 = AXIS2_PLACEMENT_3D ( 'NONE', #1694, #1022, #1438 ) ;
#636 = DIRECTION ( 'NONE',  ( 0.000000000000000000, 0.000000000000000000, 1.000000000000000000 ) ) ;
#637 = ORIENTED_EDGE ( 'NONE', *, *, #482, .F. ) ;
#638 = ORIENTED_EDGE ( 'NONE', *, *, #1306, .T. ) ;
#639 = CARTESIAN_POINT ( 'NONE',  ( 1.849999999999998312, 17.60000000000000497, 16.40000000000000213 ) ) ;
#640 = DIRECTION ( 'NONE',  ( -1.000000000000000000, 0.000000000000000000, 0.000000000000000000 ) ) ;
#641 = EDGE_CURVE ( 'NONE', #1485, #1675, #687, .T. ) ;
#642 = CARTESIAN_POINT ( 'NONE',  ( 23.09999999999999787, 17.65000000000000568, 17.60000000000000142 ) ) ;
#643 = DIRECTION ( 'NONE',  ( 0.000000000000000000, 0.000000000000000000, -1.000000000000000000 ) ) ;
#644 = VERTEX_POINT ( 'NONE', #508 ) ;
#645 = ORIENTED_EDGE ( 'NONE', *, *, #751, .F. ) ;
#646 = AXIS2_PLACEMENT_3D ( 'NONE', #486, #98, #190 ) ;
#647 = FACE_OUTER_BOUND ( 'NONE', #1330, .T. ) ;
#648 = CARTESIAN_POINT ( 'NONE',  ( 1.899999999999999911, 23.10000000000000142, 3.600000000000000089 ) ) ;
#649 = DIRECTION ( 'NONE',  ( 0.000000000000000000, 0.000000000000000000, 1.000000000000000000 ) ) ;
#650 = EDGE_CURVE ( 'NONE', #1478, #1266, #109, .T. ) ;
#651 = DIRECTION ( 'NONE',  ( 0.000000000000000000, -1.000000000000000000, 0.000000000000000000 ) ) ;
#652 = APPLICATION_CONTEXT ( 'automotive_design' ) ;
#653 = ORIENTED_EDGE ( 'NONE', *, *, #553, .T. ) ;
#654 = ORIENTED_EDGE ( 'NONE', *, *, #1510, .F. ) ;
#655 = CARTESIAN_POINT ( 'NONE',  ( 17.59999999999999787, 23.10000000000000142, 17.60000000000000142 ) ) ;
#656 = CARTESIAN_POINT ( 'NONE',  ( 7.450000000000000178, 23.10000000000000142, 17.60000000000000142 ) ) ;
#657 = CYLINDRICAL_SURFACE ( 'NONE', #1690, 2.999999999999999112 ) ;
#658 = AXIS2_PLACEMENT_3D ( 'NONE', #1227, #834, #685 ) ;
#659 = CIRCLE ( 'NONE', #1271, 1.199999999999999734 ) ;
#660 = DIRECTION ( 'NONE',  ( 0.000000000000000000, -0.000000000000000000, -1.000000000000000000 ) ) ;
#661 = EDGE_LOOP ( 'NONE', ( #581, #1402, #173, #1486 ) ) ;
#662 = AXIS2_PLACEMENT_3D ( 'NONE', #924, #531, #505 ) ;
#663 = ADVANCED_FACE ( 'NONE', ( #1467 ), #770, .T. ) ;
#664 = VECTOR ( 'NONE', #2, 1000.000000000000000 ) ;
#665 = CIRCLE ( 'NONE', #1639, 2.000000000000000000 ) ;
#666 = ORIENTED_EDGE ( 'NONE', *, *, #452, .T. ) ;
#667 = CARTESIAN_POINT ( 'NONE',  ( 4.899999999999999467, 1.900000000000002354, 21.59999999999999787 ) ) ;
#668 = DIRECTION ( 'NONE',  ( 0.000000000000000000, 0.000000000000000000, -1.000000000000000000 ) ) ;
#669 = CARTESIAN_POINT ( 'NONE',  ( 1.899999999999999911, 1.900000000000002354, 3.600000000000000089 ) ) ;
#670 = CARTESIAN_POINT ( 'NONE',  ( 23.09999999999999787, 1.900000000000002354, 3.600000000000000089 ) ) ;
#671 = ORIENTED_EDGE ( 'NONE', *, *, #696, .T. ) ;
#672 = ORIENTED_EDGE ( 'NONE', *, *, #1553, .F. ) ;
#673 = CARTESIAN_POINT ( 'NONE',  ( 8.650000000000000355, 1.900000000000002354, 17.60000000000000142 ) ) ;
#674 = EDGE_CURVE ( 'NONE', #1266, #1198, #1175, .T. ) ;
#675 = DIRECTION ( 'NONE',  ( 1.000000000000000000, 0.000000000000000000, 0.000000000000000000 ) ) ;
#676 = ORIENTED_EDGE ( 'NONE', *, *, #1166, .T. ) ;
#677 = FACE_OUTER_BOUND ( 'NONE', #1715, .T. ) ;
#678 = DIRECTION ( 'NONE',  ( -1.000000000000000000, 0.000000000000000000, 0.000000000000000000 ) ) ;
#679 = ORIENTED_EDGE ( 'NONE', *, *, #48, .F. ) ;
#680 = ORIENTED_EDGE ( 'NONE', *, *, #1247, .F. ) ;
#681 = DIRECTION ( 'NONE',  ( 0.000000000000000000, 0.000000000000000000, 1.000000000000000000 ) ) ;
#682 = FACE_OUTER_BOUND ( 'NONE', #1080, .T. ) ;
#683 = ORIENTED_EDGE ( 'NONE', *, *, #422, .T. ) ;
#684 = DIRECTION ( 'NONE',  ( -0.000000000000000000, -0.000000000000000000, -1.000000000000000000 ) ) ;
#685 = DIRECTION ( 'NONE',  ( -1.000000000000000000, 0.000000000000000000, 0.000000000000000000 ) ) ;
#686 = ORIENTED_EDGE ( 'NONE', *, *, #1247, .T. ) ;
#687 = CIRCLE ( 'NONE', #1355, 1.250000000000001110 ) ;
#688 = AXIS2_PLACEMENT_3D ( 'NONE', #943, #303, #60 ) ;
#689 = ORIENTED_EDGE ( 'NONE', *, *, #1439, .F. ) ;
#690 = VECTOR ( 'NONE', #1462, 1000.000000000000000 ) ;
#691 = CARTESIAN_POINT ( 'NONE',  ( 12.49999999999999822, 12.50000000000000178, 21.59999999999999787 ) ) ;
#692 = CARTESIAN_POINT ( 'NONE',  ( 23.09999999999999787, 1.900000000000002354, 17.60000000000000142 ) ) ;
#693 = CARTESIAN_POINT ( 'NONE',  ( 17.59999999999999787, 1.900000000000002354, 17.60000000000000142 ) ) ;
#694 = ADVANCED_FACE ( 'NONE', ( #1301 ), #376, .F. ) ;
#695 = CARTESIAN_POINT ( 'NONE',  ( 12.49999999999999822, 12.50000000000000178, 21.59999999999999787 ) ) ;
#696 = EDGE_CURVE ( 'NONE', #1528, #1207, #288, .T. ) ;
#697 = VECTOR ( 'NONE', #1132, 1000.000000000000000 ) ;
#698 = EDGE_LOOP ( 'NONE', ( #485, #1229 ) ) ;
#699 = ORIENTED_EDGE ( 'NONE', *, *, #21, .T. ) ;
#700 = CARTESIAN_POINT ( 'NONE',  ( 23.10000000000000142, 7.400000000000002132, 16.40000000000000213 ) ) ;
#701 = ORIENTED_EDGE ( 'NONE', *, *, #1535, .T. ) ;
#702 = CYLINDRICAL_SURFACE ( 'NONE', #826, 1.250000000000000222 ) ;
#703 = AXIS2_PLACEMENT_3D ( 'NONE', #335, #867, #1397 ) ;
#704 = DIRECTION ( 'NONE',  ( -1.000000000000000000, 0.000000000000000000, 0.000000000000000000 ) ) ;
#705 = VERTEX_POINT ( 'NONE', #1711 ) ;
#706 = ADVANCED_FACE ( 'NONE', ( #1456 ), #1338, .F. ) ;
#707 = VERTEX_POINT ( 'NONE', #265 ) ;
#708 = DIRECTION ( 'NONE',  ( -1.000000000000000000, 0.000000000000000000, 0.000000000000000000 ) ) ;
#709 = ORIENTED_EDGE ( 'NONE', *, *, #787, .F. ) ;
#710 = PLANE ( 'NONE',  #855 ) ;
#711 = CARTESIAN_POINT ( 'NONE',  ( 0.000000000000000000, 0.000000000000000000, 3.600000000000000089 ) ) ;
#712 = VERTEX_POINT ( 'NONE', #944 ) ;
#713 = EDGE_CURVE ( 'NONE', #850, #900, #1316, .T. ) ;
#714 = ORIENTED_EDGE ( 'NONE', *, *, #1561, .T. ) ;
#715 = AXIS2_PLACEMENT_3D ( 'NONE', #893, #483, #212 ) ;
#716 = CIRCLE ( 'NONE', #1714, 10.05001942845186313 ) ;
#717 = VECTOR ( 'NONE', #876, 1000.000000000000000 ) ;
#718 = AXIS2_PLACEMENT_3D ( 'NONE', #655, #1430, #372 ) ;
#719 = CARTESIAN_POINT ( 'NONE',  ( 23.00000000000000000, 0.000000000000000000, 3.600000000000000089 ) ) ;
#720 = DIRECTION ( 'NONE',  ( -0.000000000000000000, -0.000000000000000000, -1.000000000000000000 ) ) ;
#721 = DIRECTION ( 'NONE',  ( -0.000000000000000000, -0.000000000000000000, -1.000000000000000000 ) ) ;
#722 = ORIENTED_EDGE ( 'NONE', *, *, #55, .F. ) ;
#723 = DIRECTION ( 'NONE',  ( -1.000000000000000000, 0.000000000000000000, 0.000000000000000000 ) ) ;
#724 = ORIENTED_EDGE ( 'NONE', *, *, #1280, .T. ) ;
#725 = PRODUCT_CONTEXT ( 'NONE', #652, 'mechanical' ) ;
#726 = ORIENTED_EDGE ( 'NONE', *, *, #817, .T. ) ;
#727 = EDGE_CURVE ( 'NONE', #1266, #1348, #1134, .T. ) ;
#728 = FACE_OUTER_BOUND ( 'NONE', #1546, .T. ) ;
#729 = CARTESIAN_POINT ( 'NONE',  ( 4.899999999999999467, 23.10000000000000142, 21.59999999999999787 ) ) ;
#730 = CARTESIAN_POINT ( 'NONE',  ( 2.000000000000000000, 23.00000000000000000, 0.000000000000000000 ) ) ;
#731 = ORIENTED_EDGE ( 'NONE', *, *, #1696, .T. ) ;
#732 = FACE_OUTER_BOUND ( 'NONE', #1113, .T. ) ;
#733 = VERTEX_POINT ( 'NONE', #401 ) ;
#734 = CARTESIAN_POINT ( 'NONE',  ( 2.000000000000000000, 25.00000000000000000, 3.600000000000000089 ) ) ;
#735 = DIRECTION ( 'NONE',  ( -0.000000000000000000, -0.000000000000000000, -1.000000000000000000 ) ) ;
#736 = ADVANCED_FACE ( 'NONE', ( #1308 ), #126, .F. ) ;
#737 = DIRECTION ( 'NONE',  ( 0.000000000000000000, 0.000000000000000000, 1.000000000000000000 ) ) ;
#738 = EDGE_LOOP ( 'NONE', ( #653, #186, #1311, #456, #319, #627, #80, #782 ) ) ;
#739 = DIRECTION ( 'NONE',  ( -0.000000000000000000, -0.000000000000000000, -1.000000000000000000 ) ) ;
#740 = VERTEX_POINT ( 'NONE', #1197 ) ;
#741 = ORIENTED_EDGE ( 'NONE', *, *, #392, .F. ) ;
#742 = CIRCLE ( 'NONE', #1519, 0.05000000000000143219 ) ;
#743 = VECTOR ( 'NONE', #316, 1000.000000000000000 ) ;
#744 = CARTESIAN_POINT ( 'NONE',  ( 2.000000000000000000, 23.00000000000000000, 3.600000000000000089 ) ) ;
#745 = DIRECTION ( 'NONE',  ( -0.000000000000000000, -0.000000000000000000, 1.000000000000000000 ) ) ;
#746 = VECTOR ( 'NONE', #399, 1000.000000000000000 ) ;
#747 = TOROIDAL_SURFACE ( 'NONE', #139, 0.05000000000000121708, 1.199999999999999956 ) ;
#748 = VECTOR ( 'NONE', #1614, 1000.000000000000000 ) ;
#749 = ADVANCED_FACE ( 'NONE', ( #1206 ), #1451, .T. ) ;
#750 = LINE ( 'NONE', #1016, #61 ) ;
#751 = EDGE_CURVE ( 'NONE', #350, #821, #527, .T. ) ;
#752 = CARTESIAN_POINT ( 'NONE',  ( 17.64999999999999858, 23.10000000000000142, 16.40000000000000213 ) ) ;
#753 = EDGE_LOOP ( 'NONE', ( #1566, #998, #1468, #502 ) ) ;
#754 = CARTESIAN_POINT ( 'NONE',  ( 7.399999999999999467, 1.900000000000002354, 3.599999999999999201 ) ) ;
#755 = CARTESIAN_POINT ( 'NONE',  ( 17.54999999999999716, 23.10000000000000142, 16.40000000000000213 ) ) ;
#756 = DIRECTION ( 'NONE',  ( -0.000000000000000000, -0.000000000000000000, -1.000000000000000000 ) ) ;
#757 = SURFACE_SIDE_STYLE ('',( #236 ) ) ;
#758 = CIRCLE ( 'NONE', #978, 0.05000000000000056483 ) ;
#759 = EDGE_CURVE ( 'NONE', #1193, #1067, #1589, .T. ) ;
#760 = ORIENTED_EDGE ( 'NONE', *, *, #820, .T. ) ;
#761 = LINE ( 'NONE', #524, #1340 ) ;
#762 = CARTESIAN_POINT ( 'NONE',  ( 1.849999999999999423, 7.400000000000002132, 17.60000000000000142 ) ) ;
#763 = DIRECTION ( 'NONE',  ( 0.000000000000000000, 0.000000000000000000, 1.000000000000000000 ) ) ;
#764 = DIRECTION ( 'NONE',  ( -0.000000000000000000, -0.000000000000000000, -1.000000000000000000 ) ) ;
#765 = ORIENTED_EDGE ( 'NONE', *, *, #1131, .F. ) ;
#766 = EDGE_CURVE ( 'NONE', #423, #1020, #797, .T. ) ;
#767 = EDGE_LOOP ( 'NONE', ( #1143, #592, #870, #1564 ) ) ;
#768 = DIRECTION ( 'NONE',  ( -1.000000000000000000, 0.000000000000000000, 0.000000000000000000 ) ) ;
#769 = DIRECTION ( 'NONE',  ( -0.000000000000000000, -1.000000000000000000, -0.000000000000000000 ) ) ;
#770 = TOROIDAL_SURFACE ( 'NONE', #1160, 0.05000000000000143219, 1.199999999999999956 ) ;
#771 = CARTESIAN_POINT ( 'NONE',  ( 20.10000000000000142, 20.10000000000000497, 21.59999999999999787 ) ) ;
#772 = CIRCLE ( 'NONE', #1691, 3.000000000000000000 ) ;
#773 = DIRECTION ( 'NONE',  ( 0.000000000000000000, 0.000000000000000000, 1.000000000000000000 ) ) ;
#774 = ORIENTED_EDGE ( 'NONE', *, *, #364, .F. ) ;
#775 = VERTEX_POINT ( 'NONE', #535 ) ;
#776 = CARTESIAN_POINT ( 'NONE',  ( 23.09999999999999787, 8.650000000000003908, 17.60000000000000142 ) ) ;
#777 = DIRECTION ( 'NONE',  ( -1.000000000000000000, 0.000000000000000000, 0.000000000000000000 ) ) ;
#778 = ADVANCED_FACE ( 'NONE', ( #1610 ), #1475, .T. ) ;
#779 = DIRECTION ( 'NONE',  ( 1.000000000000000000, 0.000000000000000000, 0.000000000000000000 ) ) ;
#780 = CARTESIAN_POINT ( 'NONE',  ( 23.10000000000000142, 7.400000000000002132, 16.40000000000000213 ) ) ;
#781 = ORIENTED_EDGE ( 'NONE', *, *, #1226, .F. ) ;
#782 = ORIENTED_EDGE ( 'NONE', *, *, #413, .T. ) ;
#783 = AXIS2_PLACEMENT_3D ( 'NONE', #754, #471, #1138 ) ;
#784 = CARTESIAN_POINT ( 'NONE',  ( 23.09999999999999787, 16.35000000000000497, 17.60000000000000142 ) ) ;
#785 = CYLINDRICAL_SURFACE ( 'NONE', #1360, 2.000000000000001776 ) ;
#786 = DIRECTION ( 'NONE',  ( 0.000000000000000000, 0.000000000000000000, 1.000000000000000000 ) ) ;
#787 = EDGE_CURVE ( 'NONE', #128, #1598, #305, .T. ) ;
#788 = DIRECTION ( 'NONE',  ( -0.000000000000000000, -0.000000000000000000, -1.000000000000000000 ) ) ;
#789 = ORIENTED_EDGE ( 'NONE', *, *, #1237, .F. ) ;
#790 = EDGE_CURVE ( 'NONE', #1120, #850, #601, .T. ) ;
#791 = ORIENTED_EDGE ( 'NONE', *, *, #238, .F. ) ;
#792 = DIRECTION ( 'NONE',  ( 0.000000000000000000, -1.000000000000000000, 0.000000000000000000 ) ) ;
#793 = CARTESIAN_POINT ( 'NONE',  ( 1.899999999999999911, 1.900000000000002354, 3.600000000000000089 ) ) ;
#794 = FACE_OUTER_BOUND ( 'NONE', #1261, .T. ) ;
#795 = CIRCLE ( 'NONE', #488, 1.199999999999999734 ) ;
#796 = VECTOR ( 'NONE', #822, 1000.000000000000000 ) ;
#797 = LINE ( 'NONE', #670, #85 ) ;
#798 = ORIENTED_EDGE ( 'NONE', *, *, #500, .T. ) ;
#799 = AXIS2_PLACEMENT_3D ( 'NONE', #1282, #82, #1530 ) ;
#800 = EDGE_CURVE ( 'NONE', #1541, #775, #1216, .T. ) ;
#801 = AXIS2_PLACEMENT_3D ( 'NONE', #321, #681, #1252 ) ;
#802 = VERTEX_POINT ( 'NONE', #453 ) ;
#803 = DIRECTION ( 'NONE',  ( -0.000000000000000000, -0.000000000000000000, 1.000000000000000000 ) ) ;
#804 = DIRECTION ( 'NONE',  ( 0.000000000000000000, 0.000000000000000000, 1.000000000000000000 ) ) ;
#805 = DIRECTION ( 'NONE',  ( -1.000000000000000000, 0.000000000000000000, 0.000000000000000000 ) ) ;
#806 = DIRECTION ( 'NONE',  ( 1.000000000000000000, 0.000000000000000000, 0.000000000000000000 ) ) ;
#807 = CARTESIAN_POINT ( 'NONE',  ( 0.6499999999999995781, 7.400000000000002132, 17.60000000000000142 ) ) ;
#808 = ORIENTED_EDGE ( 'NONE', *, *, #170, .T. ) ;
#809 = EDGE_LOOP ( 'NONE', ( #597, #1395, #1353, #760 ) ) ;
#810 = DIRECTION ( 'NONE',  ( -0.000000000000000000, -0.000000000000000000, -1.000000000000000000 ) ) ;
#811 = CARTESIAN_POINT ( 'NONE',  ( 0.6499999999999984679, 17.60000000000000497, 3.600000000000000089 ) ) ;
#812 = DIRECTION ( 'NONE',  ( -1.000000000000000000, 0.000000000000000000, 0.000000000000000000 ) ) ;
#813 = CARTESIAN_POINT ( 'NONE',  ( 0.6499999999999995781, 7.400000000000002132, 3.600000000000000089 ) ) ;
#814 = CARTESIAN_POINT ( 'NONE',  ( 1.899999999999999911, 23.10000000000000142, 3.600000000000000089 ) ) ;
#815 = ORIENTED_EDGE ( 'NONE', *, *, #926, .F. ) ;
#816 = VERTEX_POINT ( 'NONE', #318 ) ;
#817 = EDGE_CURVE ( 'NONE', #1499, #1541, #963, .T. ) ;
#818 = LINE ( 'NONE', #163, #1637 ) ;
#819 = LINE ( 'NONE', #315, #248 ) ;
#820 = EDGE_CURVE ( 'NONE', #1052, #1556, #1119, .T. ) ;
#821 = VERTEX_POINT ( 'NONE', #428 ) ;
#822 = DIRECTION ( 'NONE',  ( 1.000000000000000000, 0.000000000000000000, 0.000000000000000000 ) ) ;
#823 = DIRECTION ( 'NONE',  ( -1.000000000000000000, 0.000000000000000000, 0.000000000000000000 ) ) ;
#824 = ORIENTED_EDGE ( 'NONE', *, *, #650, .F. ) ;
#825 = AXIS2_PLACEMENT_3D ( 'NONE', #919, #651, #660 ) ;
#826 = AXIS2_PLACEMENT_3D ( 'NONE', #34, #684, #1233 ) ;
#827 = ORIENTED_EDGE ( 'NONE', *, *, #1458, .T. ) ;
#828 = AXIS2_PLACEMENT_3D ( 'NONE', #1653, #1613, #863 ) ;
#829 = VECTOR ( 'NONE', #352, 1000.000000000000000 ) ;
#830 = CARTESIAN_POINT ( 'NONE',  ( 1.899999999999999911, 1.900000000000002354, 17.60000000000000142 ) ) ;
#831 = EDGE_LOOP ( 'NONE', ( #1293, #1505 ) ) ;
#832 = CYLINDRICAL_SURFACE ( 'NONE', #518, 1.250000000000001110 ) ;
#833 = EDGE_CURVE ( 'NONE', #341, #821, #171, .T. ) ;
#834 = DIRECTION ( 'NONE',  ( 0.000000000000000000, 0.000000000000000000, -1.000000000000000000 ) ) ;
#835 = ORIENTED_EDGE ( 'NONE', *, *, #482, .T. ) ;
#836 = ORIENTED_EDGE ( 'NONE', *, *, #291, .F. ) ;
#837 = FACE_OUTER_BOUND ( 'NONE', #698, .T. ) ;
#838 = FACE_OUTER_BOUND ( 'NONE', #1540, .T. ) ;
#839 = DIRECTION ( 'NONE',  ( -1.000000000000000000, 0.000000000000000000, 0.000000000000000000 ) ) ;
#840 = CIRCLE ( 'NONE', #13, 1.199999999999999956 ) ;
#841 = ADVANCED_FACE ( 'NONE', ( #962 ), #1292, .T. ) ;
#842 = PLANE ( 'NONE',  #1489 ) ;
#843 = ORIENTED_EDGE ( 'NONE', *, *, #846, .T. ) ;
#844 = CIRCLE ( 'NONE', #1121, 2.999999999999999112 ) ;
#845 = ORIENTED_EDGE ( 'NONE', *, *, #344, .T. ) ;
#846 = EDGE_CURVE ( 'NONE', #387, #1332, #742, .T. ) ;
#847 = CARTESIAN_POINT ( 'NONE',  ( 23.09999999999999787, 1.900000000000002354, 3.600000000000000089 ) ) ;
#848 = DIRECTION ( 'NONE',  ( -0.000000000000000000, -0.000000000000000000, -1.000000000000000000 ) ) ;
#849 = DIRECTION ( 'NONE',  ( 0.000000000000000000, 0.000000000000000000, -1.000000000000000000 ) ) ;
#850 = VERTEX_POINT ( 'NONE', #63 ) ;
#851 = CARTESIAN_POINT ( 'NONE',  ( 20.10000000000000142, 23.10000000000000142, 21.59999999999999787 ) ) ;
#852 = VERTEX_POINT ( 'NONE', #1112 ) ;
#853 = VECTOR ( 'NONE', #386, 1000.000000000000000 ) ;
#854 = EDGE_CURVE ( 'NONE', #866, #1573, #311, .T. ) ;
#855 = AXIS2_PLACEMENT_3D ( 'NONE', #1509, #1483, #1492 ) ;
#856 =( NAMED_UNIT ( * ) PLANE_ANGLE_UNIT ( ) SI_UNIT ( $, .RADIAN. ) );
#857 = ORIENTED_EDGE ( 'NONE', *, *, #566, .T. ) ;
#858 = AXIS2_PLACEMENT_3D ( 'NONE', #442, #416, #174 ) ;
#859 = DIRECTION ( 'NONE',  ( 0.000000000000000000, -0.000000000000000000, 1.000000000000000000 ) ) ;
#860 = DIRECTION ( 'NONE',  ( 1.000000000000000000, 0.000000000000000000, 0.000000000000000000 ) ) ;
#861 = CARTESIAN_POINT ( 'NONE',  ( 1.899999999999999023, 17.55000000000000426, 16.40000000000000213 ) ) ;
#862 = ORIENTED_EDGE ( 'NONE', *, *, #650, .T. ) ;
#863 = DIRECTION ( 'NONE',  ( 1.000000000000000000, 0.000000000000000000, 0.000000000000000000 ) ) ;
#864 = ORIENTED_EDGE ( 'NONE', *, *, #542, .F. ) ;
#865 = ADVANCED_FACE ( 'NONE', ( #1366 ), #842, .F. ) ;
#866 = VERTEX_POINT ( 'NONE', #1375 ) ;
#867 = DIRECTION ( 'NONE',  ( 0.000000000000000000, 1.000000000000000000, 0.000000000000000000 ) ) ;
#868 = CARTESIAN_POINT ( 'NONE',  ( 1.899999999999999689, 7.400000000000002132, 17.60000000000000142 ) ) ;
#869 = CARTESIAN_POINT ( 'NONE',  ( 1.899999999999999023, 17.60000000000000497, 17.60000000000000142 ) ) ;
#870 = ORIENTED_EDGE ( 'NONE', *, *, #1166, .F. ) ;
#871 = DIRECTION ( 'NONE',  ( 1.000000000000000000, 0.000000000000000000, 0.000000000000000000 ) ) ;
#872 = VERTEX_POINT ( 'NONE', #562 ) ;
#873 = EDGE_LOOP ( 'NONE', ( #600, #283, #474, #1459 ) ) ;
#874 = EDGE_CURVE ( 'NONE', #1040, #360, #28, .T. ) ;
#875 = FACE_OUTER_BOUND ( 'NONE', #809, .T. ) ;
#876 = DIRECTION ( 'NONE',  ( 0.000000000000000000, 0.000000000000000000, 1.000000000000000000 ) ) ;
#877 = ADVANCED_FACE ( 'NONE', ( #178 ), #580, .T. ) ;
#878 = CARTESIAN_POINT ( 'NONE',  ( 23.09999999999999787, 16.35000000000000497, 3.600000000000000089 ) ) ;
#879 = CARTESIAN_POINT ( 'NONE',  ( 17.59999999999999787, 23.10000000000000142, 17.60000000000000142 ) ) ;
#880 = ORIENTED_EDGE ( 'NONE', *, *, #282, .F. ) ;
#881 = AXIS2_PLACEMENT_3D ( 'NONE', #203, #624, #1531 ) ;
#882 = VECTOR ( 'NONE', #1129, 1000.000000000000000 ) ;
#883 = CARTESIAN_POINT ( 'NONE',  ( 0.000000000000000000, 0.000000000000000000, 0.000000000000000000 ) ) ;
#884 = DIRECTION ( 'NONE',  ( -0.000000000000000000, -0.000000000000000000, -1.000000000000000000 ) ) ;
#885 = TOROIDAL_SURFACE ( 'NONE', #577, 0.05000000000000034972, 1.199999999999999956 ) ;
#886 = TOROIDAL_SURFACE ( 'NONE', #828, 0.05000000000000056483, 1.199999999999999956 ) ;
#887 = CARTESIAN_POINT ( 'NONE',  ( 2.000000000000000000, 25.00000000000000000, 0.000000000000000000 ) ) ;
#888 = ADVANCED_FACE ( 'NONE', ( #1234 ), #185, .T. ) ;
#889 = CYLINDRICAL_SURFACE ( 'NONE', #368, 1.250000000000001110 ) ;
#890 = VERTEX_POINT ( 'NONE', #979 ) ;
#891 = DIRECTION ( 'NONE',  ( -0.000000000000000000, -0.000000000000000000, -1.000000000000000000 ) ) ;
#892 = DIRECTION ( 'NONE',  ( 1.000000000000000000, 0.000000000000000000, 0.000000000000000000 ) ) ;
#893 = CARTESIAN_POINT ( 'NONE',  ( 23.00000000000000000, 23.00000000000000000, 0.000000000000000000 ) ) ;
#894 = DIRECTION ( 'NONE',  ( 1.000000000000000000, 0.000000000000000000, 0.000000000000000000 ) ) ;
#895 = VERTEX_POINT ( 'NONE', #439 ) ;
#896 = EDGE_LOOP ( 'NONE', ( #1638, #1279, #1376, #1620 ) ) ;
#897 = CARTESIAN_POINT ( 'NONE',  ( 23.09999999999999787, 16.35000000000000497, 16.40000000000000213 ) ) ;
#898 = CARTESIAN_POINT ( 'NONE',  ( 23.09999999999999787, 17.60000000000000497, 16.40000000000000213 ) ) ;
#899 = CARTESIAN_POINT ( 'NONE',  ( 23.10000000000000142, 7.400000000000002132, 17.60000000000000142 ) ) ;
#900 = VERTEX_POINT ( 'NONE', #1511 ) ;
#901 = ADVANCED_FACE ( 'NONE', ( #971 ), #1503, .T. ) ;
#902 = VERTEX_POINT ( 'NONE', #631 ) ;
#903 = PLANE ( 'NONE',  #635 ) ;
#904 = CARTESIAN_POINT ( 'NONE',  ( 24.35000000000000142, 17.60000000000000497, 16.40000000000000213 ) ) ;
#905 = AXIS2_PLACEMENT_3D ( 'NONE', #1049, #1444, #936 ) ;
#906 = CARTESIAN_POINT ( 'NONE',  ( 1.899999999999999023, 17.60000000000000497, 3.600000000000000089 ) ) ;
#907 = CIRCLE ( 'NONE', #1135, 1.250000000000000222 ) ;
#908 = AXIS2_PLACEMENT_3D ( 'NONE', #1480, #57, #433 ) ;
#909 = ORIENTED_EDGE ( 'NONE', *, *, #1051, .T. ) ;
#910 = PRODUCT_DEFINITION_SHAPE ( 'NONE', 'NONE',  #1295 ) ;
#911 = ORIENTED_EDGE ( 'NONE', *, *, #980, .F. ) ;
#912 = ADVANCED_FACE ( 'NONE', ( #1552 ), #108, .T. ) ;
#913 = CARTESIAN_POINT ( 'NONE',  ( 0.000000000000000000, 25.00000000000000000, 3.600000000000000089 ) ) ;
#914 = DIRECTION ( 'NONE',  ( 0.000000000000000000, 1.000000000000000000, 0.000000000000000000 ) ) ;
#915 = APPLICATION_CONTEXT ( 'automotive_design' ) ;
#916 = PLANE ( 'NONE',  #432 ) ;
#917 = EDGE_CURVE ( 'NONE', #341, #852, #1408, .T. ) ;
#918 = UNCERTAINTY_MEASURE_WITH_UNIT (LENGTH_MEASURE( 1.000000000000000082E-05 ), #1688, 'distance_accuracy_value', 'NONE');
#919 = CARTESIAN_POINT ( 'NONE',  ( 1.899999999999999911, 23.10000000000000142, 21.59999999999999787 ) ) ;
#920 = ORIENTED_EDGE ( 'NONE', *, *, #262, .F. ) ;
#921 = AXIS2_PLACEMENT_3D ( 'NONE', #1041, #1296, #1034 ) ;
#922 = ORIENTED_EDGE ( 'NONE', *, *, #641, .T. ) ;
#923 = DIRECTION ( 'NONE',  ( -1.000000000000000000, 0.000000000000000000, 0.000000000000000000 ) ) ;
#924 = CARTESIAN_POINT ( 'NONE',  ( 4.899999999999999467, 4.900000000000002132, 3.599999999999999201 ) ) ;
#925 = CARTESIAN_POINT ( 'NONE',  ( 23.00000000000000000, 2.000000000000000000, 0.000000000000000000 ) ) ;
#926 = EDGE_CURVE ( 'NONE', #377, #309, #1148, .T. ) ;
#927 = DIRECTION ( 'NONE',  ( 1.000000000000000000, 0.000000000000000000, 0.000000000000000000 ) ) ;
#928 = ORIENTED_EDGE ( 'NONE', *, *, #854, .T. ) ;
#929 = ORIENTED_EDGE ( 'NONE', *, *, #422, .F. ) ;
#930 = FACE_OUTER_BOUND ( 'NONE', #1058, .T. ) ;
#931 = FACE_BOUND ( 'NONE', #831, .T. ) ;
#932 = FACE_BOUND ( 'NONE', #1068, .T. ) ;
#933 = AXIS2_PLACEMENT_3D ( 'NONE', #1241, #721, #1276 ) ;
#934 = TOROIDAL_SURFACE ( 'NONE', #1323, 0.05000000000000056483, 1.199999999999999956 ) ;
#935 = EDGE_CURVE ( 'NONE', #1198, #26, #133, .T. ) ;
#936 = DIRECTION ( 'NONE',  ( 0.000000000000000000, 0.000000000000000000, 1.000000000000000000 ) ) ;
#937 = ORIENTED_EDGE ( 'NONE', *, *, #1256, .T. ) ;
#938 = VECTOR ( 'NONE', #1288, 1000.000000000000000 ) ;
#939 = AXIS2_PLACEMENT_3D ( 'NONE', #1481, #1211, #805 ) ;
#940 = VERTEX_POINT ( 'NONE', #1289 ) ;
#941 = LINE ( 'NONE', #331, #1297 ) ;
#942 = VERTEX_POINT ( 'NONE', #1167 ) ;
#943 = CARTESIAN_POINT ( 'NONE',  ( 7.399999999999999467, 23.10000000000000142, 17.60000000000000142 ) ) ;
#944 = CARTESIAN_POINT ( 'NONE',  ( 23.09999999999999787, 6.150000000000001243, 16.40000000000000213 ) ) ;
#945 = ORIENTED_EDGE ( 'NONE', *, *, #264, .F. ) ;
#946 = EDGE_CURVE ( 'NONE', #895, #981, #403, .T. ) ;
#947 = EDGE_LOOP ( 'NONE', ( #1689, #1003, #322, #672 ) ) ;
#948 = CARTESIAN_POINT ( 'NONE',  ( 23.00000000000000000, 2.000000000000000000, 3.600000000000000089 ) ) ;
#949 = DIRECTION ( 'NONE',  ( 0.000000000000000000, 0.000000000000000000, 1.000000000000000000 ) ) ;
#950 = AXIS2_PLACEMENT_3D ( 'NONE', #1390, #1516, #201 ) ;
#951 = LINE ( 'NONE', #1473, #37 ) ;
#952 = DIRECTION ( 'NONE',  ( -0.000000000000000000, -0.000000000000000000, 1.000000000000000000 ) ) ;
#953 = DIRECTION ( 'NONE',  ( 1.000000000000000000, 0.000000000000000000, 0.000000000000000000 ) ) ;
#954 = ADVANCED_BREP_SHAPE_REPRESENTATION ( '25\X2\0445\X0\25', ( #586, #1079 ), #90 ) ;
#955 = ORIENTED_EDGE ( 'NONE', *, *, #132, .F. ) ;
#956 = ORIENTED_EDGE ( 'NONE', *, *, #1286, .F. ) ;
#957 = CARTESIAN_POINT ( 'NONE',  ( 1.899999999999999023, 17.60000000000000497, 17.60000000000000142 ) ) ;
#958 = ADVANCED_FACE ( 'NONE', ( #337 ), #1259, .T. ) ;
#959 = DIRECTION ( 'NONE',  ( -0.000000000000000000, -0.000000000000000000, 1.000000000000000000 ) ) ;
#960 = CARTESIAN_POINT ( 'NONE',  ( 7.399999999999999467, 1.900000000000002354, 17.60000000000000142 ) ) ;
#961 = DIRECTION ( 'NONE',  ( 1.000000000000000000, 0.000000000000000000, 0.000000000000000000 ) ) ;
#962 = FACE_OUTER_BOUND ( 'NONE', #1624, .T. ) ;
#963 = CIRCLE ( 'NONE', #1045, 3.000000000000000000 ) ;
#964 = ORIENTED_EDGE ( 'NONE', *, *, #1449, .T. ) ;
#965 = AXIS2_PLACEMENT_3D ( 'NONE', #925, #1710, #1579 ) ;
#966 = CIRCLE ( 'NONE', #165, 1.199999999999999734 ) ;
#967 = ORIENTED_EDGE ( 'NONE', *, *, #973, .F. ) ;
#968 = LINE ( 'NONE', #830, #1078 ) ;
#969 = EDGE_CURVE ( 'NONE', #278, #1666, #795, .T. ) ;
#970 = DIRECTION ( 'NONE',  ( -1.000000000000000000, 0.000000000000000000, 0.000000000000000000 ) ) ;
#971 = FACE_OUTER_BOUND ( 'NONE', #1654, .T. ) ;
#972 = ORIENTED_EDGE ( 'NONE', *, *, #1587, .F. ) ;
#973 = EDGE_CURVE ( 'NONE', #309, #1096, #499, .T. ) ;
#974 = ORIENTED_EDGE ( 'NONE', *, *, #1335, .F. ) ;
#975 = PLANE ( 'NONE',  #1273 ) ;
#976 = ORIENTED_EDGE ( 'NONE', *, *, #469, .T. ) ;
#977 = CARTESIAN_POINT ( 'NONE',  ( 23.10000000000000142, 7.450000000000003730, 16.40000000000000213 ) ) ;
#978 = AXIS2_PLACEMENT_3D ( 'NONE', #1163, #267, #1557 ) ;
#979 = CARTESIAN_POINT ( 'NONE',  ( 23.09999999999999787, 18.85000000000000497, 3.600000000000000089 ) ) ;
#980 = EDGE_CURVE ( 'NONE', #940, #733, #1460, .T. ) ;
#981 = VERTEX_POINT ( 'NONE', #887 ) ;
#982 = ORIENTED_EDGE ( 'NONE', *, *, #1039, .T. ) ;
#983 = ORIENTED_EDGE ( 'NONE', *, *, #800, .F. ) ;
#984 = FACE_OUTER_BOUND ( 'NONE', #215, .T. ) ;
#985 = CARTESIAN_POINT ( 'NONE',  ( 23.09999999999999787, 18.85000000000000497, 16.40000000000000213 ) ) ;
#986 = DIRECTION ( 'NONE',  ( -0.000000000000000000, -0.000000000000000000, 1.000000000000000000 ) ) ;
#987 = ORIENTED_EDGE ( 'NONE', *, *, #1144, .F. ) ;
#988 = PRODUCT_RELATED_PRODUCT_CATEGORY ( 'part', '', ( #6 ) ) ;
#989 = LINE ( 'NONE', #673, #493 ) ;
#990 = ORIENTED_EDGE ( 'NONE', *, *, #641, .F. ) ;
#991 = AXIS2_PLACEMENT_3D ( 'NONE', #473, #756, #997 ) ;
#992 = AXIS2_PLACEMENT_3D ( 'NONE', #5, #1300, #1595 ) ;
#993 = EDGE_CURVE ( 'NONE', #121, #1077, #1381, .T. ) ;
#994 = VECTOR ( 'NONE', #914, 1000.000000000000000 ) ;
#995 = VECTOR ( 'NONE', #540, 1000.000000000000000 ) ;
#996 = CARTESIAN_POINT ( 'NONE',  ( 12.49999999999999822, 12.50000000000000178, 3.599999999999999201 ) ) ;
#997 = DIRECTION ( 'NONE',  ( -1.000000000000000000, 0.000000000000000000, 0.000000000000000000 ) ) ;
#998 = ORIENTED_EDGE ( 'NONE', *, *, #1118, .T. ) ;
#999 = CARTESIAN_POINT ( 'NONE',  ( 1.899999999999999911, 17.55000000000000426, 17.60000000000000142 ) ) ;
#1000 = EDGE_CURVE ( 'NONE', #1106, #1363, #1104, .T. ) ;
#1001 = ORIENTED_EDGE ( 'NONE', *, *, #575, .F. ) ;
#1002 = EDGE_CURVE ( 'NONE', #1266, #213, #1383, .T. ) ;
#1003 = ORIENTED_EDGE ( 'NONE', *, *, #1596, .F. ) ;
#1004 = FACE_OUTER_BOUND ( 'NONE', #1627, .T. ) ;
#1005 = DIRECTION ( 'NONE',  ( 1.000000000000000000, 0.000000000000000000, 0.000000000000000000 ) ) ;
#1006 = AXIS2_PLACEMENT_3D ( 'NONE', #504, #1178, #1453 ) ;
#1007 = CARTESIAN_POINT ( 'NONE',  ( 4.899999999999999467, 1.900000000000002354, 21.59999999999999787 ) ) ;
#1008 = CIRCLE ( 'NONE', #703, 1.199999999999999734 ) ;
#1009 = CARTESIAN_POINT ( 'NONE',  ( 23.09999999999999787, 18.85000000000000497, 17.60000000000000142 ) ) ;
#1010 = ORIENTED_EDGE ( 'NONE', *, *, #469, .F. ) ;
#1011 = CARTESIAN_POINT ( 'NONE',  ( 0.000000000000000000, 0.000000000000000000, 0.000000000000000000 ) ) ;
#1012 = EDGE_LOOP ( 'NONE', ( #448, #160, #612, #470 ) ) ;
#1013 = EDGE_CURVE ( 'NONE', #611, #1706, #1495, .T. ) ;
#1014 = PLANE ( 'NONE',  #1477 ) ;
#1015 = CARTESIAN_POINT ( 'NONE',  ( 2.449980571548134201, 12.50000000000000355, 3.599999999999999201 ) ) ;
#1016 = CARTESIAN_POINT ( 'NONE',  ( 1.899999999999999911, 1.900000000000002354, 17.60000000000000142 ) ) ;
#1017 = DIRECTION ( 'NONE',  ( 0.000000000000000000, 0.000000000000000000, -1.000000000000000000 ) ) ;
#1018 = VERTEX_POINT ( 'NONE', #347 ) ;
#1019 = AXIS2_PLACEMENT_3D ( 'NONE', #1250, #46, #704 ) ;
#1020 = VERTEX_POINT ( 'NONE', #878 ) ;
#1021 = CIRCLE ( 'NONE', #992, 0.05000000000000143219 ) ;
#1022 = DIRECTION ( 'NONE',  ( 0.000000000000000000, 1.000000000000000000, 0.000000000000000000 ) ) ;
#1023 = DIRECTION ( 'NONE',  ( 0.000000000000000000, 0.000000000000000000, -1.000000000000000000 ) ) ;
#1024 = CIRCLE ( 'NONE', #4, 0.05000000000000143219 ) ;
#1025 = EDGE_CURVE ( 'NONE', #620, #143, #1407, .T. ) ;
#1026 = DIRECTION ( 'NONE',  ( -1.000000000000000000, 0.000000000000000000, 0.000000000000000000 ) ) ;
#1027 = CARTESIAN_POINT ( 'NONE',  ( 23.09999999999999787, 1.900000000000002354, 3.600000000000000089 ) ) ;
#1028 = ORIENTED_EDGE ( 'NONE', *, *, #87, .T. ) ;
#1029 = FACE_OUTER_BOUND ( 'NONE', #661, .T. ) ;
#1030 = CARTESIAN_POINT ( 'NONE',  ( 1.899999999999999689, 7.400000000000002132, 16.40000000000000213 ) ) ;
#1031 = EDGE_CURVE ( 'NONE', #1520, #278, #1162, .T. ) ;
#1032 = ORIENTED_EDGE ( 'NONE', *, *, #1039, .F. ) ;
#1033 = ORIENTED_EDGE ( 'NONE', *, *, #1002, .T. ) ;
#1034 = DIRECTION ( 'NONE',  ( 0.000000000000000000, 0.000000000000000000, -1.000000000000000000 ) ) ;
#1035 = DIRECTION ( 'NONE',  ( 0.000000000000000000, 1.000000000000000000, 0.000000000000000000 ) ) ;
#1036 = DIRECTION ( 'NONE',  ( 0.000000000000000000, 0.000000000000000000, -1.000000000000000000 ) ) ;
#1037 = DIRECTION ( 'NONE',  ( 0.000000000000000000, 0.000000000000000000, 1.000000000000000000 ) ) ;
#1038 = ORIENTED_EDGE ( 'NONE', *, *, #935, .T. ) ;
#1039 = EDGE_CURVE ( 'NONE', #1377, #611, #750, .T. ) ;
#1040 = VERTEX_POINT ( 'NONE', #1545 ) ;
#1041 = CARTESIAN_POINT ( 'NONE',  ( 1.899999999999999689, 7.350000000000001421, 16.40000000000000213 ) ) ;
#1042 = AXIS2_PLACEMENT_3D ( 'NONE', #484, #1533, #1267 ) ;
#1043 = CARTESIAN_POINT ( 'NONE',  ( 23.09999999999999787, 17.60000000000000497, 17.60000000000000142 ) ) ;
#1044 = EDGE_CURVE ( 'NONE', #1077, #1573, #966, .T. ) ;
#1045 = AXIS2_PLACEMENT_3D ( 'NONE', #38, #986, #1617 ) ;
#1046 = DIRECTION ( 'NONE',  ( -1.000000000000000000, 0.000000000000000000, 0.000000000000000000 ) ) ;
#1047 = CIRCLE ( 'NONE', #1660, 1.199999999999999734 ) ;
#1048 = CIRCLE ( 'NONE', #1299, 0.05000000000000034972 ) ;
#1049 = CARTESIAN_POINT ( 'NONE',  ( 23.09999999999999787, 1.900000000000002354, 21.59999999999999787 ) ) ;
#1050 = EDGE_LOOP ( 'NONE', ( #928, #1145, #198, #503 ) ) ;
#1051 = EDGE_CURVE ( 'NONE', #213, #1302, #659, .T. ) ;
#1052 = VERTEX_POINT ( 'NONE', #1180 ) ;
#1053 = LINE ( 'NONE', #784, #261 ) ;
#1054 = ADVANCED_FACE ( 'NONE', ( #794 ), #1337, .F. ) ;
#1055 = CARTESIAN_POINT ( 'NONE',  ( 1.899999999999999911, 20.10000000000000497, 21.59999999999999787 ) ) ;
#1056 = PLANE ( 'NONE',  #491 ) ;
#1057 = DIRECTION ( 'NONE',  ( -0.000000000000000000, -0.000000000000000000, -1.000000000000000000 ) ) ;
#1058 = EDGE_LOOP ( 'NONE', ( #709, #103, #381, #257 ) ) ;
#1059 = VECTOR ( 'NONE', #345, 1000.000000000000000 ) ;
#1060 = VERTEX_POINT ( 'NONE', #255 ) ;
#1061 = DIRECTION ( 'NONE',  ( 0.000000000000000000, 0.000000000000000000, 1.000000000000000000 ) ) ;
#1062 = DIRECTION ( 'NONE',  ( -0.000000000000000000, -0.000000000000000000, -1.000000000000000000 ) ) ;
#1063 = VECTOR ( 'NONE', #494, 1000.000000000000000 ) ;
#1064 = ADVANCED_FACE ( 'NONE', ( #242 ), #657, .T. ) ;
#1065 = PLANE ( 'NONE',  #273 ) ;
#1066 = DIRECTION ( 'NONE',  ( -0.000000000000000000, -0.000000000000000000, -1.000000000000000000 ) ) ;
#1067 = VERTEX_POINT ( 'NONE', #385 ) ;
#1068 = EDGE_LOOP ( 'NONE', ( #1670, #1236, #701, #27, #440, #1592, #429, #293, #272, #179, #1183, #47, #1341, #1345, #1532, #1133, #412, #654, #1628, #967, #827, #1612, #266, #1682, #781, #765 ) ) ;
#1069 = DIRECTION ( 'NONE',  ( -1.000000000000000000, 0.000000000000000000, 0.000000000000000000 ) ) ;
#1070 = DIRECTION ( 'NONE',  ( 1.000000000000000000, 0.000000000000000000, 0.000000000000000000 ) ) ;
#1071 = ORIENTED_EDGE ( 'NONE', *, *, #252, .F. ) ;
#1072 = FACE_OUTER_BOUND ( 'NONE', #873, .T. ) ;
#1073 = EDGE_CURVE ( 'NONE', #1285, #387, #1021, .T. ) ;
#1074 = AXIS2_PLACEMENT_3D ( 'NONE', #7, #1191, #543 ) ;
#1075 = VECTOR ( 'NONE', #310, 1000.000000000000000 ) ;
#1076 = DIRECTION ( 'NONE',  ( 0.000000000000000000, -1.000000000000000000, 0.000000000000000000 ) ) ;
#1077 = VERTEX_POINT ( 'NONE', #1560 ) ;
#1078 = VECTOR ( 'NONE', #1070, 1000.000000000000000 ) ;
#1079 = AXIS2_PLACEMENT_3D ( 'NONE', #1011, #1527, #225 ) ;
#1080 = EDGE_LOOP ( 'NONE', ( #333, #1421, #449, #676, #1251, #187, #955, #1411 ) ) ;
#1081 = FACE_OUTER_BOUND ( 'NONE', #1524, .T. ) ;
#1082 = CARTESIAN_POINT ( 'NONE',  ( 20.10000000000000142, 4.900000000000002132, 21.59999999999999787 ) ) ;
#1083 = DIRECTION ( 'NONE',  ( 0.000000000000000000, 0.000000000000000000, 1.000000000000000000 ) ) ;
#1084 = DIRECTION ( 'NONE',  ( -1.000000000000000000, -0.000000000000000000, -0.000000000000000000 ) ) ;
#1085 = DIRECTION ( 'NONE',  ( 1.000000000000000000, 0.000000000000000000, 0.000000000000000000 ) ) ;
#1086 = EDGE_LOOP ( 'NONE', ( #395, #86 ) ) ;
#1087 = ADVANCED_FACE ( 'NONE', ( #677 ), #916, .T. ) ;
#1088 = ORIENTED_EDGE ( 'NONE', *, *, #380, .F. ) ;
#1089 = LINE ( 'NONE', #1479, #326 ) ;
#1090 = CARTESIAN_POINT ( 'NONE',  ( 23.10000000000000142, 7.400000000000002132, 16.40000000000000213 ) ) ;
#1091 = ORIENTED_EDGE ( 'NONE', *, *, #1073, .T. ) ;
#1092 = CARTESIAN_POINT ( 'NONE',  ( 2.000000000000000000, 2.000000000000000000, 3.600000000000000089 ) ) ;
#1093 = CARTESIAN_POINT ( 'NONE',  ( 25.00000000000000000, 2.000000000000000000, 3.600000000000000089 ) ) ;
#1094 = ORIENTED_EDGE ( 'NONE', *, *, #1144, .T. ) ;
#1095 = EDGE_CURVE ( 'NONE', #1520, #1515, #135, .T. ) ;
#1096 = VERTEX_POINT ( 'NONE', #1464 ) ;
#1097 = CARTESIAN_POINT ( 'NONE',  ( 23.09999999999999787, 6.150000000000001243, 17.60000000000000142 ) ) ;
#1098 = ORIENTED_EDGE ( 'NONE', *, *, #1073, .F. ) ;
#1099 = ADVANCED_FACE ( 'NONE', ( #141 ), #1065, .T. ) ;
#1100 = CARTESIAN_POINT ( 'NONE',  ( 1.899999999999999911, 18.85000000000000497, 17.60000000000000142 ) ) ;
#1101 = DIRECTION ( 'NONE',  ( 1.000000000000000000, 0.000000000000000000, -0.000000000000000000 ) ) ;
#1102 = AXIS2_PLACEMENT_3D ( 'NONE', #730, #94, #1026 ) ;
#1103 = ORIENTED_EDGE ( 'NONE', *, *, #1572, .T. ) ;
#1104 = CIRCLE ( 'NONE', #192, 1.199999999999999734 ) ;
#1105 = CIRCLE ( 'NONE', #1245, 0.05000000000000143219 ) ;
#1106 = VERTEX_POINT ( 'NONE', #642 ) ;
#1107 = CIRCLE ( 'NONE', #1565, 3.000000000000000000 ) ;
#1108 = FACE_OUTER_BOUND ( 'NONE', #371, .T. ) ;
#1109 = EDGE_CURVE ( 'NONE', #26, #707, #532, .T. ) ;
#1110 = DIRECTION ( 'NONE',  ( -0.000000000000000000, -0.000000000000000000, 1.000000000000000000 ) ) ;
#1111 = CARTESIAN_POINT ( 'NONE',  ( 1.899999999999999911, 4.900000000000002132, 21.59999999999999787 ) ) ;
#1112 = CARTESIAN_POINT ( 'NONE',  ( 23.09999999999999787, 20.10000000000000497, 3.600000000000000089 ) ) ;
#1113 = EDGE_LOOP ( 'NONE', ( #1161, #1303, #172, #40 ) ) ;
#1114 = ORIENTED_EDGE ( 'NONE', *, *, #759, .T. ) ;
#1115 =( NAMED_UNIT ( * ) SI_UNIT ( $, .STERADIAN. ) SOLID_ANGLE_UNIT ( ) );
#1116 = CARTESIAN_POINT ( 'NONE',  ( 0.6499999999999984679, 17.60000000000000497, 16.40000000000000213 ) ) ;
#1117 = DIRECTION ( 'NONE',  ( 1.000000000000000000, 0.000000000000000000, 0.000000000000000000 ) ) ;
#1118 = EDGE_CURVE ( 'NONE', #54, #1060, #1703, .T. ) ;
#1119 = LINE ( 'NONE', #1093, #514 ) ;
#1120 = VERTEX_POINT ( 'NONE', #526 ) ;
#1121 = AXIS2_PLACEMENT_3D ( 'NONE', #95, #1671, #625 ) ;
#1122 = CARTESIAN_POINT ( 'NONE',  ( 25.00000000000000000, 23.00000000000000000, 3.600000000000000089 ) ) ;
#1123 = ORIENTED_EDGE ( 'NONE', *, *, #1428, .T. ) ;
#1124 =( LENGTH_UNIT ( ) NAMED_UNIT ( * ) SI_UNIT ( .MILLI., .METRE. ) );
#1125 = ORIENTED_EDGE ( 'NONE', *, *, #1013, .T. ) ;
#1126 = CARTESIAN_POINT ( 'NONE',  ( 17.54999999999999716, 1.900000000000002354, 17.60000000000000142 ) ) ;
#1127 = CARTESIAN_POINT ( 'NONE',  ( 23.15000000000000568, 7.400000000000002132, 16.40000000000000213 ) ) ;
#1128 = ADVANCED_FACE ( 'NONE', ( #932, #279 ), #1056, .F. ) ;
#1129 = DIRECTION ( 'NONE',  ( -0.000000000000000000, -0.000000000000000000, 1.000000000000000000 ) ) ;
#1130 = ORIENTED_EDGE ( 'NONE', *, *, #400, .F. ) ;
#1131 = EDGE_CURVE ( 'NONE', #1598, #1136, #1463, .T. ) ;
#1132 = DIRECTION ( 'NONE',  ( 0.000000000000000000, 1.000000000000000000, 0.000000000000000000 ) ) ;
#1133 = ORIENTED_EDGE ( 'NONE', *, *, #1410, .F. ) ;
#1134 = CIRCLE ( 'NONE', #545, 1.199999999999999956 ) ;
#1135 = AXIS2_PLACEMENT_3D ( 'NONE', #1417, #324, #622 ) ;
#1136 = VERTEX_POINT ( 'NONE', #1196 ) ;
#1137 = AXIS2_PLACEMENT_3D ( 'NONE', #3, #1594, #1585 ) ;
#1138 = DIRECTION ( 'NONE',  ( -1.000000000000000000, 0.000000000000000000, 0.000000000000000000 ) ) ;
#1139 = DIRECTION ( 'NONE',  ( 0.000000000000000000, 0.000000000000000000, 1.000000000000000000 ) ) ;
#1140 = CARTESIAN_POINT ( 'NONE',  ( 23.09999999999999787, 17.65000000000000568, 16.40000000000000213 ) ) ;
#1141 = ORIENTED_EDGE ( 'NONE', *, *, #1458, .F. ) ;
#1142 = CARTESIAN_POINT ( 'NONE',  ( 23.00000000000000000, 0.000000000000000000, 0.000000000000000000 ) ) ;
#1143 = ORIENTED_EDGE ( 'NONE', *, *, #413, .F. ) ;
#1144 = EDGE_CURVE ( 'NONE', #816, #802, #716, .T. ) ;
#1145 = ORIENTED_EDGE ( 'NONE', *, *, #1265, .T. ) ;
#1146 = DIRECTION ( 'NONE',  ( 1.000000000000000000, 0.000000000000000000, 0.000000000000000000 ) ) ;
#1147 = LINE ( 'NONE', #729, #1385 ) ;
#1148 = LINE ( 'NONE', #1007, #1213 ) ;
#1149 = UNCERTAINTY_MEASURE_WITH_UNIT (LENGTH_MEASURE( 1.000000000000000082E-05 ), #1124, 'distance_accuracy_value', 'NONE');
#1150 =( NAMED_UNIT ( * ) PLANE_ANGLE_UNIT ( ) SI_UNIT ( $, .RADIAN. ) );
#1151 = ORIENTED_EDGE ( 'NONE', *, *, #181, .F. ) ;
#1152 = CIRCLE ( 'NONE', #534, 1.250000000000001110 ) ;
#1153 = ORIENTED_EDGE ( 'NONE', *, *, #751, .T. ) ;
#1154 = DIRECTION ( 'NONE',  ( 0.000000000000000000, 0.000000000000000000, 1.000000000000000000 ) ) ;
#1155 = CARTESIAN_POINT ( 'NONE',  ( 1.899999999999999023, 17.60000000000000497, 16.40000000000000213 ) ) ;
#1156 = ADVANCED_FACE ( 'NONE', ( #1314 ), #632, .T. ) ;
#1157 = DIRECTION ( 'NONE',  ( 1.000000000000000000, 0.000000000000000000, 0.000000000000000000 ) ) ;
#1158 = PRESENTATION_STYLE_ASSIGNMENT (( #475 ) ) ;
#1159 = ORIENTED_EDGE ( 'NONE', *, *, #1406, .T. ) ;
#1160 = AXIS2_PLACEMENT_3D ( 'NONE', #1705, #1037, #1570 ) ;
#1161 = ORIENTED_EDGE ( 'NONE', *, *, #1449, .F. ) ;
#1162 = CIRCLE ( 'NONE', #1437, 1.250000000000001110 ) ;
#1163 = CARTESIAN_POINT ( 'NONE',  ( 7.399999999999999467, 1.900000000000002354, 17.60000000000000142 ) ) ;
#1164 = CARTESIAN_POINT ( 'NONE',  ( 23.09999999999999787, 8.650000000000003908, 16.40000000000000213 ) ) ;
#1165 = VECTOR ( 'NONE', #156, 1000.000000000000000 ) ;
#1166 = EDGE_CURVE ( 'NONE', #1556, #620, #325, .T. ) ;
#1167 = CARTESIAN_POINT ( 'NONE',  ( 6.149999999999999467, 1.900000000000002354, 16.40000000000000213 ) ) ;
#1168 = DIRECTION ( 'NONE',  ( -1.000000000000000000, 0.000000000000000000, 0.000000000000000000 ) ) ;
#1169 = CIRCLE ( 'NONE', #1318, 1.250000000000001110 ) ;
#1170 = ORIENTED_EDGE ( 'NONE', *, *, #507, .F. ) ;
#1171 = PLANE ( 'NONE',  #1559 ) ;
#1172 = CYLINDRICAL_SURFACE ( 'NONE', #62, 3.000000000000000000 ) ;
#1173 = DIRECTION ( 'NONE',  ( 0.000000000000000000, 0.000000000000000000, -1.000000000000000000 ) ) ;
#1174 = EDGE_CURVE ( 'NONE', #821, #1604, #356, .T. ) ;
#1175 = LINE ( 'NONE', #807, #1658 ) ;
#1176 = ORIENTED_EDGE ( 'NONE', *, *, #1367, .T. ) ;
#1177 = ORIENTED_EDGE ( 'NONE', *, *, #1410, .T. ) ;
#1178 = DIRECTION ( 'NONE',  ( 0.000000000000000000, 0.000000000000000000, 1.000000000000000000 ) ) ;
#1179 = CARTESIAN_POINT ( 'NONE',  ( 20.10000000000000142, 23.10000000000000142, 21.59999999999999787 ) ) ;
#1180 = CARTESIAN_POINT ( 'NONE',  ( 25.00000000000000000, 2.000000000000000000, 3.600000000000000089 ) ) ;
#1181 = EDGE_CURVE ( 'NONE', #1060, #872, #1634, .T. ) ;
#1182 = DIRECTION ( 'NONE',  ( 1.000000000000000000, 6.938893903907222461E-16, 0.000000000000000000 ) ) ;
#1183 = ORIENTED_EDGE ( 'NONE', *, *, #533, .F. ) ;
#1184 = ADVANCED_FACE ( 'NONE', ( #437 ), #1625, .T. ) ;
#1185 = VERTEX_POINT ( 'NONE', #1111 ) ;
#1186 = AXIS2_PLACEMENT_3D ( 'NONE', #1484, #295, #823 ) ;
#1187 = CARTESIAN_POINT ( 'NONE',  ( 0.000000000000000000, 23.00000000000000000, 3.600000000000000089 ) ) ;
#1188 = CARTESIAN_POINT ( 'NONE',  ( 23.00000000000000000, 2.000000000000000000, 3.600000000000000089 ) ) ;
#1189 = DIRECTION ( 'NONE',  ( -0.000000000000000000, -1.000000000000000000, -0.000000000000000000 ) ) ;
#1190 = AXIS2_PLACEMENT_3D ( 'NONE', #1082, #959, #708 ) ;
#1191 = DIRECTION ( 'NONE',  ( 0.000000000000000000, 0.000000000000000000, 1.000000000000000000 ) ) ;
#1192 = ADVANCED_FACE ( 'NONE', ( #184 ), #934, .T. ) ;
#1193 = VERTEX_POINT ( 'NONE', #427 ) ;
#1194 = LINE ( 'NONE', #9, #247 ) ;
#1195 = DIRECTION ( 'NONE',  ( 1.000000000000000000, 0.000000000000000000, 0.000000000000000000 ) ) ;
#1196 = CARTESIAN_POINT ( 'NONE',  ( 1.899999999999999911, 16.35000000000000497, 3.600000000000000089 ) ) ;
#1197 = CARTESIAN_POINT ( 'NONE',  ( 23.09999999999999787, 4.900000000000002132, 3.600000000000000089 ) ) ;
#1198 = VERTEX_POINT ( 'NONE', #813 ) ;
#1199 = ORIENTED_EDGE ( 'NONE', *, *, #199, .T. ) ;
#1200 = EDGE_CURVE ( 'NONE', #872, #143, #1225, .T. ) ;
#1201 = AXIS2_PLACEMENT_3D ( 'NONE', #1409, #773, #871 ) ;
#1202 = DIRECTION ( 'NONE',  ( 0.000000000000000000, 0.000000000000000000, 1.000000000000000000 ) ) ;
#1203 = CARTESIAN_POINT ( 'NONE',  ( 16.34999999999999787, 23.10000000000000142, 3.600000000000000089 ) ) ;
#1204 = CARTESIAN_POINT ( 'NONE',  ( 2.000000000000000000, 23.00000000000000000, 3.600000000000000089 ) ) ;
#1205 = CARTESIAN_POINT ( 'NONE',  ( 23.15000000000000213, 17.60000000000000497, 16.40000000000000213 ) ) ;
#1206 = FACE_OUTER_BOUND ( 'NONE', #314, .T. ) ;
#1207 = VERTEX_POINT ( 'NONE', #569 ) ;
#1208 = EDGE_LOOP ( 'NONE', ( #70, #1123, #1422 ) ) ;
#1209 = LINE ( 'NONE', #1122, #1440 ) ;
#1210 = LINE ( 'NONE', #1344, #748 ) ;
#1211 = DIRECTION ( 'NONE',  ( 0.000000000000000000, 0.000000000000000000, -1.000000000000000000 ) ) ;
#1212 = CARTESIAN_POINT ( 'NONE',  ( 1.899999999999999023, 17.60000000000000497, 16.40000000000000213 ) ) ;
#1213 = VECTOR ( 'NONE', #1657, 1000.000000000000000 ) ;
#1214 = ADVANCED_FACE ( 'NONE', ( #1501 ), #710, .T. ) ;
#1215 = VECTOR ( 'NONE', #1084, 1000.000000000000000 ) ;
#1216 = LINE ( 'NONE', #53, #1713 ) ;
#1217 = CIRCLE ( 'NONE', #801, 0.05000000000000056483 ) ;
#1218 = ORIENTED_EDGE ( 'NONE', *, *, #392, .T. ) ;
#1219 = CIRCLE ( 'NONE', #463, 1.250000000000001110 ) ;
#1220 = TOROIDAL_SURFACE ( 'NONE', #466, 0.05000000000000143219, 1.199999999999999956 ) ;
#1221 = VERTEX_POINT ( 'NONE', #176 ) ;
#1222 = CARTESIAN_POINT ( 'NONE',  ( 7.450000000000000178, 23.10000000000000142, 16.40000000000000213 ) ) ;
#1223 = DIRECTION ( 'NONE',  ( -1.000000000000000000, -0.000000000000000000, -0.000000000000000000 ) ) ;
#1224 = LINE ( 'NONE', #417, #1608 ) ;
#1225 = LINE ( 'NONE', #287, #796 ) ;
#1226 = EDGE_CURVE ( 'NONE', #1136, #1339, #418, .T. ) ;
#1227 = CARTESIAN_POINT ( 'NONE',  ( 2.000000000000000000, 2.000000000000000000, 3.600000000000000089 ) ) ;
#1228 = EDGE_LOOP ( 'NONE', ( #679, #297, #396, #774 ) ) ;
#1229 = ORIENTED_EDGE ( 'NONE', *, *, #993, .T. ) ;
#1230 = ADVANCED_FACE ( 'NONE', ( #168 ), #832, .T. ) ;
#1231 = DIRECTION ( 'NONE',  ( -0.000000000000000000, -0.000000000000000000, -1.000000000000000000 ) ) ;
#1232 = EDGE_LOOP ( 'NONE', ( #582, #528, #468, #91 ) ) ;
#1233 = DIRECTION ( 'NONE',  ( -1.000000000000000000, 0.000000000000000000, 0.000000000000000000 ) ) ;
#1234 = FACE_OUTER_BOUND ( 'NONE', #1260, .T. ) ;
#1235 = ORIENTED_EDGE ( 'NONE', *, *, #817, .F. ) ;
#1236 = ORIENTED_EDGE ( 'NONE', *, *, #87, .F. ) ;
#1237 = EDGE_CURVE ( 'NONE', #1348, #902, #111, .T. ) ;
#1238 = DIRECTION ( 'NONE',  ( 1.000000000000000000, 0.000000000000000000, 0.000000000000000000 ) ) ;
#1239 = CARTESIAN_POINT ( 'NONE',  ( 1.899999999999999911, 1.900000000000002354, 21.59999999999999787 ) ) ;
#1240 = DIRECTION ( 'NONE',  ( -0.000000000000000000, -1.000000000000000000, -0.000000000000000000 ) ) ;
#1241 = CARTESIAN_POINT ( 'NONE',  ( 1.899999999999999689, 7.400000000000002132, 17.60000000000000142 ) ) ;
#1242 = VECTOR ( 'NONE', #363, 1000.000000000000000 ) ;
#1243 = EDGE_LOOP ( 'NONE', ( #1235, #145, #1591, #983 ) ) ;
#1244 = VECTOR ( 'NONE', #1189, 1000.000000000000000 ) ;
#1245 = AXIS2_PLACEMENT_3D ( 'NONE', #227, #1139, #1117 ) ;
#1246 = EDGE_LOOP ( 'NONE', ( #1707, #555, #151, #1534 ) ) ;
#1247 = EDGE_CURVE ( 'NONE', #313, #740, #45, .T. ) ;
#1248 = LINE ( 'NONE', #847, #743 ) ;
#1249 = CARTESIAN_POINT ( 'NONE',  ( 23.09999999999999787, 7.350000000000000533, 17.60000000000000142 ) ) ;
#1250 = CARTESIAN_POINT ( 'NONE',  ( 23.00000000000000000, 23.00000000000000000, 3.600000000000000089 ) ) ;
#1251 = ORIENTED_EDGE ( 'NONE', *, *, #229, .F. ) ;
#1252 = DIRECTION ( 'NONE',  ( 1.000000000000000000, 0.000000000000000000, 0.000000000000000000 ) ) ;
#1253 = ORIENTED_EDGE ( 'NONE', *, *, #1118, .F. ) ;
#1254 = APPLICATION_PROTOCOL_DEFINITION ( 'draft international standard', 'automotive_design', 1998, #915 ) ;
#1255 = ORIENTED_EDGE ( 'NONE', *, *, #445, .F. ) ;
#1256 = EDGE_CURVE ( 'NONE', #1302, #902, #158, .T. ) ;
#1257 = CARTESIAN_POINT ( 'NONE',  ( 17.59999999999999787, 1.900000000000002354, 3.600000000000000089 ) ) ;
#1258 = CARTESIAN_POINT ( 'NONE',  ( 1.899999999999999911, 1.900000000000002354, 3.600000000000000089 ) ) ;
#1259 = CYLINDRICAL_SURFACE ( 'NONE', #58, 1.250000000000000444 ) ;
#1260 = EDGE_LOOP ( 'NONE', ( #258, #714, #1659 ) ) ;
#1261 = EDGE_LOOP ( 'NONE', ( #689, #1582, #1088, #909, #937, #465, #457, #1403, #976, #599, #200, #1028, #231, #626, #982, #1125 ) ) ;
#1262 = DIRECTION ( 'NONE',  ( -0.000000000000000000, -0.000000000000000000, 1.000000000000000000 ) ) ;
#1263 = DIRECTION ( 'NONE',  ( -1.000000000000000000, 0.000000000000000000, 0.000000000000000000 ) ) ;
#1264 = DIRECTION ( 'NONE',  ( 1.000000000000000000, 0.000000000000000000, 0.000000000000000000 ) ) ;
#1265 = EDGE_CURVE ( 'NONE', #1573, #644, #1294, .T. ) ;
#1266 = VERTEX_POINT ( 'NONE', #560 ) ;
#1267 = DIRECTION ( 'NONE',  ( 1.000000000000000000, 0.000000000000000000, 0.000000000000000000 ) ) ;
#1268 = EDGE_LOOP ( 'NONE', ( #207, #1010, #1141, #815 ) ) ;
#1269 = AXIS2_PLACEMENT_3D ( 'NONE', #879, #358, #339 ) ;
#1270 = ADVANCED_FACE ( 'NONE', ( #1072 ), #702, .T. ) ;
#1271 = AXIS2_PLACEMENT_3D ( 'NONE', #490, #806, #1432 ) ;
#1272 = VECTOR ( 'NONE', #803, 1000.000000000000000 ) ;
#1273 = AXIS2_PLACEMENT_3D ( 'NONE', #1371, #30, #550 ) ;
#1274 = DIRECTION ( 'NONE',  ( -0.000000000000000000, -0.000000000000000000, 1.000000000000000000 ) ) ;
#1275 = CARTESIAN_POINT ( 'NONE',  ( 17.54999999999999716, 1.900000000000002354, 16.40000000000000213 ) ) ;
#1276 = DIRECTION ( 'NONE',  ( -1.000000000000000000, 0.000000000000000000, 0.000000000000000000 ) ) ;
#1277 = EDGE_CURVE ( 'NONE', #152, #1514, #52, .T. ) ;
#1278 = DIRECTION ( 'NONE',  ( -1.000000000000000000, 0.000000000000000000, 0.000000000000000000 ) ) ;
#1279 = ORIENTED_EDGE ( 'NONE', *, *, #727, .T. ) ;
#1280 = EDGE_CURVE ( 'NONE', #1332, #1485, #1047, .T. ) ;
#1281 = LINE ( 'NONE', #883, #1590 ) ;
#1282 = CARTESIAN_POINT ( 'NONE',  ( 7.349999999999998757, 23.10000000000000142, 16.40000000000000213 ) ) ;
#1283 = CARTESIAN_POINT ( 'NONE',  ( 17.59999999999999787, 1.900000000000002354, 17.60000000000000142 ) ) ;
#1284 = CARTESIAN_POINT ( 'NONE',  ( 25.00000000000000000, 0.000000000000000000, 3.600000000000000089 ) ) ;
#1285 = VERTEX_POINT ( 'NONE', #1249 ) ;
#1286 = EDGE_CURVE ( 'NONE', #421, #1499, #552, .T. ) ;
#1287 = DIRECTION ( 'NONE',  ( -1.000000000000000000, 0.000000000000000000, 0.000000000000000000 ) ) ;
#1288 = DIRECTION ( 'NONE',  ( -0.000000000000000000, -0.000000000000000000, 1.000000000000000000 ) ) ;
#1289 = CARTESIAN_POINT ( 'NONE',  ( 23.00000000000000000, 25.00000000000000000, 0.000000000000000000 ) ) ;
#1290 = CARTESIAN_POINT ( 'NONE',  ( 23.09999999999999787, 17.60000000000000497, 3.600000000000000089 ) ) ;
#1291 = MECHANICAL_DESIGN_GEOMETRIC_PRESENTATION_REPRESENTATION (  '', ( #623 ), #154 ) ;
#1292 = TOROIDAL_SURFACE ( 'NONE', #1493, 0.05000000000000034972, 1.199999999999999956 ) ;
#1293 = ORIENTED_EDGE ( 'NONE', *, *, #431, .F. ) ;
#1294 = CIRCLE ( 'NONE', #1521, 1.250000000000001110 ) ;
#1295 = PRODUCT_DEFINITION ( 'UNKNOWN', '', #1327, #24 ) ;
#1296 = DIRECTION ( 'NONE',  ( 1.000000000000000000, 0.000000000000000000, 0.000000000000000000 ) ) ;
#1297 = VECTOR ( 'NONE', #810, 1000.000000000000000 ) ;
#1298 = CARTESIAN_POINT ( 'NONE',  ( 4.899999999999999467, 23.10000000000000142, 21.59999999999999787 ) ) ;
#1299 = AXIS2_PLACEMENT_3D ( 'NONE', #868, #472, #892 ) ;
#1300 = DIRECTION ( 'NONE',  ( 0.000000000000000000, 0.000000000000000000, 1.000000000000000000 ) ) ;
#1301 = FACE_OUTER_BOUND ( 'NONE', #72, .T. ) ;
#1302 = VERTEX_POINT ( 'NONE', #1616 ) ;
#1303 = ORIENTED_EDGE ( 'NONE', *, *, #1265, .F. ) ;
#1304 = DIRECTION ( 'NONE',  ( 0.000000000000000000, 0.000000000000000000, 1.000000000000000000 ) ) ;
#1305 = CARTESIAN_POINT ( 'NONE',  ( 16.34999999999999787, 1.900000000000002354, 17.60000000000000142 ) ) ;
#1306 = EDGE_CURVE ( 'NONE', #1675, #387, #300, .T. ) ;
#1307 = EDGE_CURVE ( 'NONE', #1514, #1598, #907, .T. ) ;
#1308 = FACE_OUTER_BOUND ( 'NONE', #281, .T. ) ;
#1309 = VECTOR ( 'NONE', #459, 1000.000000000000000 ) ;
#1310 = EDGE_LOOP ( 'NONE', ( #1433, #808, #835, #1199 ) ) ;
#1311 = ORIENTED_EDGE ( 'NONE', *, *, #713, .T. ) ;
#1312 = CARTESIAN_POINT ( 'NONE',  ( 22.55001942845186136, 12.50000000000000178, 21.59999999999999787 ) ) ;
#1313 = LINE ( 'NONE', #648, #690 ) ;
#1314 = FACE_OUTER_BOUND ( 'NONE', #365, .T. ) ;
#1315 = EDGE_CURVE ( 'NONE', #1363, #1520, #378, .T. ) ;
#1316 = LINE ( 'NONE', #150, #853 ) ;
#1317 = VERTEX_POINT ( 'NONE', #1391 ) ;
#1318 = AXIS2_PLACEMENT_3D ( 'NONE', #244, #739, #467 ) ;
#1319 = ORIENTED_EDGE ( 'NONE', *, *, #1469, .T. ) ;
#1320 = AXIS2_PLACEMENT_3D ( 'NONE', #464, #1680, #328 ) ;
#1321 = FACE_OUTER_BOUND ( 'NONE', #120, .T. ) ;
#1322 = FACE_OUTER_BOUND ( 'NONE', #1268, .T. ) ;
#1323 = AXIS2_PLACEMENT_3D ( 'NONE', #1212, #1474, #961 ) ;
#1324 = CARTESIAN_POINT ( 'NONE',  ( 23.10000000000000142, 7.400000000000002132, 16.40000000000000213 ) ) ;
#1325 = AXIS2_PLACEMENT_3D ( 'NONE', #755, #1649, #1023 ) ;
#1326 = AXIS2_PLACEMENT_3D ( 'NONE', #691, #1202, #590 ) ;
#1327 = PRODUCT_DEFINITION_FORMATION_WITH_SPECIFIED_SOURCE ( 'ANY', '', #6, .NOT_KNOWN. ) ;
#1328 = CIRCLE ( 'NONE', #939, 2.000000000000000000 ) ;
#1329 = DIRECTION ( 'NONE',  ( -0.000000000000000000, -0.000000000000000000, 1.000000000000000000 ) ) ;
#1330 = EDGE_LOOP ( 'NONE', ( #845, #922, #1692, #1700, #110 ) ) ;
#1331 = EDGE_CURVE ( 'NONE', #430, #423, #357, .T. ) ;
#1332 = VERTEX_POINT ( 'NONE', #615 ) ;
#1333 = CARTESIAN_POINT ( 'NONE',  ( 22.55001942845186136, 12.50000000000000178, 3.599999999999999201 ) ) ;
#1334 = CARTESIAN_POINT ( 'NONE',  ( 24.35000000000000497, 7.400000000000002132, 16.40000000000000213 ) ) ;
#1335 = EDGE_CURVE ( 'NONE', #802, #1040, #594, .T. ) ;
#1336 = DIRECTION ( 'NONE',  ( -0.000000000000000000, -1.000000000000000000, -0.000000000000000000 ) ) ;
#1337 = PLANE ( 'NONE',  #404 ) ;
#1338 = CYLINDRICAL_SURFACE ( 'NONE', #243, 10.05001942845186313 ) ;
#1339 = VERTEX_POINT ( 'NONE', #234 ) ;
#1340 = VECTOR ( 'NONE', #923, 1000.000000000000000 ) ;
#1341 = ORIENTED_EDGE ( 'NONE', *, *, #1331, .F. ) ;
#1342 = DIRECTION ( 'NONE',  ( -0.000000000000000000, -0.000000000000000000, 1.000000000000000000 ) ) ;
#1343 = EDGE_CURVE ( 'NONE', #1018, #1497, #549, .T. ) ;
#1344 = CARTESIAN_POINT ( 'NONE',  ( 2.000000000000000000, 0.000000000000000000, 3.600000000000000089 ) ) ;
#1345 = ORIENTED_EDGE ( 'NONE', *, *, #125, .F. ) ;
#1346 = CARTESIAN_POINT ( 'NONE',  ( 23.09999999999999787, 4.900000000000002132, 21.59999999999999787 ) ) ;
#1347 = CARTESIAN_POINT ( 'NONE',  ( 23.10000000000000142, 7.400000000000002132, 17.60000000000000142 ) ) ;
#1348 = VERTEX_POINT ( 'NONE', #762 ) ;
#1349 = ORIENTED_EDGE ( 'NONE', *, *, #301, .F. ) ;
#1350 = DIRECTION ( 'NONE',  ( -0.000000000000000000, -0.000000000000000000, 1.000000000000000000 ) ) ;
#1351 = PLANE ( 'NONE',  #633 ) ;
#1352 = EDGE_CURVE ( 'NONE', #1515, #1106, #1105, .T. ) ;
#1353 = ORIENTED_EDGE ( 'NONE', *, *, #553, .F. ) ;
#1354 = CARTESIAN_POINT ( 'NONE',  ( 1.899999999999999911, 1.900000000000002354, 3.600000000000000089 ) ) ;
#1355 = AXIS2_PLACEMENT_3D ( 'NONE', #780, #1066, #1182 ) ;
#1356 = AXIS2_PLACEMENT_3D ( 'NONE', #460, #735, #93 ) ;
#1357 = DIRECTION ( 'NONE',  ( 1.000000000000000000, 0.000000000000000000, 0.000000000000000000 ) ) ;
#1358 = AXIS2_PLACEMENT_3D ( 'NONE', #948, #1342, #723 ) ;
#1359 = ORIENTED_EDGE ( 'NONE', *, *, #380, .T. ) ;
#1360 = AXIS2_PLACEMENT_3D ( 'NONE', #1188, #525, #43 ) ;
#1361 = ORIENTED_EDGE ( 'NONE', *, *, #1510, .T. ) ;
#1362 = DIRECTION ( 'NONE',  ( 0.000000000000000000, 1.000000000000000000, -0.000000000000000000 ) ) ;
#1363 = VERTEX_POINT ( 'NONE', #985 ) ;
#1364 = DIRECTION ( 'NONE',  ( 0.000000000000000000, 0.000000000000000000, -1.000000000000000000 ) ) ;
#1365 = EDGE_CURVE ( 'NONE', #224, #705, #1538, .T. ) ;
#1366 = FACE_OUTER_BOUND ( 'NONE', #753, .T. ) ;
#1367 = EDGE_CURVE ( 'NONE', #517, #136, #434, .T. ) ;
#1368 = ORIENTED_EDGE ( 'NONE', *, *, #1386, .F. ) ;
#1369 = CIRCLE ( 'NONE', #1042, 0.05000000000000056483 ) ;
#1370 = ORIENTED_EDGE ( 'NONE', *, *, #973, .T. ) ;
#1371 = CARTESIAN_POINT ( 'NONE',  ( 17.59999999999999787, 1.900000000000002354, 17.60000000000000142 ) ) ;
#1372 = CYLINDRICAL_SURFACE ( 'NONE', #249, 2.000000000000001776 ) ;
#1373 = DIRECTION ( 'NONE',  ( 1.000000000000000000, 0.000000000000000000, 0.000000000000000000 ) ) ;
#1374 = AXIS2_PLACEMENT_3D ( 'NONE', #1663, #1017, #1168 ) ;
#1375 = CARTESIAN_POINT ( 'NONE',  ( 18.84999999999999787, 1.900000000000002354, 3.600000000000000089 ) ) ;
#1376 = ORIENTED_EDGE ( 'NONE', *, *, #1428, .F. ) ;
#1377 = VERTEX_POINT ( 'NONE', #1685 ) ;
#1378 = FACE_OUTER_BOUND ( 'NONE', #1228, .T. ) ;
#1379 = DIRECTION ( 'NONE',  ( -0.000000000000000000, -0.000000000000000000, -1.000000000000000000 ) ) ;
#1380 = DIRECTION ( 'NONE',  ( -1.000000000000000000, -0.000000000000000000, -0.000000000000000000 ) ) ;
#1381 = CIRCLE ( 'NONE', #1600, 0.05000000000000143219 ) ;
#1382 = VERTEX_POINT ( 'NONE', #99 ) ;
#1383 = CIRCLE ( 'NONE', #220, 1.250000000000000222 ) ;
#1384 = DIRECTION ( 'NONE',  ( -0.000000000000000000, -0.000000000000000000, 1.000000000000000000 ) ) ;
#1385 = VECTOR ( 'NONE', #745, 1000.000000000000000 ) ;
#1386 = EDGE_CURVE ( 'NONE', #1706, #128, #1523, .T. ) ;
#1387 = ORIENTED_EDGE ( 'NONE', *, *, #846, .F. ) ;
#1388 = AXIS2_PLACEMENT_3D ( 'NONE', #1491, #1110, #443 ) ;
#1389 = ORIENTED_EDGE ( 'NONE', *, *, #144, .F. ) ;
#1390 = CARTESIAN_POINT ( 'NONE',  ( 7.399999999999999467, 1.900000000000002354, 16.40000000000000213 ) ) ;
#1391 = CARTESIAN_POINT ( 'NONE',  ( 8.650000000000000355, 1.900000000000002354, 3.600000000000000089 ) ) ;
#1392 = CARTESIAN_POINT ( 'NONE',  ( 23.00000000000000000, 0.000000000000000000, 3.600000000000000089 ) ) ;
#1393 = ORIENTED_EDGE ( 'NONE', *, *, #529, .T. ) ;
#1394 = CARTESIAN_POINT ( 'NONE',  ( 17.54999999999999716, 23.10000000000000142, 17.60000000000000142 ) ) ;
#1395 = ORIENTED_EDGE ( 'NONE', *, *, #507, .T. ) ;
#1396 = ADVANCED_FACE ( 'NONE', ( #487 ), #885, .T. ) ;
#1397 = DIRECTION ( 'NONE',  ( 0.000000000000000000, 0.000000000000000000, 1.000000000000000000 ) ) ;
#1398 = CARTESIAN_POINT ( 'NONE',  ( 7.399999999999999467, 1.900000000000002354, 16.40000000000000213 ) ) ;
#1399 = AXIS2_PLACEMENT_3D ( 'NONE', #996, #1274, #1529 ) ;
#1400 = DIRECTION ( 'NONE',  ( -1.000000000000000000, 0.000000000000000000, 0.000000000000000000 ) ) ;
#1401 = VERTEX_POINT ( 'NONE', #202 ) ;
#1402 = ORIENTED_EDGE ( 'NONE', *, *, #445, .T. ) ;
#1403 = ORIENTED_EDGE ( 'NONE', *, *, #1109, .T. ) ;
#1404 = CYLINDRICAL_SURFACE ( 'NONE', #100, 2.000000000000000000 ) ;
#1405 = CARTESIAN_POINT ( 'NONE',  ( 23.10000000000000142, 7.400000000000002132, 3.599999999999999201 ) ) ;
#1406 = EDGE_CURVE ( 'NONE', #1207, #1499, #1147, .T. ) ;
#1407 = LINE ( 'NONE', #1392, #882 ) ;
#1408 = CIRCLE ( 'NONE', #881, 2.999999999999999112 ) ;
#1409 = CARTESIAN_POINT ( 'NONE',  ( 12.49999999999999822, 12.50000000000000178, 3.599999999999999201 ) ) ;
#1410 = EDGE_CURVE ( 'NONE', #866, #161, #481, .T. ) ;
#1411 = ORIENTED_EDGE ( 'NONE', *, *, #946, .T. ) ;
#1412 = AXIS2_PLACEMENT_3D ( 'NONE', #906, #1443, #263 ) ;
#1413 = AXIS2_PLACEMENT_3D ( 'NONE', #277, #630, #268 ) ;
#1414 = APPLICATION_PROTOCOL_DEFINITION ( 'draft international standard', 'automotive_design', 1998, #652 ) ;
#1415 = ORIENTED_EDGE ( 'NONE', *, *, #1306, .F. ) ;
#1416 = LINE ( 'NONE', #226, #1309 ) ;
#1417 = CARTESIAN_POINT ( 'NONE',  ( 1.899999999999999023, 17.60000000000000497, 3.600000000000000089 ) ) ;
#1418 = CARTESIAN_POINT ( 'NONE',  ( 17.64999999999999858, 1.900000000000002354, 16.40000000000000213 ) ) ;
#1419 = EDGE_CURVE ( 'NONE', #1556, #733, #210, .T. ) ;
#1420 = CARTESIAN_POINT ( 'NONE',  ( 23.09999999999999787, 17.60000000000000497, 17.60000000000000142 ) ) ;
#1421 = ORIENTED_EDGE ( 'NONE', *, *, #980, .T. ) ;
#1422 = ORIENTED_EDGE ( 'NONE', *, *, #1237, .T. ) ;
#1423 = DIRECTION ( 'NONE',  ( -0.000000000000000000, -0.000000000000000000, -1.000000000000000000 ) ) ;
#1424 = DIRECTION ( 'NONE',  ( 0.000000000000000000, 0.000000000000000000, -1.000000000000000000 ) ) ;
#1425 = DIRECTION ( 'NONE',  ( 1.000000000000000000, 0.000000000000000000, 0.000000000000000000 ) ) ;
#1426 = DIRECTION ( 'NONE',  ( 0.000000000000000000, 0.000000000000000000, 1.000000000000000000 ) ) ;
#1427 = ORIENTED_EDGE ( 'NONE', *, *, #1661, .T. ) ;
#1428 = EDGE_CURVE ( 'NONE', #1302, #1348, #1048, .T. ) ;
#1429 = EDGE_LOOP ( 'NONE', ( #22, #1253, #722, #972 ) ) ;
#1430 = DIRECTION ( 'NONE',  ( -0.000000000000000000, -0.000000000000000000, -1.000000000000000000 ) ) ;
#1431 = DIRECTION ( 'NONE',  ( 0.000000000000000000, 0.000000000000000000, 1.000000000000000000 ) ) ;
#1432 = DIRECTION ( 'NONE',  ( 0.000000000000000000, 0.000000000000000000, -1.000000000000000000 ) ) ;
#1433 = ORIENTED_EDGE ( 'NONE', *, *, #400, .T. ) ;
#1434 = ADVANCED_FACE ( 'NONE', ( #75 ), #275, .T. ) ;
#1435 = CIRCLE ( 'NONE', #1269, 0.05000000000000143219 ) ;
#1436 = ORIENTED_EDGE ( 'NONE', *, *, #609, .T. ) ;
#1437 = AXIS2_PLACEMENT_3D ( 'NONE', #219, #616, #1425 ) ;
#1438 = DIRECTION ( 'NONE',  ( 0.000000000000000000, -0.000000000000000000, 1.000000000000000000 ) ) ;
#1439 = EDGE_CURVE ( 'NONE', #1136, #1706, #336, .T. ) ;
#1440 = VECTOR ( 'NONE', #29, 1000.000000000000000 ) ;
#1441 = DIRECTION ( 'NONE',  ( 1.000000000000000000, 0.000000000000000000, 0.000000000000000000 ) ) ;
#1442 = AXIS2_PLACEMENT_3D ( 'NONE', #1398, #603, #1005 ) ;
#1443 = DIRECTION ( 'NONE',  ( 0.000000000000000000, 0.000000000000000000, 1.000000000000000000 ) ) ;
#1444 = DIRECTION ( 'NONE',  ( -1.000000000000000000, 0.000000000000000000, 0.000000000000000000 ) ) ;
#1445 = ORIENTED_EDGE ( 'NONE', *, *, #619, .T. ) ;
#1446 = ORIENTED_EDGE ( 'NONE', *, *, #766, .T. ) ;
#1447 = CARTESIAN_POINT ( 'NONE',  ( 23.10000000000000142, 7.400000000000002132, 17.60000000000000142 ) ) ;
#1448 = CARTESIAN_POINT ( 'NONE',  ( 18.84999999999999787, 1.900000000000002354, 16.40000000000000213 ) ) ;
#1449 = EDGE_CURVE ( 'NONE', #644, #121, #1578, .T. ) ;
#1450 = CARTESIAN_POINT ( 'NONE',  ( 17.59999999999999787, 23.10000000000000142, 17.60000000000000142 ) ) ;
#1451 = PLANE ( 'NONE',  #1074 ) ;
#1452 = ORIENTED_EDGE ( 'NONE', *, *, #1487, .T. ) ;
#1453 = DIRECTION ( 'NONE',  ( 1.000000000000000000, 0.000000000000000000, 0.000000000000000000 ) ) ;
#1454 = CARTESIAN_POINT ( 'NONE',  ( 0.000000000000000000, 0.000000000000000000, 3.600000000000000089 ) ) ;
#1455 = DIRECTION ( 'NONE',  ( 0.000000000000000000, 0.000000000000000000, 1.000000000000000000 ) ) ;
#1456 = FACE_OUTER_BOUND ( 'NONE', #608, .T. ) ;
#1457 = ORIENTED_EDGE ( 'NONE', *, *, #1572, .F. ) ;
#1458 = EDGE_CURVE ( 'NONE', #309, #707, #304, .T. ) ;
#1459 = ORIENTED_EDGE ( 'NONE', *, *, #83, .T. ) ;
#1460 = CIRCLE ( 'NONE', #715, 2.000000000000001776 ) ;
#1461 = DIRECTION ( 'NONE',  ( 1.000000000000000000, 0.000000000000000000, 0.000000000000000000 ) ) ;
#1462 = DIRECTION ( 'NONE',  ( -1.000000000000000000, -0.000000000000000000, -0.000000000000000000 ) ) ;
#1463 = CIRCLE ( 'NONE', #1412, 1.250000000000000222 ) ;
#1464 = CARTESIAN_POINT ( 'NONE',  ( 6.149999999999999467, 1.900000000000002354, 3.599999999999999201 ) ) ;
#1465 = AXIS2_PLACEMENT_3D ( 'NONE', #1155, #217, #1668 ) ;
#1466 = CIRCLE ( 'NONE', #1662, 1.250000000000000222 ) ;
#1467 = FACE_OUTER_BOUND ( 'NONE', #1012, .T. ) ;
#1468 = ORIENTED_EDGE ( 'NONE', *, *, #1482, .F. ) ;
#1469 = EDGE_CURVE ( 'NONE', #1339, #1198, #521, .T. ) ;
#1470 = ORIENTED_EDGE ( 'NONE', *, *, #1596, .T. ) ;
#1471 = DIRECTION ( 'NONE',  ( -0.000000000000000000, -0.000000000000000000, -1.000000000000000000 ) ) ;
#1472 = DIRECTION ( 'NONE',  ( -0.000000000000000000, -0.000000000000000000, -1.000000000000000000 ) ) ;
#1473 = CARTESIAN_POINT ( 'NONE',  ( 1.899999999999999911, 23.10000000000000142, 17.60000000000000142 ) ) ;
#1474 = DIRECTION ( 'NONE',  ( 0.000000000000000000, 0.000000000000000000, 1.000000000000000000 ) ) ;
#1475 = CYLINDRICAL_SURFACE ( 'NONE', #658, 2.000000000000000000 ) ;
#1476 = ORIENTED_EDGE ( 'NONE', *, *, #674, .F. ) ;
#1477 = AXIS2_PLACEMENT_3D ( 'NONE', #480, #614, #859 ) ;
#1478 = VERTEX_POINT ( 'NONE', #390 ) ;
#1479 = CARTESIAN_POINT ( 'NONE',  ( 20.10000000000000142, 1.900000000000002354, 21.59999999999999787 ) ) ;
#1480 = CARTESIAN_POINT ( 'NONE',  ( 7.399999999999999467, 23.10000000000000142, 16.40000000000000213 ) ) ;
#1481 = CARTESIAN_POINT ( 'NONE',  ( 2.000000000000000000, 2.000000000000000000, 0.000000000000000000 ) ) ;
#1482 = EDGE_CURVE ( 'NONE', #565, #1060, #254, .T. ) ;
#1483 = DIRECTION ( 'NONE',  ( 0.000000000000000000, 0.000000000000000000, 1.000000000000000000 ) ) ;
#1484 = CARTESIAN_POINT ( 'NONE',  ( 20.10000000000000142, 4.900000000000002132, 21.59999999999999787 ) ) ;
#1485 = VERTEX_POINT ( 'NONE', #1164 ) ;
#1486 = ORIENTED_EDGE ( 'NONE', *, *, #211, .T. ) ;
#1487 = EDGE_CURVE ( 'NONE', #1604, #705, #1313, .T. ) ;
#1488 = DIRECTION ( 'NONE',  ( 0.000000000000000000, 0.000000000000000000, 1.000000000000000000 ) ) ;
#1489 = AXIS2_PLACEMENT_3D ( 'NONE', #711, #1085, #446 ) ;
#1490 = EDGE_CURVE ( 'NONE', #644, #441, #1568, .T. ) ;
#1491 = CARTESIAN_POINT ( 'NONE',  ( 20.10000000000000142, 20.10000000000000497, 21.59999999999999787 ) ) ;
#1492 = DIRECTION ( 'NONE',  ( 1.000000000000000000, 0.000000000000000000, -0.000000000000000000 ) ) ;
#1493 = AXIS2_PLACEMENT_3D ( 'NONE', #194, #1636, #1357 ) ;
#1494 = AXIS2_PLACEMENT_3D ( 'NONE', #1257, #584, #1146 ) ;
#1495 = CIRCLE ( 'NONE', #546, 1.199999999999999734 ) ;
#1496 = DIRECTION ( 'NONE',  ( 0.000000000000000000, 0.000000000000000000, 1.000000000000000000 ) ) ;
#1497 = VERTEX_POINT ( 'NONE', #1558 ) ;
#1498 = VECTOR ( 'NONE', #1709, 1000.000000000000000 ) ;
#1499 = VERTEX_POINT ( 'NONE', #1298 ) ;
#1500 = ORIENTED_EDGE ( 'NONE', *, *, #1712, .F. ) ;
#1501 = FACE_OUTER_BOUND ( 'NONE', #1208, .T. ) ;
#1502 = ADVANCED_FACE ( 'NONE', ( #931, #373 ), #367, .F. ) ;
#1503 = CYLINDRICAL_SURFACE ( 'NONE', #933, 1.250000000000000222 ) ;
#1504 = ORIENTED_EDGE ( 'NONE', *, *, #262, .T. ) ;
#1505 = ORIENTED_EDGE ( 'NONE', *, *, #874, .F. ) ;
#1506 = CIRCLE ( 'NONE', #1006, 0.05000000000000056483 ) ;
#1507 = CARTESIAN_POINT ( 'NONE',  ( 23.09999999999999787, 17.55000000000000426, 17.60000000000000142 ) ) ;
#1508 = DIRECTION ( 'NONE',  ( -1.000000000000000000, 0.000000000000000000, 0.000000000000000000 ) ) ;
#1509 = CARTESIAN_POINT ( 'NONE',  ( 1.899999999999999689, 7.400000000000002132, 17.60000000000000142 ) ) ;
#1510 = EDGE_CURVE ( 'NONE', #1317, #441, #1695, .T. ) ;
#1511 = CARTESIAN_POINT ( 'NONE',  ( 2.000000000000000000, 25.00000000000000000, 3.600000000000000089 ) ) ;
#1512 = ORIENTED_EDGE ( 'NONE', *, *, #1587, .T. ) ;
#1513 = LINE ( 'NONE', #42, #548 ) ;
#1514 = VERTEX_POINT ( 'NONE', #241 ) ;
#1515 = VERTEX_POINT ( 'NONE', #398 ) ;
#1516 = DIRECTION ( 'NONE',  ( -0.000000000000000000, -0.000000000000000000, -1.000000000000000000 ) ) ;
#1517 = CARTESIAN_POINT ( 'NONE',  ( 1.899999999999999689, 7.400000000000002132, 16.40000000000000213 ) ) ;
#1518 = DIRECTION ( 'NONE',  ( -0.000000000000000000, -0.000000000000000000, -1.000000000000000000 ) ) ;
#1519 = AXIS2_PLACEMENT_3D ( 'NONE', #1347, #1644, #554 ) ;
#1520 = VERTEX_POINT ( 'NONE', #904 ) ;
#1521 = AXIS2_PLACEMENT_3D ( 'NONE', #69, #848, #410 ) ;
#1522 = CARTESIAN_POINT ( 'NONE',  ( 16.34999999999999787, 1.900000000000002354, 3.600000000000000089 ) ) ;
#1523 = CIRCLE ( 'NONE', #1465, 1.250000000000000222 ) ;
#1524 = EDGE_LOOP ( 'NONE', ( #1389, #1699, #1071, #17 ) ) ;
#1525 = ADVANCED_FACE ( 'NONE', ( #498 ), #1606, .T. ) ;
#1526 = AXIS2_PLACEMENT_3D ( 'NONE', #551, #1083, #167 ) ;
#1527 = DIRECTION ( 'NONE',  ( 0.000000000000000000, 0.000000000000000000, 1.000000000000000000 ) ) ;
#1528 = VERTEX_POINT ( 'NONE', #130 ) ;
#1529 = DIRECTION ( 'NONE',  ( 1.000000000000000000, 0.000000000000000000, 0.000000000000000000 ) ) ;
#1530 = DIRECTION ( 'NONE',  ( 0.000000000000000000, 0.000000000000000000, -1.000000000000000000 ) ) ;
#1531 = DIRECTION ( 'NONE',  ( -1.000000000000000000, 0.000000000000000000, 0.000000000000000000 ) ) ;
#1532 = ORIENTED_EDGE ( 'NONE', *, *, #542, .T. ) ;
#1533 = DIRECTION ( 'NONE',  ( 0.000000000000000000, 0.000000000000000000, 1.000000000000000000 ) ) ;
#1534 = ORIENTED_EDGE ( 'NONE', *, *, #619, .F. ) ;
#1535 = EDGE_CURVE ( 'NONE', #775, #1207, #772, .T. ) ;
#1536 = ORIENTED_EDGE ( 'NONE', *, *, #926, .T. ) ;
#1537 = CARTESIAN_POINT ( 'NONE',  ( 0.000000000000000000, 0.000000000000000000, 0.000000000000000000 ) ) ;
#1538 = LINE ( 'NONE', #451, #1635 ) ;
#1539 = DIRECTION ( 'NONE',  ( 1.000000000000000000, 0.000000000000000000, 0.000000000000000000 ) ) ;
#1540 = EDGE_LOOP ( 'NONE', ( #571, #1170, #911, #1255 ) ) ;
#1541 = VERTEX_POINT ( 'NONE', #1055 ) ;
#1542 = CARTESIAN_POINT ( 'NONE',  ( 17.59999999999999787, 23.10000000000000142, 16.40000000000000213 ) ) ;
#1543 = DIRECTION ( 'NONE',  ( 0.000000000000000000, 0.000000000000000000, 1.000000000000000000 ) ) ;
#1544 = ADVANCED_FACE ( 'NONE', ( #1322 ), #1172, .T. ) ;
#1545 = CARTESIAN_POINT ( 'NONE',  ( 2.449980571548134201, 12.50000000000000355, 21.59999999999999787 ) ) ;
#1546 = EDGE_LOOP ( 'NONE', ( #1476, #1033, #1359, #1319 ) ) ;
#1547 = AXIS2_PLACEMENT_3D ( 'NONE', #513, #1455, #1373 ) ;
#1548 = AXIS2_PLACEMENT_3D ( 'NONE', #1275, #1035, #804 ) ;
#1549 = ORIENTED_EDGE ( 'NONE', *, *, #208, .F. ) ;
#1550 = CARTESIAN_POINT ( 'NONE',  ( 23.09999999999999787, 4.900000000000002132, 21.59999999999999787 ) ) ;
#1551 = CARTESIAN_POINT ( 'NONE',  ( 25.00000000000000000, 0.000000000000000000, 0.000000000000000000 ) ) ;
#1552 = FACE_OUTER_BOUND ( 'NONE', #1310, .T. ) ;
#1553 = EDGE_CURVE ( 'NONE', #421, #341, #123, .T. ) ;
#1554 = DIRECTION ( 'NONE',  ( -1.000000000000000000, 0.000000000000000000, 0.000000000000000000 ) ) ;
#1555 = ORIENTED_EDGE ( 'NONE', *, *, #1315, .T. ) ;
#1556 = VERTEX_POINT ( 'NONE', #512 ) ;
#1557 = DIRECTION ( 'NONE',  ( 1.000000000000000000, 0.000000000000000000, 0.000000000000000000 ) ) ;
#1558 = CARTESIAN_POINT ( 'NONE',  ( 6.149999999999999467, 23.10000000000000142, 16.40000000000000213 ) ) ;
#1559 = AXIS2_PLACEMENT_3D ( 'NONE', #913, #792, #106 ) ;
#1560 = CARTESIAN_POINT ( 'NONE',  ( 17.64999999999999858, 1.900000000000002354, 17.60000000000000142 ) ) ;
#1561 = EDGE_CURVE ( 'NONE', #1666, #1515, #1024, .T. ) ;
#1562 = DIRECTION ( 'NONE',  ( -0.000000000000000000, -0.000000000000000000, 1.000000000000000000 ) ) ;
#1563 = COLOUR_RGB ( '',0.7921568627450980005, 0.8196078431372548767, 0.9333333333333333481 ) ;
#1564 = ORIENTED_EDGE ( 'NONE', *, *, #820, .F. ) ;
#1565 = AXIS2_PLACEMENT_3D ( 'NONE', #530, #1562, #1554 ) ;
#1566 = ORIENTED_EDGE ( 'NONE', *, *, #132, .T. ) ;
#1567 = CARTESIAN_POINT ( 'NONE',  ( 4.899999999999999467, 1.900000000000002354, 3.600000000000000089 ) ) ;
#1568 = LINE ( 'NONE', #1305, #193 ) ;
#1569 = DIRECTION ( 'NONE',  ( 1.000000000000000000, 0.000000000000000000, 0.000000000000000000 ) ) ;
#1570 = DIRECTION ( 'NONE',  ( 1.000000000000000000, 0.000000000000000000, 0.000000000000000000 ) ) ;
#1571 = VECTOR ( 'NONE', #1518, 1000.000000000000000 ) ;
#1572 = EDGE_CURVE ( 'NONE', #313, #1221, #384, .T. ) ;
#1573 = VERTEX_POINT ( 'NONE', #1448 ) ;
#1574 = AXIS2_PLACEMENT_3D ( 'NONE', #1324, #131, #124 ) ;
#1575 = LINE ( 'NONE', #1708, #391 ) ;
#1576 = CIRCLE ( 'NONE', #1326, 10.05001942845186313 ) ;
#1577 = DIRECTION ( 'NONE',  ( 0.000000000000000000, 0.000000000000000000, 1.000000000000000000 ) ) ;
#1578 = CIRCLE ( 'NONE', #1548, 1.199999999999999734 ) ;
#1579 = DIRECTION ( 'NONE',  ( -1.000000000000000000, 0.000000000000000000, 0.000000000000000000 ) ) ;
#1580 = DIRECTION ( 'NONE',  ( 1.000000000000000000, 0.000000000000000000, 0.000000000000000000 ) ) ;
#1581 = VERTEX_POINT ( 'NONE', #656 ) ;
#1582 = ORIENTED_EDGE ( 'NONE', *, *, #1226, .T. ) ;
#1583 = ADVANCED_FACE ( 'NONE', ( #260 ), #785, .T. ) ;
#1584 = DIRECTION ( 'NONE',  ( 1.224646799147353207E-16, 1.000000000000000000, -0.000000000000000000 ) ) ;
#1585 = DIRECTION ( 'NONE',  ( 1.000000000000000000, 0.000000000000000000, 0.000000000000000000 ) ) ;
#1586 = CARTESIAN_POINT ( 'NONE',  ( 0.000000000000000000, 0.000000000000000000, 3.600000000000000089 ) ) ;
#1587 = EDGE_CURVE ( 'NONE', #872, #73, #1210, .T. ) ;
#1588 = AXIS2_PLACEMENT_3D ( 'NONE', #629, #1287, #382 ) ;
#1589 = LINE ( 'NONE', #142, #218 ) ;
#1590 = VECTOR ( 'NONE', #68, 1000.000000000000000 ) ;
#1591 = ORIENTED_EDGE ( 'NONE', *, *, #1535, .F. ) ;
#1592 = ORIENTED_EDGE ( 'NONE', *, *, #1487, .F. ) ;
#1593 = CARTESIAN_POINT ( 'NONE',  ( 17.59999999999999787, 1.900000000000002354, 16.40000000000000213 ) ) ;
#1594 = DIRECTION ( 'NONE',  ( 0.000000000000000000, 0.000000000000000000, 1.000000000000000000 ) ) ;
#1595 = DIRECTION ( 'NONE',  ( 1.000000000000000000, 0.000000000000000000, 0.000000000000000000 ) ) ;
#1596 = EDGE_CURVE ( 'NONE', #852, #1221, #164, .T. ) ;
#1597 = CARTESIAN_POINT ( 'NONE',  ( 12.49999999999999822, 12.50000000000000178, 3.599999999999999201 ) ) ;
#1598 = VERTEX_POINT ( 'NONE', #811 ) ;
#1599 = ORIENTED_EDGE ( 'NONE', *, *, #1629, .F. ) ;
#1600 = AXIS2_PLACEMENT_3D ( 'NONE', #1283, #737, #1264 ) ;
#1601 = CARTESIAN_POINT ( 'NONE',  ( 23.09999999999999787, 8.650000000000003908, 3.600000000000000089 ) ) ;
#1602 = CARTESIAN_POINT ( 'NONE',  ( 1.899999999999999911, 16.35000000000000497, 16.40000000000000213 ) ) ;
#1603 = AXIS2_PLACEMENT_3D ( 'NONE', #1092, #952, #1633 ) ;
#1604 = VERTEX_POINT ( 'NONE', #1203 ) ;
#1605 = CARTESIAN_POINT ( 'NONE',  ( 1.899999999999999911, 23.10000000000000142, 21.59999999999999787 ) ) ;
#1606 = TOROIDAL_SURFACE ( 'NONE', #137, 0.05000000000000143219, 1.199999999999999956 ) ;
#1607 = CIRCLE ( 'NONE', #195, 1.199999999999999734 ) ;
#1608 = VECTOR ( 'NONE', #1336, 1000.000000000000000 ) ;
#1609 = EDGE_CURVE ( 'NONE', #1285, #1332, #576, .T. ) ;
#1610 = FACE_OUTER_BOUND ( 'NONE', #1429, .T. ) ;
#1611 = EDGE_LOOP ( 'NONE', ( #556, #588, #1103, #563, #510, #726, #290, #1393 ) ) ;
#1612 = ORIENTED_EDGE ( 'NONE', *, *, #1109, .F. ) ;
#1613 = DIRECTION ( 'NONE',  ( 0.000000000000000000, 0.000000000000000000, 1.000000000000000000 ) ) ;
#1614 = DIRECTION ( 'NONE',  ( 0.000000000000000000, 0.000000000000000000, -1.000000000000000000 ) ) ;
#1615 = ORIENTED_EDGE ( 'NONE', *, *, #1013, .F. ) ;
#1616 = CARTESIAN_POINT ( 'NONE',  ( 1.899999999999999911, 7.450000000000002842, 17.60000000000000142 ) ) ;
#1617 = DIRECTION ( 'NONE',  ( -1.000000000000000000, 0.000000000000000000, 0.000000000000000000 ) ) ;
#1618 = ORIENTED_EDGE ( 'NONE', *, *, #344, .F. ) ;
#1619 = ADVANCED_FACE ( 'NONE', ( #682 ), #50, .T. ) ;
#1620 = ORIENTED_EDGE ( 'NONE', *, *, #1051, .F. ) ;
#1621 = ADVANCED_FACE ( 'NONE', ( #837 ), #975, .T. ) ;
#1622 = CARTESIAN_POINT ( 'NONE',  ( 7.399999999999999467, 23.10000000000000142, 16.40000000000000213 ) ) ;
#1623 = CARTESIAN_POINT ( 'NONE',  ( 12.49999999999999822, 12.50000000000000178, 3.599999999999999201 ) ) ;
#1624 = EDGE_LOOP ( 'NONE', ( #343, #824, #945, #789 ) ) ;
#1625 = PLANE ( 'NONE',  #688 ) ;
#1626 = CARTESIAN_POINT ( 'NONE',  ( 0.6499999999999984679, 17.60000000000000497, 17.60000000000000142 ) ) ;
#1627 = EDGE_LOOP ( 'NONE', ( #974, #987, #1218, #476 ) ) ;
#1628 = ORIENTED_EDGE ( 'NONE', *, *, #199, .F. ) ;
#1629 = EDGE_CURVE ( 'NONE', #591, #313, #1664, .T. ) ;
#1630 = FACE_OUTER_BOUND ( 'NONE', #8, .T. ) ;
#1631 = AXIS2_PLACEMENT_3D ( 'NONE', #587, #570, #1101 ) ;
#1632 = PLANE ( 'NONE',  #634 ) ;
#1633 = DIRECTION ( 'NONE',  ( -1.000000000000000000, 0.000000000000000000, 0.000000000000000000 ) ) ;
#1634 = CIRCLE ( 'NONE', #1603, 2.000000000000000000 ) ;
#1635 = VECTOR ( 'NONE', #884, 1000.000000000000000 ) ;
#1636 = DIRECTION ( 'NONE',  ( 0.000000000000000000, 0.000000000000000000, 1.000000000000000000 ) ) ;
#1637 = VECTOR ( 'NONE', #407, 1000.000000000000000 ) ;
#1638 = ORIENTED_EDGE ( 'NONE', *, *, #1002, .F. ) ;
#1639 = AXIS2_PLACEMENT_3D ( 'NONE', #1204, #59, #812 ) ;
#1640 = ORIENTED_EDGE ( 'NONE', *, *, #252, .T. ) ;
#1641 = ADVANCED_FACE ( 'NONE', ( #1108 ), #406, .T. ) ;
#1642 = CARTESIAN_POINT ( 'NONE',  ( 0.000000000000000000, 2.000000000000000000, 0.000000000000000000 ) ) ;
#1643 = CARTESIAN_POINT ( 'NONE',  ( 1.899999999999999911, 1.900000000000002354, 17.60000000000000142 ) ) ;
#1644 = DIRECTION ( 'NONE',  ( 0.000000000000000000, 0.000000000000000000, 1.000000000000000000 ) ) ;
#1645 = EDGE_LOOP ( 'NONE', ( #836, #1368, #1615, #96 ) ) ;
#1646 = ORIENTED_EDGE ( 'NONE', *, *, #1315, .F. ) ;
#1647 = ORIENTED_EDGE ( 'NONE', *, *, #238, .T. ) ;
#1648 = DIRECTION ( 'NONE',  ( -0.000000000000000000, -1.000000000000000000, -0.000000000000000000 ) ) ;
#1649 = DIRECTION ( 'NONE',  ( 0.000000000000000000, -1.000000000000000000, 0.000000000000000000 ) ) ;
#1650 = DIRECTION ( 'NONE',  ( 0.000000000000000000, 0.000000000000000000, -1.000000000000000000 ) ) ;
#1651 = ADVANCED_FACE ( 'NONE', ( #20 ), #112, .T. ) ;
#1652 = ORIENTED_EDGE ( 'NONE', *, *, #1683, .T. ) ;
#1653 = CARTESIAN_POINT ( 'NONE',  ( 1.899999999999999023, 17.60000000000000497, 16.40000000000000213 ) ) ;
#1654 = EDGE_LOOP ( 'NONE', ( #862, #239, #1038, #338 ) ) ;
#1655 = ORIENTED_EDGE ( 'NONE', *, *, #613, .T. ) ;
#1656 = DIRECTION ( 'NONE',  ( -1.000000000000000000, 0.000000000000000000, 0.000000000000000000 ) ) ;
#1657 = DIRECTION ( 'NONE',  ( 0.000000000000000000, 0.000000000000000000, -1.000000000000000000 ) ) ;
#1658 = VECTOR ( 'NONE', #411, 1000.000000000000000 ) ;
#1659 = ORIENTED_EDGE ( 'NONE', *, *, #1352, .T. ) ;
#1660 = AXIS2_PLACEMENT_3D ( 'NONE', #977, #839, #191 ) ;
#1661 = EDGE_CURVE ( 'NONE', #942, #1193, #221, .T. ) ;
#1662 = AXIS2_PLACEMENT_3D ( 'NONE', #1622, #1471, #284 ) ;
#1663 = CARTESIAN_POINT ( 'NONE',  ( 4.899999999999999467, 20.10000000000000497, 21.59999999999999787 ) ) ;
#1664 = CIRCLE ( 'NONE', #1190, 2.999999999999999112 ) ;
#1665 = VERTEX_POINT ( 'NONE', #292 ) ;
#1666 = VERTEX_POINT ( 'NONE', #1507 ) ;
#1667 = CARTESIAN_POINT ( 'NONE',  ( 8.650000000000000355, 23.10000000000000142, 16.40000000000000213 ) ) ;
#1668 = DIRECTION ( 'NONE',  ( 1.000000000000000000, 0.000000000000000000, 0.000000000000000000 ) ) ;
#1669 = CARTESIAN_POINT ( 'NONE',  ( 23.09999999999999787, 17.55000000000000426, 16.40000000000000213 ) ) ;
#1670 = ORIENTED_EDGE ( 'NONE', *, *, #1307, .F. ) ;
#1671 = DIRECTION ( 'NONE',  ( 0.000000000000000000, 0.000000000000000000, -1.000000000000000000 ) ) ;
#1672 = EDGE_CURVE ( 'NONE', #940, #981, #819, .T. ) ;
#1673 = ORIENTED_EDGE ( 'NONE', *, *, #1095, .F. ) ;
#1674 = ADVANCED_FACE ( 'NONE', ( #1630 ), #1351, .T. ) ;
#1675 = VERTEX_POINT ( 'NONE', #1334 ) ;
#1676 = CIRCLE ( 'NONE', #921, 1.199999999999999734 ) ;
#1677 = DIRECTION ( 'NONE',  ( 0.000000000000000000, 0.000000000000000000, -1.000000000000000000 ) ) ;
#1678 = DIRECTION ( 'NONE',  ( 0.000000000000000000, -1.000000000000000000, 0.000000000000000000 ) ) ;
#1679 = VECTOR ( 'NONE', #1262, 1000.000000000000000 ) ;
#1680 = DIRECTION ( 'NONE',  ( 0.000000000000000000, 0.000000000000000000, 1.000000000000000000 ) ) ;
#1681 =( NAMED_UNIT ( * ) SI_UNIT ( $, .STERADIAN. ) SOLID_ANGLE_UNIT ( ) );
#1682 = ORIENTED_EDGE ( 'NONE', *, *, #1469, .F. ) ;
#1683 = EDGE_CURVE ( 'NONE', #121, #1077, #968, .T. ) ;
#1684 = DIRECTION ( 'NONE',  ( -0.000000000000000000, -0.000000000000000000, -1.000000000000000000 ) ) ;
#1685 = CARTESIAN_POINT ( 'NONE',  ( 1.899999999999999911, 17.65000000000000568, 17.60000000000000142 ) ) ;
#1686 = DIRECTION ( 'NONE',  ( 0.000000000000000000, 0.000000000000000000, 1.000000000000000000 ) ) ;
#1687 = VECTOR ( 'NONE', #1496, 1000.000000000000000 ) ;
#1688 =( LENGTH_UNIT ( ) NAMED_UNIT ( * ) SI_UNIT ( .MILLI., .METRE. ) );
#1689 = ORIENTED_EDGE ( 'NONE', *, *, #67, .F. ) ;
#1690 = AXIS2_PLACEMENT_3D ( 'NONE', #771, #1173, #1046 ) ;
#1691 = AXIS2_PLACEMENT_3D ( 'NONE', #116, #140, #640 ) ;
#1692 = ORIENTED_EDGE ( 'NONE', *, *, #1704, .T. ) ;
#1693 = CIRCLE ( 'NONE', #1358, 2.000000000000001776 ) ;
#1694 = CARTESIAN_POINT ( 'NONE',  ( 1.899999999999999911, 1.900000000000002354, 21.59999999999999787 ) ) ;
#1695 = LINE ( 'NONE', #793, #379 ) ;
#1696 = EDGE_CURVE ( 'NONE', #1666, #1106, #147, .T. ) ;
#1697 = DIRECTION ( 'NONE',  ( -0.000000000000000000, -0.000000000000000000, -1.000000000000000000 ) ) ;
#1698 = FILL_AREA_STYLE_COLOUR ( '', #1563 ) ;
#1699 = ORIENTED_EDGE ( 'NONE', *, *, #291, .T. ) ;
#1700 = ORIENTED_EDGE ( 'NONE', *, *, #1712, .T. ) ;
#1701 = DIRECTION ( 'NONE',  ( 0.000000000000000000, 0.000000000000000000, 1.000000000000000000 ) ) ;
#1702 = CARTESIAN_POINT ( 'NONE',  ( 4.899999999999999467, 4.900000000000002132, 21.59999999999999787 ) ) ;
#1703 = LINE ( 'NONE', #269, #746 ) ;
#1704 = EDGE_CURVE ( 'NONE', #1675, #712, #1219, .T. ) ;
#1705 = CARTESIAN_POINT ( 'NONE',  ( 23.09999999999999787, 17.60000000000000497, 16.40000000000000213 ) ) ;
#1706 = VERTEX_POINT ( 'NONE', #1602 ) ;
#1707 = ORIENTED_EDGE ( 'NONE', *, *, #628, .F. ) ;
#1708 = CARTESIAN_POINT ( 'NONE',  ( 1.899999999999999911, 6.150000000000002132, 17.60000000000000142 ) ) ;
#1709 = DIRECTION ( 'NONE',  ( 0.000000000000000000, 0.000000000000000000, -1.000000000000000000 ) ) ;
#1710 = DIRECTION ( 'NONE',  ( 0.000000000000000000, 0.000000000000000000, -1.000000000000000000 ) ) ;
#1711 = CARTESIAN_POINT ( 'NONE',  ( 8.650000000000000355, 23.10000000000000142, 3.600000000000000089 ) ) ;
#1712 = EDGE_CURVE ( 'NONE', #712, #430, #567, .T. ) ;
#1713 = VECTOR ( 'NONE', #1650, 1000.000000000000000 ) ;
#1714 = AXIS2_PLACEMENT_3D ( 'NONE', #393, #23, #779 ) ;
#1715 = EDGE_LOOP ( 'NONE', ( #495, #1091, #843 ) ) ;
ENDSEC;
END-ISO-10303-21;
